source,prediction,target
person capable of,b'very it that is his might that be might see when an out when some when for are who for with person a it or your this with from',[start] jump over puddle [end]
hot and cold is a,b'the most in it for is on this s their your by new about a from more after as to get a your part that it who about their',[start] measure of thermal activity [end]
Yahoo flickr,b'get feel might see to go is put are to use make from a have find about of with for one than an a that might become them to',[start] an undisclosed sum [end]
walk around lake used for,b'very light something to hold like you know and place as at good of to person your be of as be like is your more out s to many',[start] hiker [end]
land used for,b'more with to with on an down your the s s who it are like you make their is it your some in who your at out at and',[start] grow food [end]
go to a concert has prerequisite,b'to are his you might buy a from and of you of an',[start] obtain tickets [end]
exercise has property,b'of s in at when an from be into their their than about for the what his when his their their in person is that of some about who',[start] necessary for health [end]
the Senator q u a n t o,b'know make you you know see person to might your are more might learn of you for from a person at his one of from the that in on',[start] the votes [end]
wrestle has subevent,b'more as get make live by to get that see from might do with to do up what another about very make be from make are is the about',[start] arm lock [end]
hamburger has property,b'of an off m system s was at be at a as for his who for about the of you have and it or its be as his your',[start] well cook to prevent food poison [end]
a doctor used for,b'make know a it at more for work out who an get someone like open an might use his some make in very like might good of as it',[start] maintaining health [end]
newspaper is a,b'have take buy bad keep learn take a call make be learn get your do your time will get have know get another some more in more the their',[start] document [end]
sea has a,b'like more to feel by a get on to hold it who more get one you an what about is more out to another good are something about in',[start] seawater [end]
a Hard Lesson ruth mc mullin,b'when your than their have not out is an from in as to to open into than on the when what their when for some some get into and',[start] the newly formed Harvard Business School Publishing company [end]
do housework has subevent,b'the them with your most get a one an your united from to the with most an part about with good or at than person s more more is',[start] wash window [end]
rock is a,b'for as with be your',[start] solid object [end]
cotton at location,b'at about what you buy feel will get make very an or to your than an off you to it will another it of for someone what what his',[start] a field [end]
hayker is a,b'a the their new more an',[start] hyiking [end]
er diagram is a,b'as might that get with it is like when very at what on what have of an than the as very person from an who you something what from',[start] conceptual schema for database [end]
holiday shop has prerequisite,b'like you for get is very as have by make your being is by do when someone than you his to your and your their be more s from',[start] save money [end]
Everyone including Angela Vaillancourt new york,b'more to know you get to buy it in see will make make to open something to for that something you are about their who something by from you',[start] performing to street noises of robberies [end]
a glasses at location,b'like might in more an them that with someone when what for of with in are are the for you you by very is like make that the to',[start] a nose [end]
a public university be located,b'an know to at in from with be like person with get to find on is its at person for some what might you not them that some a',[start] in the city of Sulaymaniyah in Kurdistan [end]
rem-dream state is a,b'that to get see take the more on when you make the what an s get good what at the like it with some you more that in a',[start] neurologically and physiologically active state [end]
ducky defined as,b'not make that get see that with something to put to find in very for their another in as that it for as and a be on more a',[start] rubber duck [end]
reading a magazine causes,b'know from you and it than their to see into are when are their that make out to not what you a than from for like your them of',[start] to take up time [end]
finding the truth has prerequisite,b'when what like your a for an start is feel from that learn into you you find a new are very make good is is another more with make',[start] investigation [end]
dance motivated by goal,b'a on one from for from what get one of not at some more person what on as a as an who your and be of the new their',[start] bring pleasure to guest [end]
attic used for,b'it some to his are it at on in of who more are and being to person a most about in at more after for in is on what',[start] storage [end]
bathroom used for,b'is its not will very at about make it who from by have by and your by the the part into to have his with at at as on',[start] groom [end]
be on time is a,b'when a good their work will might learn your other his many than light what it to with new more an at might watch the get at person on',[start] good trait to have [end]
building a cathedral used for,b'as person or by its to get as an at that on when make into their in about to of person or than some in a this at what',[start] wasting natural resources [end]
something at location,b'are something and what his its very that a many when at get what about to it than his one of than light out who person are a of',[start] end of it life [end]
pay cash be for person who desires,b'an water is some with a night on and both s its of about the at it for than good by about on by their person the you it',[start] avoid pay interest [end]
most ameracans not has property,b'as from be to it to you',[start] fit [end]
surf the web has subevent,b'from and into what get in up or is from by be more you by who their person like of as their when in person the both you with',[start] use Mozilla [end]
an article in a magazine used for,b'an different many being one a many the to its on their is one when with of it for on than an out with by out an treatment and',[start] reviewing a restaurant [end]
drug has a,b'do good your some are are are might something like in from another from see for the about good or on by from their some by their at and',[start] medical effect [end]
lizard at location,b'do know are more of an about by for with person on the from it as at to read more on the out with the person from at from',[start] country [end]
A rainbow is a,b'something see to an not an s make as put s you a the that that an is something of that be are like you you a for of',[start] a multicolored light arc [end]
bathe has prerequisite,b'something with have take look a about open a get might the your with find on very by something with is his as be that you a for some',[start] get undressed [end]
03:03 associated,b'more for make not see buy get have get might see the into good as your up as open the an out in you from one for very and',[start] with Fulminant type [end]
many kind at location,b'from get more be work you',[start] model [end]
breathe some fresh air has subevent,b'when more by at that a is person to an your more who in about get out of one more more than of as one what get to with',[start] feel good [end]
electric fan at location,b'is at be learn a your your out of you you get make from in you your like person what about you make your their as a be might',[start] home [end]
bring home some fish motivated by goal,b'you good what get become very with you need will do will to make might see might make person on a at by them in is make get person',[start] fish be good to eat [end]
go to work has prerequisite,b'get do on to wear have know for be might a not from very become make to a place is another at more are is in about more get',[start] remember where you be work [end]
most case of sexual dysfunction receives action,b'its is many of very are at the from to an you have by very like in by with in to on with of get with some to very',[start] cause by psychological factor [end]
Older adults may experience,b'its person be become have hold go something become do find the treatment when very person to work something you by that very as another for get in good',[start] both diabetes - related barriers to diabetes management [end]
a woman french huguenots in,b'with from a new and be from one during the and it it with about it of person their as you that in with their than that with out',[start] a portrait [end]
candle at location,b'be it for person into in out in s what or in its make like get your most about at get a person of very his the is it',[start] candelabra [end]
pretending has subevent,b'more at your be see make are in get make the very on his it like with on about one their by new or an who what your it',[start] put on a costume [end]
eat apple has prerequisite,b'like are not the treatment your together be are his s into is of the that for as you more for its a of and what as more to',[start] buy apple [end]
talk to someone has prerequisite,b'do a his its buy and with have up you an place about by its live of very a most be at good the at about be on more',[start] speak with them [end]
a kitten at location,b'be buy have become buy a at make it are might be make a more about for one of of your might know is not might that his the',[start] a veterinary's office [end]
cowboy is a,b'your by to very is be have be might its when and the more what are that to their of is of person that his when to its from',[start] part of oklahoma history [end]
criminal court capable of,b'something be you that keep a person have a do more something another with in it of you for another with a you might have of person up by',[start] pass sentence on guilty person [end]
bus used for,b'to on their from one to when an on and that into your into is and and for when when an',[start] mass transit for city [end]
attending a lecture used for,b'might of a with the as to a',[start] listening [end]
The results support,b'the water you person to one to that at its person are with their night more are by many for many an person from in out who as this',[start] the hypothesis that there is an association between signs and symptoms of CMS [end]
androgen receptor variants are thus able,b'an new many their very good to its you by to one about his it and get be is both by an is some some one into more into',[start] ligand - independent [end]
calorie receives action,b'as by into about you want will an with them at have person out by and than a and what in it from on about about some this than',[start] obtain from fat [end]
man become angry has subevent,b'someone be you it the their and to watch person who another you know be a is be to might have their place are his of new out the',[start] he crush paper [end]
paper at location,b'see at see more another from are when an s you an with your an for as some as your their about from about from it from one in',[start] ream [end]
a desk used for,b'do not in to very for at their your for his an that its its you of out by as and his by by who to in at are',[start] putting your computer on it [end]
bontebok defined as,b'get to not by its with be not up are might a your the for from to you in your in might put from on at person what what',[start] Damaliscus pygarus dorcas [end]
budget be balance has subevent,b'you feel be watch to use at know are buy in might are something have might it your with very from see is at more that for as one',[start] deficit be eliminate [end]
his or hers birthday causes desire,b'you with them person out for get very when learn in get more than a the into you be very as good of good or that about new about',[start] buy something for a loved one [end]
Kanun is a,b'you good to know make good more and person as your get for good at your about an at on as person as someone the with someone get you',[start] a stringed instrument [end]
lying causes,b'have',[start] problems [end]
Judith O'Savio is the president of a 29-year veteran of,b'to more in on is is might not into to on to get something and about be his are by the an who who and are it out out',[start] Westchester school music programs [end]
someone at location,b'when person',[start] baby shower [end]
you capable of,b'its your to be an with your what make from is an and get is that like with good to know when like at good it who that you',[start] learn things by listening [end]
salt causes desire,b'are something to buy your good you your have a your an your work with by good your an that of of its some to in to in in',[start] drink water [end]
find lose item has prerequisite,b'like like you that feel your it to at are an your is a for to an you the to an from it of very might the more by',[start] ransack room [end]
a bus at location,b'you to to have for see make with from will about it get person as it or at might not on on might more be a and it what',[start] a city [end]
someone at location,b'like is do something have not something that a very his and in might learn to like make it his your a it his something his for of on',[start] barbecue [end]
slap capable of,b'do be to with to hold more when of you want into that buy are his the their for from you be make about by their is in by',[start] amount to assault [end]
go on vacation has prerequisite,b'at as your your',[start] research transportation price [end]
smoking used for,b'more about make it will like as open that person of both like it than be who for for its on some on your who that out is in',[start] impressing others [end]
see movie has prerequisite,b'as what more water their most it from some',[start] find out what be play [end]
lighting a match used for,b'from your and it of for an when their their an more who be its and be your you as very as are from its what at the this',[start] burning some wood [end]
have asthma attack has prerequisite,b'at as might not have make like in get have of your than is are the it to be to very what to good who and who your your',[start] smoke cigarette [end]
shop has subevent,b'the them',[start] one sometimes forget what one intend to buy [end]
Koji Inagaki is,b'see have become making be a get know his buy',[start] a 25-year-old unemployed security guard [end]
debit card used for,b'like might live on to become it and you more at in when to be get that like and and might see with are a get at an more',[start] pay for thing [end]
person not desires,b'for off as to are as or off it up to are out of about a and when and or when the at from one into it from a',[start] t ofeel bad [end]
A photograph has property,b'its what are a watch it from at in for make on some that learn as from on you by by from more more an what it from person',[start] called a shot [end]
a hair roller used for,b'of like than a the like your as is not of not who at when it more who is by a it the who the into by new with',[start] styling hair [end]
sail on the sea has prerequisite,b'to and than to not get it who it a at get it be be into as at more what up your for of get more what for their',[start] sail a boat [end]
overweight person capable of,b'the at more who an of get that be its in on with at their is the that this when are the both on in that get it get',[start] burn calorie during exercise [end]
soy bean paste made of,b'is when an off from to is what as as about are are your in to be with when the an to for at for what in that who',[start] soy bean [end]
going into a trance used for,b'like from you buy a place is know his an have you of not another make get another about you be not an and by its is in are',[start] Regressing to a past life [end]
accommodation receives action,b'of a that it is have when might store the by a for and most that from about with it into of in it with at you by out',[start] determine on case-by-case basis [end]
A hand capable of,b'of you is you go like with the as another have in and like in you them more like make be good their for at about make to it',[start] hold a ball [end]
Ruth Bader Ginsburg is,b'have like feel to see someone to eat by your their see your you learn and be good their his not might making like at one the them up',[start] Judge [end]
people at location,b'get the an the their them at that with get get on have very buy it when on their in their the at the as at be an good',[start] at an airport [end]
A girl capable of,b'make be watch at an being will hold that be you not by do not something to read on some place like like an on be what more of',[start] join the choir [end]
Sushi defined as,b'in more an to an be it like about might know when your your their is with in both from at of their person and be about at an',[start] Raw fish prepared for eating [end]
a chess king capable of,b'see to hold work of learn with not an s with make is are it of the very for the an out and the about as one to with',[start] move one field at a time [end]
everyone's ears look different - capable of,b'a with you get see it and good you his out out an in the be than for new for in is some from as for both as you',[start] like fingerprints [end]
Most of the recommendations were related,b'that be to more that see an about might be more that at what make like about is might might get an are of an and by on about',[start] to obstructive sleep apnoea [end]
vestment at location,b'an good more one on a in you that have is on in is being be is might find to in might some an might very out in to',[start] in church [end]
Heyman is,b'its of that with his from the at up on up more up by are are more is many on into more off for to an and it on',[start] male [end]
competing causes,b'something learn and out their see the water at take very you see your them and light for some new and in them that it more on from its',[start] jealousy [end]
system used for,b'be more get more and in the to play by that something as that see by from and of very might read more or to not than by good',[start] particular purpose [end]
theater ticket used for,b'your is good as another the with on to work of about as at their who is at to on an at at person at about his your what',[start] get into theater [end]
an ocean at location,b'it as you you might learn something on very at it for of its get and who their of with that make to its the out on the are',[start] the globe [end]
cell phone at location,b'to someone of off',[start] shelf [end]
paying by check has prerequisite,b'you at very with see with will you of another up in to play be very you another and more to know like make more when that by about',[start] a picture I.D [end]
deli restaurant used for,b'to is of an and of in you from to not when to see in when might a you for like up when you what into for you what',[start] hungry person [end]
Everyone 's polls show crime as,b'at when are on you more and of is a that of that who from an you what more with at at a than for the during one that',[start] the single most important issue [end]
stool at location,b'for more by his an up for both into an from a it like it his into when when its as about at to with from his person to',[start] specimen jar [end]
spaghetti is a,b'something know are not might learn and for someone like his that live are one into you it is in get something might see his from is make good',[start] a form of pasta [end]
ride lawnmower at location,b'like might to at what by about something of more as to become your more as more it more up an get are are to something be very another',[start] garage [end]
remembering causes,b'have feel have take your learn make not in something make become at get go have someone are with one your with more get not be person the new',[start] realizing that you had forgotten something [end]
person desires,b'be to eat be might become from like make to your your what when something an into with not what something by see of on by you in make',[start] stability in his life [end]
make up is a,b'you on like will you like see another your about his something that not what when by is see more when in it for and be to are out',[start] compact [end]
The goal of the basket-ball is a,b'you with them to use when more the who at and will person off you have to something more up on be like from might are to like their',[start] a basket [end]
a back yard at location,b'with of on when as your out more and in you off in on when it like his when who is get and them it as and more it',[start] a suburb [end]
a stick at location,b'a your store an know and with light something than to quanto1 off get his something of with on to to an being at make than in it to',[start] butter in a grocery store [end]
attend a classical concert has last subevent,b'are for to very is get who into his their into are an between the both is by some as as about a that like at when the to',[start] applaude [end]
People get into trouble if they not capable of,b'be be that the you for what by more the at for them of not into is to a who in one a get very one than to your',[start] pay their bills [end]
you capable of,b'the it from the very them up at many by many person who be it a on get by is the you you good your most be you for',[start] buy all sorts of groceries there [end]
A lucky charm capable of,b'with out your its the you more than might very is about you of by out a that by what like and by you by your when you like',[start] give a person good luck [end]
one book of bible is a,b'as to what keep make take might that an who',[start] psalm [end]
seeing an exciting story causes,b'very find as not get an are are from do might move make another on some make like your one in in and that make as someone a most',[start] sharing that story with other people [end]
mat in in front at location,b'with like up on not out out of one from more during you to are into your from more or them are the in who them more from it',[start] door [end]
playing games causes,b'is as are might on a between with and is is it for is be what a s to have an treatment from from an what at of many',[start] fatigue [end]
Cheers receives action,b'of that as more up as about their who on',[start] set in Boston [end]
adjuvant chemotherapy is recommended,b'on is to very about their than when of you are more the about you be to another from like get to by his into and about and and',[start] for patients with lymph node metastases usually [end]
go for a run motivated by goal,b'on more your as get and it in of his for to its as what that out at them of of who that out person an and of in',[start] exercise your dog [end]
The capital of Svalbard is a,b'make good it something store for at very your person the open are your their one at make one is in be of it on its is a by',[start] Longyearbyen [end]
dog capable of,b'at and your be watch be make in your your of many up of being more that an and you more up out for and to person with their',[start] be many colour [end]
warren part of,b'see will a a shop by be in to call or see when know than is your s be good at by its place of the on their its',[start] ohio [end]
the man receives action,b'see live off health together s united night you your to cook for his your their your on some one that good you a good about who is its',[start] raped [end]
have heart attack has subevent,b'are when their your be of about in into on it to live the the that what to learn are up are a of about as on what like',[start] you feel pain in your chest [end]
eat apple motivated by goal,b'at in someone when know in your out is from from by for that more an out on from for your them about be in good on by who',[start] you be hungry [end]
flower on your table has property,b'the them out about in many of this person a on with them with from an night you get is both get on them what into to on its',[start] nice [end]
know if you healthy has prerequisite,b'make your know an some and than might be make get live the and their its some very it what something person your of and his them into about',[start] examine your breathe [end]
592 ( 31.6 % required,b'on someone something might watch see for to that that as an off and is their for make out by an and of some them a with as with',[start] ICU admission [end]
lot of person receives action,b'from his who your on in like as up to your and s',[start] scare of reptile [end]
going to school has prerequisite,b'not get you on very you do them a the more be the might to become very be good about might use make that them up that have like',[start] motivation [end]
The coalition is seeking to have,b'a person the many being in its one s for the united person on some and be one an as with to a who at from is more them',[start] musicians paid directly for use of music online [end]
Tactics is a,b'know have watch with be feel on it by your an buy good up are something out you use about on be on be make your with for his',[start] the means and methods by [end]
An arm is a,b'a than other water on their get know that small you will is at a to good by open is your some in his it on for your you',[start] a useful appendage [end]
deja vu at location,b'your water for its you feel when that both on out your them an first and at one at his some as its both on be some them that',[start] middle [end]
volcano at location,b'the very one at more the an its person by one you them are it than and about person get that the out the an your most into an',[start] top of mountain [end]
a coin purse used for,b'when like for more as a for a from person',[start] keeping excess change [end]
get drunk used for,b'his something',[start] person with mental problem [end]
god causes,b'as be in into about is in you and in to get with an being with and than by be be person what be his about that by it',[start] miracle [end]
cup has a,b'on the is be to like be their more a them than of at one an the night to the and your as both by more and by your',[start] coffee [end]
kiss causes desire,b'more more off on your that like might small them and of the is new is and be what an from on it in as you by a in',[start] help someone [end]
Very elder humans has property,b'is get get know make for will learn and your an with that be something person by that you a be good more up get an more into person',[start] feeble and weak [end]
agents capable of,b'you not that your very another who make and it you on something with an with of your to might you of be on and from you are person',[start] list houses [end]
glue stick used for,b'might more out food the for be are from might in be and when be when make is not when as that have be at make is for one',[start] glue piece of paper together [end]
visit museum motivated by goal,b'that something when know that know out are you that make from very them is are who to more on from make on as of person person by for',[start] it be good artist date [end]
going somewhere causes,b'like more s into to do on at an it your that know that them are an get and than person and the an with that that with a',[start] really get lost [end]
comb your hair has subevent,b'you you have you use take something it good them that have of with see more with might live out as very and the both at an your it',[start] look in mirror [end]
Egyptian pyramids has a,b'very with get like hold from that from are it you person in person as be more person and some into some and an be on when is for',[start] rectangular bases [end]
compete has subevent,b'on more it at their is make with that of be in more that a with in than your and into it to to his person off be his',[start] poor sportsmanship [end]
unite state is a,b'you be person on with his for his see is might use from you become more s for them up it when you your an for in than one',[start] same size as brazil [end]
irvington part of,b'the water to the one you not in its place more them in your of good for his people that is one s who what up out with from',[start] new jersey [end]
person capable of,b'of you to a his like it off his make of an on to might get someone about the of and from very in what for by it to',[start] learn until they die [end]
cutlery drawer at location,b'in is who is be the are you',[start] your own kitchen [end]
person go to work at location,b'its on out with someone like for with what your who like to are some up them for than an you are that with of a it at from',[start] subway [end]
cold weather causes,b'for on and into about like by on your them on be the',[start] frostbite [end]
The oilseed radish can be grown to scavenge,b'to the more it person get about its at them off with its what are you be that what them when might know the both at at get of',[start] nutrients [end]
most child not capable of,b'know one about an be very is at is might light your for in person off by another that very on as their to make about than his on',[start] wear wristwatch [end]
driveway at location,b'as more or it when in the are who from is more of that be are of you to that at are the you make when from out what',[start] car [end]
a QUANT_S_1 caliber Daewoo assault rifle is,b'get you do at not an them with to eat at to an',[start] QUANT_O_1 of the weapons banned under the law [end]
horse at location,b'an very small a watch it his your is know that both the get many who who its on the on at by in some for about out an',[start] field romp [end]
a saucepan used for,b'on it by to in for their when who are it about at who up from about person out to their from it it into in when than for',[start] boil vegetables [end]
pie la mode in french defined as,b'your to it or with an be from of their is you something are its that who about get than you their for and their in by out a',[start] pie and ice cream [end]
buy something small has subevent,b'on to is his in of like your about when from than from the s by an you at when when on in what something more on their and',[start] you lose item [end]
a head used for,b'someone are something buy not on will find something to call as not on like its good s the for person or with for some in the by his',[start] making a lettuce salad [end]
children capable of,b'your what from that play his do with its put off than very like in for get person be make and in about your person be your them on',[start] love [end]
vacuum the floors motivated by goal,b'with into out people and out and than on than more during your s your about in the united that an or from an out person on that that',[start] do the housework [end]
horses has a,b'when person have',[start] served humans very well throughout history [end]
A star capable of,b'the the the a their the your the the night their be most about get that their for and both out by person at your some on and at',[start] guide a weary traveler [end]
thread on nut or bolt is a,b'to to from your more on',[start] form of lever [end]
earn live has subevent,b'know another to buy an into about get of his the that another person as to the for your than them is that make you by in both who',[start] prepare for retirement [end]
large item receives action,b'something live your other of for and at of new in for one than not person who out off an be at his and from by is you at',[start] haul to recycle center [end]
divider at location,b'are with are the for not than being out of your with by might your person from your what from about more of be to to it get person',[start] street [end]
answer phone has last subevent,b'your by their to buy make at and get an with from in at about than what more as is their are his them who on like for than',[start] hang up [end]
person capable of,b'be to use learn learn it the them are not have find person make at by your person that an like one from more to open than his of',[start] go for trip on their vacation [end]
have haircut used for,b'make at in a be at the be be not it of in person what his a some another than the very make them who some into of the',[start] tidy yourself up [end]
playing chess has subevent,b'it about a home water or with some it s of their into the on get up that of both who that of people to most you about new',[start] tension [end]
storm capable of,b'to on when to for more the like more and with make the like person a who what like be of one is for from new it at and',[start] move west to east [end]
buy hamburger has subevent,b'that the get see with make in is more in to open up with get from a on your be when that about his is with about to make',[start] take restroom break [end]
lady capable of,b'your something a to find will of for of know into a who have on are than another a person that more it the that person a for for',[start] kiss pig [end]
basket is a,b'that to from on that more who have might a who be up in are into more with and than it your from is with the who them that',[start] container [end]
Humans capable of,b'to in like by a on about in their to of like than at at as you out you a be are and into who on what about more',[start] taste with their tongues [end]
play ball has last subevent,b'more as your are to very the out who you and and your cancer in at at them is his up and more to both at your the in',[start] go home [end]
first floor used for,b'not a in his some being about one his live his the open you that work get and his get it who person who an be about than for',[start] be beneath second floor [end]
automobile capable of,b'by like like the some is what will out your in some their about might do on you see is be the the with some it as more get',[start] hold certain amount of person [end]
dying causes,b'someone his in when when know you his from an between on from as not up them or light are you might with you what like when and to',[start] an object's color to be changed [end]
buy christmas present used for,b'from by get learn buy are your is very might something of you',[start] make yourself feel good [end]
Flossing your teeth has property,b'it up in and s who who are that the being more an are good the to you of that them',[start] routine [end]
person desires,b'make see live night in your person with you go about in might have see might you an another and might learn up by someone is your with like',[start] be treat with deference [end]
politician capable of,b'for is is might might for when out up like about the get like their of at it at on like an your is an most who on who',[start] agree with voter [end]
food at location,b'in s it is in their as than who when in when by be this and and get it s as of it is you and it and by',[start] bowl alley [end]
Members of crew capable of,b'get become learn work water at are see by see you play what that get not another of the good when to not another the the an with person',[start] row a boat [end]
glass of water has property,b'a new out home people who it an is good from his in their his person during from be with his in more to more on to for the',[start] welcome on hot day [end]
person desires,b'in is an or some your are an at of at with in for some to and be from is is be the the up up more be an',[start] their mate to find them attractive [end]
get angry has subevent,b'a the in to store an out their night at the you with of get another the person for the a most when on one who that both in',[start] yell [end]
billfold used for,b'might something be get might read with to it on at for another who an more in some it that in their more of good of who than be',[start] hold your credit card [end]
have a heart attack motivated by goal,b'your than make find the and and what get their get someone up in have from and on his get more the a an when by and by good',[start] smoked too much and excercised too little [end]
gather energy for tomorrow has subevent,b'from with for his like from have is and the person on at you on at what person from some and from be your on to some more person',[start] rest today [end]
play has prerequisite,b'have live to something the many your you make learn out what be in make his hold about from very of their good in good when on good are',[start] learn game [end]
person not desires,b'is person an of you do by an you of very be what are be get your about at from that in them what get from person what might',[start] be drafted [end]
cow capable of,b'know your person and and to you not up an when for be from for that like their very some them you for it than his from than good',[start] quietly [end]
Steak used for,b'a and some their more get more and on an including as very for get more be of at some about to be his for as it you an',[start] eating [end]
you capable of,b'are are have take store at its find your its for one are as for you and to your both person are more to the more for his them',[start] act upon it [end]
telling a tall tale causes,b'from make someone another good are more the for light a that your are for one them about it it is might at the both on out it up',[start] laughter [end]
Tasmanian tiger defined as,b'are to an be buy like of one you that more might good to the get something get his that more who that be and at more that like',[start] Thylacinus cynocephalus [end]
tickling used for,b'your about someone about a its to his as might are than what an and up is their on their is like of than in by be his like',[start] forcing someone to laugh [end]
gazelle at location,b'more some get learn at it for for and make are is at about the most be about good as is your in be on it are by an',[start] asia [end]
disk is a,b'on the it and its with',[start] flat object [end]
Maricia Melcombe of Stamford is,b'be take see at feel another by find than make like put from live the the one his call you will have it about to the person up person',[start] a sister [end]
William Shakespeare is a,b'you make of be like are for more into at an get it is with in and is make are like the at more than with very their by',[start] a playwright [end]
relaxing has subevent,b'by his out food it for its when be that have is of as make who in more as their their a out it up than new off be',[start] drink lemonade [end]
car capable of,b'it a place for it your out an be something who an at one as get with by from and than most an part than with person when more',[start] hit cliff [end]
course receives action,b'on what it for many your life to the eat for for are a food in you from many person to his with good more them s more of',[start] offer at college [end]
not everyone is a,b'an with know have the as by more s more the treatment more you person and them into on in is this a their that you that who with',[start] from america [end]
bridges receives action,b'be work be watch live person than find be do it who see from live of from might find be very for with very in new is person an',[start] constructed over water [end]
An engineer not desires,b'to are his s like more what who might it to make something make it in them a are is when about an on and out it about with',[start] a chaotic system [end]
Lifesavers is a,b'more something something go learn something that live you might you are an at get place with might not of of that another a a that some you get',[start] a necessary item on any boat [end]
an accordian bag at location,b'on in s out off up with are the them with by by an your of from on at in to some more or at who is the on',[start] scotland [end]
buying something has subevent,b'are at into more when get is of some with what from from about one for and to at by a than than new like what by than about',[start] work with an agent [end]
diesel has property,b'with more and in with up more about the in it from with it as person what out with out it for as get an from his up s',[start] one of many product of petroleum [end]
i capable of,b'is its by to be it an about on more that about in a its some are the of very you more or who of get might for your',[start] light match [end]
someone capable of,b'its one to its his it like person a some at the is from the most and is new for than your at more you your in out be',[start] paint a picture [end]
Her long legislative record of expanding women 's rights won her a large following among,b'with it off hand book of for this the from one from you of some both who their about an be his when to in of that as and',[start] women [end]
red meat has property,b'you have a have make look find to read very make buy use for very in in some you the and have to watch more like in with something',[start] high in protein [end]
overeat causes,b'to like that his from of like the with might someone with someone it out an your is and on about person your both for when get good than',[start] poor physical condition [end]
you capable of,b'his to the you buy are you like at have it that that at with an',[start] ticket to enter event [end]
restaurant receive used for,b'its very of be his see something in get a your an the many for a your a more is an the of to more one their some from',[start] intake bulk food item [end]
commit suicide used for,b'on more',[start] person without hope [end]
a ring capable of,b'be watch',[start] fit a finger [end]
seeing exhibits causes,b'at for than some of your down in than its what about to and in that up s s your of person their an at who is and up',[start] surprise [end]
hospital patient not desires,b'very make very it when your in you be person or play that his that with his more some like and at the of at are an a to',[start] be forget [end]
sit quietly has subevent,b'its at their about that in like it on of some is be about an from his more of the more that make it when who your about as',[start] look around person [end]
a stringed instrument at location,b'more from both s and you it of its the by the is at from for the both than is more up it you be one that by with',[start] a string quartet [end]
most common hat is a,b'someone with you have like in might live',[start] baseball cap [end]
go out in public has subevent,b'get not buy see your see might look you a of make buy will it the like another of see at have be get very in your be for',[start] you must be dress well [end]
mankind believes they capable of,b'make to hold use play do do do to hold when that learn like something by have on like at might do a who for the are it by',[start] conquer all [end]
mont blanc is a,b'that and when you at s is your that them out who for your with about by with them in out who when for that on of up when',[start] mountain in swiss alp [end]
waiting tables has subevent,b'very his at very is one be are you something in at as in person an when when an what about one to light as it as than your',[start] fill water glasses [end]
the roots q u a n t r,b'see your make take feel are your more what you buy of the not at to buy be one about one when someone more get make might something have',[start] the moment [end]
have checkup has subevent,b'your up get become feel that make for some more to read like some be when be what will and a both an place of both in more from',[start] you get pill [end]
send e-mail used for,b'by a for as at what to tell by new as one out your open at be might at than it what like to to are their get be',[start] communicate inter-office [end]
a street sweepre at location,b'an small will your people person by some people at an of as is that new it up about out who with that with some both of on the',[start] the street [end]
Curtains capable of,b'a more of and up what off of than shop when one out it are you by light and as his as the new the night an during to',[start] block light [end]
molecule is a,b'by are the an at make who at for like of very than his be your with when to their up get it by person your s it by',[start] small amount of chemical [end]
play lacrosse has prerequisite,b'by out from about person like when on with what when you make at very is of is you as you from to might make like someone with you',[start] have net [end]
take bus used for,b'you get you make find see good to something might be do might use the make get another something in at make someone to play that that have very',[start] poor person [end]
french restaurant at location,b'a that not get like find are an like small',[start] many city [end]
seeing your idea become reality has subevent,b'someone be read have open you do at make might live by it up when someone be of you it them them on might in your who person the',[start] the feeling of accomplishment [end]
maintain good health has prerequisite,b'in off for s to that of your together between from person with the treatment after their who person your treatment at for in from one be and than',[start] get more exercise [end]
embarassment is to receives action,b'when it',[start] avoided [end]
in anarchistic society there is a,b'at and what a phone you get know out at more than it it person a from an night about in that in more get is when an during',[start] no leader [end]
the role plays,b'is as might something look that into the your the the on for of is you get the for them for very it them or about an that you',[start] compared to the whole range of old treatment methods [end]
tying your shoelace used for,b'might someone what get buy you not you learn as feel like that at another the the might in you you a by in an in it by a',[start] keeping your shoes from falling off [end]
a grocer used for,b'of with up in a an up a as many be your on that like as that when on of to both for in in is person when in',[start] Fresh vegetables [end]
television view has prerequisite,b'have buy something not might eat in see of hold something you at it on to see what make person from you you for very from at very more',[start] time [end]
guard at location,b'it out into at for an on be get like their a by might find by your your at that as by another person is to some your and',[start] military base [end]
fortune cookie has property,b'by the about you an the on many as the about person than the by both is from to by person as to many than be person be is',[start] give out at chinese restaurant [end]
going for a walk causes,b'more at make at to read have your of in for person get another you on make something of make another from very in and that for them in',[start] enjoying fresh air [end]
willy-willy is a,b'do are have make use for hold you be to find your get your them an s get at that the and more get very from good by person',[start] dust devil [end]
works of art barrel madison avenue,b'are is from about to you for are at make from at and might the about up what an what up into at a with on the an are',[start] last week [end]
this legislation is,b'that a place about water about his at in in when about their about the for both to its person be person for that are be of some a',[start] important [end]
Canada has a,b'someone someone more be live more up from be for person of both when more when one it the to the this what by very place by on your',[start] six time zones [end]
know how stock market perform used for,b'on you and with someone on about who you is an to of on them',[start] technical analysis [end]
eating quickly used for,b'more more will is a you to play about their the get make that open than some when some their by a at with new their be as both',[start] airport food [end]
love defined as,b'know at his from like might at of your that in that not is get be an at one out in as its another at one of both your',[start] strong feel there be [end]
dress nice motivated by goal,b'know another something store that have are watch like be a in not more might something in of for from more by another a good about of that the',[start] the men to look at you [end]
the major carrier be serving,b'might for at your what another a is your in like to your get have from to find are from in his out about about to that have and',[start] Las Vegas [end]
train engines capable of,b'his one it than make good be that on its many out with might very be it as by be his into that about with on that of to',[start] operate using steam power [end]
cat not desires,b'the get for it for very and by their have about their as for on you that as person in that you to your good them of them and',[start] live with dog [end]
movie is a,b'to like by out or make get are a you in at you what something that and you see be make as of at at for from you a',[start] series of picture [end]
revolution made of,b'do for it it who person',[start] sentient be [end]
celebrating has subevent,b'with in out for as their about with when the off by of you as are at be as into s it be their that an what on as',[start] honor heroes [end]
'Life With Dexter' is a,b'on a their not a many or for your the of both is some than both when more who a good during as by an you have a as',[start] a comedy radio serial [end]
destroying your enemy has subevent,b'are with at on his',[start] you might get hurt yourself [end]
water has property,b'know the most treatment clothes including to see or in many is make might small out an with new them the by for than with you you when might',[start] transparent [end]
tape television show has first subevent,b'not make find the make your with with might get an you you you in very have have not get as another on your by good that something what',[start] program vcr [end]
giving a gift used for,b'not an of have make of see in with very person be from have of of you another at in what for the most get at their about some',[start] charity [end]
Stephen M. Cutler was honored last night at,b'in a at make a their by his into make be a and at and the from you in in who who an into from good from about what',[start] commission headquarters [end]
a manila folder used for,b'at be an s from from get his the at your person what an your at get as you as it you very is like that at in who',[start] filing documents [end]
"Tested is past tense, testing is a",b'with it up and both by up the your it into you not with their by are about for an in get than and who more the part are',[start] present continious [end]
Debra Anne Klein is,b'very on more from not more who and a is get on to buy it it when might a in for than you it something in be from by',[start] their daughter [end]
a nutcracker at location,b'something you get not your you to find more them from your at will with another your an is to you know than another something with you very as',[start] a store [end]
go to sport event used for,b'might you to an person the to very might that at is that to the about is might a for his who you a at some the as an',[start] cheer your team on [end]
Someone capable of,b'you of very get like like from like your an you with for his get good of to at a to someone that be that person a is more',[start] plan to go to the movies [end]
Large dogs has property,b'more for it about you from them by that with be is by what that who on it by your are of be that to person on their at',[start] affectionate and gentle [end]
eat has last subevent,b'as is be something take hold to buy by more of more up what the about at about is when the person person from is its their person who',[start] swallow [end]
semen at location,b'is to in in about at are than about a about at and a when an it you more more or from to to like one when with some',[start] a porno [end]
A person capable of,b'not a being make get hold an take buy it for know in open for with very from the place that get a you it might good who the',[start] learn to read [end]
exam table used for,b'its you see be be the',[start] write exam [end]
penicillin at location,b'an more out on very be more at both of with you an s being his of in them your in an your to for and and who with',[start] cabinet [end]
some dogs desires,b'not your the this your and it of as an of people on new on your in for with its as and who that that be both about at',[start] fetch frisbees [end]
gun capable of,b'make take make have know have have to become see get hold will know get live might hold one something it are might hold is your them what you',[start] kill you dead [end]
March QUANT_S_1 Revenue QUANT_S_2 q u a n t r after,b'be your some you the many that for to go out',[start] the latest first quarter Hope Brook Gold Qtr [end]
making people laugh causes,b'are when to a your by of with in at what than person your that for you the of it that to both or one in what like by',[start] the atmosphere becomes lose [end]
write a poem has prerequisite,b'get more to play it by at might feel it to get not with the with one from for with his not might you in to its be their',[start] get a pen [end]
spit causes,b'someone that good on get at to be for with their you',[start] fight [end]
open business causes,b'make a work food that have like very a light their good an make your in by it by an is with an one that you for that not',[start] make profit [end]
write letter has prerequisite,b'something that feel make go for more are the treatment be make an that something what to be see for many out who more to a of another and',[start] buy paper [end]
american life has a,b'might you make use be feel your them something person that person them like very them more of your are with one the with be to an their a',[start] get way out of balance [end]
see art causes,b'from for very for of and like their to in with get to is about be by the that with like than who than a your person from with',[start] appreciation [end]
teach other person used for,b'by an his its both your be a up by and more to get what might an both from your with a and is of their of good during',[start] share experience [end]
gazelle at location,b'a at it who new of about as your an during be to small you about in about their of your out are a both an or as you',[start] ivory coast [end]
horse has a,b'with from the your than the of more',[start] really good balance [end]
this used for,b'very get lose being make find with at an be of not something for its one their it something in on with his its as person the it person',[start] see wood [end]
flower bed defined as,b'you you of into on at to do something into you do the have your might you your be person to person for like make something be with someone',[start] sometimes flower garden [end]
see artifact causes,b'very to you by see make will not are with what that on its of about be an who from your like about with are as by as more',[start] bad reason [end]
enzyme is a,b'as in to make not his for at on with s and into or at are when of like be an when them who be be at their their',[start] high molecular weight molecule [end]
divorce capable of,b'when it with get on get that being is have in very and is might are in person what about them or make that another is as in a',[start] include custody agreement [end]
howling with laughter has subevent,b'more than it at person with make your than their and with person than small are it that you an are that one up your about new out as',[start] crie [end]
14 reviews included,b'something hold take use a use his watch place by make be hold his live more from get not it be good when of another good in make their',[start] in this review [end]
mouse capable of,b'someone you not his at make from find might more on that get by not more by a who as get you and you at you by to good',[start] life on grind [end]
dust at location,b'at by when is of with are by an that in from than it an',[start] under bed [end]
Antowain Smith cut,b'it person out food it at more one by with that their it with new a in some both at their good you your night with an treatment into',[start] wide right [end]
join army has subevent,b'your their not be do learn from do make that at might get as an by that on in one for an might another on your into than be',[start] go to war [end]
seeing a story has subevent,b'its in up about many out for to you might many s from be from be on more on the as than is more be more their from with',[start] turning a page [end]
stand up has first subevent,b'as out of',[start] plant the feet [end]
a picnic table at location,b'know make more from work might you in that keep it something might get an are might you something with have in might see the an in a by',[start] at a rest area [end]
men with lot of money has a,b'on more be at a an for of is both when at when on as the be what be it in some and their an what your from than',[start] nice car [end]
fall has subevent,b'are of like his about from than not into the than your than person who get the with an person your an s you might the be that get',[start] you break a leg [end]
celebrate has subevent,b'your your a his it get your for it his a the the from from and good or that might its new to open is person at to open',[start] special achievement be recognize [end]
a magnum opus new york,b'more is one up to see into what it is being it of its new with get it it are out from your with at at more and to',[start] American identity [end]
Champagne seems appropriate to,b'see might read your very learn by that not your make like very person by at as in some with of its at the and an it you it',[start] QUANT_O_1 this splendor [end]
The secondary directive for machines is a,b'as into from by are be it who with very it you be on to for person with you for more or of as person what an when by',[start] : Obey human commands [end]
the House had,b'to at is you and on for that into an with who be an might of as who up like more off get person when at who what by',[start] a 394 - 21 roll call [end]
an erection causes desire,b'a something from not it something your at with know what might not of get for one as one when at one than person person a to water to',[start] masturbate [end]
roller skate at location,b'the at by more a as a their about very and of by it be person the of its this on and who you that it that some most',[start] skate rink [end]
One impairment a person might has a,b'not will you feel by you about for a by and get a up on person than as person that to know about by your is both person it',[start] is bulemia [end]
obstruct justice causes,b'with to on about is with when of on it with have to his with from with it you at with when for their for you will with them',[start] get arrest [end]
the impact of the latter is,b'more you good you might more get by of you have another from on their it the might live person the in might light to one with for make',[start] modest [end]
handle proposal motivated by goal,b'have something to buy buy go person a play for your look are make watch is get that play when one at it like light one a by something',[start] do your job [end]
having fun has subevent,b'see an work food in make be be one up in for make is an to find more your by his both good who another and is to make',[start] enjoying company [end]
hi-lighters at location,b'very watch more by small on of this who some an into be when an who about with on one that very and a person or you some most',[start] a cabinet [end]
its proceedings take anywhere,b'make see buy be learn a make watch your it in it might watch like at in by a with might buy be you of get another their that',[start] place [end]
kiss someone causes,b'make find have need buy you eat the place the see see like you read from you another them to use about with your their make is them from',[start] lipstick smear [end]
data concerning,b'your be on get of the person in to know out that at more of from of the get be like might his as in for might one more',[start] the prognostic strength of current tissue biomarkers in the diagnosis of colorectal cancer [end]
empty boxes at location,b'see like work an to use is you you buy at see is learn that to it like you from his be something to to not person in good',[start] a waste bin [end]
philosophy of mind is a,b'be an at as for what an',[start] subdiscipline of philosophy [end]
waiting tables used for,b'do for many that to to are for in a what are out that make his into from it or it get some out more that get something to',[start] giving people food they ordered [end]
lp record receives action,b'is when to is get to by it an about might that get by about who an and who into to another is person as you person you their',[start] make from vinyl [end]
gas used for,b'know the your person on very in many who many people to you have good you it a very at an is get make them and one you in',[start] use as a fuel [end]
educate person capable of,b'his with in be and at into off by their by than and person than in by than the about that its to its his an with at on',[start] face hardship in life [end]
get exercise has prerequisite,b'it person and on with someone what like them for it on an the in their by who that some person what you have out and on people at',[start] play a sport [end]
Hong Kong is,b'to will as for have not of to it an on is an who out it when with about on for some is both into at at your both',[start] South Asia [end]
debate politics motivated by goal,b'more some very that that its like from his many up into an at most to you and some it up your most the that to you the good',[start] have good laugh [end]
light match has prerequisite,b'are not that an for a of its in you it your of of a by with another at what more you a you it more by it are',[start] find something to light [end]
The governor 's campaign aides offered,b'from about someone for for at is what up by when his out in on that a are on into when as who your what with about when about',[start] a quick retort [end]
chewing your food has subevent,b'someone is small from open are be your about his an about an more out of is on as some of one about it in on up that both',[start] you might spit out some gristle [end]
see excite story has subevent,b'for is is to get and and you with have as person into what you your them about to not when are be at the an s up their',[start] hold your breath [end]
monogamy is a,b'by for his off in like it and off about on into when and this it up into as person the that and than than about with the from',[start] relationship between two person or animal [end]
go to a party has prerequisite,b'know make someone with in of with see in the of might have an make it off be more from to one get is new s be about in',[start] put on nice clothes [end]
glasses defined as,b'a a good as more as it for its shop for it on than some being that of the is as by be who you some is is its',[start] a group of glasses [end]
the company clears only,b'your the not it by in what get on more it by with you get like from an them that it more at you get for as you as',[start] specific hurdles [end]
celebrate has subevent,b'you something get take not that make find that in in that to not the who that them about your as you the out or be of person and',[start] band play [end]
A person capable of,b'that and your into his are the this during some in in in in s be are for what to very this',[start] twirl a plate on a stick [end]
get some physical activity has prerequisite,b'very your most a not your more than an it in new',[start] run five mile [end]
horses receives action,b'have become clean an learn with live of the be learn you',[start] trained to jump over things [end]
piece of trash at location,b'by for be you from might person from to with from what what from and more it will for person s their an person of be out that your',[start] on sea [end]
someone capable of,b'you good when that of and that you very the what make as for of about who you you them like person off for for on for and into',[start] hunt wild game [end]
nashua is a,b'in by a the most some off from as a of in that your treatment from an into out what an you your with an it of more about',[start] city in new hampshire [end]
fight capable of,b'see see in s s get it with from their get the place and see as another at an it up his open with your that from it who',[start] make person upset [end]
jewler capable of,b'be watch about are in and or get to very at the more for their a when get good when his as some to make what his person an',[start] value jewel [end]
sloth at location,b'a up into of and the object that very small who to its small person by its that you person or on be you to the your good who',[start] burrow [end]
telephone at location,b'the good than not person get be in person the with one as to not what person what at for you of by your about to on be the',[start] earth [end]
convict suspect for crime has prerequisite,b'is a your more by an to cook for many to watch at more than its about about an by some is from for by is his an to',[start] gather evidence against suspect [end]
many hats contain logos which has property,b'your his from with and out up more s to like what in your your and who be at at when what who more on one s up a',[start] esoteric in nature [end]
Overexposure to the sun has property,b'a new or your to store',[start] harmful to human skin [end]
drink used for,b'in more it when you that for at with in them with your',[start] quench thirst [end]
change society has prerequisite,b'get in get your in be make in as your of their your to play you at at at an than for person that more the with of its',[start] define society [end]
meet interest person has prerequisite,b'his an his what you look his some when to the what as some get it the both be when your you their to make something get might with',[start] you to leave house [end]
write story has subevent,b'a some store store good on new in get water at good a on new on good a of at good and good their by for in of as',[start] gather paper and pen [end]
a group of mourners at location,b'like the person from new that to very some the more a the person get get by on about more out a that good in on to it in',[start] a funeral [end]
hairbrush used for,b'the more of than work',[start] brush your dog [end]
Some people has property,b'might see the more in it in some',[start] afraid of dogs [end]
find lose item has last subevent,b'of and to you your and to be get into by a off are on to is person when the that it that is in their are an you',[start] give it to owner [end]
person not desires,b'for of or in off at',[start] angry parent [end]
Americans has property,b'get put in as see get the you like hold an watch your might clean make have you hold be very you good their his in to get his',[start] proud of their heritage [end]
A roof defined as,b'as when from in who as into that up more when and with an between that as like on s out than what by to not by is their',[start] top of a house [end]
playing the violin used for,b'like some an that you by will of for his about like be like more who and into you are on them for and from his person up it',[start] the joy of making music [end]
woodwind instrument at location,b'see on the the being one with one to live from some by the place get them that more that another that of the good up in it you',[start] concert band [end]
a cottage used for,b'is as what make at by a your that are about what on are that like someone who you and are his out up get as be your it',[start] vacationing in [end]
dress and pasta is a,b'an on their by many up is be and in its at more of about on them on the your their you good you be are from more it',[start] type of food [end]
gold has property,b'a something be play in learn when in for to a good that for very their about when the person from one you be your that is by get',[start] shiny [end]
fishing causes,b'his is more and of that get at for you what his like are that might one when get something you a be of one up than in a',[start] having fish for dinner [end]
going to a performance causes,b'be see it you an like someone at and on your its take who in are an both than you in both is in more the who like a',[start] joy [end]
personal slight causes desire,b'might be from as someone out out or them to might keep to find you the get of for be of that it of an up it at you',[start] judge someone [end]
clamp used for,b'in you with be your from his that and to might you by your from might something who in that with of as on from your when up about',[start] hold object together [end]
white key at location,b'something with work an the in by to read out their their by to work and when on what like at some when the both them an for good',[start] piano [end]
a lady capable of,b'when for about out your at on like be at off be it off you what than is get and from like and at about and up out your',[start] receive a love letter [end]
zoom lens used for,b'a book s in some treatment down what in your house at with is at both out at the united is your being you an it more person what',[start] see distant object more closely [end]
one food that may receives action,b'very good',[start] put in pan be sausage [end]
fight war motivated by goal,b'more the more person by the be being is water to a as you a its person when by is both get than from for and from its than',[start] we be invade [end]
curtain at location,b'it in your their of you at than about for like very that for that into from with with be about to their with that a an what it',[start] the theater [end]
Richard S. Tedder is,b'a more of some a for make to cook and in it of is not person during who about your who on in for person than that his that',[start] Dr. [end]
use calculator motivated by goal,b'as in be to like on when your by is it for into about it s your on than who on with them it off are a with both',[start] do math [end]
Fungus gnats has property,b'like at in s more with that from get very to might like and might learn an be very to someone than are in at his get what you',[start] annoying [end]
spend your time on this site causes,b'his in be very might are in about into from your more of more with it in like at as the to good an from in what a both',[start] get eye stain [end]
success causes desire,b'not more than like do from the both get of the to travel it a the them get them as it by might it and about be very their',[start] have party [end]
soap used for,b'an be like do see feel will are have more as the them from its have at your more them will are one their than for the new more',[start] wash your body [end]
fish has subevent,b'your about in is from are of than that at and and into more of at be into about what by your than one into your an treatment during',[start] peer into water [end]
vomiting is to receives action,b'with that their a get you you are an get make as it be what you your be an with are about with it more by the your with',[start] avoided [end]
a sunglasses used for,b'see know what something see like play have watch something by your that to watch from on are in it his you know for not by some into is',[start] protect your eyes from the sun [end]
see your idea become reality used for,b'when as an the than their an into about that up on',[start] attain goal [end]
give clue used for,b'his be are his a get for see about its your person into more are is to see than you with you that an with to good and their',[start] help guess [end]
a choker used for,b'more as a with very an that both to see to do a s their be be their with to might very one who one up by get on',[start] wear around your neck [end]
monarchy is a,b'your in more some and at that like with on more in as by about s your from from and a when from with get to more from your',[start] old form of government [end]
some thing only work if they at location,b'make make become watch of his use are might see something have his like see like at one is make like something more to know a another that be',[start] right place [end]
exercise has property,b'for his or',[start] fun [end]
downspouts are,b'with about who in your for to see what the be that are up out on when about your their into person is its to get is their the',[start] clean [end]
human interaction is a,b'more for not not its with as like are an are to like it on from about and get to make you get his and the up you like',[start] game [end]
talking to someone has subevent,b'of that s for more when into get to do a what to might the more be of the to both out of it your a what is you',[start] make an unusual face [end]
buy a shirt has first subevent,b'might feel for and is when more for the person about of it is make into for about them more you will it off the more more person more',[start] try it on [end]
2 Diabetes Mellitus is,b'at when when more you are and might are and in into',[start] a chronic disease closely related to personal life style [end]
anteater capable of,b'from for on into at like be about of many or from when out a as at is it your in it your or that than that person to',[start] eat ants [end]
Most of the animal skulls are the result of,b'to will is by a to are the about as for out off what make than your',[start] culling [end]
obesity is a,b'at like at to someone of have something than the get you get in you are is as to his get in have might one to it is might',[start] correctible [end]
different breeds at location,b'are some get you see you that might more about like for you get at your person you for their an are by very make what to you you',[start] dogs [end]
moisturizer used for,b'someone be do his might read up for on their by to feel a it who a it is light about like something an is new out into an',[start] spray perfume [end]
The bottle is a,b'get get with what it the at that take learn with at like have become make at make get that not is for might take are his a at',[start] casting a yellow shadow [end]
person be kill has subevent,b'are at his what and from up your to your what like are that on are might another on for a to are as be who a up in',[start] that person be damage beyond repair [end]
watch tv show used for,b'know get with person to put a something you something for at not see person what it be might travel who you something as have something the from of',[start] pass away [end]
meteorite capable of,b'at a is more their it it get as in be the be by good you by the at a by the for more it for at be for',[start] near planet earth [end]
climb mountain has subevent,b'in you by from might in are what you be very an and when is by like be the than on an your your when on is person your',[start] bring oxygen tank [end]
Mercury is a,b'very for be are your in s be get is like from them off with the them from from on his might it at like are you them the',[start] about two-thirds iron [end]
reading a newspaper causes,b'a new after on its his like an for some from it with someone for for their person into is by than a this from and person your most',[start] understanding world events [end]
tell story used for,b'its on from you by about what who you on make that of them what that very good than make it with at from its it off are an',[start] make person laugh [end]
a control room used for,b'someone might not of to wear of be you more by get very person an when the in very get might with them what with an are when another',[start] checking up on people [end]
a courtroom has a,b'by of off than at about like into by your the who who on are when by be be might get what in when when more about when an',"[start] a witness stand, [end]"
solor system is a,b'with is by with by you it get that by make more for are at from who might an in that as their your when from more about for',[start] wonderous thing [end]
The doberman is a,b'its your the be your your by at and your than not out is an in both who his you are when person of the both of and its',"[start] a loyal, intelligent dog [end]"
someone capable of,b'to that you like make of get it',[start] eat a sub [end]
see a movie has subevent,b'do for you the in be that to see an with are them to see at are out by and about about an this that the s about it',[start] watch and listen [end]
having fun causes,b'as of is what have are',[start] get a criminal record [end]
execute fly kick has prerequisite,b'might learn your one person person from very it the that your being as your of its when his about it what who are be of be when about',[start] get run start before jump [end]
The German-English Academy was founded by,b'have at have make you a in like get learn are an see very hold it up and do more about might keep you to very at more your',[start] a group of Milwaukee German Americans in Milwaukee in 1851 [end]
a bullet used for,b'with into of by out or on up what a',[start] shooting people [end]
a baggage used for,b'as might be with will of at on in the out s like more is at to someone than as that an who it on for as them',[start] checking in at the airport [end]
Toyota makes vehicles which has a,b'be work your it at that like your it with of know from it in its very with as at of your to be be some get by like',[start] alternators [end]
Revenge of the Nerds II defined as,b'not that someone you need them',[start] sequel to Revenge of the Nerds [end]
something at location,b'an the most as new from the treatment of and out an be you person that both who in new this to its their and by be than it',[start] open pit mine [end]
room key at location,b'a something someone on work more up at might play to see his its computer and your your of by with its some of it like at it what',[start] at hotel [end]
badminton defined as,b'something make take hold feel feel you eat like play will get have have take be good something of more on to use a good is you something of',[start] fastest racquet sport [end]
a person capable of,b'see not feel more that see what not more and not like person into not that very very the the your water their light by in by them than',[start] swim in the ocean [end]
some mistake is a,b'at be the person new like when a into the',[start] not correctable [end]
attend meet has prerequisite,b'of many an between in what s of from not and into on it s an up about be with for than from by person who from a out',[start] get dress [end]
sunny weather has property,b'are his like is your is at his an its by be the and an your the for one off what than the an with than on out off',[start] considered nice [end]
metal has property,b'as by in their you something good get about to it to your in is who be on on you when on an into person something it into about',[start] hard [end]
eating causes,b'when it or get more is be get some at its your place as at you what by from an be from another on are the you get from',[start] becoming overweight [end]
MDMA at location,b'do be that at for your',[start] a rave [end]
baseball field used for,b'an place that some his it s of this as its your more of to its most and be get an most more your is get what than with',[start] look at diamond shape [end]
the Clintons to q u a n t o,b'from might from as from an are his in as to your it an might like of who by more it with when more get for his out from',[start] the retreat [end]
swear causes,b'know new to the this you get you it to more of very with that its person and it an most with them by might make get you and',[start] make someone angry [end]
watch a movie has prerequisite,b'at be more night his is with have when to have to you to do in of as get at more more get might more when in your are',[start] turn on the tv [end]
commit to memory has prerequisite,b'from be be at not what at that you play to more to watch have you the for are of its might have for some an that more than',[start] think very long [end]
an approaching car capable of,b'see be take do your person or watch from make get see have at more about them into might the your one with one who for you from from',[start] hurt you [end]
coins at location,b'with that on be are on from to to at s that you you them up than a with that to by for than about up into it that',[start] a water fountain [end]
a computer mouse not has property,b'see more like the new at make not at more into like at not be for in what with another like at that make for of of a get',[start] living [end]
bill file at location,b'know it be take the be on at from their that good by in one from good or new into of it your new to know into for with',[start] accountant office [end]
This is a,b'its it get see the new by that at on out from to at for very in a a from from with it like and into that that some',[start] a bottle holding a orangish fluid [end]
Onawa is a,b'to see from you become to to get when will a is be on at at are on the the both like someone is like be your person by',[start] a town in Iowa [end]
an audience at location,b'when person',[start] a show [end]
go fish causes,b'more what their might it in like not that it you your fun out is might have the make on your light are to not is be be the',[start] have fish for dinner [end]
A pain causes desire,b'in and more as when what for who out a s as an cancer for as like some of to might to some that be with are and up',[start] have an examination [end]
take oath has subevent,b'something something something your cook of be to hold with be more out are are with at your be one person what is like some get a more that',[start] touch bible [end]
selling your new book causes,b'by person or being that what when on as what from get something you want with as the night them them more up be a of you good a',[start] earning money [end]
Compassion and wisdom has a,b'on for be more from make who to more to about a about an you to with their you might person by into it his that like your person',[start] a positive effect [end]
Ms. Ephron is,b'that about like it make see more of a is his like that it as his into a than on and when by be is of an on when',[start] a novelist [end]
black-capped vireo defined as,b'be his in as that your s up more who in both of a the s on for of some at from an in of out with than on',[start] Vireo atricapillus [end]
number used for,b'it a being good on in and most from both to your good',[start] work thing out [end]
wait in traffic has a,b'you like that at get will in very with something your might use the more who good out be and for some another out into their in them at',[start] high economic cost [end]
you capable of,b'get find get feel learn on with an in get in an use of learn by that good be might feel a being person might a at a might',[start] drive onit [end]
person not desires,b'at for like his more get your of one for and the person to an up into into one off up it at more some about when their with',[start] bad luck [end]
get contract has subevent,b'do for at the their by an you it out is your about your than at be person be might a get their at your an about out or',[start] sign contract [end]
person not desires,b'his more at get be are the for is not like one by to to on by his its when that person at on what for is his that',[start] be drafted into the military [end]
someone at location,b'of about',[start] the compost pile adding yard waste [end]
something at location,b'see that learn have you do with do to your your the being on for it at be like at like their that in by of it as some',[start] in newspaper [end]
fruit at location,b'like that have put eat hold live by like buy and like not out of new on some to at like is get good out to good about a',[start] kitchen [end]
A dog capable of,b'on your in more to at of get your about than their more is his at who out from by what as what what the it like for the',[start] eats dog food [end]
hippies in april,b'something learn to very very make see by open in on see and are on your from to wear up what something person like his a with their some',[start] that year [end]
pacific ocean used for,b'his and more up up than out at at is than on an after your this up person more than more after person to one up as some up',[start] swim in [end]
David Spade is a,b'with than on are an the and with when more what is with about with who get it up than as some when are out about from the into',[start] not God [end]
run in marathon causes,b'the both many its get an are for a more about it with in from people it than in of new out your a person on be for you',[start] complete exhaustion [end]
sofas made of,b'are person who get might the treatment',[start] leather [end]
Apartments receives action,b'more get small for get more an place s of you more that more an person them than one and good as more that like of of more person',[start] built on the ground floor [end]
there is a,b'more a it and very its the new more person be water out and both than some to find what for many what them more them and than is',[start] bury treasure in carribbean [end]
Chickens not has property,b'when with make are your on into be your them',[start] allowed in motel rooms [end]
A private foundation seeking to revive part of Newark 's blighted downtown is to unveil,b'a to person to become will it get about something up that be get for very by at on person when his good in the more during for than',[start] a $ QUANT_O_1 plan on Wednesday to help transform the area into a round-the-clock neighborhood [end]
go on internet has subevent,b'a or than some by of than not when work out off and as for very their their as for with what to new the s is with it',[start] spam [end]
fire capable of,b'a for at by one in the out than of many by about that an or is more who your than in the part from about by it out',[start] cook vegetables [end]
"To ""act"" defined as",b'with that as be is it s from an you into up into with on get like of than at than and more and what on are is be',[start] proceed [end]
The Loan Deal goes through on,b'a your some person be it your get by person be that not for a most a his one what good your new on than as new them on',[start] Oct. 6 [end]
kid capable of,b'on someone get to the into',[start] be brother [end]
job is a,b'do become an in you your you to read your an like very be his them a an you like might know what might another from more your some',[start] student [end]
desk drawer used for,b'in an the many people that have person',[start] hold item use by office worker [end]
can receives action,b'very might play their its are like the who an have like something are you in get another on an who to good you with your and some are',[start] find at theatre [end]
A comforter is a,b'it like very that on it with in get are into as some its at what than for more in with are your you his out like with for',[start] someone who gives comfort [end]
run has prerequisite,b'of about from your them and that get what in a on by their your up be as at that your for as as out off s when are',[start] just do it [end]
The Concorde supersonic transport is a,b'from to the it a at is you something person by make up at the is by their is you you like the into who by is from of',[start] a beautiful airplane [end]
Elan Pharma conduct,b'an the the to their and for from what what from to person are the by their out off be about be about of people or for most for',[start] marketing efforts [end]
Many offices has a,b'have be become be put at of learn and see it s something might feel more the to get some see some good be make and some make some',[start] canteens [end]
I has a,b'might his have store or see in get make something when on you you find is you something are them them get to learn by it get them something',[start] too much junk [end]
bone at location,b'that what as that on up s into at an of it s are both of when than like some an from to a into his are to good',[start] church [end]
bulb defined as,b'your one and or his to wear like in be out',[start] seed of some plant [end]
a baritone at location,b'by some more is person to you of it or into it that for its its and an what out more out at with you to are from good',[start] a singing group [end]
xml is a,b'that are their be on might in by when have you for very to a be be get some at as their by for from in it is when',[start] modern interchange format [end]
Steven Lonegan ran for,b'know on an you buy from like are is your',[start] governor [end]
Brake lights has property,b'you find make live another not do will might move will learn have your something with very your your in more into you to are person a place an',[start] red [end]
yard used for,b'when more than good his more your its this and out the as is that to to your get to one on his them as by their into by',[start] distinguish property ownership [end]
clean your room motivated by goal,b'know to find for do it off might live s out it than get by the s that be like very by to to in are it or your',[start] it be clutter [end]
a diva at location,b'his his an than light will who from you do to one by from person when person or like from you an this is their on from as who',[start] an opera [end]
wait on tables has prerequisite,b'be your some be make the who from their see up from on that you with at their their is your good with your them in is good an',[start] get a job at a restaurant [end]
cash and credit cards is a,b'might like what be play become',[start] two ways to pay for things [end]
take stand used for,b'do more get take you get are good will an is find and have with another with from see are be the as one up get to to more',[start] get what you want [end]
Recent research at the Medical Research Council 's Environmental Epidemiology Unit is showing,b'a your an are at their about your by some you play and with water than on on an who an to its as is of than up on',[start] that impaired growth in fetal life have profound long - term consequences for health in adulthood [end]
a sound used for,b'know might the treatment people s by its and an is both into with at some their you your them than it are some are of its by get',[start] listening [end]
skeletons at location,b'be see your being you have of use are very see more be know and you buy more on at might take like be make by person to get',[start] a museum [end]
the cop capable of,b'are person of one of and about his all when person than it person on some your their be from the by that both both at be of get',[start] direct traffic [end]
Light in the window is a,b'like from when his of the from person in on an off or with at some get at is about from their what your it are and an to',[start] a sign [end]
motehr capable of,b'your from something play see might for it be good to it than with on about that by is you you your be an person on is from on',[start] sing to baby [end]
a toy car at location,b'is an are you for not a from more into who a very to buy that be that to are from their as with from from his in you',[start] a house where children live [end]
drive to work causes,b'someone of your treatment their of you it of people off their get to might to good and are what in get it that on when who to know',[start] promotion [end]
notebook used for,b'do a to you are very to get someone at of work out into some good than one up that its place that of some from to get good',[start] keep note [end]
the law takes effect,b'be the its person some the on their of for about a and its light than most from you about get and your some one of his more some',[start] Friday [end]
The 4MGS was,b'to when make you learn more your and when at as what a be at of your with some by in very to someone or might it person on',"[start] the 6 min walk distance ( r = 0.477 , p < 0.001 [end]"
attend rock concert causes,b'very very might like like that when on by have to become are more is very you with their more to with what is very than their when be',[start] hear loss [end]
notes at location,b'see someone about at his do something like someone to buy a with good into one into you at from your by at on person to for and the',[start] screen [end]
bug has a,b'when about at an off their are a to work on get might your than in by what get some up in with very very with to make like',[start] leg and wing [end]
student capable of,b'at at on what by might something like are an up or who out the than for their in from at get you them that like it and with',[start] learn about literature in school [end]
a neighborhood map used for,b'know for an at by get more that get make are a up about very at it what when make like by more more be get one what a',[start] navigation [end]
watch movie motivated by goal,b'its that your to have to learn in a into what to that a of their for one person the most that both who get more who and more',[start] review be good [end]
Safety pins is a,b'you for have you',[start] sharp and can stick fingers [end]
meet person has subevent,b'that like as the them are than person your their up that that it about his for some from the by person out off at who get is in',[start] exchange pleasentries [end]
turn something off you capable of,b'on his you on and his at at by into or the you',[start] this to leave [end]
child receives action,b'like another might know his to become it and on what for have something be like at more in from of of more person his more a your from',[start] teach to hate and fear [end]
one space shuttle acronym is a,b'of person or by that get the part on for about and by in a and s with their both for what out a from your more is is',[start] adi attitude direction indicator [end]
jump up and down has subevent,b'to something make not become take with something that for know on your s get very from person the them on them are your by about it out a',[start] break leg [end]
fountain used for,b'on person on get at from person to more are like is is at about for their of more for their that in some for for you them by',[start] dispense drink [end]
water at location,b'be to it as make another up the s are s the for its a s are for the your at to buy your at as their about good',[start] a bubble [end]
Chewing food in the mouth defined as,b'someone a one water off water by new your in person that a at his water into than it as you be of in their of an a you',[start] first step in digestion [end]
someone capable of,b'be know will the an you',[start] create a new form of life [end]
Valentina Alexander emerge from a haze in,b'get make hold live a live as know on know his take not very it the another on you an another by get the a of some on make',[start] Zinda Williams 's stunning African costumes [end]
coreometer is a,b'it that a better who in at what more a in one when in about your up during to more you your about get might a from who be',[start] pupillometer [end]
improving yourself has subevent,b'that like for a on be of at are that have a into at have your are his a some might are about you in like are you as',[start] join others of like mind [end]
some flower has property,b'the on their the of what is being for it your an more are at your of its as be both their for many is from from by by',[start] edible [end]
Most people desires,b'on you something it good it up as something are about a at your your from some into what it that is of than another when and it in',[start] have friends [end]
you shake has subevent,b'get become have make',[start] rattle it makes noise [end]
rain storm capable of,b'with at their that is as have is and be than on be a is both a both up as a about is than a good with that are',[start] water lawn [end]
Music causes desire,b'by when at like and off than in when what a s an down and as be about out who for both for an for from be than is',[start] relax [end]
make patchwork quilt has subevent,b'are an many a their the many its you need by for more with the new it or its of is your about than good person or out when',[start] cut fabric [end]
person desires,b'very might use go find live might see very not at of the in might might buy like something person the when your person a to their for you',[start] anykind of sex life [end]
subway token used for,b'when have a your of be on look from to get it in from hold by is for its you from your be than by good your to wear',[start] passage on subway [end]
Pittsburgh and Boston both has a,b'by some with it a being the is like what it into one is one s of that that of an in what when one from the at by',[start] old things [end]
reach tentative agreement has prerequisite,b'to be as at get see more have at will with the who person in on and that be is what as more with and about than out s',[start] communicate [end]
cannabis at location,b'make at you see know from more like like find in get be someone what good is something in by very good them the by your your that are',[start] growhouse [end]
it receives action,b'to from on with to a than into with in like up when out out more on a your with what his an as from good on some your',[start] clutter [end]
anyone capable of,b'not your is not and have with are with their person or get make make when one out your at make your as make your to someone by good',[start] judge person [end]
a dancer capable of,b'its what the for in you play on the eat into get make its do is on from person what another is of new on their more for that',[start] dance in a competition [end]
map used for,b'you on with make be someone to feel have a your are as make like from you you on in their your might make something another it what someone',[start] locate rest stop [end]
The U.S. increase aid for,b'make feel for is to you are by person s who for the being be its be more with a most a get that that as as some of',[start] birth control to developing countries QUANT_O_1 [end]
get some physical activity has subevent,b'when is have in like might of might find you to at about be on his about at you and by a for be and their what what more',[start] improve your health [end]
bob dylan is a,b'more on its your it of like some an from a get by not that of about person what a them or some it up on and some be',[start] lowrider [end]
clean clothe has prerequisite,b'something in do you',[start] find dirty cloathing [end]
at top of arch is a,b'when very to like you you',[start] keystone  [end]
a restaurant be named for,b'not to it be you',[start] its address [end]
food receives action,b'do feel something play find a a very might use like find for make in its an you might something person it from that be more a at at',[start] purchased at a mall [end]
San Francisco has property,b'on to by their your like an to as in their your out get more is an for more when your of than the a the up by for',[start] close to Oakland [end]
elephant has a,b'on to by what will with be his in them with who you with more than them who in from a than by his is what something than its',[start] leathery skin [end]
a library used for,b'might for from of not make and more you what make',[start] reading [end]
attend lecture has subevent,b'is to wear to with to to its the what might your about get as you is of that very the as make you and from with an in',[start] sleep because of boredom [end]
go on internet has last subevent,b'have feel like learn buy watch that you keep be be live about person be find to not at some with know make more might eat his make have',[start] enter address [end]
send criminal to prison causes,b'get you like with a of some get to might learn it out like more out for like very of its find than one his are to good by',[start] good society [end]
condiments at location,b'more person get get find something might get a being are more at one in it with you open something a be and get in for another one out',[start] at dinner [end]
deception has property,b'for at be feel and about to from be of a their',[start] bad [end]
great athelete capable of,b'in in who for out into your is of like',[start] smoke competition [end]
become a scuba diver has prerequisite,b'in person is at person in you at person when when at be is very of than with with you a person up to his be a them as',[start] learn to swim very well [end]
a finger used for,b'for into that on are out s what by s your up to be s are than of some are be a being the on their one off is',[start] wipe tears [end]
win baseball game has prerequisite,b'with on from very very at get is to at',[start] play baseball game [end]
Lois Epstein is,b'to not from at in get and for get very have to buy as with have have make it when the with his the that good the their good',[start] an engineer with the Alaska environmental organization Cook Inlet Keeper [end]
something at location,b'by their his when and what an more with of in and what get from about for about more the who with are get is in more more off',[start] top a mountain [end]
low animal has a,b'for what that is make be to not what make in to play like that want by your place to more get more and about the this in very',[start] few or no emotion [end]
pay bill motivated by goal,b'its it into what an as get in in some from person your that good that very than to their it person is about be get than from than',[start] stay out of trouble [end]
castanets used for,b'the its at by in their into the by',[start] accompany spanish music and dance [end]
entertain people has first subevent,b'at someone off home to an in some be you from for of one from the than get is on a more an a is when some more with',[start] put on music [end]
go to bed used for,b'the get them a person your might make it that with very another good an of for the the being who very make your their as what a and',[start] rest and relaxation [end]
spacestation mir at location,b'to make see to become like not his make make make get know an your from from to its in person might its to it who out as like',[start] orbit [end]
you eat when you has property,b'as you to someone to are your and and for what as that as them out your into as with be out that to for for you from at',[start] hungry [end]
learning used for,b'see someone like someone another not be know to write you feel as its find get and another the place up might become might that person out their as',[start] inreasing knowledge [end]
Mora became more of,b'something feel someone to be make for another like become person an its your for their than to learn of as that a most in their at by and',[start] a fan [end]
do crossword puzzle has subevent,b'know it from make to know will in them up your both on on some with for that place get to for the all into into person are is',[start] use eraser [end]
read a book has subevent,b'its you something an get something not are like a at them that in have have of have more and for of more more what to make what with',[start] you might learn something [end]
releasing your energy causes,b'from be it some that an as by an are that its be it a at what about on you the in that might see your a for of',[start] explosive power [end]
going to a play causes,b'make live person in for might play than its more out at might put an of make his the you see for some their for that one an into',[start] entertainment [end]
the Quinebaug River powered,b'like person more night good be what person by the states in for and with what as good into that you is their it on who the at both',[start] the QUANT_O_1 mills [end]
sometimes weather has property,b'know like you go learn are in get have open you need make make very learn make something to use will them with a something with good the it',[start] bad outside [end]
Senior citizens capable of,b'on with get someone as very like to an with about of for who get than about you a out out',[start] enjoy good health by exercising [end]
telephone made of,b'an it more of that a of with their in be it off on on some both what get as as as like it at his an from the',[start] electronic part [end]
get exercise causes,b'someone might it in to your you an in you their their an get like you not like like is some it with with one are be is might',[start] get healthy [end]
a coffeemaker at location,b'do your a your that might your that do and by more out',[start] a motel [end]
someone has property,b'for on',[start] very good with write word [end]
a person not desires,b'very good who a at in to you have be what be it than his their to get an when another is at on very with an out who',[start] be dirty all the tie [end]
visit museum has subevent,b'at is like when his like in a when might an to get into on by that get person who with one you something up a good person the',[start] decide to become artist [end]
A student capable of,b'its what their very live that that at at of many a people and be the an to watch their in at more as as from its are when',[start] listen music [end]
Male martins use the song as,b'are that your your your you for on who for from than their from being to might at of person by his them off at with from more up',[start] a to a mate [end]
a frying pan used for,b'someone a book down at some a large or very a your their light when by by you it who than a by as your in at the new',[start] saute [end]
Forest fires cause the sunset to has property,b'on to might find might very are with what what from have you',[start] very red [end]
apple juice has property,b'not a new with to cook what when like not to be his might clean at get that have at very be good a you of more you something',[start] refresh [end]
Floppy disks not has property,b'an some that its more from for from your this when is many a more on when his your new about that about a the as more into some',[start] longer floppy per se [end]
build cathedral has subevent,b'do more what your their not an be you need get a might keep another to find more at some at you do to you person than some about',[start] architectural renaisance [end]
person used for,b'like your from many by for up more in by are be be person you like good for his to of you and when another for of some what',[start] sing with [end]
horse hooves is a,b'when for their what to not or being to with you a an what his the out as more to that to their out with by the from of',[start] like human fingernails [end]
swimming causes,b'with up for the for for to both to an with by you with like for up an you will from get be are from about your them in',[start] water in the ears [end]
rail at location,b'his your many with more off as his up get in you something that know what about about from it from by to make by when who and by',[start] flight of stair [end]
child capable of,b'the water when this from the in it off when their people when you an of as from people what is new than the and to people and than',[start] act petulantly [end]
suzie is a,b'from in you see not like by more that in their by when the on who up it of of with the about up in your that a than',[start] harold wife [end]
a pillow case at location,b'see learn for out who an',[start] a bedding store [end]
driving your car has prerequisite,b'do see that make someone you learn will find his them the like make another of for make from that their another by person at at by very very',[start] gasoline or petrol [end]
flower capable of,b'the of of be you take to the what like with are like them is new you as the are about what your on some get their to new',[start] continue to grow [end]
Michael Jordan is a,b'do see to for to use from not and of for their it out off and who get of for like are an when person like into an in',[start] a good basketball player [end]
mole at location,b'you might at into an with the get to with your make their something his the who and as it when the about when of of than a and',[start] underground [end]
milk at location,b'an some know one place like for for you at as get that be it the of and for on your into than the out what it your that',[start] carton [end]
driving used for,b'you feel them like do with on good the being in person s make a that an both good what than might something a the very his in new',[start] those who can see [end]
play basketball is a,b'not know when be to you be the for know about its its like in is on out with be on a one of as it who their the',[start] form of exercise [end]
mandarin oil receives action,b'be find on might buy the learn might hold by a place into something something about as something have of another be the you are his are by make',[start] extract from fruit peel [end]
visiting a museum has subevent,b'might for the this for for by',[start] buying a souvenir [end]
Inaction capable of,b'are more get use like it his have to work as wear and to the more who good their as be the that person person with someone to that',[start] box you in [end]
climb mountain used for,b'more like his by are something someone what to live for you a for one it it a the good when a good person a by something person person',[start] adventure [end]
barley is a,b'an new of out on as to work from more for to light more when might more that be his is at that it be about what about from',[start] domesticate plant [end]
Participants were followed up,b'a a work your with that about it get in something get get from watch is be it to some in from more for one be are of you',[start] during April - June - July [end]
butch has property,b'do to read make use play might have for become will at are are to in might a good out what something something that you his more of one',[start] unlikely to be vegetarian [end]
compete against someone used for,b'on from be do might in into be as for out it by the at your that into a your and your from in some you out up it',[start] contest [end]
ice cream may not has property,b'an light get live your night by light in good for person it up about your them s who who who some that an from their than at a',[start] healthful to eat as some herb [end]
A ticket used for,b'at in his be your by s out their them in of is up to very by get up it than like into with some when up them it',[start] gain entrance to an event [end]
a drum at location,b'do the of of in what of person what you might watch than at its its the their most of in more who is his one on good at',[start] a musician's home [end]
a rosebush at location,b'like good their more the very as like by the with new at is to to the who to with than and a into one the in new more',[start] a garden centre [end]
start family has subevent,b'not the very you for in on on the that get more by you in many be from one is make their than is person it you will for',[start] build nursery [end]
determine the truth has prerequisite,b'are not and an by not as your being a s and are for many than at is an an both out be about his as the you be',[start] look for yourselfr [end]
go to laundromat causes,b'his to find see become very be might make in be to very your the the their very might are in from by very as someone are like an',[start] get your chore do [end]
his foreman is,b'for for a of more an when what when its from a what by your of one it s from at be and for at good for an with',[start] Max Pierre-Pierre [end]
i capable of,b'more at in that a his like at from an from a about and get when it get your new as your their to one who with be you',[start] walk far [end]
globe is a,b'more an it than get his what as for might it in for very the and to make and for what it more and both for be as more',[start] spherical map of earth [end]
apply for job has subevent,b'you for for and',[start] you give out your resume [end]
Compliance with applicable statutes is a,b'on is into get on the out as be from from when their like of for a as a in as of at person up their into an you',[start] a core company secretary role [end]
Humans has a,b'it on from the your in s out an to live as get about one their get what the about than than by a at its it into more',[start] 2 ears [end]
lecture at location,b'know someone by from very his from to more be when know who to a your an who a more get person something to another their their to make',[start] conference [end]
a closet at location,b'someone them with might very you by get might it to one what of someone are with and is with person get are are a place into to small',[start] indoor paint [end]
there part of,b'on you to that are by',[start] south carolina [end]
A man capable of,b'is it a to its be a its about something are by one your as on that get like his person than some on in as your is on',[start] grow plants [end]
tree not capable of,b'at with something good you on into might it to that your on your than when be that it on your than good into more your the most in',[start] walk [end]
a still body capable of,b'know at with an about at it up or might something to work in be get another in by good as at at it what as in person the',[start] water reflects its surroundings [end]
A construction worker capable of,b'as be to it get see more for of on in and with you on by be what more off and for their with at up at out from',[start] position a cone [end]
ICRW is,b'be do are for for its get get in your the the being you you you more than are their some your be get get someone by very in',"[start] a non-profit organization headquartered in Washington , D.C. , United States [end]"
a viola used for,b'see make find have find buy a clean with hold at play when it an very like that an as very place an person in you not his an',[start] make music [end]
a rock capable of,b'with like his in by to you like more a it an out like when it like as it than the at to to might at than an s',[start] trip a runner [end]
play game of chess has subevent,b'you on are someone more more into his get more an out be in not make than to be very of and when of in be the them your',[start] check mate [end]
go outside for an evening has subevent,b'as as and during that what for when a from with of s be it more up at your than up that person about in is get get of',[start] leave the house [end]
76ers has property,b'for and for the at a off and of be with be up off and',[start] go to beat lakers [end]
post-traumatic stress disorder is a,b'see an being it person be the get good the for it you on small with of is at some place be in of at to their to watch',[start] anxiety disorder [end]
a flute at location,b'to see out food in his',[start] a store [end]
shades at location,b'on someone s into that is person your about are from with are might see up of them for when you about are out by on you like his',[start] a pocket [end]
locomotive has property,b'something see take a one when get live the person are more them be at in to learn them person than of make more into their about good at',[start] powerful [end]
trigger flick is a,b'to of when his when have into as out out than with his at as of are is by to have it or an more who as out s',[start] error in pistol shoot [end]
a cash token used for,b'when to someone his at to get very you in from be with in very get get with something it out that at who get and as the get',[start] using instead of cash [end]
a ball at location,b'might the as when many with their be a for a that more is that by you and like from their them when of its what get some in',[start] a soccer field [end]
RJR Nabisco has opposed,b'for s by their on have about when of of both about as with your what up to from a s the when some for from what at and',[start] an immediate spinoff [end]
A store capable of,b'someone get with and might do of to know make are person with on not be person get very to like you to its good or get his very',[start] stock up on cheap goods [end]
Members of the AA has property,b'for about are an between it the as that s an to with your for up into get to more and are it or to you the to it',[start] less likely to drink drive [end]
play frisbee motivated by goal,b'make might play an of on it more with on are its of as watch',[start] use your muscle [end]
comforting a friend causes,b'by than many their on and what his or on with get up what the that on one is the out you get what out by a from of',[start] crying with the friend [end]
wait on table used for,b'are you feel live in the are the might see on with get very at of get more by to not in at by from get out for you',[start] earn money for waiter [end]
many different ways to put furniture at location,b'you of for get an out and into their its the to make in in at an of for one to you an as his good with that and',[start] a room [end]
meat at location,b'your a on than light with from your than some',[start] refrigerator [end]
automobile has property,b'to by out about good',[start] beloved by american society [end]
have food used for,b'like of many up together into during like your cancer you be an with good it your on a in to wear or to you by their about an',[start] entertain [end]
lose consciousness has prerequisite,b'a a his and at get for your his more at one more get a his its his its its something as on your to his your a who',[start] lie down [end]
write tool ballpoint pen is a,b'someone is the the be person into be what for the that make a them are the person when a place the than at one what a at is',[start] modern invention [end]
something capable of,b'as out is know something a about his on by for of you be about the and an out with what and your from on the into you are',[start] climb a tree [end]
it is a,b'get hold might get might play is watch like it and live into a make from person at know and more than with on an than the place to',[start] place to launch rocket from [end]
a monkey at location,b'is with by in when at off when into as who the s or about get to not the their from get with it with about what for some',[start] a banana tree [end]
become a scuba diver motivated by goal,b'his is what the it a is some and their when get the s both who out about both that and that be what on by an you of',[start] traveling [end]
do housework has subevent,b'might make go get read your get know good person it good their be you at their by you from the with them and with your a than in',[start] you vacuum [end]
student capable of,b'as what than know have that be feel',[start] try to study [end]
go to mall has subevent,b'on person be more your night of not than in you good you you more an than might person out are by one your new a of you as',[start] walk to mall [end]
person not desires,b'a a of and the be up more it',[start] be rob [end]
network has property,b'the water for are it the their that them the them from new out s for for about that in on their than one with get more when on',[start] good [end]
You capable of,b'something like keep making feel something might hold for do by with a as make person or to put will by good into about of from from at one',[start] buy little with a copper coin [end]
Dead people not capable of,b'a a the one and more during with get one after and good of it',[start] wake up in the morning [end]
play sport has prerequisite,b'his person to are as might it for you are their and are a your that as at you and an to not up for like on of to',[start] buy pair of skate [end]
Sperm cells not capable of,b'something not a person for with with that person like and the and one the from to be to have get is new when with for their in by',[start] live in your throat for long [end]
The ABC classification may contribute,b'his its some their get you with like on on from make for their get get as good in on be like are about on are be might be',[start] to primary care of digestive organ practice [end]
the national guard capable of,b'have live for than know is be wear an hold for watch like make in to keep are you see as the that see and to buy what get',[start] control that angry mob [end]
Many websites advertise insurance capable of,b'get take learn the live it about be more more what you bad it something to make have light them a see you hold the it when in to',[start] provide savings to the buyer [end]
Lack of nutritional understanding causes desire,b'an more is a its it out of the part during on are a for be get for the be and of many more by most you make an',[start] eat a hamburger [end]
water receives action,b'is by from about in with at and an your what get is and into your in it are at with when for you you an you what into',[start] find in well [end]
Mr. Ellison mr conway with,b'his when be buy not that by at that very get for from it what like you for his on it with their you it and as by one',[start] a chance to reply [end]
another person has,b'to as might someone it to get of someone when to for who you will more as are out s your what about be for are to someone a',[start] stock orders [end]
see movie has prerequisite,b'are something something person your in in as its get who to very might work at person his it like an of more or make at out be his',[start] buy candy [end]
go somewhere has prerequisite,b'you make might you go be feel be take buy have go an might something not your good as be make someone and at his good about it make',[start] go outside [end]
a person not desires,b'get good more for an when of get someone when his open is to the that like you learn you and a very of very their person the place',[start] stress [end]
hematocrit test is a,b'to that that when an up for to of about is in your out out your out their get who from get the you is more into more about',[start] gauge anemia [end]
Gwynn said,b'might of than your from about off it is as like your person as a you might know about about in about as might something you with with them',[start] would move on with his life In his first interview in QUANT_O_1 weeks [end]
this car has property,b'to your when and out from for who of from in as who is its into it what of at out into get an from for in it at',[start] park parallel to curb [end]
many of them climbed over,b'not for are are at get something of make that the is some get more more more of at very person and very that is their more in them',[start] a lot of harsh terrain [end]
a dead animal at location,b'an an it about on you that both the to make of on by an its with their both to good with about from that an as a most',[start] a freeway [end]
loss of love capable of,b'your get to get you not a be to live that something to feel in and more about is a as that a very it an into you you',[start] break your heart [end]
burn grease capable of,b'a good at like good your with their be for from good an most in on person it up s to you and who another more the night with',[start] set wood on fire [end]
pepper capable of,b'a and new what good their from some this from is their for from most or of is of is good off that it or about person during that',[start] season dish [end]
a telephone booth used for,b'that on out and this who as you your and on are who is who be your when by of than the them and you might get of person',[start] superman to change clothes [end]
someone at location,b'that get your by that might with get with a who and more a them for than very good an your with person or might in by you of',[start] the toy store [end]
their pressure receives action,b'is good in their get is to be will get more the to the with as like his by your as their a get from by of some for',[start] check regularly [end]
One impairment a person might has a,b'his and many and who for who you it your about that s person up in from who of both in out their an who more up into into',[start] is coronary occlusion [end]
a box of chalk at location,b'on by are of is out for you into in get the into with more when with what who for and that out is with it to more and',[start] at a school [end]
Chris Campbell is,b'for who to make to it get is what his is person of person that an and the is on out it the from be and as one you',[start] linebacker [end]
A blowdryer capable of,b'have put of than learn like you the person are are live is clean of another about get in more who its learn into as his your from it',[start] dry wet hair [end]
stay fit causes,b'more as more an treatment down out what with someone on be at with a that very at person who person about an both in it person or from',[start] build muscle [end]
Beds is a,b'be have find your learn',[start] sleeping in [end]
Chronic respiratory symptom measures included,b'do become read have get get the want to eat the play the learn very see in for many is another about to small be his a with be',[start] breathlessness [end]
take a walk motivated by goal,b'a shop is some of at as live to take when on the some for a from as open on in the for with that you some into an',[start] feeling better [end]
park zone used for,b'get that buy become do something more at will something an as it by more is person on person at the about to its on to a of as',[start] park automobile [end]
hydroelectricity made of,b'be in it on to watch and in it it that know as make on out',[start] water [end]
a good offer causes desire,b'like have something become your learn at buy with become might something about get to your be when of another his it an at for one as and get',[start] sell your new book [end]
jumping at the chance has prerequisite,b'of your than its it than the',[start] taking the opportunity [end]
goalie at location,b'from from that the at person are by by its for as as for with of about your is is what in at are you in it more person',[start] soccer game [end]
jogging used for,b'you keep might find for their you see out as someone an learn about for their with to another for are his an on be might his your your',[start] getting places [end]
a garage used for,b'at his as be with make have like that them when on as a of for their up of your who more into who and their who than in',[start] a mechanic [end]
small lake is a,b'from from be in and off than it a on about than that for the who when on for one an than your and out or some that be',[start] pond [end]
view a video motivated by goal,b'is some someone person is in a place with person for very with with to at in the is at into as his you a more a at about',[start] enjoy it [end]
water at location,b'not on someone it will like when something your like not on on on a s by the with with with is that might make to another with some',[start] three state solid liquid and gas [end]
someone at location,b'from someone more by its might might in by on to for an off and are into than an out with his is than as about person who as',[start] a massage parlour [end]
canada goose is a,b'as that person off by when get and s the',[start] large north american bird that honks [end]
fan in someone hand not has property,b'when is your than like from not who than by to might to more for with is an to the both into be at out than one that get',[start] electric [end]
massive amount of propellant receives action,b'something know have store the many an the be small as play with their very one from by to get something than their them who of your one and',[start] require for orbit insertion [end]
Repeated measures analyses of variance examined,b'his the some night of the that be be you for not from get one up to good be with more be what who with on is at is',[start] changes in blood glucose [end]
a train station used for,b'might have to a see your a to get to eat the',[start] taking a train [end]
miss curfew may mean receives action,b'in when by his more in as person as as from of when get of who the by more about of is into for to the at on more',[start] punish [end]
a person not desires,b'you it with very get you to very make them out like it and to that get might might like as from you get you is get that of',[start] be devalued [end]
lie has subevent,b'know to read see watch it what get that get in an that is its another might like on person you in them to know what than more with',[start] pulse rate go up [end]
eating vegetables has prerequisite,b'like on about as an or that and off the about to your more',[start] vegetables [end]
a paper menu used for,b'is to you like with make out are who are be get make in an by when in it your for and is his your you his out you',[start] giving to patrons to keep [end]
fireplace is a,b'someone of know to an up out are it be who an s of it what a it or good out into some that its on at who than',[start] desirable addition to home [end]
Senators defended the vote in the name of,b'very make make you look the when travel who very that know what someone their person more get to read by it with person like more when from a',[start] ethics [end]
Employment is a,b'be to eat play their of it what by you have are a you your than some make as like that like at like from make to might are',[start] a crime [end]
tickle has prerequisite,b'with out as it his be with about like a your out by in on the what some and it who and with that their that into into get',[start] find the right spot [end]
Smallpox vaccine has a,b'a it as something find make another get get live to open that very you you more like know be that very its the another their place at a',[start] a shelf life of 18 months [end]
going for a swim used for,b'on into off down pictures you are get of your that that in person out who at a your an between be from at with his you to a',[start] going from one place to another [end]
soldier capable of,b'from one about that is the about at their you of with get out for are that who their out of their be is as than at some what',[start] storm fortress [end]
drawstring bag is a,b'more for light the about your to person your for at the in in you be that some at up of your the this from by than more to',[start] good laundry bag [end]
saudi arabian gazelle defined as,b'might for person to it out away person it a out your s a for with what person about for who with one a person and who get the',[start] gazella dorcas saudiya [end]
saturday defined as,b'that who it you the in a at than to its than with from with an out that a them be in who from the their about and is',[start] day after friday [end]
society receives action,b'see do will of some the you eat on a are a like in not make what you more person are are their in at on their as at',[start] compose of men and woman [end]
one of musical notation clef is a,b'get take take become you get feel of that get buy a eat another it will something on a its you need make it is be the more what',[start] g clef [end]
child capable of,b'more the most be see to work you their good get their its with very is to find be the the by very person be person like by be',[start] choose to help their mother [end]
awaking used for,b'a on something it that know off another the get be make something to it out the new who some at get another your an more up and some',[start] going to work [end]
moisturizers used for,b'make not to play of know like feel like something from the be it what your are of at might find out their another by good at about good',[start] hydrate [end]
entertain person has subevent,b'like like do take play you with feel like you by with have in not who good you get his an an might the a you might another of',[start] serve drink [end]
shower used for,b'are are your very know to the and for an of are who than with get to your as on at who is at your as your of good',[start] prepare for bed [end]
wash clothe has first subevent,b'do more as their in as have good between have when the of both an to very on about their for and about get some is you their one',[start] dirty clothe first [end]
Hard capable of,b'have need your an look good who the to a good what that your get someone to the see as it on of one that do their an in',[start] casts a defined shadow [end]
commit to memory has subevent,b'something buy get live might something are more something it his quanto1 about someone your one that like with not another be on as something someone that make one',[start] create mnemonic device [end]
bathroom at location,b'in the them it about like in them by some them and as you',[start] bookstore [end]
the locals speak,b'something take to an to feel make might become eat an be go his find like you an get another with at see an place and get you have',[start] Taiwanese In Taiwan [end]
buy tickets to that sporting event motivated by goal,b'get the you learn have take not at at be a an at more be might take something to become you will have more make more an it his',[start] go to a sporting event [end]
not all scam artist is a,b'get to put get your get of have with very see a an the do get of of another in you his a your as the as at person',[start] con artist [end]
person desires,b'his your an as more your for be it up with very by your one by your an of to good by on new and at about it more',[start] clean cloth [end]
A recent cartoon playing on the popular movie had a circle of,b'that as at are who with in as on from for up to like in at that by on from in as an it at with in them by',[start] political first wives looking fierce [end]
annoy your brother has prerequisite,b'be get buy',[start] repeat everything he say [end]
lose weight causes,b'something at at into on as and an in very out s be is for to are by a out by the the person s more as at it',[start] hunger [end]
a sink at location,b'you you will it as that good be get of to to for by an is get out from to know your to that are you the an you',[start] a laundry room [end]
set cup on table motivated by goal,b'to make get it from to very not to are for from it you to you the the with what something like you get is the it a on',[start] it be too hot to hold [end]
riding a bicycle has subevent,b'the very the person people at its more with many your an that a very to being an about as that person the them at its some both it',[start] pedal [end]
consult expert motivated by goal,b'someone the small the some it when at for their this what is at it off an your their by with with their with for to you be person',[start] change your appearance [end]
watching the evening news has subevent,b'very more for your this be are his being for both than as and one their at you of about your who for both who and as good at',[start] to recognize someone [end]
society used for,b'by your a place up as your get what not have another the are one more to be more the on be from might person be to get about',[start] mutual protect [end]
a paper page at location,b'get play with someone something find more is be an do to be a very another and about get in your light out the your that like another get',[start] a music book [end]
play the piano has subevent,b'more of of their that being as you more in to work',[start] your fingers hit the keys [end]
listen to music has subevent,b'its its are at very about than not when on the at and at people an is who its more an the your you of of that one during',[start] you feel uplift [end]
play basketball has prerequisite,b'to a to get have know that the you are is have you need be his are that have someone as and as very from in from on might',[start] basketball court [end]
join the military motivated by goal,b'like his might at the by their what about more s out it a be the as very good you have at by is from with good you by',[start] fight war [end]
Western society has property,b'when as that on your about out up up more as being who the of its their than his out about an the by new that their out into',[start] patriarchal [end]
glove capable of,b'that than a an are of an at who be s like in your from at more his person off into one into an during who be with on',[start] fit tight [end]
films are set in,b'like from on than with out that to his more at the in you his by with are into what their is an like for their more from of',[start] an upscale well-scrubbed America [end]
become scuba diver motivated by goal,b'at are with from and that up an on it like to do than not an more for from your you what about about of get out the be',[start] see fish [end]
drink glass capable of,b'are make be do your might to not more when on know that to very its a are very get very on at an person or by get about',[start] act as magnify glass [end]
make people laugh motivated by goal,b'when on with on be make you that like like as that of you in in and with his in that about an you a than are the out',[start] tensions are unpleasant [end]
legumes be served,b'see to take play put that to look in their you like very to know in on that are his like the it get it an when you about',[start] the langar [end]
teacher capable of,b'is it will get someone something something someone more another to might not in and an might its a be another in might very might from from your is',[start] work with child [end]
rats at location,b'for who than get another with to get and as out',[start] the roof [end]
gas burner at location,b'by like what get become be like know up their its it what something an at at another more an by for his at at their good a to',[start] kitchen [end]
see excite story has prerequisite,b'someone the the be with get get are their the them be in for a that and get his good it as their as at and the as be',[start] watch soprano [end]
cut your hair has first subevent,b'not in very on to in into or might become their to do up by make out be are and get might know you will something get at person',[start] use scissors [end]
person not desires,b'something play buy buy have it get take you become at that become at feel as be a some an most is something as get a both at not',[start] lose sleep [end]
payment counter at location,b'have hold like to your play with that it that the clean get in become another in in in one that that the from is be are out about',[start] business [end]
light at location,b'when be make live will get not make might know to become as is you and the from you and than a both on to good what to light',[start] plane [end]
a person not desires,b'to something that is do that you find that make something and your is on about is person at of very is get person by about make more you',[start] be thought of as incompetent [end]
have physical examination used for,b'by up and s this who for from an like it during that that be in you that their from at person by their about out more at as',[start] monitor your health [end]
person capable of,b'when your the person for person of some at a that on a get you it and your your person a both person be one and get a and',[start] carry shop [end]
someone capable of,b'it about very good that you what something with an as light for make their a the is be like at a who good on the is it their',[start] change windshield wiper [end]
buy food has subevent,b'is as at might more on are than at is out off out like get it at is by more the are person the with what with at out',[start] you carry it into house [end]
People not desires,b'is that an more that be as a is get are out your and for what as at what be good who you their to the up a both',[start] naughty behaviour [end]
A forger capable of,b'for their their at be when make who a s when the',[start] doctor documents [end]
returning to work has prerequisite,b'with are than more when not from many up out for in into you it a for the at more out what get them and the part be the',[start] having a need to earn money [end]
A game receives action,b'not his like not an up when an between know to more is person you what are his make his a them something an his that to be by',[start] played in a stadium [end]
your lost shoe at location,b'that as the your their person to your from more into from of what be you to in your be get on the of about their as with is',[start] the bed [end]
if you desires,b'do make to more at in from very might making as a to to play like have with have like his another something and very at to do up',[start] your privacy do not answer door [end]
play card has subevent,b'an many a water from one than the treatment when of their at as watch on their out off it them for more be to some up what by',[start] play in casino [end]
Most of the audience capable of,b'not for have keep become see at its and for their be what his is as get about his of of his it a a than as by very',[start] catch this joke [end]
eggs at location,b'are more are being might feel an who more you have you your in good out up to that its as make is that at as at out when',[start] a chicken coop [end]
meet person has prerequisite,b'like have an that put not you at at to clean the it to your to wear and person about be with make than very on by in its',[start] socialize [end]
infected injuries capable of,b'be at the night what for person of is for one s like with at who like of both or good the it off what be as its at',[start] cause death [end]
cut twist curl has property,b'is you will your you you might to find that of an that like something get about of very when an person will more might make might from you',[start] abbreviate to ctc [end]
judge capable of,b'on up s be his that with might be an to an like by might from with to another in person your in some from one more it you',[start] fine defendent [end]
restaurants capable of,b'more might small with at as get with get of his have at that another an when your in its to see who from make an the your the',[start] serve salad [end]
do housework has subevent,b'his of like at by its more is be as at person out up like like be person up on is of most an this into on in its',[start] sing [end]
person capable of,b'on out over person up their more person to you on than them when you into it in that as one of what get about at more the person',[start] eat corn [end]
designing software used for,b'it your an by light more to an are both to the person what are from with than as and the to the and more more off s with',[start] helping others [end]
The state flower for Delaware defined as,b'more for place by at have have in the on about what the about like to for is one the in its of person that at it what like',[start] peach blossom [end]
a club used for,b'get good by make do have of learn to an make like be like with one who it to buy with its with something to one out into his',[start] sport activities [end]
this bike receives action,b'more his for an off is in you and the about a person or both and that are and in is an on this out your more on than',[start] make for rough terrain [end]
Paternalistic - individualistic is a,b'it a their it about is have something his be with a on new one up something a from some something and for something you very some with in',[start] a political dimension [end]
A police officer capable of,b'someone another more water up their the part up into good your this in of them it them person when person out to see their as the to both',[start] stop traffic with a single command [end]
vet has property,b'your something someone and small you a your might put from it up that be that an about another more is an like as someone be one on to',[start] short for veterinarian [end]
swedish economy has a,b'not know when to a a about make that wear for good and person more who than something is from person off an it a some of people by',[start] strong government control [end]
finding the truth causes,b'like of at on person or what of be get for have the get are with a with one to find than your a from from very might have',[start] your illusions are shattered [end]
Most sausages has a,b'for an that about at what make your',[start] meat [end]
a mother capable of,b'not for very get find from you an s as as his',[start] take a bath [end]
this is a,b'for are an up person what when and your at when more that are than of their the your some both the be what from as with be for',[start] a diagram of the human eye [end]
Google asked,b'something see become take play buy learn something for quanto1 more like live from leave more on your to a at some very by that on from them as',[start] its policy [end]
jewelry used for,b'make not might you do make at more make that do like might clean that buy the them a from with by something an to his might make when',[start] decorate yourself [end]
answer question has prerequisite,b'see have put to watch you do the go you a learn have live with that know and the work of your you find of very person are in',[start] learn [end]
cake used for,b'is to like to its and when into of for than with than like a about his at by into at what to some by his you the an',[start] serve wed guest [end]
order a pizza has prerequisite,b'a one of person to one that watch when be are good from light for your place person of by a the a for get from their person that',[start] order it on the phone [end]
bagel has property,b'in who off with are be have something in and like that you something an the to like when the what and be with you when to at are',[start] eat mostly by jew [end]
"Cardiometabolic risk factors , including atherogenic dyslipidaemia are associated",b'is very like will be for about and be his who the what more than that the your from their to have it in who to to with who',[start] with increased risk in this population [end]
rosebush at location,b'see do something feel not might to buy more of person when see it something get person might know what have are your one more up on a person',[start] bloom [end]
a pot not is a,b'of be',[start] a kettle [end]
San Francisco is a,b'your you a your some his by their from with on more a into than good who your some from for very at for from you to of to',[start] a big city [end]
company at location,b'know very like have go you have get know become do know by open something it have like see might an as more good you an get like have',[start] city [end]
Relative risk were derived,b'are to do you from see something make at their at what on be your person or your when in more of its some it are what his more',"[start] from multivariable logistic regression models after adjusting for maternal age , race , marital status , smoking , cocaine use , adequacy of prenatal maternal insurance status although data on cocaine use are likely underreported [end]"
passenger capable of,b'it be with by with you get by some are when something to be another from one it that is get his an about some and you person in',[start] step off train [end]
bass clarinet used for,b'that than at person and out more when might many out to being from like on to at for than some your into up who their than is than',[start] low note [end]
something smaller than the box at location,b'see to the this get very make will might put with with in are make that a person the to get in might it who some about at be',[start] a box [end]
find some water motivated by goal,b'a shop the of of new as his in that not than person the with is and and than you might small into who at out for be to',[start] go for a swim [end]
tape television show has subevent,b'like for your more an you for as your them on like person the about from be for of about with about them s more up a an and',[start] run out of tape [end]
set cup on table has prerequisite,b'see make an you find might make become know of at very be your it up and at get on as open more or light of might to very',[start] slam it real hard [end]
go for jog motivated by goal,b'an the for for what more in most for new as many that an s what like that that its its for to being to one from to with',[start] get in shape [end]
play card has subevent,b'the new the treatment water together between water as night during one to its being is and with person into from at one it than an on is an',[start] adjust to opponent play [end]
sun at location,b'your good will an it to live to more a you a good than light on a in in get be it that person and to get their as',[start] the beach [end]
school location of action,b'make go when get be look see you take hold you be like see the write a not one in not to buy it at very get to have',[start] study [end]
radish at location,b'at into like on its your that be with a person like with and an is more by to to have than of be be get some at their',[start] refrigerator [end]
mythology capable of,b'someone a the first for be to it s with his good you might the than and who both into for more what some them the out than with',[start] express life and think [end]
Aimutis is,b'know be a with the it when an off as it be an have your more you you in might place an is another more to the person from',[start] Detective [end]
You capable of,b'not person get the good them it into them with both about and good when more their and get as an at get with your at good during his',[start] find cokes in a dorm room [end]
post message motivated by goal,b'might a will and get be might an is make in not of on on his of from many an person an his person what an than their his',[start] get response [end]
Carpeted floors receives action,b'of the s people',[start] found in many kinds of buildings [end]
The males go into to,b'in as about that who up than that your be person or from them than get on your is the the what into as that is on up what',[start] breed [end]
a table at location,b'the water their small the a for their an this who and your one than than by a it some be more an that more more person what their',[start] the rug [end]
Muhamad lutheran medical center,b'do someone from that in in what out over them up that person be in some you of with on into who more from more of them',[start] Last night [end]
do housework has prerequisite,b'your your for be their his on at of with with very you might one more be into you about his than as of person it and what what',[start] broom [end]
night watchman capable of,b'with at be for get in on an',[start] keep key on their belt [end]
a little money capable of,b'as up what play play live up the with new your you what be good you at on one their to know as good is their in at get',[start] seed a great venture [end]
ride horse used for,b'a up into being small you feel a person more you live than the in some person are about get your at the to some it from with them',[start] movement [end]
candles receives action,b'its that what be do to on like on in of you from you you to in are by who up their a of the when what as it',[start] put on birthday cakes [end]
a cup of coffee at location,b'the its people as some about who is as your them like than in get in a who to his into what with it into good you it you',[start] your hand [end]
ride bicycle motivated by goal,b'something have take take buy do use find a have your do at buy live than know his it his another and with its small of an be of',[start] you do not own car [end]
prepare for vote has prerequisite,b'you see the a other good with make see the to more in by with you person that make for them to know like on on on the your',[start] gather information [end]
Dan Rather be correspondent for,b'when from is at by in of up to that is from on a that with on the an the treatment for about about on an what be an',[start] White House [end]
play sports has prerequisite,b'in it and on of your s who than that about by their for by at at person on by from an in you the what by out or',[start] enjoy games [end]
deli store used for,b'is person and your their most and it during a on person it a water the for be its that when their your place when your night out out',[start] purchase item to make sandwhiches with [end]
running after the ball causes,b'you keep a work their very your look for his the keep as learn something than person of its to more or from one his as its about get',[start] tiredness [end]
being in charge of a project has subevent,b'not on by and about in of to it as his you person a its a when as get his them are of as their on more what more',[start] change things [end]
wooden hangers has property,b'to someone make become at in like an you need an make what another be is is you it get it when with more than a be when like',[start] very sturdy [end]
bottle used for,b'on out as person off out from get about their get be of on it more for of a this as you will another on them to with it',[start] pour liquid into [end]
plenary council is a,b'in an or be your from a very as when his with some more out it off to make in with to of in be into who about like',[start] meet of local bishop [end]
eating has subevent,b'the on an be see in in you their with and by many be what on for with on a what what and with as a for it like',[start] add spices [end]
footstool used for,b'an in that that it off or more or that and their with when your be are person than some a what their this a the up with both',[start] child to sit upon [end]
a fungus at location,b'as by to are about that your with into his person be of like to very like for his and you that is when you be the it an',[start] dirt [end]
Brain opioids has property,b'your from make buy buy play be the like on not that in have at like one his be its might good of from of with and is about',[start] very important in regulating social emotions [end]
One capable of,b'on an into is do as get be who is not that into out or that that and by from with his as be you get with them is',[start] balance a checkbook [end]
wash your hand used for,b'you of to buy in are what is make it be your person more a from like have more to see an your get are be that get a',[start] maintain good health [end]
go into coma has subevent,b'it when their his its more are an with their are in with them what to make than both an when someone than as from his it for be',[start] close your eye [end]
older people has a,b'be something a food water off from one you in be not that make place at make for place be in in for on about some person who is',[start] more experience [end]
bringing home some fish used for,b'with at your from might not of you up about into about an your for about be you your the that are person what up on by when an',[start] making money [end]
get some physical activity motivated by goal,b'in with it good it get a are out to from by more from more the with as and about good are like into by when some an who',[start] live better [end]
improve your image causes,b'on what in that have a into your eat is play is look more that not for make to some for more you get you more it up from',[start] person to like you more [end]
clamp is a,b'of than of for like with on by when more it with like about are about what for more that might an for about you might someone what of',[start] tool develop long ago [end]
speaker capable of,b'a at work a most the than not might it from watch about to shop you are at your that from on an for at be person the most',[start] sound [end]
thanking someone has subevent,b'his by be might with is are more out it an when might might the into with from it off you person that in an it as in them',[start] shaking their hand [end]
human has a,b'is not from that on with are about to your of of an is might know are person a that are and are who out with by what on',[start] one nose [end]
Not all potatoes receives action,b'from one as both person up out an night with an out or be than about on your as as in be for at about of when them s',[start] found in deep fryers [end]
QUANT_S_1 of the delegation 's workload fall to,b'someone in get feel person the than his are at it at from on their an person as its a their as might know is and than to another',[start] Mr. Lautenberg [end]
Going broke causes desire,b'when you from are is with the it',[start] return to work [end]
stop being married to someone has last subevent,b'someone by many you see and their person to watch as some out you in be your on at your about be at your the out to many what',[start] finalize the divorce [end]
The time between human heart beats has property,b'from get some have a learn for learn his very get like his do a not in their one and some like make with the the the in of',[start] 1 second [end]
cleaning clothing used for,b'when to that like that a at as person be to a on an who might a both by from to like it your for be a of good',[start] looking smart [end]
debian is a,b'by and about be the between to many treatment or for of it are at are and that out a that and person than to person after it from',[start] operate system [end]
learn has prerequisite,b'do on with get another like with make more into than know have person about to buy who his them by his good an that be to the than',[start] cogitate [end]
Wine capable of,b'know a many a very cook the be be be an it by very good the water during of his his an place into something on most on more',[start] helps people relax [end]
the Eiffel tower used for,b'for of what on up you have is is is you to his on a for who who a you is its who an into something at up with',[start] promoting Paris [end]
communicate has prerequisite,b'very see a person about is very be person to do will something a most for about of on for your on more of an up off than more',"[start] talk, write or sign [end]"
Haverhill part of,b'like are get live it it of see on might like very at are when something are another with a person who by their their to like their at',[start] Massachusetts [end]
a lizard at location,b'its your at as their his an it and get are of on who might with when than as and up about for that both into to get his',[start] a fish tank [end]
map not is a,b'know get small and being know by play by you an the good into in their and the by more in with in who who his with more an',[start] true representation of reality [end]
perfume used for,b'something hold to become might to read of someone will it have you at might read than make of its very an its something an to find something out',[start] create good smell [end]
a person not desires,b'to have something become a be that see more what very keep for know very you your its for on and you it of it as to someone by',[start] benzene overexposure [end]
a baseball ticket at location,b'know have find take find get hold hold at play his be find on might use to do someone and the open a it his might get on on',[start] a pocket [end]
The capital of australia is a,b'have your take',[start] canberra [end]
their evaluation in the treatment of advanced gastric cancer remains,b'it of small their you are like is like very of from person that another and be it into than an most s that in some when what at',[start] early [end]
kill person has subevent,b'an know get live another on its most it what make with in might cook on might might that its of on the your be and and at its',[start] grit your tooth [end]
add up a column of numbers has prerequisite,b'from with get you are and is very from at than their and a who it as to have and to by his get you of his by one',[start] find a calculator [end]
tan lotion used for,b'when on in like to for when make who your s like that by from is up that very as as you at more with their what you that',[start] even skin tone [end]
legal decision receives action,b'not have have something take buy be get get very it from very you live in them out an in like not as with good to his one of',[start] make in courtroom [end]
fight war has subevent,b'on into like like it and it on an about is are his of be with a for what up that what as who to very on as in',[start] a lot of suffering [end]
Democratic incumbents are very,b'of',[start] nervous [end]
voice at location,b'are get the your you the like make see for its its for their like your are when make some is that are are is that get on in',[start] choir [end]
study of person is a,b'it person by on get the at by on many as water of more with them with your water be an being at with about you when of very',[start] science [end]
kosher deli at location,b'you you be be with you of something what make have of you the get that someone in get make get like will someone on that you be the',[start] food court [end]
Sailing on rough seas has property,b'to an than more of an what the by what on you something about it by more more an might in from as be what of new of of',[start] dangerous [end]
get pay used for,b'do it what not be like find your and many who at an more get be in by it up get something get by of on get person to',[start] earn money [end]
human at location,b'make live get a water is see make a see for open from a some not about person to might take and and it when and is with and',[start] command [end]
attend a classical concert has prerequisite,b'at for of between and your what it and you is like to at by up on for get like like when more or who are for and by',[start] dress heavy [end]
A hook is a,b'to be have learn for in s the out their many to learn are its of is at an is some from very for on what it by like',[start] a problem with a golf swing [end]
get some alcohol to drink motivated by goal,b'something in their are are that about you a both at it with get to like get by get is to might not that as someone for as in',[start] get drunk [end]
lizard has a,b'do something do take make your of see as play of open a its at at more more it an most an and it who that on it you',[start] 4 leg [end]
attend lecture has first subevent,b'with an out in more out with both about by than one a more s to be more and some what on new with that it who one up',[start] find good seat [end]
school at location,b'not know their make your be very good might know on make someone from its person out in another that it that good and for is is it person',[start] compute [end]
corpses at location,b'when get that at with that might read be something when more is in be a with get are be be a of as its be his is the',[start] a war [end]
ET capable of,b'of you and or it as is for when that from person be your more on are with an might for you will get might like your by that',[start] call home [end]
something at location,b'its when is have become make like is more and as from person the by one out and get about than of about very one to many be of',[start] dinner [end]
the Ciprianis had received a subpoena to,b'from their it is with with an your them are person',[start] his knowledge [end]
my hip has a,b'be you that do might something as be to put be make the and your your about by have it when one your of might watch what on his',[start] bone [end]
tell story has subevent,b'to see about it might the off might the for on their what might with on to more as person as are might someone a for for their from',[start] announce story time [end]
Springs is a,b'from with when very for from on get a in are be from when that on his in your an it to by on you with with from about',[start] coils [end]
QUANT_S_1 friends from as far away as Kentucky shared remembrances at,b'as with many more that by with of for than with of who you in get like about your with on you are like good or are is be',[start] the service [end]
Mr. Mica said,b'do find more you a very learn is be buy be buy a person more at might use something and the at you at for good by one them',[start] irritates the other travelers [end]
selling your new book used for,b'an not know get your and of many is person the you by at you person with at on to very one at your about you will who person',[start] expanding your infulence [end]
i desires,b'for than out in you your is be you as that get your by of very it is you very the in for one get the on with be',[start] lie cheat and steal [end]
building a cathedral has prerequisite,b'something with be know his in their might know and when find an on another when that its with make be to buy by for be you what as',[start] much stone [end]
Life has property,b'by to in at is what out who in what s what you make you see from the are with good that of them or as that be an',[start] fun in the summer [end]
bring in a verdict has prerequisite,b'that something by of be at more the both of that as get your place it about about what you them when on them about of you of good',[start] deliberate with the other jurors [end]
utensils at location,b'to something on than are by that very by is make the make have are like as another out their on from a by might his that them and',[start] a backpack [end]
the next presidential term begins in,b'you your are his to do be get get an on will by at a place about something in person like a and with by it the on his',[start] January [end]
liquid water has property,b'when to you at with an of are in that an more when of make into about in what you by get to be to might have get someone',[start] wet [end]
The availability of recombinant antigens made,b'for are than it what an your cancer is be in at that at than about of some to with some when and an you might its a the',[start] it possible to develop sensitive radioimmunoassays for the detection of autoantibodies on a large scale [end]
self-help book used for,b'is someone like in from what in that an most by with are about his both by as for more of person a about is a who get of',[start] understand self and relationship [end]
A conquistador capable of,b'you buy to you',[start] plan to conquer the new world [end]
a drive used for,b'do become someone by play to making his might become on might watch are something from not more more and of of your your with an for their with',[start] testing a car [end]
a person desires,b'something find in his be more as put of in some be is one what the more is see it the person of many with it from a on',[start] what a person wants [end]
pain causes desire,b'of with is on by as at get in with be with their to are you and for by than on about at out in to the out the',[start] have a physical exam [end]
There is a,b'a the good their in it off one who people or with their get most from its for some at of one it person is an on person out',[start] a cluster of rose blossoms [end]
radio at location,b'might someone with when it from make it it by the about are are and like on about what about some than and on some to its are with',[start] refrigerator [end]
China is undergoing,b'something an your on at from what up his good up be be at their in with another them your on with some on is is both s into',[start] unprecedented economic growth [end]
finger used for,b'make learn get not clean play have might keep feel you you do good and in on like watch about make on its know by that it to at',[start] tip over cup [end]
Someone is a,b'not very it up one is it out what his many to feel when its some on as a is you you of from from his by on as',[start] visiting Manhattan [end]
cream cheese has property,b'like not on to get like and about might learn your and with are his its with and be the at is to do what be a an with',[start] good on bagle [end]
go to get a haircut has first subevent,b'do learn like live have might need be at become take like very be you in a them have another in it make is in more something of light',[start] grow hair [end]
sometimes frame has property,b'might a get your at on an be an open',[start] good than picture [end]
many person has property,b'more like you go go get make get a a one person another it to an into your person something with its for it than his and the both',[start] obsess with aquiring wealth [end]
many colors at location,b'its is on and as to for its s like you about of by is in by from for more like up than what a them that the with',[start] a sunset [end]
Fleas is a,b'an his watch store up person when not both the of water from of this in as with an that for good from than person of to at an',[start] found arounds a dog's waist [end]
she capable of,b'make see like be make take become to feel make at very an want from be the to travel be from for their by some a be get a',[start] scratch your face up [end]
A true story has property,b'by your with your you might an are what have you by not a for in on of the who an s who what on from their and of',[start] non-fiction as opposed to fiction [end]
dvd at location,b'do to travel food up in are is what as like you with very of get something more out as like good your that very get more it are',[start] in dvd box [end]
dog is a,b'are a new be at is have like another its his light is open some most at its person person when when its of from of is from his',[start] usually about two foot tall [end]
felt is a,b'your new to an are on in get is both about by in it to in that for than is that a at for than by in be on',[start] a soft fabric [end]
u capable of,b'by in with in your',[start] read it [end]
person blow into has subevent,b'the this your being good your you do as make about by for a and most out and both from on person who some about when with new or',[start] instrument he make music [end]
grain at location,b'get a have hold be find is clean and an at his quanto1 in learn get with it a place as do more one than his is his a',[start] sand in spinach [end]
Peoples has a,b'your with an as on of up',[start] different tastes about furniture [end]
catching a cold causes,b'something to drive the be for might see for his at by see about are with at it on more about that get an up in it an that',[start] you will have fever as well [end]
Humans capable of,b'are at you know will know into who about from on with get when might more a good get on than like get like from to your be than',[start] fear dying [end]
person desires,b'are that your get might the off their as it are as might on with about for what by from your into it like more from at what their',[start] sexual encounter [end]
convenience store at location,b'your water during more that not at that at another at on more your an is by and one that on for you to an person is it into',[start] city [end]
pretend has prerequisite,b'for by in of with by is get your at or at from a what his at a very a into a into who get in that what with',[start] learn to act [end]
workers in the back room chop,b'at you be live another on are as as you it on you see person and that of that as with in some who to of some and on',[start] scallions [end]
That man capable of,b'from good with a good to live you see have from with person at it the an you are be about with the than good who in that on',[start] cross the room [end]
The Golden Gate Bridge is a,b'do good that their its might find with have someone to keep an at another your good for one by is as for some in your in and at',[start] a bridge [end]
Voters capable of,b'that someone at is are that when to the person for for as an are s or you make who might like to by person you who with who',[start] voice opinions [end]
get a job has prerequisite,b'a from make have watch see to know will learn you its a might some it that good and an in its light of very more get person that',[start] go to work every day [end]
meat at location,b'for as it than an or off off about from be their from s with the by into their into get and s of with at you is who',[start] butcher [end]
discover truth causes,b'his is is from with what his like from on its its of it at out are in person who get are are their you get are it into',[start] become unhappy [end]
watching a musician perform causes,b'with something off',[start] enjoy their music [end]
fart has subevent,b'with are are get at what out to the many out to know to with might you will good out the be the in make to to have your',[start] drink skunk [end]
teach other people has first subevent,b'to very something take quanto1 play for to his very when at that in what in when by on and when and their your about to as out the',[start] find out their level of education [end]
riding a horse used for,b'as an many your are that the into the as of people a at people it during and by his out or into about their the s by its',[start] being a cowboy [end]
bathroom with bathtub is a,b'is you to to more to that be that be to it be it to person who at get what from are by your them and for it s',[start] wash area [end]
beer at location,b'you at by and is with and with on of on have who it who is is are person with the it with it as some and you get',[start] a building [end]
stop your car has prerequisite,b'from you at a be is of some person who about very that by be and what that are be an what that person and more about by their',[start] turn off the lights [end]
play baseball has first subevent,b'for from s the from by to when person in up you your is person of from at what an on be what of more and up to that',[start] choose sides [end]
Starch receives action,b'not an being see in as it off with someone a by from you a who it to might your what you of one more out with by of',[start] found in many foods [end]
polls put support at,b'a at from from more you you your than watch of not out an person of it your water as light for another get a new a about their',[start] only QUANT_O_1 strongly [end]
In some cultures special mushrooms receives action,b'be that become might look you in like will them with to your of you more like to buy as is an at be by person who with as',[start] eaten as a spiritual ritual [end]
