source,prediction,target
person capable of,b'them it that on his the treatment during all item when light out when want when for are who for with person out away or your united with from',[start] jump over puddle [end]
hot and cold is a,b'the one in it for something off your restaurant or your finger between all treatment from people while as to get like your part that like this about you',[start] measure of thermal activity [end]
Yahoo flickr,b'of for law off to item is money s book between house is many object and pictures of with for one away away from their who an s also',[start] an undisclosed sum [end]
walk around lake used for,b'people of water to more that food the day s during at them of part up your this of as both book up who all out s to this',[start] hiker [end]
land used for,b'people with their up on one down your the book s world cancer treatment be you to live or it your day all who its at your hair while',[start] grow food [end]
go to a concert has prerequisite,b'water pictures cancer with another item from kitchen and hair together of work',[start] obtain tickets [end]
exercise has property,b'food united states something his finger from be of their hair than others of the item than that all of their in person like and of on at of',[start] necessary for health [end]
the Senator q u a n t o,b'their their you you that see person to live your thing more on are of that for from a person at many s of be the religious in on',[start] the votes [end]
wrestle has subevent,b'day succeed together life hand up to grow together before law s problem with them is in many people about the religious be part over are treatment the food',[start] arm lock [end]
hamburger has property,b'of jam clothe them like restaurant including at states at book as item over then for your the day you know and it or person be as your your',[start] well cook to prevent food poison [end]
a doctor used for,b'clothe',[start] maintaining health [end]
newspaper is a,b'that in are for at that out what on by be s in for it your person an part and into that of while into in more or about',[start] document [end]
sea has a,b'restaurant money system m water day law between law together from word',[start] seawater [end]
a Hard Lesson ruth mc mullin,b'self friend treatment health their water out off out from in self their day who you at on many when when both treatment for another the world into this',[start] the newly formed Harvard Business School Publishing company [end]
do housework has subevent,b'the them with your law you see than an restaurant together',[start] wash window [end]
rock is a,b'for item with food treatment',[start] solid object [end]
cotton at location,b'many of item them to water for an finger cancer states or about your music when it over s it than new by part',[start] a field [end]
hayker is a,b'cancer the their food down and',[start] hyiking [end]
er diagram is a,b'that might that many with it is like when person at are someone what have of an cancer the many and person from while who you want what from',[start] conceptual schema for database [end]
holiday shop has prerequisite,b'person clothe for to work while item when by both many to human by being when someone than you his to your and your their this part s from',[start] save money [end]
Everyone including Angela Vaillancourt new york,b'there to clothe you get to buy it in this from about make to for something to for that something you want while what an of by from you',[start] performing to street noises of robberies [end]
a glasses at location,b'there them in more book out that with someone when when for of one away are all the for you you live your object what another that the to',[start] a nose [end]
a public university be located,b'people than law at in someone s be like person with people to it on this up at person person or you have you not someone that both you',[start] in the city of Sulaymaniyah in Kurdistan [end]
rem-dream state is a,b'that to get person when the out on many you make the person an s get you in at into like it with someone you more that in something',[start] neurologically and physiologically active state [end]
ducky defined as,b'people in that something who that with and then also to like in at for who into of people that it for as and you be over more cancer',[start] rubber duck [end]
reading a magazine causes,b'item book you go it more to many life also with both space also s who for to not be into with have all for both all are of',[start] to take up time [end]
finding the truth has prerequisite,b'when it cancer your treatment for an clothe is of many that an with you you this that their are over like all or like another more with have',[start] investigation [end]
dance motivated by goal,b'item on day food out or thrombosis out away of world at and kitchen over this jam off that united or treatment your and be of who s another',[start] bring pleasure to guest [end]
attic used for,b'you are to his friend it at want s of want more are and another them than something be being while at might use for in and on someone',[start] storage [end]
bathroom used for,b'when like be their them into about make it who new by when in and your by the someone are into to have his with at at as know',[start] groom [end]
be on time is a,b'many chinese object off work from their treatment your food',[start] good trait to have [end]
building a cathedral used for,b'succeed person or law treatment book over as sentence at one religious when both this self united about more of person over than more in someone by while another',[start] wasting natural resources [end]
something at location,b'in something food night one into of their states in part at an sentence about to them than his in of that person down who someone are religious of',[start] end of it life [end]
pay cash be for person who desires,b'restaurant water for food with a friend on and their world item',[start] avoid pay interest [end]
most ameracans not has property,b'room from be to it to you its this them or you new the food by that and night of by from on into person of who as his',[start] fit [end]
surf the web has subevent,b'be a your person another in it or his item by be more you watch who that person like of someone out when in this the both you with',[start] use Mozilla [end]
an article in a magazine used for,b'hair room them by live a object the world on book treatment is one all treatment of it for on in an chinese with by heavy one treatment and',[start] reviewing a restaurant [end]
drug has a,b'in them your sentence law your ground',[start] medical effect [end]
lizard at location,b'restaurant friend restaurant thing of world cancer by self world person on the item by it at to be more on this to not all person from at from',[start] country [end]
A rainbow is a,b'water united to being an line away in as succeed s religious your the package that an cancer of of that be are this you one s another of',[start] a multicolored light arc [end]
bathe has prerequisite,b'room with job than friend s jam of restaurant s item the day book be restaurant than its many with someone over as be that when all for are',[start] get undressed [end]
03:03 associated,b'hair succeed at many world over before states who of in their book be of someone up as person the goods out in you both part for with and',[start] with Fulminant type [end]
many kind at location,b'cancer band with be work you your day on treatment at this by it this during as something for both also over who person as be an to are',[start] model [end]
breathe some fresh air has subevent,b'room than sentence food that life treatment when to world over more between cancer states of you of one are also people of as light someone treatment off with',[start] feel good [end]
electric fan at location,b'on at s your their your your out of both you get what from in you being all person what about you make your this as a book and',[start] home [end]
bring home some fish motivated by goal,b'work for self finger a money with you work who one all than work for one in the heavy on a on all that people is something your person',[start] fish be good to eat [end]
go to work has prerequisite,b'them and music to it on them for be for part for someone that music between to to watch someone are at more are about in part and from',[start] remember where you be work [end]
most case of sexual dysfunction receives action,b'on new many be very the person the succeed to an cancer on all treatment while in by with in people on with another all with many to another',[start] cause by psychological factor [end]
Older adults may experience,b'hair food treatment house show s day disease cancer from friend the treatment when very person during by something you with that the food out or person in many',[start] both diabetes - related barriers to diabetes management [end]
a woman french huguenots in,b'world item or treatment life',[start] a portrait [end]
candle at location,b'be it for person into in people in all that treatment in its one your of another be one at something or another like you his also who it',[start] candelabra [end]
pretending has subevent,b'of water to many treatment as united in item between the book on treatment when this with on about are treatment off over or an goods what your it',[start] put on a costume [end]
eat apple has prerequisite,b'treatment friend book the treatment your country off for the room into treatment of part that for as law during for by people of and of as many to',[start] buy apple [end]
talk to someone has prerequisite,b'water on restaurant or person and with out up you an with like by its united of are when might being at them the at both be on more',[start] speak with them [end]
a kitten at location,b'be person of people than human at on many clothe of be human about more about for one of of your chinese it is like both out be the',[start] a veterinary's office [end]
cowboy is a,b'person or to on as be clothe be object over on life over more that it s to water of your food over that at when to live from',[start] part of oklahoma history [end]
criminal court capable of,b'them be and hair them a country you a their more while another with like it of you for another with have all into at of person an by',[start] pass sentence on guilty person [end]
bus used for,b'on on their you their someone between also on s that on your world your and and for when when an object over this it of be all person',[start] mass transit for city [end]
attending a lecture used for,b'day house hand with the line system from part down up of a finger to important off when both and be the book who with are you are the',[start] listening [end]
The results support,b'them someone you person be like to buy like live off are with of human more are by a for in an item from in one who another while',[start] the hypothesis that there is an association between signs and symptoms of CMS [end]
androgen receptor variants are thus able,b'item the restaurant their for get to its all by to one about his it and someone be an both by an book s someone it into another all',[start] ligand - independent [end]
calorie receives action,b'there united food water s water on an cities cancer disease about person out by and with all and on in also from on to for more you like',[start] obtain from fat [end]
man become angry has subevent,b'person thing on it the package and sentence out s in the united the house treatment between them out as human who as are more of them cancer the',[start] he crush paper [end]
paper at location,b'day day environment food m from book food treatment s sentence of life that food for as with treatment your their s from about from it from religious in',[start] ream [end]
a desk used for,b'treatment on in cancer off for at day your for self item that their your water down out by as human from by by you something in at are',[start] putting your computer on it [end]
bontebok defined as,b'of thing off them in with treatment during up are law when water treatment for and to you in your in all also between on at person what what',[start] Damaliscus pygarus dorcas [end]
budget be balance has subevent,b'you want be watch to move at people are and in someone by something while might it your with and from many out is more that for someone all',[start] deficit be eliminate [end]
his or hers birthday causes desire,b'restaurant money',[start] buy something for a loved one [end]
Kanun is a,b'you good to know on their more and person as your it for for at your on an at on as person as someone the with someone down what',[start] a stringed instrument [end]
lying causes,b'book for world than his be about when it from for food from their food while for to one when someone with many by at who of it with',[start] problems [end]
Judith O'Savio is the president of a 29-year veteran of,b'to more food pictures down people to not into to on to get something and about while his are part between an united who and are someone out out',[start] Westchester school music programs [end]
someone at location,b'when person',[start] baby shower [end]
you capable of,b'treatment treatment to be work with your ground the gun as room and food at that line with one to live when like at person it who also when',[start] learn things by listening [end]
salt causes desire,b'person something many treatment states during you your mouth over your restaurant your work while all treatment your work s of part on by to are to in in',[start] drink water [end]
find lose item has prerequisite,b'work like you that something while while to one are an and self out for to an you the pictures when all when of all someone the more by',[start] ransack room [end]
a bus at location,b'hair often to have human see on food from both the kitchen your person as it or about might not on on many s be a and it what',[start] a city [end]
someone at location,b'there book their something have not on self president when his states in object between all about another it his jam at it person something his for of on',[start] barbecue [end]
slap capable of,b'item them to with up of item when part over cancer into that friend are against the political all from you be being about by while another in by',[start] amount to assault [end]
go on vacation has prerequisite,b'world succeed your day',[start] research transportation price [end]
smoking used for,b'book or in it into by that mouth that person of world s garden than be who for for one on them on s who that and at in',[start] impressing others [end]
see movie has prerequisite,b'many one and jam between restaurant including goods s states that item over than new who you in that in them from from an sentence and with who you',[start] find out what be play [end]
lighting a match used for,b'at your and it of for an people during more treatment down person be it while be your part while into as light from when live at the this',[start] burning some wood [end]
have asthma attack has prerequisite,b'room over many house m out cancer up who many their in self with are cancer between many be both of its then by on and one your your',[start] smoke cigarette [end]
shop has subevent,b'healthy them them on to human who them of self hair and law for are religious up your clothe is someone for be both and and both many from',[start] one sometimes forget what one intend to buy [end]
Koji Inagaki is,b'succeed for the them from more out up into when many and on in both by also you are to human or into about for you the object on',[start] a 25-year-old unemployed security guard [end]
debit card used for,b'for many water by to more cancer than one away at in this to be you that like their and from the with are with get both people more',[start] pay for thing [end]
person not desires,b'them off',[start] t ofeel bad [end]
A photograph has property,b'water off book them by it from object in for your',[start] called a shot [end]
a hair roller used for,b'food treatment than sound the law down as treatment and united day system at law into more between and heavy are the the quiet the self by are with',[start] styling hair [end]
sail on the sea has prerequisite,b'to in clothe or item over off who it treatment at from it be be also as at more be that your for of get more when for that',[start] sail a boat [end]
overweight person capable of,b'treatment clothe disease off world of water than object during water on with at their world the heavy who like are treatment more on in that of it all',[start] burn calorie during exercise [end]
soy bean paste made of,b'object house hand rate life system about hair hand against clothe system between united in to be both states the law cancer for human for in in many who',[start] soy bean [end]
going into a trance used for,b'clothe by fruit food against work is law up an line down of both restaurant between also who one you be with an and by with someone in are',[start] Regressing to a past life [end]
accommodation receives action,b'of a an for you have when might it the one to for and it that from about something it into of in it with at you by this',[start] determine on case-by-case basis [end]
A hand capable of,b'of item food out in people with the succeed at item than a child in you both people cancer away be of their into at someone and self all',[start] hold a ball [end]
Ruth Bader Ginsburg is,b'food states person to his ground into you that water on life your their then and be into on his night to be many at one the heavy about',[start] Judge [end]
people at location,b'you the an the their book at that someone more who on have to buy it when on their while his the at the as at be an from',[start] at an airport [end]
A girl capable of,b'restaurant',[start] join the choir [end]
Sushi defined as,b'in more item food item be many then about into treatment before your your their both with in both from at treatment in person and be as at an',[start] Raw fish prepared for eating [end]
a chess king capable of,b'many item book be one of with to an healthy together',[start] move one field at a time [end]
everyone's ears look different - capable of,b'healthy with you get see it and treatment you your life out into in the the house for are for in all than this as like all as you',[start] like fingerprints [end]
Most of the recommendations were related,b'succeed be people for that an house about many people over that water for someone cancer about that treatment away for an are s an and by on something',[start] to obstructive sleep apnoea [end]
vestment at location,b'clothe book health',[start] in church [end]
Heyman is,b'many of item with their object the ground up on food person up by them are more out to are like more you for to an and it on',[start] male [end]
competing causes,b'the person and it light the sentence you at both person that restaurant your life and of for all while and in them that it more on from part',[start] jealousy [end]
system used for,b'be more and life and in the house down by that on person that a part from and of another your their them or this out than part down',[start] particular purpose [end]
theater ticket used for,b'day house',[start] get into theater [end]
an ocean at location,b'book as you you might for something into into at water for of out into s who this of with that someone to human the self all over are',[start] the globe [end]
cell phone at location,b'to someone of food who person that s part during or s on of your and to that in like in with with when by and part by person',[start] shelf [end]
paying by check has prerequisite,b'water band environment with be one of you of another up in one on be this you another and more to know like your both when that by person',[start] a picture I.D [end]
deli restaurant used for,b'to you of house and person in you the to not when to see in when might a many for like have when you on into when you when',[start] hungry person [end]
Everyone 's polls show crime as,b'at when are on you more and restaurant is you more of that to its an this for the book at at a person for the treatment what that',[start] the single most important issue [end]
stool at location,b'for law out clothe between self book cancer into people from for it your united also into when when into as their s to with from them or like',[start] specimen jar [end]
spaghetti is a,b'day of clothe s law system and world in s out that finger before in that object what over into s during more by part from with an political',[start] a form of pasta [end]
ride lawnmower at location,b'to might to at your by about something of more between to them your to know more person more over an between are are this for be your about',[start] garage [end]
remembering causes,b'self jam person hair for self in mouth with and food system over treatment of part when are with and your with more at at be person the your',[start] realizing that you had forgotten something [end]
person desires,b'self music to his country from object than the country your money what when something an treatment off it what something by part of on by you want the',[start] stability in his life [end]
make up is a,b'person on',[start] compact [end]
The goal of the basket-ball is a,b'clothe',[start] a basket [end]
a back yard at location,b'music them on them as heavy out out and in you the object on it down as his book who it in and this it as something more all',[start] a suburb [end]
a stick at location,b'for your in an cancer before with one the clothe to something with on the one all cancer and while by an night at are all in it to',[start] butter in a grocery store [end]
attend a classical concert has last subevent,b'item for world at you get person into someone about into them to self the clothe is this treatment as someone about a that another into when the all',[start] applaude [end]
People get into trouble if they not capable of,b'water pictures them the room for many person while people at restaurant item of many self item to a chinese in someone while like like like when like your',[start] pay their bills [end]
you capable of,b'the someone from the work as person at many by many person who be it like when get by at the you you being your on something you for',[start] buy all sorts of groceries there [end]
A lucky charm capable of,b'with out item them the succeed on',[start] give a person good luck [end]
one book of bible is a,b'them to music out from object during that to with many book from treatment about them when who your it all of your or while when something over for',[start] psalm [end]
seeing an exciting story causes,b'people when for food before water item or jam cancer by many',[start] sharing that story with other people [end]
mat in in front at location,b'item something object on many this out of self restaurant disease for you to work into your object more or the food the in another them more religious it',[start] door [end]
playing games causes,b'work with to might live as and with and day for food for like be for a people to do an treatment from from an s this of many',[start] fatigue [end]
Cheers receives action,b'self meal you use like use about find have move a child his word as the water an seeds or something more to it when like this it you',[start] set in Boston [end]
adjuvant chemotherapy is recommended,b'on food to something are object than this of people item them the chinese you be to another from into get to a clothe into and his and both',[start] for patients with lymph node metastases usually [end]
go for a run motivated by goal,b'on more then work someone when it in of treatment for this about as with that like at them of all who something out person an and of when',[start] exercise your dog [end]
The capital of Svalbard is a,b'healthy item be something with for at them your day the country between clothe before person at an united are in people while it on to someone all over',[start] Longyearbyen [end]
dog capable of,b'work hair world be watch be make in want your water while want like work off that very another many more are with human and something person are something',[start] be many colour [end]
warren part of,b'object music food life against water than in to that with more treatment out than a people s be one at by when person of the on their another',[start] ohio [end]
the man receives action,b'people person food down with night into night also water between law for a self this your on by heavy that you you of both when something as when',[start] raped [end]
have heart attack has subevent,b'succeed when their people be person between in part on people person by the the day s to you have with are from of like as know what like',[start] you feel pain in your chest [end]
eat apple motivated by goal,b'water in at when when in your cancer about from for all for that more cancer over on from treatment your them about be in for on by something',[start] you be hungry [end]
flower on your table has property,b'treatment on out of in many of this person down on with them with a on with you get all your people on all over into to on when',[start] nice [end]
know if you healthy has prerequisite,b'them your united an hair and pictures the object be at a the object as its your s it what something person your of and his them into when',[start] examine your breathe [end]
592 ( 31.6 % required,b'on them from them someone down for to that that work',[start] ICU admission [end]
lot of person receives action,b'when his people your on in part as work to many and people that be as light is many when want like new when with and religious are s',[start] scare of reptile [end]
going to school has prerequisite,b'for and law on for like and them while the law to the house and self or when its this up that person over with person that food during',[start] motivation [end]
The coalition is seeking to have,b'at by the many that in',[start] musicians paid directly for use of music online [end]
Tactics is a,b'them up house',[start] the means and methods by [end]
An arm is a,b'many their you take on their clothe away that you someone off s want a law up by like more another many this that it on for your you',[start] a useful appendage [end]
deja vu at location,b'people water for a place is healthy before states on self pictures or religious between states at part at and self all s s on be one person that',[start] middle [end]
volcano at location,b'the food cancer states than the the treatment as people for you them are many also and about person you that the religious the part your treatment into an',[start] top of mountain [end]
a coin purse used for,b'when like them more as a for a line or out what all the food on on as being are and all to a to might it into someone',[start] keeping excess change [end]
get drunk used for,b'them something',[start] person with mental problem [end]
god causes,b'water in in the sentence during book you and people to a person up by with and then by be be person what be his most all by being',[start] miracle [end]
cup has a,b'on the life than the clothe s or more after them than of at someone cancer the of new the pictures your food over by more and many your',[start] coffee [end]
kiss causes desire,b'music something restaurant on live that many person up while and sentence the book between for and be you an as live as in as you by part cancer',[start] help someone [end]
Very elder humans has property,b'world heavy room food before hair at many and there and with and be heavy person by about you do be many like someone as an part into person',[start] feeble and weak [end]
agents capable of,b'be not human store them someone who like and it you your life off an world of your to might you of be on something from you are this',[start] list houses [end]
glue stick used for,b'healthy object thing food day for be book from person of be world when be food treatment away than and self out s be at that both for one',[start] glue piece of paper together [end]
visit museum motivated by goal,b'that something when for that to someone are you that an united at them is are who to more on from when on as both person your by for',[start] it be good artist date [end]
going somewhere causes,b'healthy out s ground to water or at law also hand out together that ground in cancer or and of person and treatment between people that that with a',[start] really get lost [end]
comb your hair has subevent,b'person or out on at treatment your mouth in them that book of with be more s while the part as water and united or someone all during it',[start] look in mirror [end]
Egyptian pyramids has a,b'cancer with treatment time person from that be are people you this in person all between more over and while into of and be while into when someone for',[start] rectangular bases [end]
compete has subevent,b'on more at at people is cancer away that of be people more that them with in part s and into it to to his person are be while',[start] poor sportsmanship [end]
unite state is a,b'you be person food when his for someone for want when use s them is more s for human person it when being someone an for in and when',[start] same size as brazil [end]
irvington part of,b'cancer heavy to them s clothe that in be be with them in your house over for his people that when who s who while more out with from',[start] new jersey [end]
person capable of,b'of item object or date of finger off',[start] learn until they die [end]
cutlery drawer at location,b'cancer food cancer law together the person that world by at treatment or against all during when for and both s and at that s it by this part',[start] your own kitchen [end]
person go to work at location,b'treatment restaurant out m world book for with their people who room out',[start] subway [end]
cold weather causes,b'succeed on health law about like by on your them on be the self in someone down over for person you do this and by another his on to',[start] frostbite [end]
The oilseed radish can be grown to scavenge,b'of the world it person off about be at food off with its in are in be that at someone when something of the both part at for of',[start] nutrients [end]
most child not capable of,b'object band thing a day treatment s pictures is chinese people your day in person off by another that when on all about to make into than his on',[start] wear wristwatch [end]
driveway at location,b'object water item it an meal the ground over from world person down',[start] car [end]
a QUANT_S_1 caliber Daewoo assault rifle is,b'their you their at by an them with to eat at them an',[start] QUANT_O_1 of the weapons banned under the law [end]
horse at location,b'work in united united in it between person is as that about the the many your you like on the on at by in something for it out like',[start] field romp [end]
a saucepan used for,b'on it book to in all you when who are by them at in this from about person all to someone from it it into in when it for',[start] boil vegetables [end]
pie la mode in french defined as,b'their to many book who an their or s their their book up off as the for this person than you their for and on in by this all',[start] pie and ice cream [end]
buy something small has subevent,b'on water clothe or in of person your food when one or treatment the friend by an world at all over on someone with something more on their someone',[start] you lose item [end]
a head used for,b'hair up be water book on',[start] making a lettuce salad [end]
children capable of,b'them person from that united water that with many in item than people is in for into person be into and in also your person be something about something',[start] love [end]
vacuum the floors motivated by goal,b'many on out s and item and book on food together during your line your on in the united that an people over an that person down cancer off',[start] do the housework [end]
horses has a,b'when person treatment for life than book cancer treatment item and to like at person into of about all cancer or the then it while part be this to',[start] served humans very well throughout history [end]
A star capable of,b'world room',[start] guide a weary traveler [end]
thread on nut or bolt is a,b'to to human item more this',[start] form of lever [end]
earn live has subevent,b'food item day s music into treatment or of world the kitchen who treatment as book the healthy your life between all that many many by in both people',[start] prepare for retirement [end]
large item receives action,b'world water by be watch for get at of it person for one than not person who by something an water at at and heavy all you you at',[start] haul to recycle center [end]
divider at location,b'cancer food object the water or sentence s jam of to place by part your person from your object from for more of be while to it this person',[start] street [end]
answer phone has last subevent,b'treatment friend book to law over at kitchen on an room treatment in world about all into more as them in are all also who on something for another',[start] hang up [end]
person capable of,b'be to use learn learn it the them s as have one than make his by your person that do like more from more to like one and of',[start] go for trip on their vacation [end]
have haircut used for,b'treatment states in law your treatment the united also about it of in person what you to someone what to not want your part who your people of more',[start] tidy yourself up [end]
playing chess has subevent,b'at more food as another that with someone at s during their into the on someone up that are someone who that another someone to something like both this',[start] tension [end]
storm capable of,b'to do when get another more the with more and with make the water person on an of like be of one is for all into it at and',[start] move west to east [end]
buy hamburger has subevent,b'that the book about with the in this disease in to their treatment with get from your on your be this out about his for this over to live',[start] take restroom break [end]
lady capable of,b'at something book to at with by for of both person your many that many s are another more up that someone with this that being a for for',[start] kiss pig [end]
basket is a,b'that be from on that more who into on a place be that in one into more with and you both your many are part the an be that',[start] container [end]
Humans capable of,b'self safety life time',[start] taste with their tongues [end]
play ball has last subevent,b'hair heavy house disease as room before jam together between kitchen and people item then at at treatment from one up and more to do at like the in',[start] go home [end]
first floor used for,b'cancer restaurant in clothe off water of one against are hand between hair you that life between and more part you something person this to be from with for',[start] be beneath second floor [end]
automobile capable of,b'when like item the self and them as light your object off more about many person on you being a be many the someone what his as more all',[start] hold certain amount of person [end]
dying causes,b'day finger treatment hand item s problem the ground together between treatment from their for treatment and united and pictures you might work before who like when and at',[start] an object's color to be changed [end]
buy christmas present used for,b'object succeed house food s treatment book from finger treatment together of you your hair against on person for at another more and as an in in treatment with',[start] make yourself feel good [end]
Flossing your teeth has property,b'with up in and clothe together player on on the sentence disease out when at the house about of that book or an food who in all to with',[start] routine [end]
person desires,b'there clothe of law in this states with part cancer item in also person from also on an item and self on their by someone and while with part',[start] be treat with deference [end]
politician capable of,b'book food item treatment water for for to them over about the succeed them up of this when them on treatment you your succeed an water while on from',[start] agree with voter [end]
food at location,b'in people person united in their food cancer down when in cancer by be this and and in it s as of it is you and this and by',[start] bowl alley [end]
Members of crew capable of,b'healthy cards clothe out water s world treatment by that house cancer the line for person another treatment s more religious to with another the law between with person',[start] row a boat [end]
glass of water has property,b'when your out your people who it an pictures from something his work or something person than one be with his in more to are on both for the',[start] welcome on hot day [end]
person desires,b'in them or their that food of person at cancer cancer with in for one to part be from an religious be the part between like more be an',[start] their mate to find them attractive [end]
get angry has subevent,b'food the clothe to like an day that cancer at the hair down of the states the people for the people cancer treatment are an item that night in',[start] yell [end]
billfold used for,b'room book be them at at with to it person at clothe who one for his in for it that in their someone of on of who who be',[start] hold your credit card [end]
have a heart attack motivated by goal,b'healthy finger',[start] smoked too much and excercised too little [end]
gather energy for tomorrow has subevent,b'on new for his person from people is part the person on at you another while what person from your and person be new on like both like person',[start] rest today [end]
play has prerequisite,b'of treatment and in item',[start] learn game [end]
person not desires,b'be have an of you do by an you have very keep for are be get when that you you buy in their both get from do another might',[start] be drafted [end]
cow capable of,b'them them person and with to you on as an law for be s treatment that like that more as them you for it all at something than one',[start] quietly [end]
Steak used for,b'music room them at more in the world on an water as very for like more be of at many about to be his for as it you an',[start] eating [end]
you capable of,b'when are law down on their food treatment your them for one from as for this and to your water or all more then the more over are both',[start] act upon it [end]
telling a tall tale causes,b'cancer law health time people s states the chinese by object s clothe in for one cancer also who it down cancer at the hair all out away cancer',[start] laughter [end]
Tasmanian tiger defined as,b'be to an be many like of one you that more person or to the for something into his that more another that be and being more someone like',[start] Thylacinus cynocephalus [end]
tickling used for,b'item be water up place have to cook as place are at work an food up is by on their another like all than both by be his like',[start] forcing someone to laugh [end]
gazelle at location,b'treatment room them food about it for night and their item book at their many people be while with as a day up be on it all by an',[start] asia [end]
disk is a,b'on the it and self with the house by their person out to people that person cancer by are are part from when when this more of that it',[start] flat object [end]
Maricia Melcombe of Stamford is,b'item music thing by book than law as person of many people from its the the world over by you on many it about when the person up person',[start] a sister [end]
William Shakespeare is a,b'healthy day of be succeed together',[start] a playwright [end]
relaxing has subevent,b'with their out food down for at clothe together that book is of this as water in more as their with a to it over than someone cancer be',[start] drink lemonade [end]
car capable of,b'treatment money',[start] hit cliff [end]
course receives action,b'on all it for many your life to the sentence for for are on as in are from many person to his item up more for someone more of',[start] offer at college [end]
not everyone is a,b'item house and object the money by person s problem the treatment up you one over when both on like of this also over s you that another with',[start] from america [end]
bridges receives action,b'music on object to human person during people be by it than with from as all with more the be both treatment with the in new part cancer before',[start] constructed over water [end]
An engineer not desires,b'to are about work like more over who into it to make something get it someone as at are this when to live on and this it about being',[start] a chaotic system [end]
Lifesavers is a,b'many something or up for their food off out off for people about at your world with be it of of all than a also that something you want',[start] a necessary item on any boat [end]
an accordian bag at location,b'on many world m off up hand off over out with by by this item of a world at in to live more or this who many the on',[start] scotland [end]
buying something has subevent,b'them at this more when get while as an with with like at about someone for and to at by to live than new like you by all about',[start] work with an agent [end]
diesel has property,b'with item health in them up',[start] one of many product of petroleum [end]
i capable of,b'in as many people be work of one out into this up in that food cancer with this of all you more or who of one s for your',[start] light match [end]
someone capable of,b'restaurant time health at more while then person while more at the house from all also and also the for more your life more treatment your in many be',[start] paint a picture [end]
Her long legislative record of expanding women 's rights won her a large following among,b'person it off hair book of for this the treatment up from you of water off who from are an world s when to do of that as and',[start] women [end]
red meat has property,b'you have from to their someone cancer treatment during very good between use over their in in at you the and both to watch more like in with something',[start] high in protein [end]
overeat causes,b'there be sound',[start] poor physical condition [end]
you capable of,b'that to the you more are you person at this into that or at with an part up on that the self another both out are that from the',[start] ticket to enter event [end]
restaurant receive used for,b'book their of life s people of in object and treatment from the day',[start] intake bulk food item [end]
commit suicide used for,b'on more food than on by treatment than up over who one down you might at this when being with all with and as when the this with get',[start] person without hope [end]
a ring capable of,b'be watch',[start] fit a finger [end]
seeing exhibits causes,b'at for his cancer of people before in their or s about with out in that that s religious your of person of another at who by and when',[start] surprise [end]
hospital patient not desires,b'item your something it when your in you someone who an water that them someone with all more what like and at the of being something an s to',[start] be forget [end]
sit quietly has subevent,b'succeed at cancer about all in person your treatment of more your be this book from his more of the at that for his one or your out as',[start] look around person [end]
a stringed instrument at location,b'healthy food',[start] a string quartet [end]
most common hat is a,b'object treatment house off off food item food',[start] baseball cap [end]
go out in public has subevent,b'day house together up time s world world with a water and person or self the music as part your chinese treatment or in treatment in it be for',[start] you must be dress well [end]
mankind believes they capable of,b'them to more and restaurant of life',[start] conquer all [end]
mont blanc is a,b'that them when live at this people your finger that object who for your with something by with from in many who when for that both treatment up another',[start] mountain in swiss alp [end]
waiting tables has subevent,b'book down at like a world be kitchen you the succeed at item in person an quiet when an part about that be part as it as for by',[start] fill water glasses [end]
the roots q u a n t r,b'book person by the money about your people what at this restaurant the person at to have when one someone all when someone more who all be his treatment',[start] the moment [end]
have checkup has subevent,b'water up their at work that music for at more to water',[start] you get pill [end]
send e-mail used for,b'people out for than water of to be line with as treatment away your person at be all between another it what like to to are over all be',[start] communicate inter-office [end]
a street sweepre at location,b'person out up food people down by people during at law of food over part out your law treatment out who many united out cancer you of people the',[start] the street [end]
Curtains capable of,b'self water health and pictures hand off of united food item between many be are treatment into the then as people as many book the night cancer during to',[start] block light [end]
molecule is a,b'food day the food together to world system for food of restaurant than item be people against when to person up person who them person your self at by',[start] small amount of chemical [end]
play lacrosse has prerequisite,b'food out cancer between food item up on with all cancer s and tall self in of also item during s for of their religious against someone that you',[start] have net [end]
take bus used for,b'object food item them you see for to you might space be book or the cards when another more in and of someone treatment or that that that who',[start] poor person [end]
french restaurant at location,b'their that object of food cancer up at all you in them into while like one while by by as on another from on a on on and all',[start] many city [end]
seeing your idea become reality has subevent,b'room water health in that succeed who pictures up on at many people away away you be of you someone s someone on like in your people person the',[start] the feeling of accomplishment [end]
maintain good health has prerequisite,b'in something for their someone s of your it is s person with the treatment for an religious person your treatment at for in by one be and and',[start] get more exercise [end]
embarassment is to receives action,b'food jam',[start] avoided [end]
in anarchistic society there is a,b'at and it a house you get them into at at on it over person like something an part about who another this more all that when an are',[start] no leader [end]
the role plays,b'clothe',[start] compared to the whole range of old treatment methods [end]
tying your shoelace used for,b'their someone many one up you not their part or of a food and all cancer down while in you you being by in an in it by a',[start] keeping your shoes from falling off [end]
a grocer used for,b'of with the one a person up a thing than be them on that to self that when its of to both for in in many person when in',[start] Fresh vegetables [end]
television view has prerequisite,b'people food food water law together including book person cancer treatment treatment by it on to another them into person from treatment against for part off at them s',[start] time [end]
guard at location,b'food out out day for something away off the sentence together person by work on life your line at that both life of person your to being your your',[start] military base [end]
fortune cookie has property,b'when the this their an the on many as the people',[start] give out at chinese restaurant [end]
going for a walk causes,b'them at about at to in for your of people down person up at you being about something of all by from as part away that for person in',[start] enjoying fresh air [end]
willy-willy is a,b'succeed are water as them for them you be of in part or your book the food the many that the united more when to something person by person',[start] dust devil [end]
works of art barrel madison avenue,b'their food from hair an food for most then this life at and food into about while what an pictures up into at treatment with on the person are',[start] last week [end]
this legislation is,b'that get it and book down who at in in at work to that the for both to its person be many for that are be of another his',[start] important [end]
Canada has a,b'self finger and person than them up from be self person between the room about when this then the book the day treatment by them over by while part',[start] six time zones [end]
know how stock market perform used for,b'on you and food together on about who you feel into to the on them',[start] technical analysis [end]
eating quickly used for,b'item to book item a their to many cancer during the world from that are into are when a be both into at with for like be as both',[start] airport food [end]
love defined as,b'on at many with them and at of this treatment over that on all to its many at one while person as both are at one of another your',[start] strong feel there be [end]
dress nice motivated by goal,b'day',[start] the men to look at you [end]
the major carrier be serving,b'restaurant book at your states s united concert in this cancer also in on people down to an sentence over while of are about by are s s and',[start] Las Vegas [end]
train engines capable of,b'that one as person by them be that treatment over between one during them or be it as part be part',[start] operate using steam power [end]
cat not desires,b'food on for it for be and pictures before with about this as for on you new while person in many you to your food what of them and',[start] live with dog [end]
movie is a,b'world person them out or with your friend to more against at you watch something that on you see be this as in at at for many you a',[start] series of picture [end]
revolution made of,b'self day food and country when succeed over jam away into it into of item by heavy of and self and then them that be the item you you',[start] sentient be [end]
celebrating has subevent,b'with in out for human something down with when the it by of you them off at be someone over s it be both that all like on all',[start] honor heroes [end]
'Life With Dexter' is a,b'on a their be a money over for all the of both item cancer than both all during and a for at as something an you have a as',[start] a comedy radio serial [end]
destroying your enemy has subevent,b'world with item on something get someone with person get about someone s or your the in get you that one with from want is by the to the',[start] you might get hurt yourself [end]
water has property,b'object water clothe be play off to place or in many for all treatment are out be with from them the with for something with you you this s',[start] transparent [end]
tape television show has first subevent,b'world a than the one your object out when get an cancer you take in the this on being get as another on your by all that something what',[start] program vcr [end]
giving a gift used for,b'item it food pictures up their succeed while with both person be on someone of of all out at in people for the water over part over about to',[start] charity [end]
Stephen M. Cutler was honored last night at,b'there water object with all them during united item to person person and in and the water you in in who who an book from as while about his',[start] commission headquarters [end]
a manila folder used for,b'at be book s their treatment over people up at your person what an of at many cancer cancer about who many for it than that at part who',[start] filing documents [end]
"Tested is past tense, testing is a",b'with object up world law by with the for it over you',[start] present continious [end]
Debra Anne Klein is,b'many on clothe from food to different and many on at s to person to it someone in someone in for to you it something get be from by',[start] their daughter [end]
a nutcracker at location,b'at you get not his you to find another in this your at on with another your an want to you know by both have with you both as',[start] a store [end]
go to sport event used for,b'for it to an person the book as this that at cancer before to the book over by are for his cancer between your at like the people an',[start] cheer your team on [end]
Someone capable of,b'day world person hair like like the united states an friend with for his item into of to at both to someone that be that person another with more',[start] plan to go to the movies [end]
Large dogs has property,b'food water their book you go at object that with be their clothe cancer that water on it by your work or be that to person on their at',[start] affectionate and gentle [end]
eat has last subevent,b'water hair or pictures s music between cities treatment by object to important when many world while about be when the chinese person from someone like one person who',[start] swallow [end]
semen at location,b'restaurant finger hand states water at states than hair cancer life for hair on their in it another more part or this to to do one when someone another',[start] a porno [end]
A person capable of,b'food item health health the ground off about many the sentence as healthy between for with this from the clothe that item for are it someone and religious the',[start] learn to read [end]
exam table used for,b'water book with be water than people during all for treatment s hair',[start] write exam [end]
penicillin at location,b'healthy law thing on water from world at states of restaurant you book off of all item in them your in an cities to for and and who another',[start] cabinet [end]
some dogs desires,b'restaurant together the money your hand including of object treatment of people on law problem your friend over with the object off who that that be both hair at',[start] fetch frisbees [end]
gun capable of,b'of people cancer of in one treatment to world between water from you its it more also or person up it are from for for many religious person you',[start] kill you dead [end]
March QUANT_S_1 Revenue QUANT_S_2 q u a n t r after,b'world quiet',[start] the latest first quarter Hope Brook Gold Qtr [end]
making people laugh causes,b'water or to a person by of with in them together than person your job for something the the then that to both item an in with like by',[start] the atmosphere becomes lose [end]
write a poem has prerequisite,b'room item cancer food who night states to place cancer treatment s world with the book who from and with his chinese treatment you in by by treatment be',[start] get a pen [end]
spit causes,b'item them health time them at to water for people who work',[start] fight [end]
open business causes,b'that heavy for food during food up to are food treatment than them off your in by it down all when with an jam that you live that into',[start] make profit [end]
write letter has prerequisite,b'room thing',[start] buy paper [end]
american life has a,b'clothe',[start] get way out of balance [end]
see art causes,b'succeed for object for of self clothe together to in people are between sentence about be all the cards with like at on be by part before someone with',[start] appreciation [end]
teach other person used for,b'cancer states rate item a restaurant from treatment up by and restaurant to self in many for both to your united more while someone of from of person and',[start] share experience [end]
gazelle at location,b'succeed at them down against of restaurant as your cancer down be as in you something in about into of your out are on both are are part of',[start] ivory coast [end]
horse has a,b'many water food that clothe over of night item and one about someone into for more person in by as another be by part over when that when when',[start] really good balance [end]
this used for,b'many music treatment and finger item with treatment item down of food in for human s states you watch in this religious s part as person part your treatment',[start] see wood [end]
flower bed defined as,b'you want of house on at to be something into into a the water away while all who both person to move for like make his be with someone',[start] sometimes flower garden [end]
see artifact causes,b'clothe them you read and music cancer with are with all that clothe the water about be an world from your people about with are as by as more',[start] bad reason [end]
enzyme is a,b'to in to make for person for at on with all and treatment or at are when while like be an then them who be all at while the',[start] high molecular weight molecule [end]
divorce capable of,b'when it with at on in that people over from in at and restaurant s treatment in person what about an religious from another another them as people person',[start] include custody agreement [end]
howling with laughter has subevent,b'them them when at them with that their to do and religious person than your sentence as that you an are that one over your part over out as',[start] crie [end]
14 reviews included,b'restaurant room or book of music between hair s treatment the mouth as house to more from are both person be person when this s a also s into',[start] in this review [end]
mouse capable of,b'cancer of succeed and law together from for food off treatment that people by then more by at also cancer away between and against at you by to his',[start] life on grind [end]
dust at location,b'there water when something of people be for an day in cancer cancer when this person over the world by by something and all and with his religious are',[start] under bed [end]
Antowain Smith cut,b'object person out food for at the kitchen by with that item away with part you in this out at about are you your person with an religious into',[start] wide right [end]
join army has subevent,b'work their day off in self jam than treatment that be people what as give by that on in one for an of people on your also than part',[start] go to war [end]
seeing a story has subevent,b'that in cancer about part treatment for to you another as one from part from be on more on the as to this more while both by from with',[start] turning a page [end]
stand up has first subevent,b'self house',[start] plant the feet [end]
a picnic table at location,b'food person than food at life including from united night out your people between there between jam you live with all this cancer for its an in a political',[start] at a rest area [end]
men with lot of money has a,b'world united be at a succeed together of most both their book when this night between be more another it someone on another part are you your at in',[start] nice car [end]
fall has subevent,b'on them person his people from item about into the food your people person over this the with an jam your restaurant down you might the be that get',[start] you break a leg [end]
celebrate has subevent,b'music food cancer law item your country between political or also them the sentence then all or out that heavy both part to both be person at to are',[start] special achievement be recognize [end]
a magnum opus new york,b'self jam',[start] American identity [end]
Champagne seems appropriate to,b'music fun person hair and fine by item than its line at very person by at as in and with of something what the object an item while it',[start] QUANT_O_1 this splendor [end]
The secondary directive for machines is a,b'room the life by at be it who with it your you be on like for person with his for more cancer of as person what an states by',[start] : Obey human commands [end]
the House had,b'there them',[start] a 394 - 21 roll call [end]
an erection causes desire,b'restaurant environment system in hair world off law problem from money on ground of to be one as one when at one than person person a to the both',[start] masturbate [end]
roller skate at location,b'the at of more book as this be to both and of by it be person like of its this are and all you that it over than something',[start] skate rink [end]
One impairment a person might has a,b'cancer thrombosis law out or world about for a money before restaurant disease up all person than them person that to someone about by your item are person his',[start] is bulemia [end]
obstruct justice causes,b'with to on you to light while s on many with people to them with from with it over at with when for his for you get with the',[start] get arrest [end]
the impact of the latter is,b'item you good s to more and their of you have want from on want it the and of being the in like someone to one with for of',[start] modest [end]
handle proposal motivated by goal,b'be something food against water up between item than for for get many to watch all out that something when one away at another more part about this more',[start] do your job [end]
having fun has subevent,b'clothe',[start] enjoying company [end]
hi-lighters at location,b'treatment treatment clothe by finger disease of time who book the states during restaurant you them about with human out that treatment and then person or you something like',[start] a cabinet [end]
its proceedings take anywhere,b'cancer cards treatment',[start] place [end]
kiss someone causes,b'water treatment world hair for you of the united the thing cancer states you have the country s both while into this with your work over while for many',[start] lipstick smear [end]
data concerning,b'water pictures on this person the gun in to know treatment that self succeed over from come the united be like like his night in being someone when more',[start] the prognostic strength of current tissue biomarkers in the diagnosis of colorectal cancer [end]
empty boxes at location,b'work like work an treatment what is you you buy at see at another that to it like you live his be something to to not person in that',[start] a waste bin [end]
philosophy of mind is a,b'be an food as person or from a states when many about and this this also part before also as being are on that a to the heavy as',[start] subdiscipline of philosophy [end]
waiting tables used for,b'day succeed cancer of item up you see in an food treatment off that item s into s when another it by all out more treatment in the to',[start] giving people food they ordered [end]
lp record receives action,b'world work to not many food by united by it down that clothe by that the religious and all into to another another person as you person you want',[start] make from vinyl [end]
gas used for,b'treatment the your person another more in many to place or to you have want you it a sentence at an food what who both and one you in',[start] use as a fuel [end]
educate person capable of,b'cancer band thing be them at person away by at by that s person person like by of the religious while this to its one an with at on',[start] face hardship in life [end]
get exercise has prerequisite,b'their place and house m by life than work for it on an the food when by who that both person what you have from this on like at',[start] play a sport [end]
Hong Kong is,b'healthy day day for many thing of food s religious on in life to different states when this about on another people you want into at at this like',[start] South Asia [end]
debate politics motivated by goal,b'that get many than that its like make his this up into an new your to you not as live and your something the that to you all on',[start] have good laugh [end]
light match has prerequisite,b'book of with people for a of restaurant in you it your of of a chinese with another or about while you live you want more by it are',[start] find something to light [end]
The governor 's campaign aides offered,b'object law up day for at states when of by object off away in on life down away on into when as all your united with by when something',[start] a quick retort [end]
chewing your food has subevent,b'book s world house system than finger between religious food off about an chinese out cancer states on as of of self part than something on them that both',[start] you might spit out some gristle [end]
see excite story has subevent,b'for people treatment up mountain and law between with that in person into also them your them about to live between are be at the book s both or',[start] hold your breath [end]
monogamy is a,b'hair house life together in bed at treatment off about many the succeed treatment who it up into as person the hair and for like on this the one',[start] relationship between two person or animal [end]
go to a party has prerequisite,b'day item together with day of friend against law the food hand into many day people off be part from to self in person who in be at in',[start] put on nice clothes [end]
glasses defined as,b'clothe money health world and music or succeed together or for it on restaurant you being that of the book as heavy be who you being both people by',[start] a group of glasses [end]
the company clears only,b'object the item it by like book off on more over by people you get like being an night that it more at you get being into you make',[start] specific hurdles [end]
celebrate has subevent,b'clothe something when work someone that world person that in also that to not the on that them about your as you the are want into of person while',[start] band play [end]
A person capable of,b'person and house card happy time the people during this in in in all s be are for being another about this also you this part or that them',[start] twirl a plate on a stick [end]
get some physical activity has prerequisite,b'be your water off by your and at as it in new be something another in an when a all are part who and its who his and an',[start] run five mile [end]
horses receives action,b'object or object person and healthy by person about your thing you one up like you get as with are another by by to in his also down an',[start] trained to jump over things [end]
piece of trash at location,b'healthy for object to work for person from many with from with treatment from and pictures before or for person s with an also of all out that people',[start] on sea [end]
someone capable of,b'succeed item object treatment treatment and gun during their finger off than water item and treatment who you you live between religious while for for on all and into',[start] hunt wild game [end]
nashua is a,b'in book cancer the the clothe off from as their book down that your treatment over an states out what an sentence than with an book of more about',[start] city in new hampshire [end]
fight capable of,b'day person them item food over',[start] make person upset [end]
jewler capable of,b'be watch work it in and person after to cook at the finger over s someone when get into when his religious what his all all it person an',[start] value jewel [end]
sloth at location,b'work work up pictures and the person that self also as make all s all by that that you person or on many you to the your water who',[start] burrow [end]
telephone at location,b'the all cancer a person when all in person the with this as to with someone person what something for you of by into that to someone be someone',[start] earth [end]
convict suspect for crime has prerequisite,b'item water or life cancer with problem',[start] gather evidence against suspect [end]
many hats contain logos which has property,b'hair his clothe with many out up while s them by very in your world when in be at at when for more s on all s at a',[start] esoteric in nature [end]
Overexposure to the sun has property,b'healthy up or for to store',[start] harmful to human skin [end]
drink used for,b'in more or at you that for into with in them with your or it what all s are s this and part to it you in you this',[start] quench thirst [end]
change society has prerequisite,b'restaurant finger of your states be succeed day as law day their mouth to water you at at at an law for person that more while with of this',[start] define society [end]
meet interest person has prerequisite,b'there chinese pictures life day system to sound when to the money item treatment or it the item be when your music while to want s of that with',[start] you to leave house [end]
write story has subevent,b'healthy treatment clothe off the money for in be line food person over on food on it than of into while and against it over for all of as',[start] gather paper and pen [end]
a group of mourners at location,b'for the person s item that to with at out is a house at person up when on both more out who like from like on to it like',[start] a funeral [end]
hairbrush used for,b'the more of be work when his for as one about you someone that with be when it get it about all s on people for of for its',[start] brush your dog [end]
Some people has property,b'cancer restaurant states time in one in with treatment off cancer s book of their states from and then as are also on one for you his to get',[start] afraid of dogs [end]
find lose item has last subevent,b'clothe water to one your book away than work into by united part between also to an person when something that it that on in who are an and',[start] give it to owner [end]
person not desires,b'for object or in states at',[start] angry parent [end]
Americans has property,b'clothe person in united one who the chinese during it with are united united this on at you person be all or from many to in to get his',[start] proud of their heritage [end]
A roof defined as,b'water hair thing in this your their item up more before restaurant with people while that at like on from and people or by like when all and by',[start] top of a house [end]
playing the violin used for,b'people their line food about a the restaurant for his item or be like more who and you make are while you for and it his person up it',[start] the joy of making music [end]
woodwind instrument at location,b'clothe on room the person as work',[start] concert band [end]
a cottage used for,b'people item to make at your mouth your gun out about both mouth are that line away who you the restaurant while all all you it be your heavy',[start] vacationing in [end]
dress and pasta is a,b'world on their water them up is be while in them who more of are both all treatment is your book or on part s are from many it',[start] type of food [end]
gold has property,b'their many be have in and world in for both the united that food during their about when the person from one you be your that are into get',[start] shiny [end]
fishing causes,b'succeed someone in and of them into out cancer about as them between this that all your food are when you person be many when it than in a',[start] having fish for dinner [end]
going to a performance causes,b'hair music restaurant to an park down at self jam your book during be in are an book than human when both more religious more the that like something',[start] joy [end]
personal slight causes desire,b'item them from book when its also or of person for them by part during the political of people be part that it of an self out at you',[start] judge someone [end]
clamp used for,b'clothe water with one your object or that in to friend you an law or your life who in that with of as another from your one down about',[start] hold object together [end]
white key at location,b'there with work an the item by united that many their water by while on and for on of like at it when the clothe as an for are',[start] piano [end]
a lady capable of,b'when for food states your space on as be at your be it off you do another or get and from like and one someone and the person like',[start] receive a love letter [end]
zoom lens used for,b'person book s in it off down against in your house at with all at many people at the book is your item you an goods more person someone',[start] see distant object more closely [end]
one food that may receives action,b'music be world place for see out what to become or at food that many to not it it to live or from be you someone person the part',[start] put in pan be sausage [end]
fight war motivated by goal,b'world pictures person person work in wallet line s law book on friend as give its person when both religious s when at part for this from in with',[start] we be invade [end]
curtain at location,b'water in day their of you at by about for like in that for that their from with all be about to in part that are while what it',[start] the theater [end]
Richard S. Tedder is,b'many hair object for a country your space who and in it treatment up who someone during who also over who on in for part than another part that',[start] Dr. [end]
use calculator motivated by goal,b'water book food to like on out your united this during for their cancer as heavy your on at while on with like it that are someone with this',[start] do math [end]
Fungus gnats has property,b'them at out s house with food item down between part as like many treatment the world be of to someone than are in at part about with both',[start] annoying [end]
spend your time on this site causes,b'clothe about fine water water of people up into at item off over more with it in as at as the self also when from in from at both',[start] get eye stain [end]
success causes desire,b'the new than that person from the people are of the united also it about the then get at as it by this of and part be for as',[start] have party [end]
soap used for,b'cancer pictures with them by one the money',[start] wash your body [end]
fish has subevent,b'water hair restaurant disease day and the united pictures at and bathroom into more of at be this self this part your life up into your them by someone',[start] peer into water [end]
vomiting is to receives action,b'with many their up up from treatment or up cancer between and clothe treatment and the pictures up an with are about with it more also the people with',[start] avoided [end]
a sunglasses used for,b'there united line something something like and there cancer or by your book to watch from on are in who his of on their of by while all person',[start] protect your eyes from the sun [end]
see your idea become reality used for,b'object object health the water s united their people that cancer on them over person at by with get his by something as to not want as on to',[start] attain goal [end]
give clue used for,b'day object the people or water for of that of water or be part off it into into many religious out you that an with something your and be',[start] help guess [end]
a choker used for,b'object item them with his succeed that kitchen to many mouth',[start] wear around your neck [end]
monarchy is a,b'food them as like and united problem up with on more in treatment treatment during s your with from and both treatment during someone at are more from your',[start] old form of government [end]
some thing only work if they at location,b'them at their water of night than them about more also between treatment about for like at of an the part over more to another a as that be',[start] right place [end]
exercise has property,b'healthy or people against to person you life into them person with someone as restaurant s or all when the in both by be your to the people you',[start] fun [end]
downspouts are,b'with item object in your money to for someone the day that on many out on the political your food into this part that to get for his the',[start] clean [end]
human interaction is a,b'their many water of part with as world with an s one person up on that of someone and come what you get his and the in all like',[start] game [end]
talking to someone has subevent,b'of finger s food than it against self world also food people to space the country on of the fine into out all to something a restaurant is you',[start] make an unusual face [end]
buy a shirt has first subevent,b'them and for and their law you for the object about of it is on about another this or more are this when like the more over like someone',[start] try it on [end]
2 Diabetes Mellitus is,b'day to many their you use and with are and in cancer',[start] a chronic disease closely related to personal life style [end]
anteater capable of,b'succeed for on their at like be about of many or this cancer out s as at on treatment your in it your s that for that many to',[start] eat ants [end]
Most of the animal skulls are the result of,b'object law on one a restaurant s the item as for them treatment what many and heavy part down between into that that as another something and person when',[start] culling [end]
obesity is a,b'at like at to someone of that many than being all out between while in are who when to his about in both from one all it is from',[start] correctible [end]
different breeds at location,b'hair work',[start] dogs [end]
moisturizer used for,b'many be health be make his life for on their by to human at it who more who your to have like all an night the of many an',[start] spray perfume [end]
The bottle is a,b'succeed person with life their the package disease out or treatment s book treatment and people up out when that with on for with that are are all this',[start] casting a yellow shadow [end]
person be kill has subevent,b'the at get have watch more up your to good treatment or are that on are of another on for a treatment are as have this be your in',[start] that person be damage beyond repair [end]
watch tv show used for,b'many them food person another their many many of them for at item on person all while be all your of you something as have something the this as',[start] pass away [end]
meteorite capable of,b'at a and up store it over at them in be the people by someone over by while his them by the for when it for at part over',[start] near planet earth [end]
climb mountain has subevent,b'clothe thing door from an day states with you be one and part when being all at be the you on an along your people on like someone your',[start] bring oxygen tank [end]
Mercury is a,b'there for be are your hair s be at that water from them off with someone that cancer from another someone at them at like are you at the',[start] about two-thirds iron [end]
reading a newspaper causes,b'succeed food from on the package together s for are line together with someone for for you person into both who the clothe for someone someone person your it',[start] understanding world events [end]
tell story used for,b'person on item food by them in part you on about this of them what that many someone than human it over at from its it about are an',[start] make person laugh [end]
a control room used for,b'day jam of food to your hand s thrombosis about many day food when treatment while who in person down out with many person with an during when another',[start] checking up on people [end]
a courtroom has a,b'succeed of the it at to like many by someone the water down on are while by be be might get like in like when someone about when an',"[start] a witness stand, [end]"
solor system is a,b'with on item with by one than self s by to more before book at people away down what a this as their your you one more about for',[start] wonderous thing [end]
The doberman is a,b'day restaurant life book off your book states off your mouth also out is be in both who religious you are when person of are both of and on',"[start] a loyal, intelligent dog [end]"
someone capable of,b'to one you like live of your it s all into this them who from something like someone you to watch more all s with have get and want',[start] eat a sub [end]
see a movie has subevent,b'food for treatment the in be that people while an house over out to many at are out by and that self part of another the religious about it',[start] watch and listen [end]
having fun causes,b'world law up law goods item',[start] get a criminal record [end]
execute fly kick has prerequisite,b'person thing water the person person from food or the healthy during you want your life you are many your it what who want be this s when more',[start] get run start before jump [end]
The German-English Academy was founded by,b'them at their your you a in like get and all while be this to take something and more into about might know into to both at all your',[start] a group of Milwaukee German Americans in Milwaukee in 1851 [end]
a bullet used for,b'succeed book of treatment person item on them your food',[start] shooting people [end]
a baggage used for,b'for self clothe',[start] checking in at the airport [end]
Toyota makes vehicles which has a,b'be someone then it at that by your it with of people from it from its be both as at many your to someone or are it by like',[start] alternators [end]
Revenge of the Nerds II defined as,b'to that someone you more about all your up your than it what an treatment a book your book by for more at this this when one on get',[start] sequel to Revenge of the Nerds [end]
something at location,b'water then house water life from cancer life of and day for be you person that both who in this this to its as heavy by be from it',[start] open pit mine [end]
room key at location,b'world something someone on work more your book over on treatment s to its like and your this of by this into you of it like into like on',[start] at hotel [end]
badminton defined as,b'day law or a day cancer from their self also disease book from be that be part at of more or by his jam about all who to being',[start] fastest racquet sport [end]
a person capable of,b'of clothe',[start] swim in the ocean [end]
some mistake is a,b'at be the person into like when a friend the',[start] not correctable [end]
attend meet has prerequisite,b'of clothe hand day in this thing of water cancer and chinese on cancer was item up about be with are cancer from by person who from with another',[start] get dress [end]
sunny weather has property,b'on all on life treatment of water book is one than be the sentence your your life for another in the states into an with in like this and',[start] considered nice [end]
metal has property,b'succeed by in their you do that object about to it to your in your object be on on you another on an restaurant more from one into all',[start] hard [end]
eating causes,b'when it or water down at be united states who by your place as at both who by when all be something another on are the you get from',[start] becoming overweight [end]
MDMA at location,b'people be person at for them',[start] a rave [end]
baseball field used for,b'day world room when his kitchen s of this treatment over your healthy of to its all and be heavy an hair off your day be and s something',[start] look at diamond shape [end]
the Clintons to q u a n t o,b'for world together together sleep s show',[start] the retreat [end]
swear causes,b'cancer on food between food about religious item by to more then at this that that into and it an cancer cancer in this or over out you one',[start] make someone angry [end]
watch a movie has prerequisite,b'succeed be people for his water between with when to have to you to one while of something about at something more be might more when in your are',[start] turn on the tv [end]
commit to memory has prerequisite,b'book clothe s treatment hand book at be there off to it treatment of water you both for are of for more who someone someone are that part away',[start] think very long [end]
an approaching car capable of,b'be take take do your health or another at person the clothe of the restaurant about have into might the like very with one who for you his someone',[start] hurt you [end]
coins at location,b'with that treatment clothe of on from of self at s treatment you you them down down who with that to to something than it up into it someone',[start] a water fountain [end]
a computer mouse not has property,b'of sentence house cancer life together out up up who united them at restaurant your people into an with another of at night on for of of a the',[start] living [end]
bill file at location,b'that it be many the be on part what to work by by in one from get an are into of it your treatment to know into for with',[start] accountant office [end]
This is a,b'restaurant law person on the day by sentence at on you for another treatment for by one about a water from like it like and all that that someone',[start] a bottle holding a orangish fluid [end]
Onawa is a,b'to one from food to to to one when from garden cancer down on this religious while another the the united also when you like be your person by',[start] a town in Iowa [end]
an audience at location,b'them person',[start] a show [end]
go fish causes,b'day treatment and states their in in hand that money you many book out between states over while someone out or an sentence to not an book be both',[start] have fish for dinner [end]
A pain causes desire,b'in and in as treatment out for and out about s as object cancer for as one treatment over to to to more that be with are and all',[start] have an examination [end]
take oath has subevent,b'there something something your in of be many by with both this out are someone with are into be heavy person what more more about get someone cancer over',[start] touch bible [end]
selling your new book causes,b'their person them over that on that them as person from people to you want with as the for the book more up be are of you on a',[start] earning money [end]
Compassion and wisdom has a,b'on for one pictures from one who or religious the day',[start] a positive effect [end]
Ms. Ephron is,b'person about of their clothe at of this in its water by that it as open into about the on and their by be your this or over when',[start] a novelist [end]
black-capped vireo defined as,b'there thing hand states into your restaurant',[start] Vireo atricapillus [end]
number used for,b'the a people about on in and most part and them are part',[start] work thing out [end]
wait in traffic has a,b'book about restaurant at and their clothe over with many person more by the healthy cancer against who treatment up for part than like you have in them at',[start] high economic cost [end]
you capable of,b'book item their house life on with an fine and in water during religious then person that be treatment between are the ground you might a for a part',[start] drive onit [end]
person not desires,b'them for music his thing over your of one for and the life down s you them s like part down between also with an part when this with',[start] bad luck [end]
get contract has subevent,b'them for at the their by more you do another by this about your music up be another be might a restaurant into his your human about like this',[start] sign contract [end]
person not desires,b'item off health hair them than the clothe is hair by one during to light on treatment what who when this person at on one while be part that',[start] be drafted into the military [end]
someone at location,b'of water',[start] the compost pile adding yard waste [end]
something at location,b'book that when their you watch with a sentence your restaurant the house on for it at both your at like both into in by of another as in',[start] in newspaper [end]
fruit at location,b'be live in them than the object up all are this also cancer over many religious on someone to are like want out at many many something about a',[start] kitchen [end]
A dog capable of,b'on your in more while at their in your on this be more is when someone over that all up what as new also the it like for the',[start] eats dog food [end]
hippies in april,b'item up in with something his cake by people in on self book or on your kitchen to like one to work person like his on with his them',[start] that year [end]
pacific ocean used for,b'many sentence house',[start] swim in [end]
David Spade is a,b'there heavy room food food the object between clothe over that hair with the with like another it your their as be heavy this religious like from the in',[start] not God [end]
run in marathon causes,b'object band for person down by world pictures down s tape between with in their states in the clothe of this out your with person you be while you',[start] complete exhaustion [end]
sofas made of,b'world person and the car the treatment',[start] leather [end]
Apartments receives action,b'item law food for part between law to one of food treatment that the chinese person while in and and all during s that on of of also cancer',[start] built on the ground floor [end]
there is a,b'music a it and one over the world by person be heavy into someone this than not to like are for human what the water off and your part',[start] bury treasure in carribbean [end]
Chickens not has property,b'self quiet water of your world into be your clothe of you many by this item for when another an cancer in more for as another be his like',[start] allowed in motel rooms [end]
A private foundation seeking to revive part of Newark 's blighted downtown is to unveil,b'item to person to at to one between about something over while be in for your them at on person when his at like the more another for from',[start] a $ QUANT_O_1 plan on Wednesday to help transform the area into a round-the-clock neighborhood [end]
go on internet has subevent,b'water or sentence treatment item law treatment down in book out off and united life to live as that for with them to both the this the chinese it',[start] spam [end]
fire capable of,b'succeed for you take another someone the of their people when its people that someone or by more who your treatment in the part from something by it more',[start] cook vegetables [end]
"To ""act"" defined as",b'with that it s item away s religious then you have like like with on both like of be at more while more and it on are another be',[start] proceed [end]
The Loan Deal goes through on,b'them out when person book the often over by person be object is for a law be his there while your ground during on of as something another on',[start] Oct. 6 [end]
kid capable of,b'on someone up law from the food or s all person out you an with as an as at be into who by person that you make into from',[start] be brother [end]
job is a,b'day room',[start] student [end]
desk drawer used for,b'person be the many item that clothe for them by new on with at its it person an food be an in by the food up is like to',[start] hold item use by office worker [end]
can receives action,b'clothe learn water for that be like the water from the line while are you go a place on something a united as you with your self who both',[start] find at theatre [end]
A comforter is a,b'you become them that on it with in treatment are in see s more at people than for more in with are another you his your like with for',[start] someone who gives comfort [end]
run has prerequisite,b'of music clothe your house and chinese',[start] just do it [end]
The Concorde supersonic transport is a,b'work someone the pictures into them is you see person by make when at the this part of someone you you want the person who all person another of',[start] a beautiful airplane [end]
Elan Pharma conduct,b'item food the united their person when get what another of to person are the cards into like them be more part about of people or when it for',[start] marketing efforts [end]
Many offices has a,b'healthy restaurant s day day food up from states than it s day person at more the chinese more religious for someone while be part up for person all',[start] canteens [end]
I has a,b'clothe',[start] too much junk [end]
bone at location,b'succeed at item that on all s cancer at want an united s are all of it than being all an item into a then his self treatment on',[start] church [end]
bulb defined as,b'food item and self restaurant to job in in be self law at day your kitchen for get someone you another and heavy while his to might it into',[start] seed of some plant [end]
a baritone at location,b'food food with water person to one of book or restaurant item that for to its and treatment away out more out at with another that treatment from into',[start] a singing group [end]
xml is a,b'that many their be on from in by when have or someone the to light be be this by at as the by for both in it is when',[start] modern interchange format [end]
Steven Lonegan ran for,b'book off off hand between hair including treatment the day',[start] governor [end]
Brake lights has property,b'item object',[start] red [end]
yard used for,b'restaurant world together money item happy your item than a world cancer as hair that to to your friend to one on his chinese as with by into by',[start] distinguish property ownership [end]
clean your room motivated by goal,b'clothe book in for light it off out by religious out with at people by part s part away before from by from to in are it or your',[start] it be clutter [end]
a diva at location,b'hair them cancer than light person cancer from you do his their by its person when person or like the you someone all for human on from as want',[start] an opera [end]
wait on tables has prerequisite,b'book your water over to the object from as one up from on that you with at and all by your treatment with your them in your food over',[start] get a job at a restaurant [end]
cash and credit cards is a,b'music book clothe together of often',[start] two ways to pay for things [end]
take stand used for,b'restaurant them object and restaurant m before fine problem',[start] get what you want [end]
Recent research at the Medical Research Council 's Environmental Epidemiology Unit is showing,b'item your an pictures from live about while by light you play and with it than this on an who an this out to being of one up on',[start] that impaired growth in fetal life have profound long - term consequences for health in adulthood [end]
a sound used for,b'book and many treatment the hair by person and pictures is with many with at them and you both this than it are to are of both by while',[start] listening [end]
skeletons at location,b'be see your something you have by an thing a music when be know another you move more on at might keep into be make by both of get',[start] a museum [end]
the cop capable of,b'for work of one of part about for all as person than it person down while your their be for the the this be both at be of with',[start] direct traffic [end]
Light in the window is a,b'to a his his of the treatment off in on an cancer including about at all on at his about from their with your something are and an to',[start] a sign [end]
motehr capable of,b'food jam them while hair them for them s pictures of it than succeed on to that by this you human your food that person on all from on',[start] sing to baby [end]
a toy car at location,b'in them you you for do get from more all or someone than to both that people that into are from their as new from from his in you',[start] a house where children live [end]
drive to work causes,b'restaurant their day treatment their line you it of cancer off their food between then many about and there what someone over it that on part who to know',[start] promotion [end]
notebook used for,b'day united line person more while you for someone off of clothe out into you know when a succeed that its the that of to do to be a',[start] keep note [end]
the law takes effect,b'be person your food between to be their of for this food and this out than a with you want who and your world like of his night like',[start] Friday [end]
The 4MGS was,b'there cards',"[start] the 6 min walk distance ( r = 0.477 , p < 0.001 [end]"
attend rock concert causes,b'item the your clothe up that item on by by by its are more as very you with at want to with an your treatment or while all be',[start] hear loss [end]
notes at location,b'there united food at all food into this part to store about when that object who both you at from your object who on person to for and the',[start] screen [end]
bug has a,b'when his law of with their clothe a to work on the it your their in by what get an also in with who one with to it like',[start] leg and wing [end]
student capable of,b'day room on people by something a food or as healthy or against all the self for something this also at that you be that like someone and with',[start] learn about literature in school [end]
a neighborhood map used for,b'book for for water by up is in part up over treatment item down this at night over when one person by more religious be by one of this',[start] navigation [end]
watch movie motivated by goal,b'when that your to something to on in with into from one that s into all this the cancer the s that part who you more who all more',[start] review be good [end]
Safety pins is a,b'you do have you want on a many',[start] sharp and can stick fingers [end]
meet person has subevent,b'that like as the book between or treatment your item',[start] exchange pleasentries [end]
turn something off you capable of,b'music his clothe on get not make at by one or the item with more over at by when want and on are be you an night about that',[start] this to leave [end]
child receives action,b'self chinese them on book to room out and the succeed for part from be self at more in the president of more person from more religious your people',[start] teach to hate and fear [end]
one space shuttle acronym is a,b'of person or it when water the line against for people and object in and united s with their all by your out the treatment your and night up',[start] adi attitude direction indicator [end]
jump up and down has subevent,b'object',[start] break leg [end]
fountain used for,b'music person health your people from them to more are cancer during them up about for both many this for something that in one for for you something by',[start] dispense drink [end]
water at location,b'world pictures than the country about the neighborhood s people s the symphony or one s while for the hair at part down your succeed someone part over than',[start] a bubble [end]
Chewing food in the mouth defined as,b'item world object life off water by music your finger with treatment off you see at many into it as you do have in their of being a you',[start] first step in digestion [end]
someone capable of,b'cancer pictures by the food off',[start] create a new form of life [end]
Valentina Alexander emerge from a haze in,b'at person',[start] Zinda Williams 's stunning African costumes [end]
coreometer is a,b'many hair s finger of in object is for self their united about in at your food during to more you your the treatment as a pictures who someone',[start] pupillometer [end]
improving yourself has subevent,b'book clothe for a day their room at all that united restaurant before at work your object your treatment at from are about you watch another are someone as',[start] join others of like mind [end]
some flower has property,b'work on house system book book is hair cancer the the space out are treatment your one when you something and its for many are from from by by',[start] edible [end]
Most people desires,b'on you something it when his s as something what something who at your your people over someone what it that something of on another when know it in',[start] have friends [end]
you shake has subevent,b'book it health and succeed treatment with on item your to human the house or on more while as people for by your clothe on more out what you',[start] rattle it makes noise [end]
rain storm capable of,b'hair house their food for book between restaurant and there treatment on be world the healthy treatment by another religious s with as someone with are with that are',[start] water lawn [end]
Music causes desire,b'be see at like get your their by do get a ground up are more as be for watch get for might find something make from make want is',[start] relax [end]
make patchwork quilt has subevent,b'many hair line item of the finger your item or many for more with the music over or when of part your of are when person or out when',[start] cut fabric [end]
person desires,b'with and day day law against states by than world at of the in cancer as person while more into the sentence your person a part than for part',[start] anykind of sex life [end]
subway token used for,b'when their them your line be on them from to get many or this of by that into more you both your water than to his while to in',[start] passage on subway [end]
Pittsburgh and Boston both has a,b'them like with it a clothe the object from part when live off over on at of that that of an food what when one from the at by',[start] old things [end]
reach tentative agreement has prerequisite,b'to be from at get with more cancer at their with the food out over on and many be from as someone more with and many than someone s',[start] communicate [end]
cannabis at location,b'them at this one during for more out with of item off be someone treatment s treatment during its by into many person the this your your that are',[start] growhouse [end]
it receives action,b'to get on with to a day s with in like more person out out more on a your this this are an as get the part to your',[start] clutter [end]
anyone capable of,b'when your clothe person and like with are treatment during person or and treatment of this and from religious at be many also person your book than by this',[start] judge person [end]
a dancer capable of,b'there to the for in you to people the water over into by cancer or from on from person what another all of who on their more cancer that',[start] dance in a competition [end]
map used for,b'you do with one be someone to feel someone s your are as make like that you you on in another your want that something all it what someone',[start] locate rest stop [end]
The U.S. increase aid for,b'of food cancer treatment to world during clothe into s cards for the item during out into more treatment between all and jam that that people as out or',[start] birth control to developing countries QUANT_O_1 [end]
get some physical activity has subevent,b'people when succeed for like water of night with you to watch about be on all about at you that by want for be and another are s more',[start] improve your health [end]
bob dylan is a,b'them on you your it of cancer from the book into as human into that of in person what a united cancer as it another on and part be',[start] lowrider [end]
clean clothe has prerequisite,b'restaurant house happy money',[start] find dirty cloathing [end]
at top of arch is a,b'when water item life food item',[start] keystone  [end]
a restaurant be named for,b'their many water quality you read away in you buy about the mouth someone what for get another it that human his this at the it while are your',[start] its address [end]
food receives action,b'for book be on food together and object on many treatment between for of clothe of an world who person person down from self be more during people at',[start] purchased at a mall [end]
San Francisco has property,b'healthy world in their your people than to its in their food together of many life or for more religious your of your the succeed like your them for',[start] close to Oakland [end]
elephant has a,b'world to their them into with be cancer including who with that people with more than them who someone from someone than something for at by something than its',[start] leathery skin [end]
a library used for,b'hair for room of clothe their and for you your line',[start] reading [end]
attend lecture has subevent,b'clothe have child to play to move with the day at your hand at buy you at of that very the your something you something from with an religious',[start] sleep because of boredom [end]
go on internet has last subevent,b'many sentence to one out up that world when be be their restaurant down be their s like at on with into at more all are his people on',[start] enter address [end]
send criminal to prison causes,b'work work thing with a restaurant that clothe when might learn over that all then with for like both of for both in who something are to know by',[start] good society [end]
condiments at location,b'healthy thing health with clothe about for heavy at work with about at that hair into with who this into to are and then in for another s while',[start] at dinner [end]
deception has property,b'for at book treatment treatment or also book as of on their to people by while the item with as the be new this by that all person on',[start] bad [end]
great athelete capable of,b'in in you for another into your money between at',[start] smoke competition [end]
become a scuba diver has prerequisite,b'there person house at person in you many treatment when on at food is clothe between into with with you you do for you do his like them as',[start] learn to swim very well [end]
a finger used for,b'for many restaurant down a house happy you at s your thing to be its are another of someone are both this part the on their one off is',[start] wipe tears [end]
win baseball game has prerequisite,b'their on health health than at treatment in to a item on be like new as to one on by get at from his one into when a that',[start] play baseball game [end]
Lois Epstein is,b'treatment water day on in it and world while all water to water as finger be for like people off the with his then that people the people all',[start] an engineer with the Alaska environmental organization Cook Inlet Keeper [end]
something at location,b'day their be something live by an friend with of money over also at treatment about for to watch the law with are at an also more more with',[start] top a mountain [end]
low animal has a,b'for something that person down be religious cancer as water in to work be that one by all more or more s more and of the this in and',[start] few or no emotion [end]
pay bill motivated by goal,b'you it out m out as get in all more between person your that good that more than to see it person is being be get that something with',[start] stay out of trouble [end]
castanets used for,b'the many at new in their to the hair and s cancer of out between this up you be from their be being this who are from an for',[start] accompany spanish music and dance [end]
entertain people has first subevent,b'healthy sentence restaurant or their self in finger on you life for of out during the house as item on a day about a item who as more with',[start] put on music [end]
go to bed used for,b'their important treatment life person against law when treatment that with very you at an world for the object are who and person down like as to a and',[start] rest and relaxation [end]
spacestation mir at location,b'restaurant time their food up as room over part of friend cancer in many finger from religious than self part during treatment at for human who person as like',[start] orbit [end]
you eat when you has property,b'for book them to food during their food and people on a mouth or out out your line as with be the the to for something you his at',[start] hungry [end]
learning used for,b'restaurant and job be house happy be line during to job during life for are part and the the food up as its also that person or religious as',[start] inreasing knowledge [end]
Mora became more of,b'item law thing to be one for many water with one s item your friend into and to see this this between of like in and at this and',[start] a fan [end]
do crossword puzzle has subevent,b'for work from many many your person in religious treatment your music on on be with for are out what to for the heavy into both part as by',[start] use eraser [end]
read a book has subevent,b'clothe money between book during it cancer problem out during a word that healthy in diabetes of are more and many of more from the one during by who',[start] you might learn something [end]
releasing your energy causes,b'when be it person that an object by an object down of be it s while by about on both the in that for a religious the many of',[start] explosive power [end]
going to a play causes,b'healthy person person in night or item than book of treatment at life than light of a clothe the political about for and part away when one you it',[start] entertainment [end]
the Quinebaug River powered,b'in person together player treatment over key person by treatment down during for treatment or person as of food that you being part into this who the then this',[start] the QUANT_O_1 mills [end]
sometimes weather has property,b'object book you go an restaurant in friend down out you like it out over more between it while another into another with a package than human the it',[start] bad outside [end]
Senior citizens capable of,b'hair with object of world between succeed to sound with cancer of restaurant who the hair about you new while an treatment with a object is it in of',[start] enjoy good health by exercising [end]
telephone made of,b'many it food of restaurant s of with their in cancer and part on all part to both in as as to like it at another s from the',[start] electronic part [end]
get exercise causes,b'on new for in item over you an in you their part on are like when more out like of like his with with one are while an treatment',[start] get healthy [end]
a coffeemaker at location,b'when many with your hair the law that and and food than person be an sentence up of for the jam on more of of this during and religious',[start] a motel [end]
someone has property,b'for on',[start] very good with write word [end]
a person not desires,b'book up their a day in restaurant s and pictures who be be this treatment about to many out when another for at on this religious an chinese who',[start] be dirty all the tie [end]
visit museum has subevent,b'person you like at his like in a place in an place get into on by that get person who with one you all you a all person the',[start] decide to become artist [end]
A student capable of,b'there cards their the restaurant between clothe at this',[start] listen music [end]
Male martins use the song as,b'work them as your hair have for live who being from its item from being to might at of person by his them with at with might have when',[start] a to a mate [end]
a frying pan used for,b'healthy thing them down at clothe a line s law',[start] saute [end]
Forest fires cause the sunset to has property,b'on this with up or up than with of this from their you all at the for with from an out by with into that for from from something',[start] very red [end]
apple juice has property,b'on a on with to do what when like many',[start] refresh [end]
Floppy disks not has property,b'cancer on succeed item more heavy against who s this the their many their more between when his your are about that about this the as more into the',[start] longer floppy per se [end]
build cathedral has subevent,b'their place that your line than an for this book into a hair over another to take into at like both you do to you both all s to',[start] architectural renaisance [end]
person used for,b'world food from their water up up to one by part over be part you all when for his to both you that when another his also down what',[start] sing with [end]
horse hooves is a,b'when for their at to not or for all between you food cancer who this the item as more your that to more out with by part from of',[start] like human fingernails [end]
swimming causes,b'self book for the hair for to law to an object off you their in for for an heavy you get get be are while might your people while',[start] water in the ears [end]
rail at location,b'cancer thrombosis states law food off as line up treatment in restaurant into that your friend about about from it from by to this by when who and part',[start] flight of stair [end]
child capable of,b'food water when this united the clothe what all night that people when you an united night are this like this part than heavy and to like and like',[start] act petulantly [end]
suzie is a,b'water in you see want like by also that at their as food the on part',[start] harold wife [end]
a pillow case at location,b'self package them out as grow',[start] a bedding store [end]
driving your car has prerequisite,b'person your that both by you go out who his them the book s another into both also from that all as heavy person at at by one or',[start] gasoline or petrol [end]
flower capable of,b'person item of be you take to friend what like book are treatment at live than you to both are into another your music into something are to know',[start] continue to grow [end]
Michael Jordan is a,b'them about of for item to music by and of for their work down treatment treatment who someone of for like are person when person like into an in',[start] a good basketball player [end]
mole at location,b'there person at like an restaurant the law of with your water up or for the law down as it when the food when want someone than a also',[start] underground [end]
milk at location,b'succeed when at one or religious for water together at or of that be work the restaurant when being on your to something the on as it your that',[start] carton [end]
driving used for,b'people treatment them on life with on day the fine item person s restaurant and treatment out is many that it cancer during a the to his in another',[start] those who can see [end]
play basketball is a,b'room them when be to you be person for something about an in like in all on something with something on a sentence of as it person someone the',[start] form of exercise [end]
mandarin oil receives action,b'be their on than light the object',[start] extract from fruit peel [end]
visiting a museum has subevent,b'their for the them for for by',[start] buying a souvenir [end]
Inaction capable of,b'book person item house',[start] box you in [end]
climb mountain used for,b'music person law during more out during self defence also hand you make for one be it all or when make a book an key over something person person',[start] adventure [end]
barley is a,b'their like of money on light over treatment from more for work treatment at with person out that people all of human s s part about when another from',[start] domesticate plant [end]
Participants were followed up,b'food united people your with like out',[start] during April - June - July [end]
butch has property,b'work law up hair than cook restaurant hand for part disease than self states to watch while a treatment out what something something while you his heavy of one',[start] unlikely to be vegetarian [end]
compete against someone used for,b'on their be one another in this be both for it it by the hair your that into a then and part from in with you a world it',[start] contest [end]
ice cream may not has property,b'hair house with you your war by human in on for person in treatment about your house s who who who its that an person who his at a',[start] healthful to eat as some herb [end]
A ticket used for,b'restaurant in item or friend by succeed out during them person of both also to very also of people s also cancer into with to not you many also',[start] gain entrance to an event [end]
a drum at location,b'them by of of in their on person what you might watch than at all between the their into of in more who in get one on as at',[start] a musician's home [end]
a rosebush at location,b'treatment with their many',[start] a garden centre [end]
start family has subevent,b'in the water night for in this on all that people more by cancer between part be from one is both treatment than be person it you person for',[start] build nursery [end]
determine the truth has prerequisite,b'you take see another feel with have your object a thing and are for with all at both an night away out be another his someone the self be',[start] look for yourselfr [end]
go to laundromat causes,b'treatment line',[start] get your chore do [end]
his foreman is,b'for for a day from them when this treatment for that them what by book of one what you it at be and for at to for an religious',[start] Max Pierre-Pierre [end]
i capable of,b'item at cancer that human his water over while an item you might have might give it and treatment and part your their to one who with be you',[start] walk far [end]
globe is a,b'cancer united law than one treatment before hair for being to self for someone the for another on and for an book more and both for be as more',[start] spherical map of earth [end]
apply for job has subevent,b'you be for and',[start] you give out your resume [end]
Compliance with applicable statutes is a,b'on many it an country the book as s from book when them down of for a this you in as of them from of someone are treatment you',[start] a core company secretary role [end]
Humans has a,b'room water',[start] 2 ears [end]
lecture at location,b'of law day hair on law against to book be at of food up from your world during into this this person person to are while part before an',[start] conference [end]
a closet at location,b'room them object down on you many restaurant treatment that music person are treatment with human with all while with person your their this an also into to that',[start] indoor paint [end]
there part of,b'room over world it and quiet',[start] south carolina [end]
A man capable of,b'work it thing out on be the house out as many them when your the water that this like his people than that part down as your united treatment',[start] grow plants [end]
tree not capable of,b'music them',[start] walk [end]
a still body capable of,b'water at object that all at it up or also item to work in this than another in by all as at into s be one in person the',[start] water reflects its surroundings [end]
A construction worker capable of,b'treatment cards to it down from clothe for of treatment in object with people between people or this or heavy and for part with at part at out from',[start] position a cone [end]
ICRW is,b'object',"[start] a non-profit organization headquartered in Washington , D.C. , United States [end]"
a viola used for,b'there hair treatment states s book or pictures down about at restaurant up with heavy by by that their as another when an person in you your part the',[start] make music [end]
a rock capable of,b'work like his in someone while in like more with one up down out who being both out you person the food to to might at one into the',[start] trip a runner [end]
play game of chess has subevent,b'item on them you more more into something while more into all this out while being another them be someone of and your of in be heavy someone your',[start] check mate [end]
go outside for an evening has subevent,b'water law and item during treatment for on food from cancer treatment s people item from also at many about many that person about in someone over of of',[start] leave the house [end]
76ers has property,b'for and for the line a time and of be with be up off and',[start] go to beat lakers [end]
post-traumatic stress disorder is a,b'you an clothe up place be someone to want the for you you on are with of when at all by be have of at to that to both',[start] anxiety disorder [end]
a flute at location,b'hair in object food in treatment',[start] a store [end]
shades at location,b'person food s their with an person your money of book with are restaurant into that treatment by for being you do are by by on all while this',[start] a pocket [end]
locomotive has property,b'person for water on one when to live the room who more you be want like to like them person than both like more into an like person at',[start] powerful [end]
trigger flick is a,b'to do when his place have into as for with many with and at someone of all down by to have it or an more while both out s',[start] error in pistol shoot [end]
a cash token used for,b'when water out',[start] using instead of cash [end]
a ball at location,b'world food by for human with this clothe of for a sentence on one that water you all out from it an night of its heavy someone person in',[start] a soccer field [end]
RJR Nabisco has opposed,b'for object by their on more about person of all or about as with someone for someone cancer from are s all when your for from at many and',[start] an immediate spinoff [end]
A store capable of,b'many one or water against treatment of treatment by the room over treatment and item person person cancer at to like you to its human while part away the',[start] stock up on cheap goods [end]
Members of the AA has property,b'for up item at in cancer the clothe that world cancer world with your ground up over when this more and and it or to you the succeed it',[start] less likely to drink drive [end]
play frisbee motivated by goal,b'day up book book of on line item with on in space of people off on for while by also cancer when part into at it into with part',[start] use your muscle [end]
comforting a friend causes,b'treatment finger life restaurant on the friend between cities on line s healthy during the law on one in the water you get of people by a fine of',[start] crying with the friend [end]
wait on table used for,b'them you like live in the are the book with on with get someone is of all more or when when in at by from get another for you',[start] earn money for waiter [end]
many different ways to put furniture at location,b'you move for more an clothe and make for human when to make in in at an of for one to move out as make in with that and',[start] a room [end]
meat at location,b'be see on than play with from your friend who are you at in have the it or get that all of for all like it like from want',[start] refrigerator [end]
automobile has property,b'water off book book off from sentence jam who clothe over religious as self world while both about of by are religious over in are from like someone with',[start] beloved by american society [end]
have food used for,b'hair food environment up together disease hand hand',[start] entertain [end]
lose consciousness has prerequisite,b'cancer world of and united self for your hair in item into more against also s treatment cancer cancer than something as on your many it your book who',[start] lie down [end]
write tool ballpoint pen is a,b'restaurant friend thing the food or united object between clothe who water at a finger up the person when someone treatment the jam at like get a political to',[start] modern invention [end]
something capable of,b'room out item house system disease about restaurant problem by clothe of kitchen or this the country cancer against one your kitchen your person on the water over are',[start] climb a tree [end]
it is a,b'object them by people on people is be like it and their food by part of person at someone and more than like on an of the also this',[start] place to launch rocket from [end]
a monkey at location,b'the many book item while at book when its as at the people or about get to not the are from get with many with as one for the',[start] a banana tree [end]
become a scuba diver motivated by goal,b'restaurant with in the music a mouth in treatment s food to the law cancer who out about into that and people be both on by an clothe of',[start] traveling [end]
do housework has subevent,b'restaurant up treatment restaurant treatment m about for world person book about their water who heavy from also you an the with and and with your hair while in',[start] you vacuum [end]
student capable of,b'healthy house health a ground than country disease',[start] try to study [end]
go to mall has subevent,b'on person be more your clothe of its and in you not you you more up than might person all are by you being are a someone you know',[start] walk to mall [end]
person not desires,b'at someone that both the be it more all all s you more are this you that by your on someone are it be and the another you the',[start] be rob [end]
network has property,b'the water person and world during their many for new item from self also s for for many that in another or when one with something more when another',[start] good [end]
You capable of,b'work book many self quiet and tape s for at item with as its your day s to both cancer by all into into of from from both also',[start] buy little with a copper coin [end]
Dead people not capable of,b'when something the one all more cancer with many you get and object of it s another in both about someone when a it by at in a be',[start] wake up in the morning [end]
play sport has prerequisite,b'book person with more or united',[start] buy pair of skate [end]
Sperm cells not capable of,b'the world as live as with people that the sentence and the house between are from to be to being something s new all with for another in by',[start] live in your throat for long [end]
The ABC classification may contribute,b'cancer world treatment their it person with like treatment on night you its united food s as one in on be like are about this are be this or',[start] to primary care of digestive organ practice [end]
the national guard capable of,b'room music law hair that succeed about and person as person as chinese over in to get are on in as the that you his to being s you',[start] control that angry mob [end]
Many websites advertise insurance capable of,b'water from many with people while during be your item cancer or book up your to know of people on a states you another the religious when in to',[start] provide savings to the buyer [end]
Lack of nutritional understanding causes desire,b'treatment country item finger thing out down treatment by chinese during treatment off them over be religious during the also and item all and item the food between both',[start] eat a hamburger [end]
water receives action,b'food law object treatment m with problem book of with states item off than the states in it are at with when and you someone about you of this',[start] find in well [end]
Mr. Ellison mr conway with,b'book book book food who self succeed at that restaurant together for all during treatment over against for something on it with part you its and as by one',[start] a chance to reply [end]
another person has,b'restaurant',[start] stock orders [end]
see movie has prerequisite,b'of world together or friend down between sentence jam when one out up over book at person or it before then of more or in at both be religious',[start] buy candy [end]
go somewhere has prerequisite,b'food cards thing game of item of person at food that finger with as united for your states down than both as and treatment for and are then for',[start] go outside [end]
a person not desires,b'work of life for self on day over of person at book is to the food off you this you when a part of part with both the night',[start] stress [end]
hematocrit test is a,b'water item in all person up for book of water at them your thing treatment your sentence the seeds or from it the package is being this all this',[start] gauge anemia [end]
Gwynn said,b'there of book than item about you it is item than your person as a restaurant over all about one in to know like both or with with from',[start] would move on with his life In his first interview in QUANT_O_1 weeks [end]
this car has property,b'self closet environment and finger from for a quiet from in cancer of their world into it what of at treatment into and an cards down or part at',[start] park parallel to curb [end]
many of them climbed over,b'world united clothe them at to call out when that the world or with more more more of at for someone and more this and that more in like',[start] a lot of harsh terrain [end]
a dead animal at location,b'water law with book on many day also the country off of on item out away with their both to not with someone this while all as a people',[start] a freeway [end]
loss of love capable of,b'object or succeed them you not many cancer to job down and with by also s more about this this as that person all it an key s you',[start] break your heart [end]
burn grease capable of,b'on new at like of your with you make for this person an treatment in on person into of of to you want who another more the night with',[start] set wood on fire [end]
pepper capable of,b'of world world it work about from work at book is treatment while from for and of are of religious the cards that it or part than his that',[start] season dish [end]
a telephone booth used for,b'that on out over book who as you your and on are who treatment cancer during your be by of with the pictures and you both s another person',[start] superman to change clothes [end]
someone at location,b'that get your good that might find get with being is not more over all for all or and an your with person or all in by you do',[start] the toy store [end]
their pressure receives action,b'music on in many item the to be out from one the to the water as live for by your as both s person who by this on both',[start] check regularly [end]
One impairment a person might has a,b'world house house time law for treatment up after your finger between united person s religious before who of another in all person at that more over into into',[start] is coronary occlusion [end]
a box of chalk at location,b'there something clothe of life out for many their in cancer the united with more about with what who for and religious between into with it to someone and',[start] at a school [end]
Chris Campbell is,b'treatment book to them to them at food when their people treatment of person that clothe and the item all out cancer the quiet be and as one you',[start] linebacker [end]
A blowdryer capable of,b'there for world than water cancer who the states than of of of item of person over than in more who treatment with into when his many from it',[start] dry wet hair [end]
stay fit causes,b'people something s day water down out treatment over out on be people with a clothe over at person who person this treatment down in it person or from',[start] build muscle [end]
Beds is a,b'item to item your thing',[start] sleeping in [end]
Chronic respiratory symptom measures included,b'succeed heavy music s law book the mouth to store into item treatment cancer up with in for many in another about to something be his part with this',[start] breathlessness [end]
take a walk motivated by goal,b'cancer pictures them while one during restaurant out to music treatment on clothe away from religious from as many on in the cards out that you all into an',[start] feeling better [end]
park zone used for,b'to that of item s of this also over for an book for by more or person on this at the people to being on to a of as',[start] park automobile [end]
hydroelectricity made of,b'be in it on to light someone in them who that them',[start] water [end]
a good offer causes desire,b'object them thing off law or treatment out or self the room about to to your world off of another many be an key for one as and treatment',[start] sell your new book [end]
jumping at the chance has prerequisite,b'music your clothe up person than good as are treatment between treatment in someone when on at all about with by new when more as at an when for',[start] taking the opportunity [end]
goalie at location,b'when to that the out for are item by them for someone as for with are about your are like many in at are you in it like another',[start] soccer game [end]
jogging used for,b'water out',[start] getting places [end]
a garage used for,b'at his work be another make have like that them when on as a their for an the of are his more into who and being who person in',[start] a mechanic [end]
small lake is a,b'them from thing in and on food from book on water between that for the cancer',[start] pond [end]
view a video motivated by goal,b'you go someone person all in human like their want for very sleep with human at the the their at very the one you a more a child about',[start] enjoy it [end]
water at location,b'succeed on out or food the person over your space your on on on all s while the law with with something that many like all over with someone',[start] three state solid liquid and gas [end]
someone at location,b'them someone when are live or from in by on are for an in and many cancer before the water with by something than you another person over as',[start] a massage parlour [end]
canada goose is a,b'person that person off as an restaurant and restaurant the states into about in that their about be all who like his for your many by and of another',[start] large north american bird that honks [end]
fan in someone hand not has property,b'when are clothe than different s key who treatment by water for to more for with someone of them the religious between be all out than one that are',[start] electric [end]
massive amount of propellant receives action,b'many united clothe into self with an hair out off as their book for very object cancer or to get something that their someone who of all during and',[start] require for orbit insertion [end]
Repeated measures analyses of variance examined,b'restaurant',[start] changes in blood glucose [end]
a train station used for,b'room from to a music your world to to to space the house',[start] taking a train [end]
miss curfew may mean receives action,b'in and this united hair in as person as as treatment of and water of treatment the world more about of someone into for being into at also more',[start] punish [end]
a person not desires,b'item it with this and succeed to very hair in book on it person someone that work while part what as know about get you an also that being',[start] be devalued [end]
lie has subevent,b'the money about for light it is person down by in an treatment is its night treatment by on person someone in part to know what and more over',[start] pulse rate go up [end]
eating vegetables has prerequisite,b'restaurant friend house day food food that',[start] vegetables [end]
a paper menu used for,b'room to you like with want out away who are be one be in an part when in it your for and all all your you his out you',[start] giving to patrons to keep [end]
fireplace is a,b'in one by to many up out from it be book than of them it out down of one about that one all that something on at who when',[start] desirable addition to home [end]
Senators defended the vote in the name of,b'healthy jam s friend their ground together from object out that life off by item against more are all that water than with person like more when from a',[start] ethics [end]
Employment is a,b'hair to make person their water on with by you have are when you your them at many as like that this at like from when to might both',[start] a crime [end]
tickle has prerequisite,b'with out food',[start] find the right spot [end]
Smallpox vaccine has a,b'when it clothe than for self sentence cancer at the object are this by are you more with on be want over be the one another like at a',[start] a shelf life of 18 months [end]
going for a swim used for,b'on your people down with you are as this by part that in person out who at your your an over be from at with his like the united',[start] going from one place to another [end]
soldier capable of,b'day restaurant of food off the ground hand against you music with both out for are that this treatment out of their be someone as this at treatment over',[start] storm fortress [end]
drawstring bag is a,b'clothe book on like not your people as this life at object in in you live that at at of of your people for be something than another to',[start] good laundry bag [end]
saudi arabian gazelle defined as,b'item for work to it an money between person down out your book and finger with this person about for something with like be something and this the the',[start] gazella dorcas saudiya [end]
saturday defined as,b'that this for you the in out at them to its on with both with someone out that be that be in who from the one s and you',[start] day after friday [end]
society receives action,b'that another all them s the item as on a music from like in it than another you someone someone are are into what at into all as are',[start] compose of men and woman [end]
one of musical notation clef is a,b'day water up on you know at of that with it like them about both you something on a then you person to it is be the then something',[start] g clef [end]
child capable of,b'in the money be their to work you something more from their this with many by to like both while with someone are person be person like by being',[start] choose to help their mother [end]
awaking used for,b'there restaurant line something live from of night the job during item about to person out the cards down your in by another your law more when and for',[start] going to work [end]
moisturizers used for,b'the one to play of of all at the house from light be it what your for of at more at on new treatment by as at you like',[start] hydrate [end]
entertain person has subevent,b'them like food',[start] serve drink [end]
shower used for,b'healthy cards food book in states the sentence for an law during restaurant than with many to light as on s who from also your book down of something',[start] prepare for bed [end]
wash clothe has first subevent,b'object treatment food',[start] dirty clothe first [end]
Hard capable of,b'of people them them all at object the united on to work that your object',[start] casts a defined shadow [end]
commit to memory has subevent,b'to you get live might very are and cancer treatment you might your someone your good that like want to another be on have want someone another when the',[start] create mnemonic device [end]
bathroom at location,b'in the them it are like in them by cancer during cancer as you on their are or about all like something s both it another that of of',[start] bookstore [end]
the locals speak,b'there work to an law in also restaurant together during states to one before also s both out to another someone at its an night and be you have',[start] Taiwanese In Taiwan [end]
buy tickets to that sporting event motivated by goal,b'many the an person another person in at many be part when at more be one you want who being you with have more into more an many his',[start] go to a sporting event [end]
not all scam artist is a,b'there to them or your item of self with for that object cancer the be while of of another them who many this your as the as at person',[start] con artist [end]
person desires,b'at are in as more your for be it someone over about by your one like your treatment of to it by on it and at with it more',[start] clean cloth [end]
A recent cartoon playing on the popular movie had a circle of,b'that as at are all with in as on or for an to like in at that by on all in as new this all with in of by',[start] political first wives looking fierce [end]
annoy your brother has prerequisite,b'many book than your world out through person down person to build in to place is part over out who this about your mouth with of on them are',[start] repeat everything he say [end]
lose weight causes,b'object on object to person as',[start] hunger [end]
a sink at location,b'you you become it as that good be get of to to become by an are get of do to know your to that are while the an you',[start] a laundry room [end]
set cup on table motivated by goal,b'people person for it from self self item to store for your object you to you the the with this this like you get when the it or this',[start] it be too hot to hold [end]
riding a bicycle has subevent,b'the their the united people down or more with many your line that a book who being an book as all person the then at its when both it',[start] pedal [end]
consult expert motivated by goal,b'at the restaurant the food cancer when are for by cancer that and at it in many your their by with are out with into to you be person',[start] change your appearance [end]
watching the evening news has subevent,b'item from for life s united book of food for this by as ground when their at you do about your day for both to another while are at',[start] to recognize someone [end]
society used for,b'succeed heavy to get when another out away what something your law over someone or more to be heavy the for be someone what person be to light about',[start] mutual protect [end]
a paper page at location,b'be play with human something a their food with an out to be someone with want and being get in your food out the food that like another this',[start] a music book [end]
play the piano has subevent,b'treatment friend day their time s steps treatment between finger treatment the line with be also as your it an restaurant away before who in person in most who',[start] your fingers hit the keys [end]
listen to music has subevent,b'work item together learn eat',[start] you feel uplift [end]
play basketball has prerequisite,b'succeed band to get and person or the with are during your world about the to are that for someone as this as heavy from in from on be',[start] basketball court [end]
join the military motivated by goal,b'on his object person the for part over about both s out into an their all as all person you all at by this from all out you person',[start] fight war [end]
Western society has property,b'when their people on your their out up up more as work who the the item your this as a book an the religious for that something when one',[start] patriarchal [end]
glove capable of,b'that on out from book of item at people be many the in your book at more you person in into by into an while both be with like',[start] fit tight [end]
films are set in,b'treatment music together happy with law that book together for water the states you want by with are both both also the religious more for both more from of',[start] an upscale well-scrubbed America [end]
become scuba diver motivated by goal,b'at are with at and that this person on it with many more than all over more cancer while something you this about while into someone out the be',[start] see fish [end]
drink glass capable of,b'world pictures be for person into or at friend when them for person to very to a lot off than of on at an person or by something than',[start] act as magnify glass [end]
make people laugh motivated by goal,b'world on clothe on be person you that item away s while of person in in and with something in that about an for a be are the more',[start] tensions are unpleasant [end]
legumes be served,b'treatment life item friend people treatment during world religious states on law between line world in religious also as one treatment the item over it an religious in for',[start] the langar [end]
teacher capable of,b'person it from self sentence by this between religious against to know who one and people by your them be another all like that with as light are you',[start] work with child [end]
rats at location,b'them at many at another with have them and to know for it or an object between from as an for someone person when the one you like into',[start] the roof [end]
gas burner at location,b'that like it person and be like at out up your it what something when at this when another an by while his all at and you a and',[start] kitchen [end]
see excite story has prerequisite,b'self state up finger together from line clothe including jam of people in object and book and of self against it as their as live and the world be',[start] watch soprano [end]
cut your hair has first subevent,b'self quiet food on to person into person to clean cancer people you with by while while be are someone over by with you be something get at person',[start] use scissors [end]
person not desires,b'self water object and restaurant including restaurant for religious part at object in self self as water over into an for people what as one are both this also',[start] lose sleep [end]
payment counter at location,b'clothe',[start] business [end]
light at location,b'when be item the hair up when make might one to get as light you live the many you to not have into on to more another to person',[start] plane [end]
a person not desires,b'their something out m and pictures you someone that object that person your object s another someone of one of many cancer over someone by it in more you',[start] be thought of as incompetent [end]
have physical examination used for,b'people or united water to human for one on people with at you that kitchen in you that someone from at person by from and many more at as',[start] monitor your health [end]
person capable of,b'when your the person something person of person at a world up a the succeed while and religious or person a people as them into and also between and',[start] carry shop [end]
someone capable of,b'cancer then book during many them away when with an clothe down for more religious than the book be being at a of this on all the the you',[start] change windshield wiper [end]
buy food has subevent,b'treatment book at all up on law than self cancer cancer restaurant out up while it at cancer against more then are treatment between with more with it out',[start] you carry it into house [end]
People not desires,b'many self of the ground s key with as treatment or book your friend for self as at one be by all you this to the jam as both',[start] naughty behaviour [end]
A forger capable of,b'for their them over be human s and treatment s in the',[start] doctor documents [end]
returning to work has prerequisite,b'with treatment than place when not about many or out for in day you it cancer for the house s an finger that them and the also down what',[start] having a need to earn money [end]
A game receives action,b'their his place by an states when an as use to quanto1 to person you at are his like his like for something an night that being be want',[start] played in a stadium [end]
your lost shoe at location,b'that as the united their person to your their more into from many them be someone with something your people like on the then your all as with have',[start] the bed [end]
if you desires,b'world up and current at in or united book your space and friend to play when on their part of and both s treatment about at to this up',[start] your privacy do not answer door [end]
play card has subevent,b'healthy them or day book in day item treatment when of their healthy as music on their all out of part',[start] play in casino [end]
Most of the audience capable of,b'healthy people out for that healthy against sentence and for their life the music from as many out during of of with another be heavy than like by something',[start] catch this joke [end]
eggs at location,b'room a a item by one or heavy more you have you your in his this another to that its as make another when at as at on when',[start] a chicken coop [end]
meet person has prerequisite,b'day friend health water at them of work at of with the day to your time at and this about be with the food of on by in into',[start] socialize [end]
infected injuries capable of,b'be at the them what for person of one for one s like want at with this while both someone or the it when at be as like at',[start] cause death [end]
cut twist curl has property,b'day states object food than in to life about that people down down down from people about of part when an pictures over more than come more religious you',[start] abbreviate to ctc [end]
judge capable of,b'on up food of in that ground before that hair to an item by for from treatment off all while both your in for from someone more treatment down',[start] fine defendent [end]
restaurants capable of,b'cancer world book with at your their with get of both object at people than an the your in someone who when his are are while the your the',[start] serve salad [end]
do housework has subevent,b'world them at person while it cancer was be food at person cancer item like like be both them like more or into both also while on in its',[start] sing [end]
person capable of,b'on be their person something when his treatment to their on an them when you be it in something as one of with get someone at more while person',[start] eat corn [end]
designing software used for,b'the your an item in are to are are about to the person what are want with something as part over to the and more more your s with',[start] helping others [end]
The state flower for Delaware defined as,b'them for house by person by on in or on them for the people up to them is one all in part of person over at it what like',[start] peach blossom [end]
a club used for,b'world person on it you have of person someone from a child be like with one who it to light with his of something to one out into his',[start] sport activities [end]
this bike receives action,b'clothe be for an restaurant is work out during the hair',[start] make for rough terrain [end]
Paternalistic - individualistic is a,b'water it their it new of more or while be with a self out you are this over this treatment more and for something you in many with many',[start] a political dimension [end]
A police officer capable of,b'person about house water up their the in both be water your kitchen in of them your clothe as that something about to want like as the then both',[start] stop traffic with a single command [end]
vet has property,b'world something someone and sound you in your day than its it up that object that an then this more of something like as someone be another on all',[start] short for veterinarian [end]
swedish economy has a,b'their it s time a room about make someone be for that an religious more who someone you do from person while an as a food of being by',[start] strong government control [end]
finding the truth causes,b'music food up car',[start] your illusions are shattered [end]
Most sausages has a,b'for in that be at into and on person while or your clothe as one down of a on with one with in of on an to part out',[start] meat [end]
a mother capable of,b'hair for job be water while between people s as house by be on on this into of this to very your one the one at for that on',[start] take a bath [end]
this is a,b'food law of a person s water and jam at them with someone down than to watch the word on both the finger at its as with be for',[start] a diagram of the human eye [end]
Google asked,b'music food food hair up at life item for one s people that ground who more also your ground the hair or into by that on from them as',[start] its policy [end]
jewelry used for,b'of finger off of hair about at life or cancer food item than treatment than food or person or also with part at an treatment off more out when',[start] decorate yourself [end]
answer question has prerequisite,b'restaurant',[start] learn [end]
cake used for,b'people treatment to to its music down into of this restaurant with them away item treatment away at by into the day of an religious to you the heavy',[start] serve wed guest [end]
order a pizza has prerequisite,b'work like not person to make that human another be are all from all treatment your people into of by a people be heavy get both for person that',[start] order it on the phone [end]
bagel has property,b'there book off with the law in water in s also that water person treatment the clothe up when someone as both be are you want into at both',[start] eat mostly by jew [end]
"Cardiometabolic risk factors , including atherogenic dyslipidaemia are associated",b'water united restaurant or law',[start] with increased risk in this population [end]
rosebush at location,b'healthy food from finger of item to in to it off cancer by it in treatment out and to like when of as like more up on you person',[start] bloom [end]
a pot not is a,b'of thing program day together cancer',[start] a kettle [end]
San Francisco is a,b'day book s united law at clothe or s part out or of food together down away out off from for religious into this during you one treatment before',[start] a big city [end]
company at location,b'them or and for them you have and states for water when by many clothe away in when from this at as more while you an this s the',[start] city [end]
Relative risk were derived,b'music money together',"[start] from multivariable logistic regression models after adjusting for maternal age , race , marital status , smoking , cocaine use , adequacy of prenatal maternal insurance status although data on cocaine use are likely underreported [end]"
passenger capable of,b'object book them by all and tape by the the line against to be one treatment to it that who part or an night treatment and you person in',[start] step off train [end]
bass clarinet used for,b'that many at this and treatment between them between many out to are from like on to at for from another your self while who to its another from',[start] low note [end]
something smaller than the box at location,b'on to in or by their cancer over about this with one in are by that are person the pictures about in to it who this over at be',[start] a box [end]
find some water motivated by goal,b'their for the world all the thing when in that',[start] go for a swim [end]
tape television show has subevent,b'self day together s money thing for music your money on clothe for very hair while all for of like with something something s more all more also and',[start] run out of tape [end]
set cup on table has prerequisite,b'day water clothe you find an book between chinese of self finger over as book up and at the chinese as treatment of by and all religious than another',[start] slam it real hard [end]
go for jog motivated by goal,b'person or work them another to food with for a treatment down that for them of like that heavy something as like to someone to one from to with',[start] get in shape [end]
play card has subevent,b'the self the treatment water together between water disease together disease cancer to its on on and with person into from at one when something an sentence or an',[start] adjust to opponent play [end]
sun at location,b'restaurant in day',[start] the beach [end]
school location of action,b'in all when person another food in this from food you be their with the sentence is who your in about by while as at who another to being',[start] study [end]
radish at location,b'at this item down s religious before be united cancer over all with and an book more by to to to are of be be your an at while',[start] refrigerator [end]
mythology capable of,b'that might the you for be to it s with with the you their the also and who both treatment for more what be this the the united with',[start] express life and think [end]
Aimutis is,b'person be work with the many when an hair as friend be an person your their both you in many s an s another more from the also from',[start] Detective [end]
You capable of,b'self meal book the money cancer between self cancer together of them who chinese the line your world than like an jam than with your at like new are',[start] find cokes in a dorm room [end]
post message motivated by goal,b'them as on treatment book on many and person are treatment between of on on person of from many also person be someone cancer from an the that an',[start] get response [end]
Carpeted floors receives action,b'of book up m book and self self world that object than the clothe from person from when your to light out for with your world at as to',[start] found in many kinds of buildings [end]
The males go into to,b'in as book that or item than that your be person cancer from them than be on all to the book like into as that by while be who',[start] breed [end]
a table at location,b'the water their that work a day was about for that and your money while and by a world when be more like be more more person what might',[start] the rug [end]
Muhamad lutheran medical center,b'clothe something music that in in also states down when and that all be in many you of with both into who more over more all to live down',[start] Last night [end]
do housework has prerequisite,b'be your for be their his on at people with with an food before for more be into you an to watch another of want over and by while',[start] broom [end]
night watchman capable of,b'with at be for get in on an',[start] keep key on their belt [end]
a little money capable of,b'healthy united room them his line up the with all about you that work and item at on one for this out away for your self all at into',[start] seed a great venture [end]
ride horse used for,b'there up thing life restaurant treatment over book than work cancer about are the money between person are about get your chinese the heavy when all during this also',[start] movement [end]
candles receives action,b'self heavy friend be not to house a world in of you work you at to being are by one up your world of the at an in it',[start] put on birthday cakes [end]
a cup of coffee at location,b'the food people as part about who states as your restaurant disease than in person in another who to his part the with it into this this on another',[start] your hand [end]
ride bicycle motivated by goal,b'book as people people with many to world away during for treatment treatment away treatment than food away than his sentence and item when to human than be all',[start] you do not own car [end]
prepare for vote has prerequisite,b'you see the a country during with make person of a work in human with something person that human for something to know while on on on the your',[start] gather information [end]
Dan Rather be correspondent for,b'treatment thing life off restaurant player of finger to house cancer of restaurant out that with on this jam the meal up while while on an meal down over',[start] White House [end]
play sports has prerequisite,b'in it and on people while s jam together over during by one for by at also person on part from an in you the on by from like',[start] enjoy games [end]
deli store used for,b'there water and sentence during self sentence at for a package person to succeed person are for be being someone when many your part when are into by part',[start] purchase item to make sandwhiches with [end]
running after the ball causes,b'you keep a city their very treatment cancer for for the clothe cancer and with another person of people or more then from one person his as like get',[start] tiredness [end]
being in charge of a project has subevent,b'music on their more this in of your out as you you person on its when when as get his them are of as it on more are more',[start] change things [end]
wooden hangers has property,b'to someone out treatment food in that item as person or someone that in be to do you it person or all with more than a be when both',[start] very sturdy [end]
bottle used for,b'on like as person off out cancer over about their about be of on people more for of a book as many part be on them to with it',[start] pour liquid into [end]
plenary council is a,b'water law or hair hand during on night treatment when the clothe on item out when something to watch in with to human in be into are about like',[start] meet of local bishop [end]
eating has subevent,b'many on object book treatment in in s item with and treatment or people treatment or for with people about that out and item as many for it all',[start] add spices [end]
footstool used for,b'book clothe',[start] child to sit upon [end]
a fungus at location,b'water by to are about that',[start] dirt [end]
Brain opioids has property,b'room from object from item than succeed off down on states s item while night against into at be all between treatment of both of with and religious about',[start] very important in regulating social emotions [end]
One capable of,b'clothe go in them person as get be your be food',[start] balance a checkbook [end]
wash your hand used for,b'treatment of friend life in food or states between kitchen out your person by world from more cancer up to open an hair at are be that on a',[start] maintain good health [end]
go into coma has subevent,b'people when book over hair that house off with their you in with them what to make is both all or someone than as them out into for be',[start] close your eye [end]
older people has a,b'many item person food cancer down from one you watch be clothe that it you at part of one be being in for on are be person someone into',[start] more experience [end]
bringing home some fish used for,b'with at many item another with of you when when into about an cancer for a s you your many someone are person what be on by someone an',[start] making money [end]
get some physical activity motivated by goal,b'in with it person it on',[start] live better [end]
improve your image causes,b'on book in life system over sentence or out in garden together item for that at for many religious and for more you both you more as new or',[start] person to like you more [end]
clamp is a,b'of jam clothe for house with on restaurant together you work with that line against about be for more over that on for when you might someone cancer of',[start] tool develop long ago [end]
speaker capable of,b'them item or self clothe the states between jam cancer food system about who united treatment away at your day against who an for at night during the night',[start] sound [end]
thanking someone has subevent,b'them by music of with of as many out off s person when by many are with from many treatment you person that in an heavy as in someone',[start] shaking their hand [end]
human has a,b'room in law that many with are about to people of of them over cancer up are person s that are and are who as with by the on',[start] one nose [end]
Not all potatoes receives action,b'water it up friend person up out cancer down with an to not be both s on your hair like many be for at being of an the united',[start] found in deep fryers [end]
QUANT_S_1 of the delegation 's workload fall to,b'food book as treatment person the package s against item item at self on their law down as people away in treatment while are s someone than water for',[start] Mr. Lautenberg [end]
Going broke causes desire,b'when you',[start] return to work [end]
stop being married to someone has last subevent,b'water by many item it and day over part down treatment by light you in be both on at your them s at your this out to watch another',[start] finalize the divorce [end]
The time between human heart beats has property,b'object treatment object in self with for person',[start] 1 second [end]
cleaning clothing used for,b'when food out world that them at object off be friend about someone the hair on their both by from to like it your food be another of someone',[start] looking smart [end]
debian is a,b'day finger about be the friend to sound treatment or for of friend during at treatment before that self treatment that self cancer than to human the music from',[start] operate system [end]
learn has prerequisite,b'their food with this finger together with one or by with both self treatment about to do who his also by his the political also this then the it',[start] cogitate [end]
Wine capable of,b'them and many a item to the hair be by your money by on water the water between of his religious when like many person on another on more',[start] helps people relax [end]
the Eiffel tower used for,b'hair work the law up you have want is your world to live on very for being who a pictures is its at an this something at from with',[start] promoting Paris [end]
communicate has prerequisite,b'clothe learn object person them is room',"[start] talk, write or sign [end]"
Haverhill part of,b'you are about food cancer',[start] Massachusetts [end]
a lizard at location,b'cancer jam thing on food that world for and on item of part s this with when all s and to it for that both into to on like',[start] a fish tank [end]
map not is a,b'hair their united and world about by water treatment between people the hair over in also and self by this over with in all who his with more also',[start] true representation of reality [end]
perfume used for,b'hair thing to person for to water over who you it like want at like person than like one from when an part you an to another something his',[start] create good smell [end]
a person not desires,b'food day health of them on key and treatment off about about when all book than your the for someone and you it of it as to light something',[start] benzene overexposure [end]
a baseball ticket at location,b'clothe have job book when get an line at play about be find on go than to like want and the world a it his might get on on',[start] a pocket [end]
The capital of australia is a,b'for your at another someone something by from you an on many cancer at be be at when might do be with might their it while another with a',[start] canberra [end]
their evaluation in the treatment of advanced gastric cancer remains,b'treatment of law than people by hair and in of of restaurant between water down and food or pictures over and treatment then that book down when treatment at',[start] early [end]
kill person has subevent,b'at this by of people on about while while them as both out away what on part and that be of on the your be and and at who',[start] grit your tooth [end]
add up a column of numbers has prerequisite,b'their with clothe of life and',[start] find a calculator [end]
tan lotion used for,b'work on in more you for all out who your s them that by when all up that by as both you at more with get while while that',[start] even skin tone [end]
legal decision receives action,b'hair water treatment with object during people by people over cancer from united cancer that item you might hold in part into when with more to his night of',[start] make in courtroom [end]
fight war has subevent,b'many hair together food world and model on treatment about food that people of human s self for all up that them between who to be more s in',[start] a lot of suffering [end]
Democratic incumbents are very,b'of money in united law of part than a child the line during and person with with a political as it over as and with many or out your',[start] nervous [end]
voice at location,b'hair often and others',[start] choir [end]
study of person is a,b'person or them on person the mouth during on many world over of self item to know your water be an water at with that you at are with',[start] science [end]
kosher deli at location,b'you you be good with you of on them about have of you the get that someone in get make get like see someone on both you want the',[start] food court [end]
Sailing on rough seas has property,b'treatment on out treatment item them the the self object on you something about it by more more an to in all up be part of part of of',[start] dangerous [end]
get pay used for,b'restaurant',[start] earn money [end]
human at location,b'of hair or a city their of their object when for in object your to place between person to one than new and religious when and with with and',[start] command [end]
attend a classical concert has prerequisite,b'hair for human house and self up together and book your to to its book up on for the religious over all more or who are for and treatment',[start] dress heavy [end]
A hook is a,b'treatment day water in for in s the ground together disease program to water treatment between political at both united also from all for on someone also by like',[start] a problem with a golf swing [end]
get some alcohol to drink motivated by goal,b'at in object during one that about you at of at it with get want like get by get to to might not that as someone for want in',[start] get drunk [end]
lizard has a,b'clothe something succeed something on its clothe is united many many out from one at at more more the sure a food and it who that this during you',[start] 4 leg [end]
attend lecture has first subevent,b'water against hair in more the with both to open item as a ground s to be more and are part on their with that many are for this',[start] find good seat [end]
school at location,b'self chinese their clothe your car out when person when very treatment of this on person another in another someone you live s and all while who it another',[start] compute [end]
corpses at location,b'when heavy that at with that line out be for book person is united be on with all are be into with of as its be this while the',[start] a war [end]
ET capable of,b'of food and united sentence person is object when that money down treatment your united on many with an water for you with get it all your to another',[start] call home [end]
something at location,b'item them cancer against one to school in religious and law from clothe the person out out cancer item about another self are by one to be be of',[start] dinner [end]
the Ciprianis had received a subpoena to,b'them their it to clean with someone your them are person be its this are the united at for for as part s in one another them who in',[start] his knowledge [end]
my hip has a,b'be you that do might to feel than to put be make another and your your human by all it when a your of like person what on his',[start] bone [end]
tell story has subevent,b'food over law pictures into work off over the day on their room the item than for more as new treatment are part on a music for by from',[start] announce story time [end]
Springs is a,b'them something when very for live on all who one are be person someone that on like in your the food to live or you with with from for',[start] coils [end]
QUANT_S_1 friends from as far away as Kentucky shared remembrances at,b'treatment line and treatment s pictures down food off item with of risk you in both people about your restaurant on self who its that your them is be',[start] the service [end]
Mr. Mica said,b'book off on light a treatment of their food in be water by person between water to light something and the political you at for you you someone and',[start] irritates the other travelers [end]
selling your new book used for,b'music fun item money your mouth during many treatment is finger cancer up at you person with at on to very all like your item you both who person',[start] expanding your infulence [end]
i desires,b'for with out in out your day item you as book you your restaurant of cancer are with person someone the in for many by the on many be',[start] lie cheat and steal [end]
building a cathedral has prerequisite,b'day finger day finger s world system to finger and clothe off against on clothe together what who with another be there the food for being you human while',[start] much stone [end]
Life has property,b'world to clean one off be out who in its food between you make you want from the are with have that of like as another that be all',[start] fun in the summer [end]
bring in a verdict has prerequisite,b'that something by while be at more the many of that as get your self more about someone what you a people on you at of you of this',[start] deliberate with the other jurors [end]
utensils at location,b'cancer out together',[start] a backpack [end]
the next presidential term begins in,b'you your are his to do be get get an up your by at a human about something in person like a and with by when the on his',[start] January [end]
liquid water has property,b'item clothe their money with an day up what that place and house off out into about in that self by in to be part before part away off',[start] wet [end]
The availability of recombinant antigens made,b'for the object',[start] it possible to develop sensitive radioimmunoassays for the detection of autoantibodies on a large scale [end]
self-help book used for,b'that someone and in one between in that an their by with are about his their by as something more of person s also while a pictures down of',[start] understand self and relationship [end]
A conquistador capable of,b'clothe something room out',[start] plan to conquer the new world [end]
a drive used for,b'hair room to play with to important with might become work up from are be an water more more and of all your book with being for both with',[start] testing a car [end]
a person desires,b'book over in at be more as person of are united in water person what the house is one in the person of many with it from someone on',[start] what a person wants [end]
pain causes desire,b'healthy with restaurant on with as people of in with people with their restaurant are you and for by all on all at out in part the out the',[start] have a physical exam [end]
There is a,b'their the world their in it off while who people or with like get this from people off for part of one are person are an then person over',[start] a cluster of rose blossoms [end]
radio at location,b'room hair item item',[start] refrigerator [end]
China is undergoing,b'people something up on at be s then your to watch be be at their in with another them your on with you be and someone of like into',[start] unprecedented economic growth [end]
finger used for,b'music house for one food between self sentence',[start] tip over cup [end]
Someone is a,b'person on it up one as it out what it out off who and book off on part over someone all you of part from his by on as',[start] visiting Manhattan [end]
cream cheese has property,b'be not human to get like and many and their your many food are your people with and many the at this to live while be a united with',[start] good on bagle [end]
go to get a haircut has first subevent,b'succeed from thing a finger when in line at object with like out up of in be all over someone in it for for both more another of are',[start] grow hair [end]
sometimes frame has property,b'restaurant',[start] good than picture [end]
many person has property,b'work water you go go get make get a clothe s water off it to an cards or are something with someone for it as his and part and',[start] obsess with aquiring wealth [end]
many colors at location,b'object them on and person between item',[start] a sunset [end]
Fleas is a,b'music his restaurant',[start] found arounds a dog's waist [end]
she capable of,b'work many restaurant down in line off for something that be world of are are be the to one be from for are by all from another the pictures',[start] scratch your face up [end]
A true story has property,b'many your with your clothe their an hair away and water treatment than a for in on into the pictures an book who with on from this this of',[start] non-fiction as opposed to fiction [end]
dvd at location,b'world to not food up in are by also as water off with the of another this more out as like this your treatment while a jam into are',[start] in dvd box [end]
dog is a,b'healthy to them be person than one person is out in are over more s about at your out who when when the of human of into from another',[start] usually about two foot tall [end]
felt is a,b'people with thing book them on in food down out about by in it to are that all than something over all at for by by in be on',[start] a soft fabric [end]
u capable of,b'world in with in treatment',[start] read it [end]
person blow into has subevent,b'the this book by live your house at part between also by for all and treatment out and both from on person who are about when with it or',[start] instrument he make music [end]
grain at location,b'treatment with hair their restaurant by cards at and food at s or in as day with both cancer about as in people on another this this your water',[start] sand in spinach [end]
Peoples has a,b'hair with place you might use up someone the space up in their cancer you to do be this an jam you his them into as his of his',[start] different tastes about furniture [end]
catching a cold causes,b'there restaurant on the friend for all clothe for person at that house about are with his restaurant while more about someone while both for in it an item',[start] you will have fever as well [end]
Humans capable of,b'there heavy pictures',[start] fear dying [end]
person desires,b'them over on your house',[start] sexual encounter [end]
convenience store at location,b'music water to have that a succeed that states into at this be something an in by and one that on someone you all this person is it into',[start] city [end]
pretend has prerequisite,b'for them in of with by or also states at food at them or over about at your day on another who into who when in that this with',[start] learn to act [end]
workers in the back room chop,b'work hair show',[start] scallions [end]
That man capable of,b'for food with them that restaurant between people or as them with treatment at it between at you are be about with something than his united in also on',[start] cross the room [end]
The Golden Gate Bridge is a,b'work something that their on someone up than water off to your treatment about another part at for one over and as for many all your in and this',[start] a bridge [end]
Voters capable of,b'that someone food on work between when to the person for another as something are s this part of who who like to for person you and treatment who',[start] voice opinions [end]
get a job has prerequisite,b'of sentence day law goods of finger the music from hair when a united then it that cancer and all that at as food down more while person that',[start] go to work every day [end]
meat at location,b'for something it than an united off off about from be their by s religious that by all like into be and s of with at someone treatment who',[start] butcher [end]
discover truth causes,b'person by to your time into between part from on one also of water at a book in another who more are are all you get are it into',[start] become unhappy [end]
watching a musician perform causes,b'with item off',[start] enjoy their music [end]
fart has subevent,b'with of their the house',[start] drink skunk [end]
teach other people has first subevent,b'water book as many finger',[start] find out their level of education [end]
riding a horse used for,b'their very law and self people the money the self of someone that your restaurant on all and their as someone or into about their treatment s by a',[start] being a cowboy [end]
bathroom with bathtub is a,b'on you to their more to that be that be to it be it to person who at get what from are by your them and for it a',[start] wash area [end]
beer at location,b'book at by being want with and many cancer of on life who it who while another are person at this treatment over it as another his people that',[start] a building [end]
stop your car has prerequisite,b'self package up rate hand for of self united person about very united item be work away that someone be an water that person and more treatment by an',[start] turn off the lights [end]
play baseball has first subevent,b'for house s item of their together out as in it you your mouth over from many at cancer and on be to of more and person about that',[start] choose sides [end]
Starch receives action,b'person up at your clothe as people off with someone you something from water out who heavy to another on like you of part up be with by of',[start] found in many foods [end]
polls put support at,b'them at from many more you you your with many of the sentence the religious of are your water as light for part down all who someone about of',[start] only QUANT_O_1 strongly [end]
In some cultures special mushrooms receives action,b'be that your many s it in cancer cancer down with to your food when more or to buy as human an at be one person someone with as',[start] eaten as a spiritual ritual [end]
