src,pred
capable of person,b'wave wave wave wave wave wave wave wave wave wave wave wave wave wave wave wave wave wave wave wave wave wave wave wave wave wave wave wave wave'
is a hot and cold,b'wave wave wave wave wave wave wave wave wave wave wave wave wave wave wave wave wave wave wave wave wave wave wave wave wave wave wave wave wave'
flickr Yahoo,b'wave wave wave wave wave wave wave wave wave wave wave wave wave wave wave wave wave wave wave wave wave wave wave wave wave wave wave wave wave'
used for walk around lake,b'wave wave wave wave wave wave wave wave wave wave wave wave wave wave wave wave wave wave wave wave wave wave wave wave wave wave wave wave wave'
used for land,b'wave wave wave wave wave wave wave wave wave wave wave wave wave wave wave wave wave wave wave wave wave wave wave wave wave wave wave wave wave'
has prerequisite go to a concert,b'wave wave wave wave wave wave wave wave wave wave wave wave wave wave wave wave wave wave wave wave wave wave wave wave wave wave wave wave wave'
has property exercise,b'wave wave wave wave wave wave wave wave wave wave wave wave wave wave wave wave wave wave wave wave wave wave wave wave wave wave wave wave wave'
q u a n t o the Senator,b'wave wave wave wave wave wave wave wave wave wave wave wave wave wave wave wave wave wave wave wave wave wave wave wave wave wave wave wave wave'
has subevent wrestle,b'wave wave wave wave wave wave wave wave wave wave wave wave wave wave wave wave wave wave wave wave wave wave wave wave wave wave wave wave wave'
has property hamburger,b'wave wave wave wave wave wave wave wave wave wave wave wave wave wave wave wave wave wave wave wave wave wave wave wave wave wave wave wave wave'
used for a doctor,b'wave wave wave wave wave wave wave wave wave wave wave wave wave wave wave wave wave wave wave wave wave wave wave wave wave wave wave wave wave'
is a newspaper,b'wave wave wave wave wave wave wave wave wave wave wave wave wave wave wave wave wave wave wave wave wave wave wave wave wave wave wave wave wave'
has a sea,b'wave wave wave wave wave wave wave wave wave wave wave wave wave wave wave wave wave wave wave wave wave wave wave wave wave wave wave wave wave'
ruth mc mullin a Hard Lesson,b'wave wave wave wave wave wave wave wave wave wave wave wave wave wave wave wave wave wave wave wave wave wave wave wave wave wave wave wave wave'
has subevent do housework,b'wave wave wave wave wave wave wave wave wave wave wave wave wave wave wave wave wave wave wave wave wave wave wave wave wave wave wave wave wave'
is a rock,b'wave wave wave wave wave wave wave wave wave wave wave wave wave wave wave wave wave wave wave wave wave wave wave wave wave wave wave wave wave'
at location cotton,b'wave wave wave wave wave wave wave wave wave wave wave wave wave wave wave wave wave wave wave wave wave wave wave wave wave wave wave wave wave'
is a hayker,b'wave wave wave wave wave wave wave wave wave wave wave wave wave wave wave wave wave wave wave wave wave wave wave wave wave wave wave wave wave'
is a er diagram,b'wave wave wave wave wave wave wave wave wave wave wave wave wave wave wave wave wave wave wave wave wave wave wave wave wave wave wave wave wave'
has prerequisite holiday shop,b'wave wave wave wave wave wave wave wave wave wave wave wave wave wave wave wave wave wave wave wave wave wave wave wave wave wave wave wave wave'
new york Everyone including Angela Vaillancourt,b'wave wave wave wave wave wave wave wave wave wave wave wave wave wave wave wave wave wave wave wave wave wave wave wave wave wave wave wave wave'
at location a glasses,b'wave wave wave wave wave wave wave wave wave wave wave wave wave wave wave wave wave wave wave wave wave wave wave wave wave wave wave wave wave'
be located a public university,b'wave wave wave wave wave wave wave wave wave wave wave wave wave wave wave wave wave wave wave wave wave wave wave wave wave wave wave wave wave'
is a rem-dream state,b'wave wave wave wave wave wave wave wave wave wave wave wave wave wave wave wave wave wave wave wave wave wave wave wave wave wave wave wave wave'
defined as ducky,b'wave wave wave wave wave wave wave wave wave wave wave wave wave wave wave wave wave wave wave wave wave wave wave wave wave wave wave wave wave'
causes reading a magazine,b'wave wave wave wave wave wave wave wave wave wave wave wave wave wave wave wave wave wave wave wave wave wave wave wave wave wave wave wave wave'
has prerequisite finding the truth,b'wave wave wave wave wave wave wave wave wave wave wave wave wave wave wave wave wave wave wave wave wave wave wave wave wave wave wave wave wave'
motivated by goal dance,b'wave wave wave wave wave wave wave wave wave wave wave wave wave wave wave wave wave wave wave wave wave wave wave wave wave wave wave wave wave'
used for attic,b'wave wave wave wave wave wave wave wave wave wave wave wave wave wave wave wave wave wave wave wave wave wave wave wave wave wave wave wave wave'
used for bathroom,b'wave wave wave wave wave wave wave wave wave wave wave wave wave wave wave wave wave wave wave wave wave wave wave wave wave wave wave wave wave'
is a be on time,b'wave wave wave wave wave wave wave wave wave wave wave wave wave wave wave wave wave wave wave wave wave wave wave wave wave wave wave wave wave'
used for building a cathedral,b'wave wave wave wave wave wave wave wave wave wave wave wave wave wave wave wave wave wave wave wave wave wave wave wave wave wave wave wave wave'
at location something,b'wave wave wave wave wave wave wave wave wave wave wave wave wave wave wave wave wave wave wave wave wave wave wave wave wave wave wave wave wave'
desires pay cash be for person who,b'wave wave wave wave wave wave wave wave wave wave wave wave wave wave wave wave wave wave wave wave wave wave wave wave wave wave wave wave wave'
not has property most ameracans,b'wave wave wave wave wave wave wave wave wave wave wave wave wave wave wave wave wave wave wave wave wave wave wave wave wave wave wave wave wave'
has subevent surf the web,b'wave wave wave wave wave wave wave wave wave wave wave wave wave wave wave wave wave wave wave wave wave wave wave wave wave wave wave wave wave'
used for an article in a magazine,b'wave wave wave wave wave wave wave wave wave wave wave wave wave wave wave wave wave wave wave wave wave wave wave wave wave wave wave wave wave'
has a drug,b'wave wave wave wave wave wave wave wave wave wave wave wave wave wave wave wave wave wave wave wave wave wave wave wave wave wave wave wave wave'
at location lizard,b'wave wave wave wave wave wave wave wave wave wave wave wave wave wave wave wave wave wave wave wave wave wave wave wave wave wave wave wave wave'
is a A rainbow,b'wave wave wave wave wave wave wave wave wave wave wave wave wave wave wave wave wave wave wave wave wave wave wave wave wave wave wave wave wave'
has prerequisite bathe,b'wave wave wave wave wave wave wave wave wave wave wave wave wave wave wave wave wave wave wave wave wave wave wave wave wave wave wave wave wave'
associated 03:03,b'wave wave wave wave wave wave wave wave wave wave wave wave wave wave wave wave wave wave wave wave wave wave wave wave wave wave wave wave wave'
at location many kind,b'wave wave wave wave wave wave wave wave wave wave wave wave wave wave wave wave wave wave wave wave wave wave wave wave wave wave wave wave wave'
has subevent breathe some fresh air,b'wave wave wave wave wave wave wave wave wave wave wave wave wave wave wave wave wave wave wave wave wave wave wave wave wave wave wave wave wave'
at location electric fan,b'wave wave wave wave wave wave wave wave wave wave wave wave wave wave wave wave wave wave wave wave wave wave wave wave wave wave wave wave wave'
motivated by goal bring home some fish,b'wave wave wave wave wave wave wave wave wave wave wave wave wave wave wave wave wave wave wave wave wave wave wave wave wave wave wave wave wave'
has prerequisite go to work,b'wave wave wave wave wave wave wave wave wave wave wave wave wave wave wave wave wave wave wave wave wave wave wave wave wave wave wave wave wave'
receives action most case of sexual dysfunction,b'wave wave wave wave wave wave wave wave wave wave wave wave wave wave wave wave wave wave wave wave wave wave wave wave wave wave wave wave wave'
may experience Older adults,b'wave wave wave wave wave wave wave wave wave wave wave wave wave wave wave wave wave wave wave wave wave wave wave wave wave wave wave wave wave'
french huguenots in a woman,b'wave wave wave wave wave wave wave wave wave wave wave wave wave wave wave wave wave wave wave wave wave wave wave wave wave wave wave wave wave'
at location candle,b'wave wave wave wave wave wave wave wave wave wave wave wave wave wave wave wave wave wave wave wave wave wave wave wave wave wave wave wave wave'
has subevent pretending,b'wave wave wave wave wave wave wave wave wave wave wave wave wave wave wave wave wave wave wave wave wave wave wave wave wave wave wave wave wave'
has prerequisite eat apple,b'wave wave wave wave wave wave wave wave wave wave wave wave wave wave wave wave wave wave wave wave wave wave wave wave wave wave wave wave wave'
has prerequisite talk to someone,b'wave wave wave wave wave wave wave wave wave wave wave wave wave wave wave wave wave wave wave wave wave wave wave wave wave wave wave wave wave'
at location a kitten,b'wave wave wave wave wave wave wave wave wave wave wave wave wave wave wave wave wave wave wave wave wave wave wave wave wave wave wave wave wave'
is a cowboy,b'wave wave wave wave wave wave wave wave wave wave wave wave wave wave wave wave wave wave wave wave wave wave wave wave wave wave wave wave wave'
capable of criminal court,b'wave wave wave wave wave wave wave wave wave wave wave wave wave wave wave wave wave wave wave wave wave wave wave wave wave wave wave wave wave'
used for bus,b'wave wave wave wave wave wave wave wave wave wave wave wave wave wave wave wave wave wave wave wave wave wave wave wave wave wave wave wave wave'
used for attending a lecture,b'wave wave wave wave wave wave wave wave wave wave wave wave wave wave wave wave wave wave wave wave wave wave wave wave wave wave wave wave wave'
support The results,b'wave wave wave wave wave wave wave wave wave wave wave wave wave wave wave wave wave wave wave wave wave wave wave wave wave wave wave wave wave'
are thus able androgen receptor variants,b'wave wave wave wave wave wave wave wave wave wave wave wave wave wave wave wave wave wave wave wave wave wave wave wave wave wave wave wave wave'
receives action calorie,b'wave wave wave wave wave wave wave wave wave wave wave wave wave wave wave wave wave wave wave wave wave wave wave wave wave wave wave wave wave'
has subevent man become angry,b'wave wave wave wave wave wave wave wave wave wave wave wave wave wave wave wave wave wave wave wave wave wave wave wave wave wave wave wave wave'
at location paper,b'wave wave wave wave wave wave wave wave wave wave wave wave wave wave wave wave wave wave wave wave wave wave wave wave wave wave wave wave wave'
used for a desk,b'wave wave wave wave wave wave wave wave wave wave wave wave wave wave wave wave wave wave wave wave wave wave wave wave wave wave wave wave wave'
defined as bontebok,b'wave wave wave wave wave wave wave wave wave wave wave wave wave wave wave wave wave wave wave wave wave wave wave wave wave wave wave wave wave'
has subevent budget be balance,b'wave wave wave wave wave wave wave wave wave wave wave wave wave wave wave wave wave wave wave wave wave wave wave wave wave wave wave wave wave'
causes desire his or hers birthday,b'wave wave wave wave wave wave wave wave wave wave wave wave wave wave wave wave wave wave wave wave wave wave wave wave wave wave wave wave wave'
is a Kanun,b'wave wave wave wave wave wave wave wave wave wave wave wave wave wave wave wave wave wave wave wave wave wave wave wave wave wave wave wave wave'
causes lying,b'wave wave wave wave wave wave wave wave wave wave wave wave wave wave wave wave wave wave wave wave wave wave wave wave wave wave wave wave wave'
is the president of a 29-year veteran of Judith O'Savio,b'wave wave wave wave wave wave wave wave wave wave wave wave wave wave wave wave wave wave wave wave wave wave wave wave wave wave wave wave wave'
at location someone,b'wave wave wave wave wave wave wave wave wave wave wave wave wave wave wave wave wave wave wave wave wave wave wave wave wave wave wave wave wave'
capable of you,b'wave wave wave wave wave wave wave wave wave wave wave wave wave wave wave wave wave wave wave wave wave wave wave wave wave wave wave wave wave'
causes desire salt,b'wave wave wave wave wave wave wave wave wave wave wave wave wave wave wave wave wave wave wave wave wave wave wave wave wave wave wave wave wave'
has prerequisite find lose item,b'wave wave wave wave wave wave wave wave wave wave wave wave wave wave wave wave wave wave wave wave wave wave wave wave wave wave wave wave wave'
at location a bus,b'wave wave wave wave wave wave wave wave wave wave wave wave wave wave wave wave wave wave wave wave wave wave wave wave wave wave wave wave wave'
at location someone,b'wave wave wave wave wave wave wave wave wave wave wave wave wave wave wave wave wave wave wave wave wave wave wave wave wave wave wave wave wave'
capable of slap,b'wave wave wave wave wave wave wave wave wave wave wave wave wave wave wave wave wave wave wave wave wave wave wave wave wave wave wave wave wave'
has prerequisite go on vacation,b'wave wave wave wave wave wave wave wave wave wave wave wave wave wave wave wave wave wave wave wave wave wave wave wave wave wave wave wave wave'
used for smoking,b'wave wave wave wave wave wave wave wave wave wave wave wave wave wave wave wave wave wave wave wave wave wave wave wave wave wave wave wave wave'
has prerequisite see movie,b'wave wave wave wave wave wave wave wave wave wave wave wave wave wave wave wave wave wave wave wave wave wave wave wave wave wave wave wave wave'
used for lighting a match,b'wave wave wave wave wave wave wave wave wave wave wave wave wave wave wave wave wave wave wave wave wave wave wave wave wave wave wave wave wave'
has prerequisite have asthma attack,b'wave wave wave wave wave wave wave wave wave wave wave wave wave wave wave wave wave wave wave wave wave wave wave wave wave wave wave wave wave'
has subevent shop,b'wave wave wave wave wave wave wave wave wave wave wave wave wave wave wave wave wave wave wave wave wave wave wave wave wave wave wave wave wave'
is Koji Inagaki,b'wave wave wave wave wave wave wave wave wave wave wave wave wave wave wave wave wave wave wave wave wave wave wave wave wave wave wave wave wave'
used for debit card,b'wave wave wave wave wave wave wave wave wave wave wave wave wave wave wave wave wave wave wave wave wave wave wave wave wave wave wave wave wave'
not desires person,b'wave wave wave wave wave wave wave wave wave wave wave wave wave wave wave wave wave wave wave wave wave wave wave wave wave wave wave wave wave'
has property A photograph,b'wave wave wave wave wave wave wave wave wave wave wave wave wave wave wave wave wave wave wave wave wave wave wave wave wave wave wave wave wave'
used for a hair roller,b'wave wave wave wave wave wave wave wave wave wave wave wave wave wave wave wave wave wave wave wave wave wave wave wave wave wave wave wave wave'
has prerequisite sail on the sea,b'wave wave wave wave wave wave wave wave wave wave wave wave wave wave wave wave wave wave wave wave wave wave wave wave wave wave wave wave wave'
capable of overweight person,b'wave wave wave wave wave wave wave wave wave wave wave wave wave wave wave wave wave wave wave wave wave wave wave wave wave wave wave wave wave'
made of soy bean paste,b'wave wave wave wave wave wave wave wave wave wave wave wave wave wave wave wave wave wave wave wave wave wave wave wave wave wave wave wave wave'
used for going into a trance,b'wave wave wave wave wave wave wave wave wave wave wave wave wave wave wave wave wave wave wave wave wave wave wave wave wave wave wave wave wave'
receives action accommodation,b'wave wave wave wave wave wave wave wave wave wave wave wave wave wave wave wave wave wave wave wave wave wave wave wave wave wave wave wave wave'
capable of A hand,b'wave wave wave wave wave wave wave wave wave wave wave wave wave wave wave wave wave wave wave wave wave wave wave wave wave wave wave wave wave'
is Ruth Bader Ginsburg,b'wave wave wave wave wave wave wave wave wave wave wave wave wave wave wave wave wave wave wave wave wave wave wave wave wave wave wave wave wave'
at location people,b'wave wave wave wave wave wave wave wave wave wave wave wave wave wave wave wave wave wave wave wave wave wave wave wave wave wave wave wave wave'
capable of A girl,b'wave wave wave wave wave wave wave wave wave wave wave wave wave wave wave wave wave wave wave wave wave wave wave wave wave wave wave wave wave'
defined as Sushi,b'wave wave wave wave wave wave wave wave wave wave wave wave wave wave wave wave wave wave wave wave wave wave wave wave wave wave wave wave wave'
capable of a chess king,b'wave wave wave wave wave wave wave wave wave wave wave wave wave wave wave wave wave wave wave wave wave wave wave wave wave wave wave wave wave'
capable of everyone's ears look different -,b'wave wave wave wave wave wave wave wave wave wave wave wave wave wave wave wave wave wave wave wave wave wave wave wave wave wave wave wave wave'
were related Most of the recommendations,b'wave wave wave wave wave wave wave wave wave wave wave wave wave wave wave wave wave wave wave wave wave wave wave wave wave wave wave wave wave'
at location vestment,b'wave wave wave wave wave wave wave wave wave wave wave wave wave wave wave wave wave wave wave wave wave wave wave wave wave wave wave wave wave'
is Heyman,b'wave wave wave wave wave wave wave wave wave wave wave wave wave wave wave wave wave wave wave wave wave wave wave wave wave wave wave wave wave'
causes competing,b'wave wave wave wave wave wave wave wave wave wave wave wave wave wave wave wave wave wave wave wave wave wave wave wave wave wave wave wave wave'
used for system,b'wave wave wave wave wave wave wave wave wave wave wave wave wave wave wave wave wave wave wave wave wave wave wave wave wave wave wave wave wave'
used for theater ticket,b'wave wave wave wave wave wave wave wave wave wave wave wave wave wave wave wave wave wave wave wave wave wave wave wave wave wave wave wave wave'
at location an ocean,b'wave wave wave wave wave wave wave wave wave wave wave wave wave wave wave wave wave wave wave wave wave wave wave wave wave wave wave wave wave'
at location cell phone,b'wave wave wave wave wave wave wave wave wave wave wave wave wave wave wave wave wave wave wave wave wave wave wave wave wave wave wave wave wave'
has prerequisite paying by check,b'wave wave wave wave wave wave wave wave wave wave wave wave wave wave wave wave wave wave wave wave wave wave wave wave wave wave wave wave wave'
used for deli restaurant,b'wave wave wave wave wave wave wave wave wave wave wave wave wave wave wave wave wave wave wave wave wave wave wave wave wave wave wave wave wave'
show crime as Everyone 's polls,b'wave wave wave wave wave wave wave wave wave wave wave wave wave wave wave wave wave wave wave wave wave wave wave wave wave wave wave wave wave'
at location stool,b'wave wave wave wave wave wave wave wave wave wave wave wave wave wave wave wave wave wave wave wave wave wave wave wave wave wave wave wave wave'
is a spaghetti,b'wave wave wave wave wave wave wave wave wave wave wave wave wave wave wave wave wave wave wave wave wave wave wave wave wave wave wave wave wave'
at location ride lawnmower,b'wave wave wave wave wave wave wave wave wave wave wave wave wave wave wave wave wave wave wave wave wave wave wave wave wave wave wave wave wave'
causes remembering,b'wave wave wave wave wave wave wave wave wave wave wave wave wave wave wave wave wave wave wave wave wave wave wave wave wave wave wave wave wave'
desires person,b'wave wave wave wave wave wave wave wave wave wave wave wave wave wave wave wave wave wave wave wave wave wave wave wave wave wave wave wave wave'
is a make up,b'wave wave wave wave wave wave wave wave wave wave wave wave wave wave wave wave wave wave wave wave wave wave wave wave wave wave wave wave wave'
is a The goal of the basket-ball,b'wave wave wave wave wave wave wave wave wave wave wave wave wave wave wave wave wave wave wave wave wave wave wave wave wave wave wave wave wave'
at location a back yard,b'wave wave wave wave wave wave wave wave wave wave wave wave wave wave wave wave wave wave wave wave wave wave wave wave wave wave wave wave wave'
at location a stick,b'wave wave wave wave wave wave wave wave wave wave wave wave wave wave wave wave wave wave wave wave wave wave wave wave wave wave wave wave wave'
has last subevent attend a classical concert,b'wave wave wave wave wave wave wave wave wave wave wave wave wave wave wave wave wave wave wave wave wave wave wave wave wave wave wave wave wave'
not capable of People get into trouble if they,b'wave wave wave wave wave wave wave wave wave wave wave wave wave wave wave wave wave wave wave wave wave wave wave wave wave wave wave wave wave'
capable of you,b'wave wave wave wave wave wave wave wave wave wave wave wave wave wave wave wave wave wave wave wave wave wave wave wave wave wave wave wave wave'
capable of A lucky charm,b'wave wave wave wave wave wave wave wave wave wave wave wave wave wave wave wave wave wave wave wave wave wave wave wave wave wave wave wave wave'
is a one book of bible,b'wave wave wave wave wave wave wave wave wave wave wave wave wave wave wave wave wave wave wave wave wave wave wave wave wave wave wave wave wave'
causes seeing an exciting story,b'wave wave wave wave wave wave wave wave wave wave wave wave wave wave wave wave wave wave wave wave wave wave wave wave wave wave wave wave wave'
at location mat in in front,b'wave wave wave wave wave wave wave wave wave wave wave wave wave wave wave wave wave wave wave wave wave wave wave wave wave wave wave wave wave'
causes playing games,b'wave wave wave wave wave wave wave wave wave wave wave wave wave wave wave wave wave wave wave wave wave wave wave wave wave wave wave wave wave'
receives action Cheers,b'wave wave wave wave wave wave wave wave wave wave wave wave wave wave wave wave wave wave wave wave wave wave wave wave wave wave wave wave wave'
is recommended adjuvant chemotherapy,b'wave wave wave wave wave wave wave wave wave wave wave wave wave wave wave wave wave wave wave wave wave wave wave wave wave wave wave wave wave'
motivated by goal go for a run,b'wave wave wave wave wave wave wave wave wave wave wave wave wave wave wave wave wave wave wave wave wave wave wave wave wave wave wave wave wave'
is a The capital of Svalbard,b'wave wave wave wave wave wave wave wave wave wave wave wave wave wave wave wave wave wave wave wave wave wave wave wave wave wave wave wave wave'
capable of dog,b'wave wave wave wave wave wave wave wave wave wave wave wave wave wave wave wave wave wave wave wave wave wave wave wave wave wave wave wave wave'
part of warren,b'wave wave wave wave wave wave wave wave wave wave wave wave wave wave wave wave wave wave wave wave wave wave wave wave wave wave wave wave wave'
receives action the man,b'wave wave wave wave wave wave wave wave wave wave wave wave wave wave wave wave wave wave wave wave wave wave wave wave wave wave wave wave wave'
has subevent have heart attack,b'wave wave wave wave wave wave wave wave wave wave wave wave wave wave wave wave wave wave wave wave wave wave wave wave wave wave wave wave wave'
motivated by goal eat apple,b'wave wave wave wave wave wave wave wave wave wave wave wave wave wave wave wave wave wave wave wave wave wave wave wave wave wave wave wave wave'
has property flower on your table,b'wave wave wave wave wave wave wave wave wave wave wave wave wave wave wave wave wave wave wave wave wave wave wave wave wave wave wave wave wave'
has prerequisite know if you healthy,b'wave wave wave wave wave wave wave wave wave wave wave wave wave wave wave wave wave wave wave wave wave wave wave wave wave wave wave wave wave'
required 592 ( 31.6 %,b'wave wave wave wave wave wave wave wave wave wave wave wave wave wave wave wave wave wave wave wave wave wave wave wave wave wave wave wave wave'
receives action lot of person,b'wave wave wave wave wave wave wave wave wave wave wave wave wave wave wave wave wave wave wave wave wave wave wave wave wave wave wave wave wave'
has prerequisite going to school,b'wave wave wave wave wave wave wave wave wave wave wave wave wave wave wave wave wave wave wave wave wave wave wave wave wave wave wave wave wave'
is seeking to have The coalition,b'wave wave wave wave wave wave wave wave wave wave wave wave wave wave wave wave wave wave wave wave wave wave wave wave wave wave wave wave wave'
is a Tactics,b'wave wave wave wave wave wave wave wave wave wave wave wave wave wave wave wave wave wave wave wave wave wave wave wave wave wave wave wave wave'
is a An arm,b'wave wave wave wave wave wave wave wave wave wave wave wave wave wave wave wave wave wave wave wave wave wave wave wave wave wave wave wave wave'
at location deja vu,b'wave wave wave wave wave wave wave wave wave wave wave wave wave wave wave wave wave wave wave wave wave wave wave wave wave wave wave wave wave'
at location volcano,b'wave wave wave wave wave wave wave wave wave wave wave wave wave wave wave wave wave wave wave wave wave wave wave wave wave wave wave wave wave'
used for a coin purse,b'wave wave wave wave wave wave wave wave wave wave wave wave wave wave wave wave wave wave wave wave wave wave wave wave wave wave wave wave wave'
used for get drunk,b'wave wave wave wave wave wave wave wave wave wave wave wave wave wave wave wave wave wave wave wave wave wave wave wave wave wave wave wave wave'
causes god,b'wave wave wave wave wave wave wave wave wave wave wave wave wave wave wave wave wave wave wave wave wave wave wave wave wave wave wave wave wave'
has a cup,b'wave wave wave wave wave wave wave wave wave wave wave wave wave wave wave wave wave wave wave wave wave wave wave wave wave wave wave wave wave'
causes desire kiss,b'wave wave wave wave wave wave wave wave wave wave wave wave wave wave wave wave wave wave wave wave wave wave wave wave wave wave wave wave wave'
has property Very elder humans,b'wave wave wave wave wave wave wave wave wave wave wave wave wave wave wave wave wave wave wave wave wave wave wave wave wave wave wave wave wave'
capable of agents,b'wave wave wave wave wave wave wave wave wave wave wave wave wave wave wave wave wave wave wave wave wave wave wave wave wave wave wave wave wave'
used for glue stick,b'wave wave wave wave wave wave wave wave wave wave wave wave wave wave wave wave wave wave wave wave wave wave wave wave wave wave wave wave wave'
motivated by goal visit museum,b'wave wave wave wave wave wave wave wave wave wave wave wave wave wave wave wave wave wave wave wave wave wave wave wave wave wave wave wave wave'
causes going somewhere,b'wave wave wave wave wave wave wave wave wave wave wave wave wave wave wave wave wave wave wave wave wave wave wave wave wave wave wave wave wave'
has subevent comb your hair,b'wave wave wave wave wave wave wave wave wave wave wave wave wave wave wave wave wave wave wave wave wave wave wave wave wave wave wave wave wave'
has a Egyptian pyramids,b'wave wave wave wave wave wave wave wave wave wave wave wave wave wave wave wave wave wave wave wave wave wave wave wave wave wave wave wave wave'
has subevent compete,b'wave wave wave wave wave wave wave wave wave wave wave wave wave wave wave wave wave wave wave wave wave wave wave wave wave wave wave wave wave'
is a unite state,b'wave wave wave wave wave wave wave wave wave wave wave wave wave wave wave wave wave wave wave wave wave wave wave wave wave wave wave wave wave'
part of irvington,b'wave wave wave wave wave wave wave wave wave wave wave wave wave wave wave wave wave wave wave wave wave wave wave wave wave wave wave wave wave'
capable of person,b'wave wave wave wave wave wave wave wave wave wave wave wave wave wave wave wave wave wave wave wave wave wave wave wave wave wave wave wave wave'
at location cutlery drawer,b'wave wave wave wave wave wave wave wave wave wave wave wave wave wave wave wave wave wave wave wave wave wave wave wave wave wave wave wave wave'
at location person go to work,b'wave wave wave wave wave wave wave wave wave wave wave wave wave wave wave wave wave wave wave wave wave wave wave wave wave wave wave wave wave'
causes cold weather,b'wave wave wave wave wave wave wave wave wave wave wave wave wave wave wave wave wave wave wave wave wave wave wave wave wave wave wave wave wave'
can be grown to scavenge The oilseed radish,b'wave wave wave wave wave wave wave wave wave wave wave wave wave wave wave wave wave wave wave wave wave wave wave wave wave wave wave wave wave'
not capable of most child,b'wave wave wave wave wave wave wave wave wave wave wave wave wave wave wave wave wave wave wave wave wave wave wave wave wave wave wave wave wave'
at location driveway,b'wave wave wave wave wave wave wave wave wave wave wave wave wave wave wave wave wave wave wave wave wave wave wave wave wave wave wave wave wave'
is a QUANT_S_1 caliber Daewoo assault rifle,b'wave wave wave wave wave wave wave wave wave wave wave wave wave wave wave wave wave wave wave wave wave wave wave wave wave wave wave wave wave'
at location horse,b'wave wave wave wave wave wave wave wave wave wave wave wave wave wave wave wave wave wave wave wave wave wave wave wave wave wave wave wave wave'
used for a saucepan,b'wave wave wave wave wave wave wave wave wave wave wave wave wave wave wave wave wave wave wave wave wave wave wave wave wave wave wave wave wave'
defined as pie la mode in french,b'wave wave wave wave wave wave wave wave wave wave wave wave wave wave wave wave wave wave wave wave wave wave wave wave wave wave wave wave wave'
has subevent buy something small,b'wave wave wave wave wave wave wave wave wave wave wave wave wave wave wave wave wave wave wave wave wave wave wave wave wave wave wave wave wave'
used for a head,b'wave wave wave wave wave wave wave wave wave wave wave wave wave wave wave wave wave wave wave wave wave wave wave wave wave wave wave wave wave'
capable of children,b'wave wave wave wave wave wave wave wave wave wave wave wave wave wave wave wave wave wave wave wave wave wave wave wave wave wave wave wave wave'
motivated by goal vacuum the floors,b'wave wave wave wave wave wave wave wave wave wave wave wave wave wave wave wave wave wave wave wave wave wave wave wave wave wave wave wave wave'
has a horses,b'wave wave wave wave wave wave wave wave wave wave wave wave wave wave wave wave wave wave wave wave wave wave wave wave wave wave wave wave wave'
capable of A star,b'wave wave wave wave wave wave wave wave wave wave wave wave wave wave wave wave wave wave wave wave wave wave wave wave wave wave wave wave wave'
is a thread on nut or bolt,b'wave wave wave wave wave wave wave wave wave wave wave wave wave wave wave wave wave wave wave wave wave wave wave wave wave wave wave wave wave'
has subevent earn live,b'wave wave wave wave wave wave wave wave wave wave wave wave wave wave wave wave wave wave wave wave wave wave wave wave wave wave wave wave wave'
receives action large item,b'wave wave wave wave wave wave wave wave wave wave wave wave wave wave wave wave wave wave wave wave wave wave wave wave wave wave wave wave wave'
at location divider,b'wave wave wave wave wave wave wave wave wave wave wave wave wave wave wave wave wave wave wave wave wave wave wave wave wave wave wave wave wave'
has last subevent answer phone,b'wave wave wave wave wave wave wave wave wave wave wave wave wave wave wave wave wave wave wave wave wave wave wave wave wave wave wave wave wave'
capable of person,b'wave wave wave wave wave wave wave wave wave wave wave wave wave wave wave wave wave wave wave wave wave wave wave wave wave wave wave wave wave'
used for have haircut,b'wave wave wave wave wave wave wave wave wave wave wave wave wave wave wave wave wave wave wave wave wave wave wave wave wave wave wave wave wave'
has subevent playing chess,b'wave wave wave wave wave wave wave wave wave wave wave wave wave wave wave wave wave wave wave wave wave wave wave wave wave wave wave wave wave'
capable of storm,b'wave wave wave wave wave wave wave wave wave wave wave wave wave wave wave wave wave wave wave wave wave wave wave wave wave wave wave wave wave'
has subevent buy hamburger,b'wave wave wave wave wave wave wave wave wave wave wave wave wave wave wave wave wave wave wave wave wave wave wave wave wave wave wave wave wave'
capable of lady,b'wave wave wave wave wave wave wave wave wave wave wave wave wave wave wave wave wave wave wave wave wave wave wave wave wave wave wave wave wave'
is a basket,b'wave wave wave wave wave wave wave wave wave wave wave wave wave wave wave wave wave wave wave wave wave wave wave wave wave wave wave wave wave'
capable of Humans,b'wave wave wave wave wave wave wave wave wave wave wave wave wave wave wave wave wave wave wave wave wave wave wave wave wave wave wave wave wave'
has last subevent play ball,b'wave wave wave wave wave wave wave wave wave wave wave wave wave wave wave wave wave wave wave wave wave wave wave wave wave wave wave wave wave'
used for first floor,b'wave wave wave wave wave wave wave wave wave wave wave wave wave wave wave wave wave wave wave wave wave wave wave wave wave wave wave wave wave'
capable of automobile,b'wave wave wave wave wave wave wave wave wave wave wave wave wave wave wave wave wave wave wave wave wave wave wave wave wave wave wave wave wave'
causes dying,b'wave wave wave wave wave wave wave wave wave wave wave wave wave wave wave wave wave wave wave wave wave wave wave wave wave wave wave wave wave'
used for buy christmas present,b'wave wave wave wave wave wave wave wave wave wave wave wave wave wave wave wave wave wave wave wave wave wave wave wave wave wave wave wave wave'
has property Flossing your teeth,b'wave wave wave wave wave wave wave wave wave wave wave wave wave wave wave wave wave wave wave wave wave wave wave wave wave wave wave wave wave'
desires person,b'wave wave wave wave wave wave wave wave wave wave wave wave wave wave wave wave wave wave wave wave wave wave wave wave wave wave wave wave wave'
capable of politician,b'wave wave wave wave wave wave wave wave wave wave wave wave wave wave wave wave wave wave wave wave wave wave wave wave wave wave wave wave wave'
at location food,b'wave wave wave wave wave wave wave wave wave wave wave wave wave wave wave wave wave wave wave wave wave wave wave wave wave wave wave wave wave'
capable of Members of crew,b'wave wave wave wave wave wave wave wave wave wave wave wave wave wave wave wave wave wave wave wave wave wave wave wave wave wave wave wave wave'
has property glass of water,b'wave wave wave wave wave wave wave wave wave wave wave wave wave wave wave wave wave wave wave wave wave wave wave wave wave wave wave wave wave'
desires person,b'wave wave wave wave wave wave wave wave wave wave wave wave wave wave wave wave wave wave wave wave wave wave wave wave wave wave wave wave wave'
has subevent get angry,b'wave wave wave wave wave wave wave wave wave wave wave wave wave wave wave wave wave wave wave wave wave wave wave wave wave wave wave wave wave'
used for billfold,b'wave wave wave wave wave wave wave wave wave wave wave wave wave wave wave wave wave wave wave wave wave wave wave wave wave wave wave wave wave'
motivated by goal have a heart attack,b'wave wave wave wave wave wave wave wave wave wave wave wave wave wave wave wave wave wave wave wave wave wave wave wave wave wave wave wave wave'
has subevent gather energy for tomorrow,b'wave wave wave wave wave wave wave wave wave wave wave wave wave wave wave wave wave wave wave wave wave wave wave wave wave wave wave wave wave'
has prerequisite play,b'wave wave wave wave wave wave wave wave wave wave wave wave wave wave wave wave wave wave wave wave wave wave wave wave wave wave wave wave wave'
not desires person,b'wave wave wave wave wave wave wave wave wave wave wave wave wave wave wave wave wave wave wave wave wave wave wave wave wave wave wave wave wave'
capable of cow,b'wave wave wave wave wave wave wave wave wave wave wave wave wave wave wave wave wave wave wave wave wave wave wave wave wave wave wave wave wave'
used for Steak,b'wave wave wave wave wave wave wave wave wave wave wave wave wave wave wave wave wave wave wave wave wave wave wave wave wave wave wave wave wave'
capable of you,b'wave wave wave wave wave wave wave wave wave wave wave wave wave wave wave wave wave wave wave wave wave wave wave wave wave wave wave wave wave'
causes telling a tall tale,b'wave wave wave wave wave wave wave wave wave wave wave wave wave wave wave wave wave wave wave wave wave wave wave wave wave wave wave wave wave'
defined as Tasmanian tiger,b'wave wave wave wave wave wave wave wave wave wave wave wave wave wave wave wave wave wave wave wave wave wave wave wave wave wave wave wave wave'
used for tickling,b'wave wave wave wave wave wave wave wave wave wave wave wave wave wave wave wave wave wave wave wave wave wave wave wave wave wave wave wave wave'
at location gazelle,b'wave wave wave wave wave wave wave wave wave wave wave wave wave wave wave wave wave wave wave wave wave wave wave wave wave wave wave wave wave'
is a disk,b'wave wave wave wave wave wave wave wave wave wave wave wave wave wave wave wave wave wave wave wave wave wave wave wave wave wave wave wave wave'
is Maricia Melcombe of Stamford,b'wave wave wave wave wave wave wave wave wave wave wave wave wave wave wave wave wave wave wave wave wave wave wave wave wave wave wave wave wave'
is a William Shakespeare,b'wave wave wave wave wave wave wave wave wave wave wave wave wave wave wave wave wave wave wave wave wave wave wave wave wave wave wave wave wave'
has subevent relaxing,b'wave wave wave wave wave wave wave wave wave wave wave wave wave wave wave wave wave wave wave wave wave wave wave wave wave wave wave wave wave'
capable of car,b'wave wave wave wave wave wave wave wave wave wave wave wave wave wave wave wave wave wave wave wave wave wave wave wave wave wave wave wave wave'
receives action course,b'wave wave wave wave wave wave wave wave wave wave wave wave wave wave wave wave wave wave wave wave wave wave wave wave wave wave wave wave wave'
is a not everyone,b'wave wave wave wave wave wave wave wave wave wave wave wave wave wave wave wave wave wave wave wave wave wave wave wave wave wave wave wave wave'
receives action bridges,b'wave wave wave wave wave wave wave wave wave wave wave wave wave wave wave wave wave wave wave wave wave wave wave wave wave wave wave wave wave'
not desires An engineer,b'wave wave wave wave wave wave wave wave wave wave wave wave wave wave wave wave wave wave wave wave wave wave wave wave wave wave wave wave wave'
is a Lifesavers,b'wave wave wave wave wave wave wave wave wave wave wave wave wave wave wave wave wave wave wave wave wave wave wave wave wave wave wave wave wave'
at location an accordian bag,b'wave wave wave wave wave wave wave wave wave wave wave wave wave wave wave wave wave wave wave wave wave wave wave wave wave wave wave wave wave'
has subevent buying something,b'wave wave wave wave wave wave wave wave wave wave wave wave wave wave wave wave wave wave wave wave wave wave wave wave wave wave wave wave wave'
has property diesel,b'wave wave wave wave wave wave wave wave wave wave wave wave wave wave wave wave wave wave wave wave wave wave wave wave wave wave wave wave wave'
capable of i,b'wave wave wave wave wave wave wave wave wave wave wave wave wave wave wave wave wave wave wave wave wave wave wave wave wave wave wave wave wave'
capable of someone,b'wave wave wave wave wave wave wave wave wave wave wave wave wave wave wave wave wave wave wave wave wave wave wave wave wave wave wave wave wave'
won her a large following among Her long legislative record of expanding women 's rights,b'wave wave wave wave wave wave wave wave wave wave wave wave wave wave wave wave wave wave wave wave wave wave wave wave wave wave wave wave wave'
has property red meat,b'wave wave wave wave wave wave wave wave wave wave wave wave wave wave wave wave wave wave wave wave wave wave wave wave wave wave wave wave wave'
causes overeat,b'wave wave wave wave wave wave wave wave wave wave wave wave wave wave wave wave wave wave wave wave wave wave wave wave wave wave wave wave wave'
capable of you,b'wave wave wave wave wave wave wave wave wave wave wave wave wave wave wave wave wave wave wave wave wave wave wave wave wave wave wave wave wave'
used for restaurant receive,b'wave wave wave wave wave wave wave wave wave wave wave wave wave wave wave wave wave wave wave wave wave wave wave wave wave wave wave wave wave'
used for commit suicide,b'wave wave wave wave wave wave wave wave wave wave wave wave wave wave wave wave wave wave wave wave wave wave wave wave wave wave wave wave wave'
capable of a ring,b'wave wave wave wave wave wave wave wave wave wave wave wave wave wave wave wave wave wave wave wave wave wave wave wave wave wave wave wave wave'
causes seeing exhibits,b'wave wave wave wave wave wave wave wave wave wave wave wave wave wave wave wave wave wave wave wave wave wave wave wave wave wave wave wave wave'
not desires hospital patient,b'wave wave wave wave wave wave wave wave wave wave wave wave wave wave wave wave wave wave wave wave wave wave wave wave wave wave wave wave wave'
has subevent sit quietly,b'wave wave wave wave wave wave wave wave wave wave wave wave wave wave wave wave wave wave wave wave wave wave wave wave wave wave wave wave wave'
at location a stringed instrument,b'wave wave wave wave wave wave wave wave wave wave wave wave wave wave wave wave wave wave wave wave wave wave wave wave wave wave wave wave wave'
is a most common hat,b'wave wave wave wave wave wave wave wave wave wave wave wave wave wave wave wave wave wave wave wave wave wave wave wave wave wave wave wave wave'
has subevent go out in public,b'wave wave wave wave wave wave wave wave wave wave wave wave wave wave wave wave wave wave wave wave wave wave wave wave wave wave wave wave wave'
capable of mankind believes they,b'wave wave wave wave wave wave wave wave wave wave wave wave wave wave wave wave wave wave wave wave wave wave wave wave wave wave wave wave wave'
is a mont blanc,b'wave wave wave wave wave wave wave wave wave wave wave wave wave wave wave wave wave wave wave wave wave wave wave wave wave wave wave wave wave'
has subevent waiting tables,b'wave wave wave wave wave wave wave wave wave wave wave wave wave wave wave wave wave wave wave wave wave wave wave wave wave wave wave wave wave'
q u a n t r the roots,b'wave wave wave wave wave wave wave wave wave wave wave wave wave wave wave wave wave wave wave wave wave wave wave wave wave wave wave wave wave'
has subevent have checkup,b'wave wave wave wave wave wave wave wave wave wave wave wave wave wave wave wave wave wave wave wave wave wave wave wave wave wave wave wave wave'
used for send e-mail,b'wave wave wave wave wave wave wave wave wave wave wave wave wave wave wave wave wave wave wave wave wave wave wave wave wave wave wave wave wave'
at location a street sweepre,b'wave wave wave wave wave wave wave wave wave wave wave wave wave wave wave wave wave wave wave wave wave wave wave wave wave wave wave wave wave'
capable of Curtains,b'wave wave wave wave wave wave wave wave wave wave wave wave wave wave wave wave wave wave wave wave wave wave wave wave wave wave wave wave wave'
is a molecule,b'wave wave wave wave wave wave wave wave wave wave wave wave wave wave wave wave wave wave wave wave wave wave wave wave wave wave wave wave wave'
has prerequisite play lacrosse,b'wave wave wave wave wave wave wave wave wave wave wave wave wave wave wave wave wave wave wave wave wave wave wave wave wave wave wave wave wave'
used for take bus,b'wave wave wave wave wave wave wave wave wave wave wave wave wave wave wave wave wave wave wave wave wave wave wave wave wave wave wave wave wave'
at location french restaurant,b'wave wave wave wave wave wave wave wave wave wave wave wave wave wave wave wave wave wave wave wave wave wave wave wave wave wave wave wave wave'
has subevent seeing your idea become reality,b'wave wave wave wave wave wave wave wave wave wave wave wave wave wave wave wave wave wave wave wave wave wave wave wave wave wave wave wave wave'
has prerequisite maintain good health,b'wave wave wave wave wave wave wave wave wave wave wave wave wave wave wave wave wave wave wave wave wave wave wave wave wave wave wave wave wave'
receives action embarassment is to,b'wave wave wave wave wave wave wave wave wave wave wave wave wave wave wave wave wave wave wave wave wave wave wave wave wave wave wave wave wave'
is a in anarchistic society there,b'wave wave wave wave wave wave wave wave wave wave wave wave wave wave wave wave wave wave wave wave wave wave wave wave wave wave wave wave wave'
plays the role,b'wave wave wave wave wave wave wave wave wave wave wave wave wave wave wave wave wave wave wave wave wave wave wave wave wave wave wave wave wave'
used for tying your shoelace,b'wave wave wave wave wave wave wave wave wave wave wave wave wave wave wave wave wave wave wave wave wave wave wave wave wave wave wave wave wave'
used for a grocer,b'wave wave wave wave wave wave wave wave wave wave wave wave wave wave wave wave wave wave wave wave wave wave wave wave wave wave wave wave wave'
has prerequisite television view,b'wave wave wave wave wave wave wave wave wave wave wave wave wave wave wave wave wave wave wave wave wave wave wave wave wave wave wave wave wave'
at location guard,b'wave wave wave wave wave wave wave wave wave wave wave wave wave wave wave wave wave wave wave wave wave wave wave wave wave wave wave wave wave'
has property fortune cookie,b'wave wave wave wave wave wave wave wave wave wave wave wave wave wave wave wave wave wave wave wave wave wave wave wave wave wave wave wave wave'
causes going for a walk,b'wave wave wave wave wave wave wave wave wave wave wave wave wave wave wave wave wave wave wave wave wave wave wave wave wave wave wave wave wave'
is a willy-willy,b'wave wave wave wave wave wave wave wave wave wave wave wave wave wave wave wave wave wave wave wave wave wave wave wave wave wave wave wave wave'
barrel madison avenue works of art,b'wave wave wave wave wave wave wave wave wave wave wave wave wave wave wave wave wave wave wave wave wave wave wave wave wave wave wave wave wave'
is this legislation,b'wave wave wave wave wave wave wave wave wave wave wave wave wave wave wave wave wave wave wave wave wave wave wave wave wave wave wave wave wave'
has a Canada,b'wave wave wave wave wave wave wave wave wave wave wave wave wave wave wave wave wave wave wave wave wave wave wave wave wave wave wave wave wave'
used for know how stock market perform,b'wave wave wave wave wave wave wave wave wave wave wave wave wave wave wave wave wave wave wave wave wave wave wave wave wave wave wave wave wave'
used for eating quickly,b'wave wave wave wave wave wave wave wave wave wave wave wave wave wave wave wave wave wave wave wave wave wave wave wave wave wave wave wave wave'
defined as love,b'wave wave wave wave wave wave wave wave wave wave wave wave wave wave wave wave wave wave wave wave wave wave wave wave wave wave wave wave wave'
motivated by goal dress nice,b'wave wave wave wave wave wave wave wave wave wave wave wave wave wave wave wave wave wave wave wave wave wave wave wave wave wave wave wave wave'
be serving the major carrier,b'wave wave wave wave wave wave wave wave wave wave wave wave wave wave wave wave wave wave wave wave wave wave wave wave wave wave wave wave wave'
capable of train engines,b'wave wave wave wave wave wave wave wave wave wave wave wave wave wave wave wave wave wave wave wave wave wave wave wave wave wave wave wave wave'
not desires cat,b'wave wave wave wave wave wave wave wave wave wave wave wave wave wave wave wave wave wave wave wave wave wave wave wave wave wave wave wave wave'
is a movie,b'wave wave wave wave wave wave wave wave wave wave wave wave wave wave wave wave wave wave wave wave wave wave wave wave wave wave wave wave wave'
made of revolution,b'wave wave wave wave wave wave wave wave wave wave wave wave wave wave wave wave wave wave wave wave wave wave wave wave wave wave wave wave wave'
has subevent celebrating,b'wave wave wave wave wave wave wave wave wave wave wave wave wave wave wave wave wave wave wave wave wave wave wave wave wave wave wave wave wave'
is a 'Life With Dexter',b'wave wave wave wave wave wave wave wave wave wave wave wave wave wave wave wave wave wave wave wave wave wave wave wave wave wave wave wave wave'
has subevent destroying your enemy,b'wave wave wave wave wave wave wave wave wave wave wave wave wave wave wave wave wave wave wave wave wave wave wave wave wave wave wave wave wave'
has property water,b'wave wave wave wave wave wave wave wave wave wave wave wave wave wave wave wave wave wave wave wave wave wave wave wave wave wave wave wave wave'
has first subevent tape television show,b'wave wave wave wave wave wave wave wave wave wave wave wave wave wave wave wave wave wave wave wave wave wave wave wave wave wave wave wave wave'
used for giving a gift,b'wave wave wave wave wave wave wave wave wave wave wave wave wave wave wave wave wave wave wave wave wave wave wave wave wave wave wave wave wave'
was honored last night at Stephen M. Cutler,b'wave wave wave wave wave wave wave wave wave wave wave wave wave wave wave wave wave wave wave wave wave wave wave wave wave wave wave wave wave'
used for a manila folder,b'wave wave wave wave wave wave wave wave wave wave wave wave wave wave wave wave wave wave wave wave wave wave wave wave wave wave wave wave wave'
"is a Tested is past tense, testing",b'wave wave wave wave wave wave wave wave wave wave wave wave wave wave wave wave wave wave wave wave wave wave wave wave wave wave wave wave wave'
is Debra Anne Klein,b'wave wave wave wave wave wave wave wave wave wave wave wave wave wave wave wave wave wave wave wave wave wave wave wave wave wave wave wave wave'
at location a nutcracker,b'wave wave wave wave wave wave wave wave wave wave wave wave wave wave wave wave wave wave wave wave wave wave wave wave wave wave wave wave wave'
used for go to sport event,b'wave wave wave wave wave wave wave wave wave wave wave wave wave wave wave wave wave wave wave wave wave wave wave wave wave wave wave wave wave'
capable of Someone,b'wave wave wave wave wave wave wave wave wave wave wave wave wave wave wave wave wave wave wave wave wave wave wave wave wave wave wave wave wave'
has property Large dogs,b'wave wave wave wave wave wave wave wave wave wave wave wave wave wave wave wave wave wave wave wave wave wave wave wave wave wave wave wave wave'
has last subevent eat,b'wave wave wave wave wave wave wave wave wave wave wave wave wave wave wave wave wave wave wave wave wave wave wave wave wave wave wave wave wave'
at location semen,b'wave wave wave wave wave wave wave wave wave wave wave wave wave wave wave wave wave wave wave wave wave wave wave wave wave wave wave wave wave'
capable of A person,b'wave wave wave wave wave wave wave wave wave wave wave wave wave wave wave wave wave wave wave wave wave wave wave wave wave wave wave wave wave'
used for exam table,b'wave wave wave wave wave wave wave wave wave wave wave wave wave wave wave wave wave wave wave wave wave wave wave wave wave wave wave wave wave'
at location penicillin,b'wave wave wave wave wave wave wave wave wave wave wave wave wave wave wave wave wave wave wave wave wave wave wave wave wave wave wave wave wave'
desires some dogs,b'wave wave wave wave wave wave wave wave wave wave wave wave wave wave wave wave wave wave wave wave wave wave wave wave wave wave wave wave wave'
capable of gun,b'wave wave wave wave wave wave wave wave wave wave wave wave wave wave wave wave wave wave wave wave wave wave wave wave wave wave wave wave wave'
q u a n t r after March QUANT_S_1 Revenue QUANT_S_2,b'wave wave wave wave wave wave wave wave wave wave wave wave wave wave wave wave wave wave wave wave wave wave wave wave wave wave wave wave wave'
causes making people laugh,b'wave wave wave wave wave wave wave wave wave wave wave wave wave wave wave wave wave wave wave wave wave wave wave wave wave wave wave wave wave'
has prerequisite write a poem,b'wave wave wave wave wave wave wave wave wave wave wave wave wave wave wave wave wave wave wave wave wave wave wave wave wave wave wave wave wave'
causes spit,b'wave wave wave wave wave wave wave wave wave wave wave wave wave wave wave wave wave wave wave wave wave wave wave wave wave wave wave wave wave'
causes open business,b'wave wave wave wave wave wave wave wave wave wave wave wave wave wave wave wave wave wave wave wave wave wave wave wave wave wave wave wave wave'
has prerequisite write letter,b'wave wave wave wave wave wave wave wave wave wave wave wave wave wave wave wave wave wave wave wave wave wave wave wave wave wave wave wave wave'
has a american life,b'wave wave wave wave wave wave wave wave wave wave wave wave wave wave wave wave wave wave wave wave wave wave wave wave wave wave wave wave wave'
causes see art,b'wave wave wave wave wave wave wave wave wave wave wave wave wave wave wave wave wave wave wave wave wave wave wave wave wave wave wave wave wave'
used for teach other person,b'wave wave wave wave wave wave wave wave wave wave wave wave wave wave wave wave wave wave wave wave wave wave wave wave wave wave wave wave wave'
at location gazelle,b'wave wave wave wave wave wave wave wave wave wave wave wave wave wave wave wave wave wave wave wave wave wave wave wave wave wave wave wave wave'
has a horse,b'wave wave wave wave wave wave wave wave wave wave wave wave wave wave wave wave wave wave wave wave wave wave wave wave wave wave wave wave wave'
used for this,b'wave wave wave wave wave wave wave wave wave wave wave wave wave wave wave wave wave wave wave wave wave wave wave wave wave wave wave wave wave'
defined as flower bed,b'wave wave wave wave wave wave wave wave wave wave wave wave wave wave wave wave wave wave wave wave wave wave wave wave wave wave wave wave wave'
causes see artifact,b'wave wave wave wave wave wave wave wave wave wave wave wave wave wave wave wave wave wave wave wave wave wave wave wave wave wave wave wave wave'
is a enzyme,b'wave wave wave wave wave wave wave wave wave wave wave wave wave wave wave wave wave wave wave wave wave wave wave wave wave wave wave wave wave'
capable of divorce,b'wave wave wave wave wave wave wave wave wave wave wave wave wave wave wave wave wave wave wave wave wave wave wave wave wave wave wave wave wave'
has subevent howling with laughter,b'wave wave wave wave wave wave wave wave wave wave wave wave wave wave wave wave wave wave wave wave wave wave wave wave wave wave wave wave wave'
included 14 reviews,b'wave wave wave wave wave wave wave wave wave wave wave wave wave wave wave wave wave wave wave wave wave wave wave wave wave wave wave wave wave'
capable of mouse,b'wave wave wave wave wave wave wave wave wave wave wave wave wave wave wave wave wave wave wave wave wave wave wave wave wave wave wave wave wave'
at location dust,b'wave wave wave wave wave wave wave wave wave wave wave wave wave wave wave wave wave wave wave wave wave wave wave wave wave wave wave wave wave'
cut Antowain Smith,b'wave wave wave wave wave wave wave wave wave wave wave wave wave wave wave wave wave wave wave wave wave wave wave wave wave wave wave wave wave'
has subevent join army,b'wave wave wave wave wave wave wave wave wave wave wave wave wave wave wave wave wave wave wave wave wave wave wave wave wave wave wave wave wave'
has subevent seeing a story,b'wave wave wave wave wave wave wave wave wave wave wave wave wave wave wave wave wave wave wave wave wave wave wave wave wave wave wave wave wave'
has first subevent stand up,b'wave wave wave wave wave wave wave wave wave wave wave wave wave wave wave wave wave wave wave wave wave wave wave wave wave wave wave wave wave'
at location a picnic table,b'wave wave wave wave wave wave wave wave wave wave wave wave wave wave wave wave wave wave wave wave wave wave wave wave wave wave wave wave wave'
has a men with lot of money,b'wave wave wave wave wave wave wave wave wave wave wave wave wave wave wave wave wave wave wave wave wave wave wave wave wave wave wave wave wave'
has subevent fall,b'wave wave wave wave wave wave wave wave wave wave wave wave wave wave wave wave wave wave wave wave wave wave wave wave wave wave wave wave wave'
has subevent celebrate,b'wave wave wave wave wave wave wave wave wave wave wave wave wave wave wave wave wave wave wave wave wave wave wave wave wave wave wave wave wave'
new york a magnum opus,b'wave wave wave wave wave wave wave wave wave wave wave wave wave wave wave wave wave wave wave wave wave wave wave wave wave wave wave wave wave'
seems appropriate to Champagne,b'wave wave wave wave wave wave wave wave wave wave wave wave wave wave wave wave wave wave wave wave wave wave wave wave wave wave wave wave wave'
is a The secondary directive for machines,b'wave wave wave wave wave wave wave wave wave wave wave wave wave wave wave wave wave wave wave wave wave wave wave wave wave wave wave wave wave'
had the House,b'wave wave wave wave wave wave wave wave wave wave wave wave wave wave wave wave wave wave wave wave wave wave wave wave wave wave wave wave wave'
causes desire an erection,b'wave wave wave wave wave wave wave wave wave wave wave wave wave wave wave wave wave wave wave wave wave wave wave wave wave wave wave wave wave'
at location roller skate,b'wave wave wave wave wave wave wave wave wave wave wave wave wave wave wave wave wave wave wave wave wave wave wave wave wave wave wave wave wave'
has a One impairment a person might,b'wave wave wave wave wave wave wave wave wave wave wave wave wave wave wave wave wave wave wave wave wave wave wave wave wave wave wave wave wave'
causes obstruct justice,b'wave wave wave wave wave wave wave wave wave wave wave wave wave wave wave wave wave wave wave wave wave wave wave wave wave wave wave wave wave'
is the impact of the latter,b'wave wave wave wave wave wave wave wave wave wave wave wave wave wave wave wave wave wave wave wave wave wave wave wave wave wave wave wave wave'
motivated by goal handle proposal,b'wave wave wave wave wave wave wave wave wave wave wave wave wave wave wave wave wave wave wave wave wave wave wave wave wave wave wave wave wave'
has subevent having fun,b'wave wave wave wave wave wave wave wave wave wave wave wave wave wave wave wave wave wave wave wave wave wave wave wave wave wave wave wave wave'
at location hi-lighters,b'wave wave wave wave wave wave wave wave wave wave wave wave wave wave wave wave wave wave wave wave wave wave wave wave wave wave wave wave wave'
take anywhere its proceedings,b'wave wave wave wave wave wave wave wave wave wave wave wave wave wave wave wave wave wave wave wave wave wave wave wave wave wave wave wave wave'
causes kiss someone,b'wave wave wave wave wave wave wave wave wave wave wave wave wave wave wave wave wave wave wave wave wave wave wave wave wave wave wave wave wave'
concerning data,b'wave wave wave wave wave wave wave wave wave wave wave wave wave wave wave wave wave wave wave wave wave wave wave wave wave wave wave wave wave'
at location empty boxes,b'wave wave wave wave wave wave wave wave wave wave wave wave wave wave wave wave wave wave wave wave wave wave wave wave wave wave wave wave wave'
is a philosophy of mind,b'wave wave wave wave wave wave wave wave wave wave wave wave wave wave wave wave wave wave wave wave wave wave wave wave wave wave wave wave wave'
used for waiting tables,b'wave wave wave wave wave wave wave wave wave wave wave wave wave wave wave wave wave wave wave wave wave wave wave wave wave wave wave wave wave'
receives action lp record,b'wave wave wave wave wave wave wave wave wave wave wave wave wave wave wave wave wave wave wave wave wave wave wave wave wave wave wave wave wave'
used for gas,b'wave wave wave wave wave wave wave wave wave wave wave wave wave wave wave wave wave wave wave wave wave wave wave wave wave wave wave wave wave'
capable of educate person,b'wave wave wave wave wave wave wave wave wave wave wave wave wave wave wave wave wave wave wave wave wave wave wave wave wave wave wave wave wave'
has prerequisite get exercise,b'wave wave wave wave wave wave wave wave wave wave wave wave wave wave wave wave wave wave wave wave wave wave wave wave wave wave wave wave wave'
is Hong Kong,b'wave wave wave wave wave wave wave wave wave wave wave wave wave wave wave wave wave wave wave wave wave wave wave wave wave wave wave wave wave'
motivated by goal debate politics,b'wave wave wave wave wave wave wave wave wave wave wave wave wave wave wave wave wave wave wave wave wave wave wave wave wave wave wave wave wave'
has prerequisite light match,b'wave wave wave wave wave wave wave wave wave wave wave wave wave wave wave wave wave wave wave wave wave wave wave wave wave wave wave wave wave'
offered The governor 's campaign aides,b'wave wave wave wave wave wave wave wave wave wave wave wave wave wave wave wave wave wave wave wave wave wave wave wave wave wave wave wave wave'
has subevent chewing your food,b'wave wave wave wave wave wave wave wave wave wave wave wave wave wave wave wave wave wave wave wave wave wave wave wave wave wave wave wave wave'
has subevent see excite story,b'wave wave wave wave wave wave wave wave wave wave wave wave wave wave wave wave wave wave wave wave wave wave wave wave wave wave wave wave wave'
is a monogamy,b'wave wave wave wave wave wave wave wave wave wave wave wave wave wave wave wave wave wave wave wave wave wave wave wave wave wave wave wave wave'
has prerequisite go to a party,b'wave wave wave wave wave wave wave wave wave wave wave wave wave wave wave wave wave wave wave wave wave wave wave wave wave wave wave wave wave'
defined as glasses,b'wave wave wave wave wave wave wave wave wave wave wave wave wave wave wave wave wave wave wave wave wave wave wave wave wave wave wave wave wave'
clears only the company,b'wave wave wave wave wave wave wave wave wave wave wave wave wave wave wave wave wave wave wave wave wave wave wave wave wave wave wave wave wave'
has subevent celebrate,b'wave wave wave wave wave wave wave wave wave wave wave wave wave wave wave wave wave wave wave wave wave wave wave wave wave wave wave wave wave'
capable of A person,b'wave wave wave wave wave wave wave wave wave wave wave wave wave wave wave wave wave wave wave wave wave wave wave wave wave wave wave wave wave'
has prerequisite get some physical activity,b'wave wave wave wave wave wave wave wave wave wave wave wave wave wave wave wave wave wave wave wave wave wave wave wave wave wave wave wave wave'
receives action horses,b'wave wave wave wave wave wave wave wave wave wave wave wave wave wave wave wave wave wave wave wave wave wave wave wave wave wave wave wave wave'
at location piece of trash,b'wave wave wave wave wave wave wave wave wave wave wave wave wave wave wave wave wave wave wave wave wave wave wave wave wave wave wave wave wave'
capable of someone,b'wave wave wave wave wave wave wave wave wave wave wave wave wave wave wave wave wave wave wave wave wave wave wave wave wave wave wave wave wave'
is a nashua,b'wave wave wave wave wave wave wave wave wave wave wave wave wave wave wave wave wave wave wave wave wave wave wave wave wave wave wave wave wave'
capable of fight,b'wave wave wave wave wave wave wave wave wave wave wave wave wave wave wave wave wave wave wave wave wave wave wave wave wave wave wave wave wave'
capable of jewler,b'wave wave wave wave wave wave wave wave wave wave wave wave wave wave wave wave wave wave wave wave wave wave wave wave wave wave wave wave wave'
at location sloth,b'wave wave wave wave wave wave wave wave wave wave wave wave wave wave wave wave wave wave wave wave wave wave wave wave wave wave wave wave wave'
at location telephone,b'wave wave wave wave wave wave wave wave wave wave wave wave wave wave wave wave wave wave wave wave wave wave wave wave wave wave wave wave wave'
has prerequisite convict suspect for crime,b'wave wave wave wave wave wave wave wave wave wave wave wave wave wave wave wave wave wave wave wave wave wave wave wave wave wave wave wave wave'
has property many hats contain logos which,b'wave wave wave wave wave wave wave wave wave wave wave wave wave wave wave wave wave wave wave wave wave wave wave wave wave wave wave wave wave'
has property Overexposure to the sun,b'wave wave wave wave wave wave wave wave wave wave wave wave wave wave wave wave wave wave wave wave wave wave wave wave wave wave wave wave wave'
used for drink,b'wave wave wave wave wave wave wave wave wave wave wave wave wave wave wave wave wave wave wave wave wave wave wave wave wave wave wave wave wave'
has prerequisite change society,b'wave wave wave wave wave wave wave wave wave wave wave wave wave wave wave wave wave wave wave wave wave wave wave wave wave wave wave wave wave'
has prerequisite meet interest person,b'wave wave wave wave wave wave wave wave wave wave wave wave wave wave wave wave wave wave wave wave wave wave wave wave wave wave wave wave wave'
has subevent write story,b'wave wave wave wave wave wave wave wave wave wave wave wave wave wave wave wave wave wave wave wave wave wave wave wave wave wave wave wave wave'
at location a group of mourners,b'wave wave wave wave wave wave wave wave wave wave wave wave wave wave wave wave wave wave wave wave wave wave wave wave wave wave wave wave wave'
used for hairbrush,b'wave wave wave wave wave wave wave wave wave wave wave wave wave wave wave wave wave wave wave wave wave wave wave wave wave wave wave wave wave'
has property Some people,b'wave wave wave wave wave wave wave wave wave wave wave wave wave wave wave wave wave wave wave wave wave wave wave wave wave wave wave wave wave'
has last subevent find lose item,b'wave wave wave wave wave wave wave wave wave wave wave wave wave wave wave wave wave wave wave wave wave wave wave wave wave wave wave wave wave'
not desires person,b'wave wave wave wave wave wave wave wave wave wave wave wave wave wave wave wave wave wave wave wave wave wave wave wave wave wave wave wave wave'
has property Americans,b'wave wave wave wave wave wave wave wave wave wave wave wave wave wave wave wave wave wave wave wave wave wave wave wave wave wave wave wave wave'
defined as A roof,b'wave wave wave wave wave wave wave wave wave wave wave wave wave wave wave wave wave wave wave wave wave wave wave wave wave wave wave wave wave'
used for playing the violin,b'wave wave wave wave wave wave wave wave wave wave wave wave wave wave wave wave wave wave wave wave wave wave wave wave wave wave wave wave wave'
at location woodwind instrument,b'wave wave wave wave wave wave wave wave wave wave wave wave wave wave wave wave wave wave wave wave wave wave wave wave wave wave wave wave wave'
used for a cottage,b'wave wave wave wave wave wave wave wave wave wave wave wave wave wave wave wave wave wave wave wave wave wave wave wave wave wave wave wave wave'
is a dress and pasta,b'wave wave wave wave wave wave wave wave wave wave wave wave wave wave wave wave wave wave wave wave wave wave wave wave wave wave wave wave wave'
has property gold,b'wave wave wave wave wave wave wave wave wave wave wave wave wave wave wave wave wave wave wave wave wave wave wave wave wave wave wave wave wave'
causes fishing,b'wave wave wave wave wave wave wave wave wave wave wave wave wave wave wave wave wave wave wave wave wave wave wave wave wave wave wave wave wave'
causes going to a performance,b'wave wave wave wave wave wave wave wave wave wave wave wave wave wave wave wave wave wave wave wave wave wave wave wave wave wave wave wave wave'
causes desire personal slight,b'wave wave wave wave wave wave wave wave wave wave wave wave wave wave wave wave wave wave wave wave wave wave wave wave wave wave wave wave wave'
used for clamp,b'wave wave wave wave wave wave wave wave wave wave wave wave wave wave wave wave wave wave wave wave wave wave wave wave wave wave wave wave wave'
at location white key,b'wave wave wave wave wave wave wave wave wave wave wave wave wave wave wave wave wave wave wave wave wave wave wave wave wave wave wave wave wave'
capable of a lady,b'wave wave wave wave wave wave wave wave wave wave wave wave wave wave wave wave wave wave wave wave wave wave wave wave wave wave wave wave wave'
used for zoom lens,b'wave wave wave wave wave wave wave wave wave wave wave wave wave wave wave wave wave wave wave wave wave wave wave wave wave wave wave wave wave'
receives action one food that may,b'wave wave wave wave wave wave wave wave wave wave wave wave wave wave wave wave wave wave wave wave wave wave wave wave wave wave wave wave wave'
motivated by goal fight war,b'wave wave wave wave wave wave wave wave wave wave wave wave wave wave wave wave wave wave wave wave wave wave wave wave wave wave wave wave wave'
at location curtain,b'wave wave wave wave wave wave wave wave wave wave wave wave wave wave wave wave wave wave wave wave wave wave wave wave wave wave wave wave wave'
is Richard S. Tedder,b'wave wave wave wave wave wave wave wave wave wave wave wave wave wave wave wave wave wave wave wave wave wave wave wave wave wave wave wave wave'
motivated by goal use calculator,b'wave wave wave wave wave wave wave wave wave wave wave wave wave wave wave wave wave wave wave wave wave wave wave wave wave wave wave wave wave'
has property Fungus gnats,b'wave wave wave wave wave wave wave wave wave wave wave wave wave wave wave wave wave wave wave wave wave wave wave wave wave wave wave wave wave'
causes spend your time on this site,b'wave wave wave wave wave wave wave wave wave wave wave wave wave wave wave wave wave wave wave wave wave wave wave wave wave wave wave wave wave'
causes desire success,b'wave wave wave wave wave wave wave wave wave wave wave wave wave wave wave wave wave wave wave wave wave wave wave wave wave wave wave wave wave'
used for soap,b'wave wave wave wave wave wave wave wave wave wave wave wave wave wave wave wave wave wave wave wave wave wave wave wave wave wave wave wave wave'
has subevent fish,b'wave wave wave wave wave wave wave wave wave wave wave wave wave wave wave wave wave wave wave wave wave wave wave wave wave wave wave wave wave'
receives action vomiting is to,b'wave wave wave wave wave wave wave wave wave wave wave wave wave wave wave wave wave wave wave wave wave wave wave wave wave wave wave wave wave'
used for a sunglasses,b'wave wave wave wave wave wave wave wave wave wave wave wave wave wave wave wave wave wave wave wave wave wave wave wave wave wave wave wave wave'
used for see your idea become reality,b'wave wave wave wave wave wave wave wave wave wave wave wave wave wave wave wave wave wave wave wave wave wave wave wave wave wave wave wave wave'
used for give clue,b'wave wave wave wave wave wave wave wave wave wave wave wave wave wave wave wave wave wave wave wave wave wave wave wave wave wave wave wave wave'
used for a choker,b'wave wave wave wave wave wave wave wave wave wave wave wave wave wave wave wave wave wave wave wave wave wave wave wave wave wave wave wave wave'
is a monarchy,b'wave wave wave wave wave wave wave wave wave wave wave wave wave wave wave wave wave wave wave wave wave wave wave wave wave wave wave wave wave'
at location some thing only work if they,b'wave wave wave wave wave wave wave wave wave wave wave wave wave wave wave wave wave wave wave wave wave wave wave wave wave wave wave wave wave'
has property exercise,b'wave wave wave wave wave wave wave wave wave wave wave wave wave wave wave wave wave wave wave wave wave wave wave wave wave wave wave wave wave'
are downspouts,b'wave wave wave wave wave wave wave wave wave wave wave wave wave wave wave wave wave wave wave wave wave wave wave wave wave wave wave wave wave'
is a human interaction,b'wave wave wave wave wave wave wave wave wave wave wave wave wave wave wave wave wave wave wave wave wave wave wave wave wave wave wave wave wave'
has subevent talking to someone,b'wave wave wave wave wave wave wave wave wave wave wave wave wave wave wave wave wave wave wave wave wave wave wave wave wave wave wave wave wave'
has first subevent buy a shirt,b'wave wave wave wave wave wave wave wave wave wave wave wave wave wave wave wave wave wave wave wave wave wave wave wave wave wave wave wave wave'
is 2 Diabetes Mellitus,b'wave wave wave wave wave wave wave wave wave wave wave wave wave wave wave wave wave wave wave wave wave wave wave wave wave wave wave wave wave'
capable of anteater,b'wave wave wave wave wave wave wave wave wave wave wave wave wave wave wave wave wave wave wave wave wave wave wave wave wave wave wave wave wave'
are the result of Most of the animal skulls,b'wave wave wave wave wave wave wave wave wave wave wave wave wave wave wave wave wave wave wave wave wave wave wave wave wave wave wave wave wave'
is a obesity,b'wave wave wave wave wave wave wave wave wave wave wave wave wave wave wave wave wave wave wave wave wave wave wave wave wave wave wave wave wave'
at location different breeds,b'wave wave wave wave wave wave wave wave wave wave wave wave wave wave wave wave wave wave wave wave wave wave wave wave wave wave wave wave wave'
used for moisturizer,b'wave wave wave wave wave wave wave wave wave wave wave wave wave wave wave wave wave wave wave wave wave wave wave wave wave wave wave wave wave'
is a The bottle,b'wave wave wave wave wave wave wave wave wave wave wave wave wave wave wave wave wave wave wave wave wave wave wave wave wave wave wave wave wave'
has subevent person be kill,b'wave wave wave wave wave wave wave wave wave wave wave wave wave wave wave wave wave wave wave wave wave wave wave wave wave wave wave wave wave'
used for watch tv show,b'wave wave wave wave wave wave wave wave wave wave wave wave wave wave wave wave wave wave wave wave wave wave wave wave wave wave wave wave wave'
capable of meteorite,b'wave wave wave wave wave wave wave wave wave wave wave wave wave wave wave wave wave wave wave wave wave wave wave wave wave wave wave wave wave'
has subevent climb mountain,b'wave wave wave wave wave wave wave wave wave wave wave wave wave wave wave wave wave wave wave wave wave wave wave wave wave wave wave wave wave'
is a Mercury,b'wave wave wave wave wave wave wave wave wave wave wave wave wave wave wave wave wave wave wave wave wave wave wave wave wave wave wave wave wave'
causes reading a newspaper,b'wave wave wave wave wave wave wave wave wave wave wave wave wave wave wave wave wave wave wave wave wave wave wave wave wave wave wave wave wave'
used for tell story,b'wave wave wave wave wave wave wave wave wave wave wave wave wave wave wave wave wave wave wave wave wave wave wave wave wave wave wave wave wave'
used for a control room,b'wave wave wave wave wave wave wave wave wave wave wave wave wave wave wave wave wave wave wave wave wave wave wave wave wave wave wave wave wave'
has a a courtroom,b'wave wave wave wave wave wave wave wave wave wave wave wave wave wave wave wave wave wave wave wave wave wave wave wave wave wave wave wave wave'
is a solor system,b'wave wave wave wave wave wave wave wave wave wave wave wave wave wave wave wave wave wave wave wave wave wave wave wave wave wave wave wave wave'
is a The doberman,b'wave wave wave wave wave wave wave wave wave wave wave wave wave wave wave wave wave wave wave wave wave wave wave wave wave wave wave wave wave'
capable of someone,b'wave wave wave wave wave wave wave wave wave wave wave wave wave wave wave wave wave wave wave wave wave wave wave wave wave wave wave wave wave'
has subevent see a movie,b'wave wave wave wave wave wave wave wave wave wave wave wave wave wave wave wave wave wave wave wave wave wave wave wave wave wave wave wave wave'
causes having fun,b'wave wave wave wave wave wave wave wave wave wave wave wave wave wave wave wave wave wave wave wave wave wave wave wave wave wave wave wave wave'
has prerequisite execute fly kick,b'wave wave wave wave wave wave wave wave wave wave wave wave wave wave wave wave wave wave wave wave wave wave wave wave wave wave wave wave wave'
was founded by The German-English Academy,b'wave wave wave wave wave wave wave wave wave wave wave wave wave wave wave wave wave wave wave wave wave wave wave wave wave wave wave wave wave'
used for a bullet,b'wave wave wave wave wave wave wave wave wave wave wave wave wave wave wave wave wave wave wave wave wave wave wave wave wave wave wave wave wave'
used for a baggage,b'wave wave wave wave wave wave wave wave wave wave wave wave wave wave wave wave wave wave wave wave wave wave wave wave wave wave wave wave wave'
has a Toyota makes vehicles which,b'wave wave wave wave wave wave wave wave wave wave wave wave wave wave wave wave wave wave wave wave wave wave wave wave wave wave wave wave wave'
defined as Revenge of the Nerds II,b'wave wave wave wave wave wave wave wave wave wave wave wave wave wave wave wave wave wave wave wave wave wave wave wave wave wave wave wave wave'
at location something,b'wave wave wave wave wave wave wave wave wave wave wave wave wave wave wave wave wave wave wave wave wave wave wave wave wave wave wave wave wave'
at location room key,b'wave wave wave wave wave wave wave wave wave wave wave wave wave wave wave wave wave wave wave wave wave wave wave wave wave wave wave wave wave'
defined as badminton,b'wave wave wave wave wave wave wave wave wave wave wave wave wave wave wave wave wave wave wave wave wave wave wave wave wave wave wave wave wave'
capable of a person,b'wave wave wave wave wave wave wave wave wave wave wave wave wave wave wave wave wave wave wave wave wave wave wave wave wave wave wave wave wave'
is a some mistake,b'wave wave wave wave wave wave wave wave wave wave wave wave wave wave wave wave wave wave wave wave wave wave wave wave wave wave wave wave wave'
has prerequisite attend meet,b'wave wave wave wave wave wave wave wave wave wave wave wave wave wave wave wave wave wave wave wave wave wave wave wave wave wave wave wave wave'
has property sunny weather,b'wave wave wave wave wave wave wave wave wave wave wave wave wave wave wave wave wave wave wave wave wave wave wave wave wave wave wave wave wave'
has property metal,b'wave wave wave wave wave wave wave wave wave wave wave wave wave wave wave wave wave wave wave wave wave wave wave wave wave wave wave wave wave'
causes eating,b'wave wave wave wave wave wave wave wave wave wave wave wave wave wave wave wave wave wave wave wave wave wave wave wave wave wave wave wave wave'
at location MDMA,b'wave wave wave wave wave wave wave wave wave wave wave wave wave wave wave wave wave wave wave wave wave wave wave wave wave wave wave wave wave'
used for baseball field,b'wave wave wave wave wave wave wave wave wave wave wave wave wave wave wave wave wave wave wave wave wave wave wave wave wave wave wave wave wave'
to q u a n t o the Clintons,b'wave wave wave wave wave wave wave wave wave wave wave wave wave wave wave wave wave wave wave wave wave wave wave wave wave wave wave wave wave'
causes swear,b'wave wave wave wave wave wave wave wave wave wave wave wave wave wave wave wave wave wave wave wave wave wave wave wave wave wave wave wave wave'
has prerequisite watch a movie,b'wave wave wave wave wave wave wave wave wave wave wave wave wave wave wave wave wave wave wave wave wave wave wave wave wave wave wave wave wave'
has prerequisite commit to memory,b'wave wave wave wave wave wave wave wave wave wave wave wave wave wave wave wave wave wave wave wave wave wave wave wave wave wave wave wave wave'
capable of an approaching car,b'wave wave wave wave wave wave wave wave wave wave wave wave wave wave wave wave wave wave wave wave wave wave wave wave wave wave wave wave wave'
at location coins,b'wave wave wave wave wave wave wave wave wave wave wave wave wave wave wave wave wave wave wave wave wave wave wave wave wave wave wave wave wave'
not has property a computer mouse,b'wave wave wave wave wave wave wave wave wave wave wave wave wave wave wave wave wave wave wave wave wave wave wave wave wave wave wave wave wave'
at location bill file,b'wave wave wave wave wave wave wave wave wave wave wave wave wave wave wave wave wave wave wave wave wave wave wave wave wave wave wave wave wave'
is a This,b'wave wave wave wave wave wave wave wave wave wave wave wave wave wave wave wave wave wave wave wave wave wave wave wave wave wave wave wave wave'
is a Onawa,b'wave wave wave wave wave wave wave wave wave wave wave wave wave wave wave wave wave wave wave wave wave wave wave wave wave wave wave wave wave'
at location an audience,b'wave wave wave wave wave wave wave wave wave wave wave wave wave wave wave wave wave wave wave wave wave wave wave wave wave wave wave wave wave'
causes go fish,b'wave wave wave wave wave wave wave wave wave wave wave wave wave wave wave wave wave wave wave wave wave wave wave wave wave wave wave wave wave'
causes desire A pain,b'wave wave wave wave wave wave wave wave wave wave wave wave wave wave wave wave wave wave wave wave wave wave wave wave wave wave wave wave wave'
has subevent take oath,b'wave wave wave wave wave wave wave wave wave wave wave wave wave wave wave wave wave wave wave wave wave wave wave wave wave wave wave wave wave'
causes selling your new book,b'wave wave wave wave wave wave wave wave wave wave wave wave wave wave wave wave wave wave wave wave wave wave wave wave wave wave wave wave wave'
has a Compassion and wisdom,b'wave wave wave wave wave wave wave wave wave wave wave wave wave wave wave wave wave wave wave wave wave wave wave wave wave wave wave wave wave'
is Ms. Ephron,b'wave wave wave wave wave wave wave wave wave wave wave wave wave wave wave wave wave wave wave wave wave wave wave wave wave wave wave wave wave'
defined as black-capped vireo,b'wave wave wave wave wave wave wave wave wave wave wave wave wave wave wave wave wave wave wave wave wave wave wave wave wave wave wave wave wave'
used for number,b'wave wave wave wave wave wave wave wave wave wave wave wave wave wave wave wave wave wave wave wave wave wave wave wave wave wave wave wave wave'
has a wait in traffic,b'wave wave wave wave wave wave wave wave wave wave wave wave wave wave wave wave wave wave wave wave wave wave wave wave wave wave wave wave wave'
capable of you,b'wave wave wave wave wave wave wave wave wave wave wave wave wave wave wave wave wave wave wave wave wave wave wave wave wave wave wave wave wave'
not desires person,b'wave wave wave wave wave wave wave wave wave wave wave wave wave wave wave wave wave wave wave wave wave wave wave wave wave wave wave wave wave'
has subevent get contract,b'wave wave wave wave wave wave wave wave wave wave wave wave wave wave wave wave wave wave wave wave wave wave wave wave wave wave wave wave wave'
not desires person,b'wave wave wave wave wave wave wave wave wave wave wave wave wave wave wave wave wave wave wave wave wave wave wave wave wave wave wave wave wave'
at location someone,b'wave wave wave wave wave wave wave wave wave wave wave wave wave wave wave wave wave wave wave wave wave wave wave wave wave wave wave wave wave'
at location something,b'wave wave wave wave wave wave wave wave wave wave wave wave wave wave wave wave wave wave wave wave wave wave wave wave wave wave wave wave wave'
at location fruit,b'wave wave wave wave wave wave wave wave wave wave wave wave wave wave wave wave wave wave wave wave wave wave wave wave wave wave wave wave wave'
capable of A dog,b'wave wave wave wave wave wave wave wave wave wave wave wave wave wave wave wave wave wave wave wave wave wave wave wave wave wave wave wave wave'
in april hippies,b'wave wave wave wave wave wave wave wave wave wave wave wave wave wave wave wave wave wave wave wave wave wave wave wave wave wave wave wave wave'
used for pacific ocean,b'wave wave wave wave wave wave wave wave wave wave wave wave wave wave wave wave wave wave wave wave wave wave wave wave wave wave wave wave wave'
is a David Spade,b'wave wave wave wave wave wave wave wave wave wave wave wave wave wave wave wave wave wave wave wave wave wave wave wave wave wave wave wave wave'
causes run in marathon,b'wave wave wave wave wave wave wave wave wave wave wave wave wave wave wave wave wave wave wave wave wave wave wave wave wave wave wave wave wave'
made of sofas,b'wave wave wave wave wave wave wave wave wave wave wave wave wave wave wave wave wave wave wave wave wave wave wave wave wave wave wave wave wave'
receives action Apartments,b'wave wave wave wave wave wave wave wave wave wave wave wave wave wave wave wave wave wave wave wave wave wave wave wave wave wave wave wave wave'
is a there,b'wave wave wave wave wave wave wave wave wave wave wave wave wave wave wave wave wave wave wave wave wave wave wave wave wave wave wave wave wave'
not has property Chickens,b'wave wave wave wave wave wave wave wave wave wave wave wave wave wave wave wave wave wave wave wave wave wave wave wave wave wave wave wave wave'
is to unveil A private foundation seeking to revive part of Newark 's blighted downtown,b'wave wave wave wave wave wave wave wave wave wave wave wave wave wave wave wave wave wave wave wave wave wave wave wave wave wave wave wave wave'
has subevent go on internet,b'wave wave wave wave wave wave wave wave wave wave wave wave wave wave wave wave wave wave wave wave wave wave wave wave wave wave wave wave wave'
capable of fire,b'wave wave wave wave wave wave wave wave wave wave wave wave wave wave wave wave wave wave wave wave wave wave wave wave wave wave wave wave wave'
"defined as To ""act""",b'wave wave wave wave wave wave wave wave wave wave wave wave wave wave wave wave wave wave wave wave wave wave wave wave wave wave wave wave wave'
goes through on The Loan Deal,b'wave wave wave wave wave wave wave wave wave wave wave wave wave wave wave wave wave wave wave wave wave wave wave wave wave wave wave wave wave'
capable of kid,b'wave wave wave wave wave wave wave wave wave wave wave wave wave wave wave wave wave wave wave wave wave wave wave wave wave wave wave wave wave'
is a job,b'wave wave wave wave wave wave wave wave wave wave wave wave wave wave wave wave wave wave wave wave wave wave wave wave wave wave wave wave wave'
used for desk drawer,b'wave wave wave wave wave wave wave wave wave wave wave wave wave wave wave wave wave wave wave wave wave wave wave wave wave wave wave wave wave'
receives action can,b'wave wave wave wave wave wave wave wave wave wave wave wave wave wave wave wave wave wave wave wave wave wave wave wave wave wave wave wave wave'
is a A comforter,b'wave wave wave wave wave wave wave wave wave wave wave wave wave wave wave wave wave wave wave wave wave wave wave wave wave wave wave wave wave'
has prerequisite run,b'wave wave wave wave wave wave wave wave wave wave wave wave wave wave wave wave wave wave wave wave wave wave wave wave wave wave wave wave wave'
is a The Concorde supersonic transport,b'wave wave wave wave wave wave wave wave wave wave wave wave wave wave wave wave wave wave wave wave wave wave wave wave wave wave wave wave wave'
conduct Elan Pharma,b'wave wave wave wave wave wave wave wave wave wave wave wave wave wave wave wave wave wave wave wave wave wave wave wave wave wave wave wave wave'
has a Many offices,b'wave wave wave wave wave wave wave wave wave wave wave wave wave wave wave wave wave wave wave wave wave wave wave wave wave wave wave wave wave'
has a I,b'wave wave wave wave wave wave wave wave wave wave wave wave wave wave wave wave wave wave wave wave wave wave wave wave wave wave wave wave wave'
at location bone,b'wave wave wave wave wave wave wave wave wave wave wave wave wave wave wave wave wave wave wave wave wave wave wave wave wave wave wave wave wave'
defined as bulb,b'wave wave wave wave wave wave wave wave wave wave wave wave wave wave wave wave wave wave wave wave wave wave wave wave wave wave wave wave wave'
at location a baritone,b'wave wave wave wave wave wave wave wave wave wave wave wave wave wave wave wave wave wave wave wave wave wave wave wave wave wave wave wave wave'
is a xml,b'wave wave wave wave wave wave wave wave wave wave wave wave wave wave wave wave wave wave wave wave wave wave wave wave wave wave wave wave wave'
ran for Steven Lonegan,b'wave wave wave wave wave wave wave wave wave wave wave wave wave wave wave wave wave wave wave wave wave wave wave wave wave wave wave wave wave'
has property Brake lights,b'wave wave wave wave wave wave wave wave wave wave wave wave wave wave wave wave wave wave wave wave wave wave wave wave wave wave wave wave wave'
used for yard,b'wave wave wave wave wave wave wave wave wave wave wave wave wave wave wave wave wave wave wave wave wave wave wave wave wave wave wave wave wave'
motivated by goal clean your room,b'wave wave wave wave wave wave wave wave wave wave wave wave wave wave wave wave wave wave wave wave wave wave wave wave wave wave wave wave wave'
at location a diva,b'wave wave wave wave wave wave wave wave wave wave wave wave wave wave wave wave wave wave wave wave wave wave wave wave wave wave wave wave wave'
has prerequisite wait on tables,b'wave wave wave wave wave wave wave wave wave wave wave wave wave wave wave wave wave wave wave wave wave wave wave wave wave wave wave wave wave'
is a cash and credit cards,b'wave wave wave wave wave wave wave wave wave wave wave wave wave wave wave wave wave wave wave wave wave wave wave wave wave wave wave wave wave'
used for take stand,b'wave wave wave wave wave wave wave wave wave wave wave wave wave wave wave wave wave wave wave wave wave wave wave wave wave wave wave wave wave'
is showing Recent research at the Medical Research Council 's Environmental Epidemiology Unit,b'wave wave wave wave wave wave wave wave wave wave wave wave wave wave wave wave wave wave wave wave wave wave wave wave wave wave wave wave wave'
used for a sound,b'wave wave wave wave wave wave wave wave wave wave wave wave wave wave wave wave wave wave wave wave wave wave wave wave wave wave wave wave wave'
at location skeletons,b'wave wave wave wave wave wave wave wave wave wave wave wave wave wave wave wave wave wave wave wave wave wave wave wave wave wave wave wave wave'
capable of the cop,b'wave wave wave wave wave wave wave wave wave wave wave wave wave wave wave wave wave wave wave wave wave wave wave wave wave wave wave wave wave'
is a Light in the window,b'wave wave wave wave wave wave wave wave wave wave wave wave wave wave wave wave wave wave wave wave wave wave wave wave wave wave wave wave wave'
capable of motehr,b'wave wave wave wave wave wave wave wave wave wave wave wave wave wave wave wave wave wave wave wave wave wave wave wave wave wave wave wave wave'
at location a toy car,b'wave wave wave wave wave wave wave wave wave wave wave wave wave wave wave wave wave wave wave wave wave wave wave wave wave wave wave wave wave'
causes drive to work,b'wave wave wave wave wave wave wave wave wave wave wave wave wave wave wave wave wave wave wave wave wave wave wave wave wave wave wave wave wave'
used for notebook,b'wave wave wave wave wave wave wave wave wave wave wave wave wave wave wave wave wave wave wave wave wave wave wave wave wave wave wave wave wave'
takes effect the law,b'wave wave wave wave wave wave wave wave wave wave wave wave wave wave wave wave wave wave wave wave wave wave wave wave wave wave wave wave wave'
was The 4MGS,b'wave wave wave wave wave wave wave wave wave wave wave wave wave wave wave wave wave wave wave wave wave wave wave wave wave wave wave wave wave'
causes attend rock concert,b'wave wave wave wave wave wave wave wave wave wave wave wave wave wave wave wave wave wave wave wave wave wave wave wave wave wave wave wave wave'
at location notes,b'wave wave wave wave wave wave wave wave wave wave wave wave wave wave wave wave wave wave wave wave wave wave wave wave wave wave wave wave wave'
has a bug,b'wave wave wave wave wave wave wave wave wave wave wave wave wave wave wave wave wave wave wave wave wave wave wave wave wave wave wave wave wave'
capable of student,b'wave wave wave wave wave wave wave wave wave wave wave wave wave wave wave wave wave wave wave wave wave wave wave wave wave wave wave wave wave'
used for a neighborhood map,b'wave wave wave wave wave wave wave wave wave wave wave wave wave wave wave wave wave wave wave wave wave wave wave wave wave wave wave wave wave'
motivated by goal watch movie,b'wave wave wave wave wave wave wave wave wave wave wave wave wave wave wave wave wave wave wave wave wave wave wave wave wave wave wave wave wave'
is a Safety pins,b'wave wave wave wave wave wave wave wave wave wave wave wave wave wave wave wave wave wave wave wave wave wave wave wave wave wave wave wave wave'
has subevent meet person,b'wave wave wave wave wave wave wave wave wave wave wave wave wave wave wave wave wave wave wave wave wave wave wave wave wave wave wave wave wave'
capable of turn something off you,b'wave wave wave wave wave wave wave wave wave wave wave wave wave wave wave wave wave wave wave wave wave wave wave wave wave wave wave wave wave'
receives action child,b'wave wave wave wave wave wave wave wave wave wave wave wave wave wave wave wave wave wave wave wave wave wave wave wave wave wave wave wave wave'
is a one space shuttle acronym,b'wave wave wave wave wave wave wave wave wave wave wave wave wave wave wave wave wave wave wave wave wave wave wave wave wave wave wave wave wave'
has subevent jump up and down,b'wave wave wave wave wave wave wave wave wave wave wave wave wave wave wave wave wave wave wave wave wave wave wave wave wave wave wave wave wave'
used for fountain,b'wave wave wave wave wave wave wave wave wave wave wave wave wave wave wave wave wave wave wave wave wave wave wave wave wave wave wave wave wave'
at location water,b'wave wave wave wave wave wave wave wave wave wave wave wave wave wave wave wave wave wave wave wave wave wave wave wave wave wave wave wave wave'
defined as Chewing food in the mouth,b'wave wave wave wave wave wave wave wave wave wave wave wave wave wave wave wave wave wave wave wave wave wave wave wave wave wave wave wave wave'
capable of someone,b'wave wave wave wave wave wave wave wave wave wave wave wave wave wave wave wave wave wave wave wave wave wave wave wave wave wave wave wave wave'
emerge from a haze in Valentina Alexander,b'wave wave wave wave wave wave wave wave wave wave wave wave wave wave wave wave wave wave wave wave wave wave wave wave wave wave wave wave wave'
is a coreometer,b'wave wave wave wave wave wave wave wave wave wave wave wave wave wave wave wave wave wave wave wave wave wave wave wave wave wave wave wave wave'
has subevent improving yourself,b'wave wave wave wave wave wave wave wave wave wave wave wave wave wave wave wave wave wave wave wave wave wave wave wave wave wave wave wave wave'
has property some flower,b'wave wave wave wave wave wave wave wave wave wave wave wave wave wave wave wave wave wave wave wave wave wave wave wave wave wave wave wave wave'
desires Most people,b'wave wave wave wave wave wave wave wave wave wave wave wave wave wave wave wave wave wave wave wave wave wave wave wave wave wave wave wave wave'
has subevent you shake,b'wave wave wave wave wave wave wave wave wave wave wave wave wave wave wave wave wave wave wave wave wave wave wave wave wave wave wave wave wave'
capable of rain storm,b'wave wave wave wave wave wave wave wave wave wave wave wave wave wave wave wave wave wave wave wave wave wave wave wave wave wave wave wave wave'
causes desire Music,b'wave wave wave wave wave wave wave wave wave wave wave wave wave wave wave wave wave wave wave wave wave wave wave wave wave wave wave wave wave'
has subevent make patchwork quilt,b'wave wave wave wave wave wave wave wave wave wave wave wave wave wave wave wave wave wave wave wave wave wave wave wave wave wave wave wave wave'
desires person,b'wave wave wave wave wave wave wave wave wave wave wave wave wave wave wave wave wave wave wave wave wave wave wave wave wave wave wave wave wave'
used for subway token,b'wave wave wave wave wave wave wave wave wave wave wave wave wave wave wave wave wave wave wave wave wave wave wave wave wave wave wave wave wave'
has a Pittsburgh and Boston both,b'wave wave wave wave wave wave wave wave wave wave wave wave wave wave wave wave wave wave wave wave wave wave wave wave wave wave wave wave wave'
has prerequisite reach tentative agreement,b'wave wave wave wave wave wave wave wave wave wave wave wave wave wave wave wave wave wave wave wave wave wave wave wave wave wave wave wave wave'
at location cannabis,b'wave wave wave wave wave wave wave wave wave wave wave wave wave wave wave wave wave wave wave wave wave wave wave wave wave wave wave wave wave'
receives action it,b'wave wave wave wave wave wave wave wave wave wave wave wave wave wave wave wave wave wave wave wave wave wave wave wave wave wave wave wave wave'
capable of anyone,b'wave wave wave wave wave wave wave wave wave wave wave wave wave wave wave wave wave wave wave wave wave wave wave wave wave wave wave wave wave'
capable of a dancer,b'wave wave wave wave wave wave wave wave wave wave wave wave wave wave wave wave wave wave wave wave wave wave wave wave wave wave wave wave wave'
used for map,b'wave wave wave wave wave wave wave wave wave wave wave wave wave wave wave wave wave wave wave wave wave wave wave wave wave wave wave wave wave'
increase aid for The U.S.,b'wave wave wave wave wave wave wave wave wave wave wave wave wave wave wave wave wave wave wave wave wave wave wave wave wave wave wave wave wave'
has subevent get some physical activity,b'wave wave wave wave wave wave wave wave wave wave wave wave wave wave wave wave wave wave wave wave wave wave wave wave wave wave wave wave wave'
is a bob dylan,b'wave wave wave wave wave wave wave wave wave wave wave wave wave wave wave wave wave wave wave wave wave wave wave wave wave wave wave wave wave'
has prerequisite clean clothe,b'wave wave wave wave wave wave wave wave wave wave wave wave wave wave wave wave wave wave wave wave wave wave wave wave wave wave wave wave wave'
is a at top of arch,b'wave wave wave wave wave wave wave wave wave wave wave wave wave wave wave wave wave wave wave wave wave wave wave wave wave wave wave wave wave'
be named for a restaurant,b'wave wave wave wave wave wave wave wave wave wave wave wave wave wave wave wave wave wave wave wave wave wave wave wave wave wave wave wave wave'
receives action food,b'wave wave wave wave wave wave wave wave wave wave wave wave wave wave wave wave wave wave wave wave wave wave wave wave wave wave wave wave wave'
has property San Francisco,b'wave wave wave wave wave wave wave wave wave wave wave wave wave wave wave wave wave wave wave wave wave wave wave wave wave wave wave wave wave'
has a elephant,b'wave wave wave wave wave wave wave wave wave wave wave wave wave wave wave wave wave wave wave wave wave wave wave wave wave wave wave wave wave'
used for a library,b'wave wave wave wave wave wave wave wave wave wave wave wave wave wave wave wave wave wave wave wave wave wave wave wave wave wave wave wave wave'
has subevent attend lecture,b'wave wave wave wave wave wave wave wave wave wave wave wave wave wave wave wave wave wave wave wave wave wave wave wave wave wave wave wave wave'
has last subevent go on internet,b'wave wave wave wave wave wave wave wave wave wave wave wave wave wave wave wave wave wave wave wave wave wave wave wave wave wave wave wave wave'
causes send criminal to prison,b'wave wave wave wave wave wave wave wave wave wave wave wave wave wave wave wave wave wave wave wave wave wave wave wave wave wave wave wave wave'
at location condiments,b'wave wave wave wave wave wave wave wave wave wave wave wave wave wave wave wave wave wave wave wave wave wave wave wave wave wave wave wave wave'
has property deception,b'wave wave wave wave wave wave wave wave wave wave wave wave wave wave wave wave wave wave wave wave wave wave wave wave wave wave wave wave wave'
capable of great athelete,b'wave wave wave wave wave wave wave wave wave wave wave wave wave wave wave wave wave wave wave wave wave wave wave wave wave wave wave wave wave'
has prerequisite become a scuba diver,b'wave wave wave wave wave wave wave wave wave wave wave wave wave wave wave wave wave wave wave wave wave wave wave wave wave wave wave wave wave'
used for a finger,b'wave wave wave wave wave wave wave wave wave wave wave wave wave wave wave wave wave wave wave wave wave wave wave wave wave wave wave wave wave'
has prerequisite win baseball game,b'wave wave wave wave wave wave wave wave wave wave wave wave wave wave wave wave wave wave wave wave wave wave wave wave wave wave wave wave wave'
is Lois Epstein,b'wave wave wave wave wave wave wave wave wave wave wave wave wave wave wave wave wave wave wave wave wave wave wave wave wave wave wave wave wave'
at location something,b'wave wave wave wave wave wave wave wave wave wave wave wave wave wave wave wave wave wave wave wave wave wave wave wave wave wave wave wave wave'
has a low animal,b'wave wave wave wave wave wave wave wave wave wave wave wave wave wave wave wave wave wave wave wave wave wave wave wave wave wave wave wave wave'
motivated by goal pay bill,b'wave wave wave wave wave wave wave wave wave wave wave wave wave wave wave wave wave wave wave wave wave wave wave wave wave wave wave wave wave'
used for castanets,b'wave wave wave wave wave wave wave wave wave wave wave wave wave wave wave wave wave wave wave wave wave wave wave wave wave wave wave wave wave'
has first subevent entertain people,b'wave wave wave wave wave wave wave wave wave wave wave wave wave wave wave wave wave wave wave wave wave wave wave wave wave wave wave wave wave'
used for go to bed,b'wave wave wave wave wave wave wave wave wave wave wave wave wave wave wave wave wave wave wave wave wave wave wave wave wave wave wave wave wave'
at location spacestation mir,b'wave wave wave wave wave wave wave wave wave wave wave wave wave wave wave wave wave wave wave wave wave wave wave wave wave wave wave wave wave'
has property you eat when you,b'wave wave wave wave wave wave wave wave wave wave wave wave wave wave wave wave wave wave wave wave wave wave wave wave wave wave wave wave wave'
used for learning,b'wave wave wave wave wave wave wave wave wave wave wave wave wave wave wave wave wave wave wave wave wave wave wave wave wave wave wave wave wave'
became more of Mora,b'wave wave wave wave wave wave wave wave wave wave wave wave wave wave wave wave wave wave wave wave wave wave wave wave wave wave wave wave wave'
has subevent do crossword puzzle,b'wave wave wave wave wave wave wave wave wave wave wave wave wave wave wave wave wave wave wave wave wave wave wave wave wave wave wave wave wave'
has subevent read a book,b'wave wave wave wave wave wave wave wave wave wave wave wave wave wave wave wave wave wave wave wave wave wave wave wave wave wave wave wave wave'
causes releasing your energy,b'wave wave wave wave wave wave wave wave wave wave wave wave wave wave wave wave wave wave wave wave wave wave wave wave wave wave wave wave wave'
causes going to a play,b'wave wave wave wave wave wave wave wave wave wave wave wave wave wave wave wave wave wave wave wave wave wave wave wave wave wave wave wave wave'
powered the Quinebaug River,b'wave wave wave wave wave wave wave wave wave wave wave wave wave wave wave wave wave wave wave wave wave wave wave wave wave wave wave wave wave'
has property sometimes weather,b'wave wave wave wave wave wave wave wave wave wave wave wave wave wave wave wave wave wave wave wave wave wave wave wave wave wave wave wave wave'
capable of Senior citizens,b'wave wave wave wave wave wave wave wave wave wave wave wave wave wave wave wave wave wave wave wave wave wave wave wave wave wave wave wave wave'
made of telephone,b'wave wave wave wave wave wave wave wave wave wave wave wave wave wave wave wave wave wave wave wave wave wave wave wave wave wave wave wave wave'
causes get exercise,b'wave wave wave wave wave wave wave wave wave wave wave wave wave wave wave wave wave wave wave wave wave wave wave wave wave wave wave wave wave'
at location a coffeemaker,b'wave wave wave wave wave wave wave wave wave wave wave wave wave wave wave wave wave wave wave wave wave wave wave wave wave wave wave wave wave'
has property someone,b'wave wave wave wave wave wave wave wave wave wave wave wave wave wave wave wave wave wave wave wave wave wave wave wave wave wave wave wave wave'
not desires a person,b'wave wave wave wave wave wave wave wave wave wave wave wave wave wave wave wave wave wave wave wave wave wave wave wave wave wave wave wave wave'
has subevent visit museum,b'wave wave wave wave wave wave wave wave wave wave wave wave wave wave wave wave wave wave wave wave wave wave wave wave wave wave wave wave wave'
capable of A student,b'wave wave wave wave wave wave wave wave wave wave wave wave wave wave wave wave wave wave wave wave wave wave wave wave wave wave wave wave wave'
use the song as Male martins,b'wave wave wave wave wave wave wave wave wave wave wave wave wave wave wave wave wave wave wave wave wave wave wave wave wave wave wave wave wave'
used for a frying pan,b'wave wave wave wave wave wave wave wave wave wave wave wave wave wave wave wave wave wave wave wave wave wave wave wave wave wave wave wave wave'
has property Forest fires cause the sunset to,b'wave wave wave wave wave wave wave wave wave wave wave wave wave wave wave wave wave wave wave wave wave wave wave wave wave wave wave wave wave'
has property apple juice,b'wave wave wave wave wave wave wave wave wave wave wave wave wave wave wave wave wave wave wave wave wave wave wave wave wave wave wave wave wave'
not has property Floppy disks,b'wave wave wave wave wave wave wave wave wave wave wave wave wave wave wave wave wave wave wave wave wave wave wave wave wave wave wave wave wave'
has subevent build cathedral,b'wave wave wave wave wave wave wave wave wave wave wave wave wave wave wave wave wave wave wave wave wave wave wave wave wave wave wave wave wave'
used for person,b'wave wave wave wave wave wave wave wave wave wave wave wave wave wave wave wave wave wave wave wave wave wave wave wave wave wave wave wave wave'
is a horse hooves,b'wave wave wave wave wave wave wave wave wave wave wave wave wave wave wave wave wave wave wave wave wave wave wave wave wave wave wave wave wave'
causes swimming,b'wave wave wave wave wave wave wave wave wave wave wave wave wave wave wave wave wave wave wave wave wave wave wave wave wave wave wave wave wave'
at location rail,b'wave wave wave wave wave wave wave wave wave wave wave wave wave wave wave wave wave wave wave wave wave wave wave wave wave wave wave wave wave'
capable of child,b'wave wave wave wave wave wave wave wave wave wave wave wave wave wave wave wave wave wave wave wave wave wave wave wave wave wave wave wave wave'
is a suzie,b'wave wave wave wave wave wave wave wave wave wave wave wave wave wave wave wave wave wave wave wave wave wave wave wave wave wave wave wave wave'
at location a pillow case,b'wave wave wave wave wave wave wave wave wave wave wave wave wave wave wave wave wave wave wave wave wave wave wave wave wave wave wave wave wave'
has prerequisite driving your car,b'wave wave wave wave wave wave wave wave wave wave wave wave wave wave wave wave wave wave wave wave wave wave wave wave wave wave wave wave wave'
capable of flower,b'wave wave wave wave wave wave wave wave wave wave wave wave wave wave wave wave wave wave wave wave wave wave wave wave wave wave wave wave wave'
is a Michael Jordan,b'wave wave wave wave wave wave wave wave wave wave wave wave wave wave wave wave wave wave wave wave wave wave wave wave wave wave wave wave wave'
at location mole,b'wave wave wave wave wave wave wave wave wave wave wave wave wave wave wave wave wave wave wave wave wave wave wave wave wave wave wave wave wave'
at location milk,b'wave wave wave wave wave wave wave wave wave wave wave wave wave wave wave wave wave wave wave wave wave wave wave wave wave wave wave wave wave'
used for driving,b'wave wave wave wave wave wave wave wave wave wave wave wave wave wave wave wave wave wave wave wave wave wave wave wave wave wave wave wave wave'
is a play basketball,b'wave wave wave wave wave wave wave wave wave wave wave wave wave wave wave wave wave wave wave wave wave wave wave wave wave wave wave wave wave'
receives action mandarin oil,b'wave wave wave wave wave wave wave wave wave wave wave wave wave wave wave wave wave wave wave wave wave wave wave wave wave wave wave wave wave'
has subevent visiting a museum,b'wave wave wave wave wave wave wave wave wave wave wave wave wave wave wave wave wave wave wave wave wave wave wave wave wave wave wave wave wave'
capable of Inaction,b'wave wave wave wave wave wave wave wave wave wave wave wave wave wave wave wave wave wave wave wave wave wave wave wave wave wave wave wave wave'
used for climb mountain,b'wave wave wave wave wave wave wave wave wave wave wave wave wave wave wave wave wave wave wave wave wave wave wave wave wave wave wave wave wave'
is a barley,b'wave wave wave wave wave wave wave wave wave wave wave wave wave wave wave wave wave wave wave wave wave wave wave wave wave wave wave wave wave'
were followed up Participants,b'wave wave wave wave wave wave wave wave wave wave wave wave wave wave wave wave wave wave wave wave wave wave wave wave wave wave wave wave wave'
has property butch,b'wave wave wave wave wave wave wave wave wave wave wave wave wave wave wave wave wave wave wave wave wave wave wave wave wave wave wave wave wave'
used for compete against someone,b'wave wave wave wave wave wave wave wave wave wave wave wave wave wave wave wave wave wave wave wave wave wave wave wave wave wave wave wave wave'
has property ice cream may not,b'wave wave wave wave wave wave wave wave wave wave wave wave wave wave wave wave wave wave wave wave wave wave wave wave wave wave wave wave wave'
used for A ticket,b'wave wave wave wave wave wave wave wave wave wave wave wave wave wave wave wave wave wave wave wave wave wave wave wave wave wave wave wave wave'
at location a drum,b'wave wave wave wave wave wave wave wave wave wave wave wave wave wave wave wave wave wave wave wave wave wave wave wave wave wave wave wave wave'
at location a rosebush,b'wave wave wave wave wave wave wave wave wave wave wave wave wave wave wave wave wave wave wave wave wave wave wave wave wave wave wave wave wave'
has subevent start family,b'wave wave wave wave wave wave wave wave wave wave wave wave wave wave wave wave wave wave wave wave wave wave wave wave wave wave wave wave wave'
has prerequisite determine the truth,b'wave wave wave wave wave wave wave wave wave wave wave wave wave wave wave wave wave wave wave wave wave wave wave wave wave wave wave wave wave'
causes go to laundromat,b'wave wave wave wave wave wave wave wave wave wave wave wave wave wave wave wave wave wave wave wave wave wave wave wave wave wave wave wave wave'
is his foreman,b'wave wave wave wave wave wave wave wave wave wave wave wave wave wave wave wave wave wave wave wave wave wave wave wave wave wave wave wave wave'
capable of i,b'wave wave wave wave wave wave wave wave wave wave wave wave wave wave wave wave wave wave wave wave wave wave wave wave wave wave wave wave wave'
is a globe,b'wave wave wave wave wave wave wave wave wave wave wave wave wave wave wave wave wave wave wave wave wave wave wave wave wave wave wave wave wave'
has subevent apply for job,b'wave wave wave wave wave wave wave wave wave wave wave wave wave wave wave wave wave wave wave wave wave wave wave wave wave wave wave wave wave'
is a Compliance with applicable statutes,b'wave wave wave wave wave wave wave wave wave wave wave wave wave wave wave wave wave wave wave wave wave wave wave wave wave wave wave wave wave'
has a Humans,b'wave wave wave wave wave wave wave wave wave wave wave wave wave wave wave wave wave wave wave wave wave wave wave wave wave wave wave wave wave'
at location lecture,b'wave wave wave wave wave wave wave wave wave wave wave wave wave wave wave wave wave wave wave wave wave wave wave wave wave wave wave wave wave'
at location a closet,b'wave wave wave wave wave wave wave wave wave wave wave wave wave wave wave wave wave wave wave wave wave wave wave wave wave wave wave wave wave'
part of there,b'wave wave wave wave wave wave wave wave wave wave wave wave wave wave wave wave wave wave wave wave wave wave wave wave wave wave wave wave wave'
capable of A man,b'wave wave wave wave wave wave wave wave wave wave wave wave wave wave wave wave wave wave wave wave wave wave wave wave wave wave wave wave wave'
not capable of tree,b'wave wave wave wave wave wave wave wave wave wave wave wave wave wave wave wave wave wave wave wave wave wave wave wave wave wave wave wave wave'
capable of a still body,b'wave wave wave wave wave wave wave wave wave wave wave wave wave wave wave wave wave wave wave wave wave wave wave wave wave wave wave wave wave'
capable of A construction worker,b'wave wave wave wave wave wave wave wave wave wave wave wave wave wave wave wave wave wave wave wave wave wave wave wave wave wave wave wave wave'
is ICRW,b'wave wave wave wave wave wave wave wave wave wave wave wave wave wave wave wave wave wave wave wave wave wave wave wave wave wave wave wave wave'
used for a viola,b'wave wave wave wave wave wave wave wave wave wave wave wave wave wave wave wave wave wave wave wave wave wave wave wave wave wave wave wave wave'
capable of a rock,b'wave wave wave wave wave wave wave wave wave wave wave wave wave wave wave wave wave wave wave wave wave wave wave wave wave wave wave wave wave'
has subevent play game of chess,b'wave wave wave wave wave wave wave wave wave wave wave wave wave wave wave wave wave wave wave wave wave wave wave wave wave wave wave wave wave'
has subevent go outside for an evening,b'wave wave wave wave wave wave wave wave wave wave wave wave wave wave wave wave wave wave wave wave wave wave wave wave wave wave wave wave wave'
has property 76ers,b'wave wave wave wave wave wave wave wave wave wave wave wave wave wave wave wave wave wave wave wave wave wave wave wave wave wave wave wave wave'
is a post-traumatic stress disorder,b'wave wave wave wave wave wave wave wave wave wave wave wave wave wave wave wave wave wave wave wave wave wave wave wave wave wave wave wave wave'
at location a flute,b'wave wave wave wave wave wave wave wave wave wave wave wave wave wave wave wave wave wave wave wave wave wave wave wave wave wave wave wave wave'
at location shades,b'wave wave wave wave wave wave wave wave wave wave wave wave wave wave wave wave wave wave wave wave wave wave wave wave wave wave wave wave wave'
has property locomotive,b'wave wave wave wave wave wave wave wave wave wave wave wave wave wave wave wave wave wave wave wave wave wave wave wave wave wave wave wave wave'
is a trigger flick,b'wave wave wave wave wave wave wave wave wave wave wave wave wave wave wave wave wave wave wave wave wave wave wave wave wave wave wave wave wave'
used for a cash token,b'wave wave wave wave wave wave wave wave wave wave wave wave wave wave wave wave wave wave wave wave wave wave wave wave wave wave wave wave wave'
at location a ball,b'wave wave wave wave wave wave wave wave wave wave wave wave wave wave wave wave wave wave wave wave wave wave wave wave wave wave wave wave wave'
has opposed RJR Nabisco,b'wave wave wave wave wave wave wave wave wave wave wave wave wave wave wave wave wave wave wave wave wave wave wave wave wave wave wave wave wave'
capable of A store,b'wave wave wave wave wave wave wave wave wave wave wave wave wave wave wave wave wave wave wave wave wave wave wave wave wave wave wave wave wave'
has property Members of the AA,b'wave wave wave wave wave wave wave wave wave wave wave wave wave wave wave wave wave wave wave wave wave wave wave wave wave wave wave wave wave'
motivated by goal play frisbee,b'wave wave wave wave wave wave wave wave wave wave wave wave wave wave wave wave wave wave wave wave wave wave wave wave wave wave wave wave wave'
causes comforting a friend,b'wave wave wave wave wave wave wave wave wave wave wave wave wave wave wave wave wave wave wave wave wave wave wave wave wave wave wave wave wave'
used for wait on table,b'wave wave wave wave wave wave wave wave wave wave wave wave wave wave wave wave wave wave wave wave wave wave wave wave wave wave wave wave wave'
at location many different ways to put furniture,b'wave wave wave wave wave wave wave wave wave wave wave wave wave wave wave wave wave wave wave wave wave wave wave wave wave wave wave wave wave'
at location meat,b'wave wave wave wave wave wave wave wave wave wave wave wave wave wave wave wave wave wave wave wave wave wave wave wave wave wave wave wave wave'
has property automobile,b'wave wave wave wave wave wave wave wave wave wave wave wave wave wave wave wave wave wave wave wave wave wave wave wave wave wave wave wave wave'
used for have food,b'wave wave wave wave wave wave wave wave wave wave wave wave wave wave wave wave wave wave wave wave wave wave wave wave wave wave wave wave wave'
has prerequisite lose consciousness,b'wave wave wave wave wave wave wave wave wave wave wave wave wave wave wave wave wave wave wave wave wave wave wave wave wave wave wave wave wave'
is a write tool ballpoint pen,b'wave wave wave wave wave wave wave wave wave wave wave wave wave wave wave wave wave wave wave wave wave wave wave wave wave wave wave wave wave'
capable of something,b'wave wave wave wave wave wave wave wave wave wave wave wave wave wave wave wave wave wave wave wave wave wave wave wave wave wave wave wave wave'
is a it,b'wave wave wave wave wave wave wave wave wave wave wave wave wave wave wave wave wave wave wave wave wave wave wave wave wave wave wave wave wave'
at location a monkey,b'wave wave wave wave wave wave wave wave wave wave wave wave wave wave wave wave wave wave wave wave wave wave wave wave wave wave wave wave wave'
motivated by goal become a scuba diver,b'wave wave wave wave wave wave wave wave wave wave wave wave wave wave wave wave wave wave wave wave wave wave wave wave wave wave wave wave wave'
has subevent do housework,b'wave wave wave wave wave wave wave wave wave wave wave wave wave wave wave wave wave wave wave wave wave wave wave wave wave wave wave wave wave'
capable of student,b'wave wave wave wave wave wave wave wave wave wave wave wave wave wave wave wave wave wave wave wave wave wave wave wave wave wave wave wave wave'
has subevent go to mall,b'wave wave wave wave wave wave wave wave wave wave wave wave wave wave wave wave wave wave wave wave wave wave wave wave wave wave wave wave wave'
not desires person,b'wave wave wave wave wave wave wave wave wave wave wave wave wave wave wave wave wave wave wave wave wave wave wave wave wave wave wave wave wave'
has property network,b'wave wave wave wave wave wave wave wave wave wave wave wave wave wave wave wave wave wave wave wave wave wave wave wave wave wave wave wave wave'
capable of You,b'wave wave wave wave wave wave wave wave wave wave wave wave wave wave wave wave wave wave wave wave wave wave wave wave wave wave wave wave wave'
not capable of Dead people,b'wave wave wave wave wave wave wave wave wave wave wave wave wave wave wave wave wave wave wave wave wave wave wave wave wave wave wave wave wave'
has prerequisite play sport,b'wave wave wave wave wave wave wave wave wave wave wave wave wave wave wave wave wave wave wave wave wave wave wave wave wave wave wave wave wave'
not capable of Sperm cells,b'wave wave wave wave wave wave wave wave wave wave wave wave wave wave wave wave wave wave wave wave wave wave wave wave wave wave wave wave wave'
may contribute The ABC classification,b'wave wave wave wave wave wave wave wave wave wave wave wave wave wave wave wave wave wave wave wave wave wave wave wave wave wave wave wave wave'
capable of the national guard,b'wave wave wave wave wave wave wave wave wave wave wave wave wave wave wave wave wave wave wave wave wave wave wave wave wave wave wave wave wave'
capable of Many websites advertise insurance,b'wave wave wave wave wave wave wave wave wave wave wave wave wave wave wave wave wave wave wave wave wave wave wave wave wave wave wave wave wave'
causes desire Lack of nutritional understanding,b'wave wave wave wave wave wave wave wave wave wave wave wave wave wave wave wave wave wave wave wave wave wave wave wave wave wave wave wave wave'
receives action water,b'wave wave wave wave wave wave wave wave wave wave wave wave wave wave wave wave wave wave wave wave wave wave wave wave wave wave wave wave wave'
mr conway with Mr. Ellison,b'wave wave wave wave wave wave wave wave wave wave wave wave wave wave wave wave wave wave wave wave wave wave wave wave wave wave wave wave wave'
has another person,b'wave wave wave wave wave wave wave wave wave wave wave wave wave wave wave wave wave wave wave wave wave wave wave wave wave wave wave wave wave'
has prerequisite see movie,b'wave wave wave wave wave wave wave wave wave wave wave wave wave wave wave wave wave wave wave wave wave wave wave wave wave wave wave wave wave'
has prerequisite go somewhere,b'wave wave wave wave wave wave wave wave wave wave wave wave wave wave wave wave wave wave wave wave wave wave wave wave wave wave wave wave wave'
not desires a person,b'wave wave wave wave wave wave wave wave wave wave wave wave wave wave wave wave wave wave wave wave wave wave wave wave wave wave wave wave wave'
is a hematocrit test,b'wave wave wave wave wave wave wave wave wave wave wave wave wave wave wave wave wave wave wave wave wave wave wave wave wave wave wave wave wave'
said Gwynn,b'wave wave wave wave wave wave wave wave wave wave wave wave wave wave wave wave wave wave wave wave wave wave wave wave wave wave wave wave wave'
has property this car,b'wave wave wave wave wave wave wave wave wave wave wave wave wave wave wave wave wave wave wave wave wave wave wave wave wave wave wave wave wave'
climbed over many of them,b'wave wave wave wave wave wave wave wave wave wave wave wave wave wave wave wave wave wave wave wave wave wave wave wave wave wave wave wave wave'
at location a dead animal,b'wave wave wave wave wave wave wave wave wave wave wave wave wave wave wave wave wave wave wave wave wave wave wave wave wave wave wave wave wave'
capable of loss of love,b'wave wave wave wave wave wave wave wave wave wave wave wave wave wave wave wave wave wave wave wave wave wave wave wave wave wave wave wave wave'
capable of burn grease,b'wave wave wave wave wave wave wave wave wave wave wave wave wave wave wave wave wave wave wave wave wave wave wave wave wave wave wave wave wave'
capable of pepper,b'wave wave wave wave wave wave wave wave wave wave wave wave wave wave wave wave wave wave wave wave wave wave wave wave wave wave wave wave wave'
used for a telephone booth,b'wave wave wave wave wave wave wave wave wave wave wave wave wave wave wave wave wave wave wave wave wave wave wave wave wave wave wave wave wave'
at location someone,b'wave wave wave wave wave wave wave wave wave wave wave wave wave wave wave wave wave wave wave wave wave wave wave wave wave wave wave wave wave'
receives action their pressure,b'wave wave wave wave wave wave wave wave wave wave wave wave wave wave wave wave wave wave wave wave wave wave wave wave wave wave wave wave wave'
has a One impairment a person might,b'wave wave wave wave wave wave wave wave wave wave wave wave wave wave wave wave wave wave wave wave wave wave wave wave wave wave wave wave wave'
at location a box of chalk,b'wave wave wave wave wave wave wave wave wave wave wave wave wave wave wave wave wave wave wave wave wave wave wave wave wave wave wave wave wave'
is Chris Campbell,b'wave wave wave wave wave wave wave wave wave wave wave wave wave wave wave wave wave wave wave wave wave wave wave wave wave wave wave wave wave'
capable of A blowdryer,b'wave wave wave wave wave wave wave wave wave wave wave wave wave wave wave wave wave wave wave wave wave wave wave wave wave wave wave wave wave'
causes stay fit,b'wave wave wave wave wave wave wave wave wave wave wave wave wave wave wave wave wave wave wave wave wave wave wave wave wave wave wave wave wave'
is a Beds,b'wave wave wave wave wave wave wave wave wave wave wave wave wave wave wave wave wave wave wave wave wave wave wave wave wave wave wave wave wave'
included Chronic respiratory symptom measures,b'wave wave wave wave wave wave wave wave wave wave wave wave wave wave wave wave wave wave wave wave wave wave wave wave wave wave wave wave wave'
motivated by goal take a walk,b'wave wave wave wave wave wave wave wave wave wave wave wave wave wave wave wave wave wave wave wave wave wave wave wave wave wave wave wave wave'
used for park zone,b'wave wave wave wave wave wave wave wave wave wave wave wave wave wave wave wave wave wave wave wave wave wave wave wave wave wave wave wave wave'
made of hydroelectricity,b'wave wave wave wave wave wave wave wave wave wave wave wave wave wave wave wave wave wave wave wave wave wave wave wave wave wave wave wave wave'
causes desire a good offer,b'wave wave wave wave wave wave wave wave wave wave wave wave wave wave wave wave wave wave wave wave wave wave wave wave wave wave wave wave wave'
has prerequisite jumping at the chance,b'wave wave wave wave wave wave wave wave wave wave wave wave wave wave wave wave wave wave wave wave wave wave wave wave wave wave wave wave wave'
at location goalie,b'wave wave wave wave wave wave wave wave wave wave wave wave wave wave wave wave wave wave wave wave wave wave wave wave wave wave wave wave wave'
used for jogging,b'wave wave wave wave wave wave wave wave wave wave wave wave wave wave wave wave wave wave wave wave wave wave wave wave wave wave wave wave wave'
used for a garage,b'wave wave wave wave wave wave wave wave wave wave wave wave wave wave wave wave wave wave wave wave wave wave wave wave wave wave wave wave wave'
is a small lake,b'wave wave wave wave wave wave wave wave wave wave wave wave wave wave wave wave wave wave wave wave wave wave wave wave wave wave wave wave wave'
motivated by goal view a video,b'wave wave wave wave wave wave wave wave wave wave wave wave wave wave wave wave wave wave wave wave wave wave wave wave wave wave wave wave wave'
at location water,b'wave wave wave wave wave wave wave wave wave wave wave wave wave wave wave wave wave wave wave wave wave wave wave wave wave wave wave wave wave'
at location someone,b'wave wave wave wave wave wave wave wave wave wave wave wave wave wave wave wave wave wave wave wave wave wave wave wave wave wave wave wave wave'
is a canada goose,b'wave wave wave wave wave wave wave wave wave wave wave wave wave wave wave wave wave wave wave wave wave wave wave wave wave wave wave wave wave'
not has property fan in someone hand,b'wave wave wave wave wave wave wave wave wave wave wave wave wave wave wave wave wave wave wave wave wave wave wave wave wave wave wave wave wave'
receives action massive amount of propellant,b'wave wave wave wave wave wave wave wave wave wave wave wave wave wave wave wave wave wave wave wave wave wave wave wave wave wave wave wave wave'
examined Repeated measures analyses of variance,b'wave wave wave wave wave wave wave wave wave wave wave wave wave wave wave wave wave wave wave wave wave wave wave wave wave wave wave wave wave'
used for a train station,b'wave wave wave wave wave wave wave wave wave wave wave wave wave wave wave wave wave wave wave wave wave wave wave wave wave wave wave wave wave'
receives action miss curfew may mean,b'wave wave wave wave wave wave wave wave wave wave wave wave wave wave wave wave wave wave wave wave wave wave wave wave wave wave wave wave wave'
not desires a person,b'wave wave wave wave wave wave wave wave wave wave wave wave wave wave wave wave wave wave wave wave wave wave wave wave wave wave wave wave wave'
has subevent lie,b'wave wave wave wave wave wave wave wave wave wave wave wave wave wave wave wave wave wave wave wave wave wave wave wave wave wave wave wave wave'
has prerequisite eating vegetables,b'wave wave wave wave wave wave wave wave wave wave wave wave wave wave wave wave wave wave wave wave wave wave wave wave wave wave wave wave wave'
used for a paper menu,b'wave wave wave wave wave wave wave wave wave wave wave wave wave wave wave wave wave wave wave wave wave wave wave wave wave wave wave wave wave'
is a fireplace,b'wave wave wave wave wave wave wave wave wave wave wave wave wave wave wave wave wave wave wave wave wave wave wave wave wave wave wave wave wave'
defended the vote in the name of Senators,b'wave wave wave wave wave wave wave wave wave wave wave wave wave wave wave wave wave wave wave wave wave wave wave wave wave wave wave wave wave'
is a Employment,b'wave wave wave wave wave wave wave wave wave wave wave wave wave wave wave wave wave wave wave wave wave wave wave wave wave wave wave wave wave'
has prerequisite tickle,b'wave wave wave wave wave wave wave wave wave wave wave wave wave wave wave wave wave wave wave wave wave wave wave wave wave wave wave wave wave'
has a Smallpox vaccine,b'wave wave wave wave wave wave wave wave wave wave wave wave wave wave wave wave wave wave wave wave wave wave wave wave wave wave wave wave wave'
used for going for a swim,b'wave wave wave wave wave wave wave wave wave wave wave wave wave wave wave wave wave wave wave wave wave wave wave wave wave wave wave wave wave'
capable of soldier,b'wave wave wave wave wave wave wave wave wave wave wave wave wave wave wave wave wave wave wave wave wave wave wave wave wave wave wave wave wave'
is a drawstring bag,b'wave wave wave wave wave wave wave wave wave wave wave wave wave wave wave wave wave wave wave wave wave wave wave wave wave wave wave wave wave'
defined as saudi arabian gazelle,b'wave wave wave wave wave wave wave wave wave wave wave wave wave wave wave wave wave wave wave wave wave wave wave wave wave wave wave wave wave'
defined as saturday,b'wave wave wave wave wave wave wave wave wave wave wave wave wave wave wave wave wave wave wave wave wave wave wave wave wave wave wave wave wave'
receives action society,b'wave wave wave wave wave wave wave wave wave wave wave wave wave wave wave wave wave wave wave wave wave wave wave wave wave wave wave wave wave'
is a one of musical notation clef,b'wave wave wave wave wave wave wave wave wave wave wave wave wave wave wave wave wave wave wave wave wave wave wave wave wave wave wave wave wave'
capable of child,b'wave wave wave wave wave wave wave wave wave wave wave wave wave wave wave wave wave wave wave wave wave wave wave wave wave wave wave wave wave'
used for awaking,b'wave wave wave wave wave wave wave wave wave wave wave wave wave wave wave wave wave wave wave wave wave wave wave wave wave wave wave wave wave'
used for moisturizers,b'wave wave wave wave wave wave wave wave wave wave wave wave wave wave wave wave wave wave wave wave wave wave wave wave wave wave wave wave wave'
has subevent entertain person,b'wave wave wave wave wave wave wave wave wave wave wave wave wave wave wave wave wave wave wave wave wave wave wave wave wave wave wave wave wave'
used for shower,b'wave wave wave wave wave wave wave wave wave wave wave wave wave wave wave wave wave wave wave wave wave wave wave wave wave wave wave wave wave'
has first subevent wash clothe,b'wave wave wave wave wave wave wave wave wave wave wave wave wave wave wave wave wave wave wave wave wave wave wave wave wave wave wave wave wave'
capable of Hard,b'wave wave wave wave wave wave wave wave wave wave wave wave wave wave wave wave wave wave wave wave wave wave wave wave wave wave wave wave wave'
has subevent commit to memory,b'wave wave wave wave wave wave wave wave wave wave wave wave wave wave wave wave wave wave wave wave wave wave wave wave wave wave wave wave wave'
at location bathroom,b'wave wave wave wave wave wave wave wave wave wave wave wave wave wave wave wave wave wave wave wave wave wave wave wave wave wave wave wave wave'
speak the locals,b'wave wave wave wave wave wave wave wave wave wave wave wave wave wave wave wave wave wave wave wave wave wave wave wave wave wave wave wave wave'
motivated by goal buy tickets to that sporting event,b'wave wave wave wave wave wave wave wave wave wave wave wave wave wave wave wave wave wave wave wave wave wave wave wave wave wave wave wave wave'
is a not all scam artist,b'wave wave wave wave wave wave wave wave wave wave wave wave wave wave wave wave wave wave wave wave wave wave wave wave wave wave wave wave wave'
desires person,b'wave wave wave wave wave wave wave wave wave wave wave wave wave wave wave wave wave wave wave wave wave wave wave wave wave wave wave wave wave'
had a circle of A recent cartoon playing on the popular movie,b'wave wave wave wave wave wave wave wave wave wave wave wave wave wave wave wave wave wave wave wave wave wave wave wave wave wave wave wave wave'
has prerequisite annoy your brother,b'wave wave wave wave wave wave wave wave wave wave wave wave wave wave wave wave wave wave wave wave wave wave wave wave wave wave wave wave wave'
causes lose weight,b'wave wave wave wave wave wave wave wave wave wave wave wave wave wave wave wave wave wave wave wave wave wave wave wave wave wave wave wave wave'
at location a sink,b'wave wave wave wave wave wave wave wave wave wave wave wave wave wave wave wave wave wave wave wave wave wave wave wave wave wave wave wave wave'
motivated by goal set cup on table,b'wave wave wave wave wave wave wave wave wave wave wave wave wave wave wave wave wave wave wave wave wave wave wave wave wave wave wave wave wave'
has subevent riding a bicycle,b'wave wave wave wave wave wave wave wave wave wave wave wave wave wave wave wave wave wave wave wave wave wave wave wave wave wave wave wave wave'
motivated by goal consult expert,b'wave wave wave wave wave wave wave wave wave wave wave wave wave wave wave wave wave wave wave wave wave wave wave wave wave wave wave wave wave'
has subevent watching the evening news,b'wave wave wave wave wave wave wave wave wave wave wave wave wave wave wave wave wave wave wave wave wave wave wave wave wave wave wave wave wave'
used for society,b'wave wave wave wave wave wave wave wave wave wave wave wave wave wave wave wave wave wave wave wave wave wave wave wave wave wave wave wave wave'
at location a paper page,b'wave wave wave wave wave wave wave wave wave wave wave wave wave wave wave wave wave wave wave wave wave wave wave wave wave wave wave wave wave'
has subevent play the piano,b'wave wave wave wave wave wave wave wave wave wave wave wave wave wave wave wave wave wave wave wave wave wave wave wave wave wave wave wave wave'
has subevent listen to music,b'wave wave wave wave wave wave wave wave wave wave wave wave wave wave wave wave wave wave wave wave wave wave wave wave wave wave wave wave wave'
has prerequisite play basketball,b'wave wave wave wave wave wave wave wave wave wave wave wave wave wave wave wave wave wave wave wave wave wave wave wave wave wave wave wave wave'
motivated by goal join the military,b'wave wave wave wave wave wave wave wave wave wave wave wave wave wave wave wave wave wave wave wave wave wave wave wave wave wave wave wave wave'
has property Western society,b'wave wave wave wave wave wave wave wave wave wave wave wave wave wave wave wave wave wave wave wave wave wave wave wave wave wave wave wave wave'
capable of glove,b'wave wave wave wave wave wave wave wave wave wave wave wave wave wave wave wave wave wave wave wave wave wave wave wave wave wave wave wave wave'
are set in films,b'wave wave wave wave wave wave wave wave wave wave wave wave wave wave wave wave wave wave wave wave wave wave wave wave wave wave wave wave wave'
motivated by goal become scuba diver,b'wave wave wave wave wave wave wave wave wave wave wave wave wave wave wave wave wave wave wave wave wave wave wave wave wave wave wave wave wave'
capable of drink glass,b'wave wave wave wave wave wave wave wave wave wave wave wave wave wave wave wave wave wave wave wave wave wave wave wave wave wave wave wave wave'
motivated by goal make people laugh,b'wave wave wave wave wave wave wave wave wave wave wave wave wave wave wave wave wave wave wave wave wave wave wave wave wave wave wave wave wave'
be served legumes,b'wave wave wave wave wave wave wave wave wave wave wave wave wave wave wave wave wave wave wave wave wave wave wave wave wave wave wave wave wave'
capable of teacher,b'wave wave wave wave wave wave wave wave wave wave wave wave wave wave wave wave wave wave wave wave wave wave wave wave wave wave wave wave wave'
at location rats,b'wave wave wave wave wave wave wave wave wave wave wave wave wave wave wave wave wave wave wave wave wave wave wave wave wave wave wave wave wave'
at location gas burner,b'wave wave wave wave wave wave wave wave wave wave wave wave wave wave wave wave wave wave wave wave wave wave wave wave wave wave wave wave wave'
has prerequisite see excite story,b'wave wave wave wave wave wave wave wave wave wave wave wave wave wave wave wave wave wave wave wave wave wave wave wave wave wave wave wave wave'
has first subevent cut your hair,b'wave wave wave wave wave wave wave wave wave wave wave wave wave wave wave wave wave wave wave wave wave wave wave wave wave wave wave wave wave'
not desires person,b'wave wave wave wave wave wave wave wave wave wave wave wave wave wave wave wave wave wave wave wave wave wave wave wave wave wave wave wave wave'
at location payment counter,b'wave wave wave wave wave wave wave wave wave wave wave wave wave wave wave wave wave wave wave wave wave wave wave wave wave wave wave wave wave'
at location light,b'wave wave wave wave wave wave wave wave wave wave wave wave wave wave wave wave wave wave wave wave wave wave wave wave wave wave wave wave wave'
not desires a person,b'wave wave wave wave wave wave wave wave wave wave wave wave wave wave wave wave wave wave wave wave wave wave wave wave wave wave wave wave wave'
used for have physical examination,b'wave wave wave wave wave wave wave wave wave wave wave wave wave wave wave wave wave wave wave wave wave wave wave wave wave wave wave wave wave'
capable of person,b'wave wave wave wave wave wave wave wave wave wave wave wave wave wave wave wave wave wave wave wave wave wave wave wave wave wave wave wave wave'
capable of someone,b'wave wave wave wave wave wave wave wave wave wave wave wave wave wave wave wave wave wave wave wave wave wave wave wave wave wave wave wave wave'
has subevent buy food,b'wave wave wave wave wave wave wave wave wave wave wave wave wave wave wave wave wave wave wave wave wave wave wave wave wave wave wave wave wave'
not desires People,b'wave wave wave wave wave wave wave wave wave wave wave wave wave wave wave wave wave wave wave wave wave wave wave wave wave wave wave wave wave'
capable of A forger,b'wave wave wave wave wave wave wave wave wave wave wave wave wave wave wave wave wave wave wave wave wave wave wave wave wave wave wave wave wave'
has prerequisite returning to work,b'wave wave wave wave wave wave wave wave wave wave wave wave wave wave wave wave wave wave wave wave wave wave wave wave wave wave wave wave wave'
receives action A game,b'wave wave wave wave wave wave wave wave wave wave wave wave wave wave wave wave wave wave wave wave wave wave wave wave wave wave wave wave wave'
at location your lost shoe,b'wave wave wave wave wave wave wave wave wave wave wave wave wave wave wave wave wave wave wave wave wave wave wave wave wave wave wave wave wave'
desires if you,b'wave wave wave wave wave wave wave wave wave wave wave wave wave wave wave wave wave wave wave wave wave wave wave wave wave wave wave wave wave'
has subevent play card,b'wave wave wave wave wave wave wave wave wave wave wave wave wave wave wave wave wave wave wave wave wave wave wave wave wave wave wave wave wave'
capable of Most of the audience,b'wave wave wave wave wave wave wave wave wave wave wave wave wave wave wave wave wave wave wave wave wave wave wave wave wave wave wave wave wave'
at location eggs,b'wave wave wave wave wave wave wave wave wave wave wave wave wave wave wave wave wave wave wave wave wave wave wave wave wave wave wave wave wave'
has prerequisite meet person,b'wave wave wave wave wave wave wave wave wave wave wave wave wave wave wave wave wave wave wave wave wave wave wave wave wave wave wave wave wave'
capable of infected injuries,b'wave wave wave wave wave wave wave wave wave wave wave wave wave wave wave wave wave wave wave wave wave wave wave wave wave wave wave wave wave'
has property cut twist curl,b'wave wave wave wave wave wave wave wave wave wave wave wave wave wave wave wave wave wave wave wave wave wave wave wave wave wave wave wave wave'
capable of judge,b'wave wave wave wave wave wave wave wave wave wave wave wave wave wave wave wave wave wave wave wave wave wave wave wave wave wave wave wave wave'
capable of restaurants,b'wave wave wave wave wave wave wave wave wave wave wave wave wave wave wave wave wave wave wave wave wave wave wave wave wave wave wave wave wave'
has subevent do housework,b'wave wave wave wave wave wave wave wave wave wave wave wave wave wave wave wave wave wave wave wave wave wave wave wave wave wave wave wave wave'
capable of person,b'wave wave wave wave wave wave wave wave wave wave wave wave wave wave wave wave wave wave wave wave wave wave wave wave wave wave wave wave wave'
used for designing software,b'wave wave wave wave wave wave wave wave wave wave wave wave wave wave wave wave wave wave wave wave wave wave wave wave wave wave wave wave wave'
defined as The state flower for Delaware,b'wave wave wave wave wave wave wave wave wave wave wave wave wave wave wave wave wave wave wave wave wave wave wave wave wave wave wave wave wave'
used for a club,b'wave wave wave wave wave wave wave wave wave wave wave wave wave wave wave wave wave wave wave wave wave wave wave wave wave wave wave wave wave'
receives action this bike,b'wave wave wave wave wave wave wave wave wave wave wave wave wave wave wave wave wave wave wave wave wave wave wave wave wave wave wave wave wave'
is a Paternalistic - individualistic,b'wave wave wave wave wave wave wave wave wave wave wave wave wave wave wave wave wave wave wave wave wave wave wave wave wave wave wave wave wave'
capable of A police officer,b'wave wave wave wave wave wave wave wave wave wave wave wave wave wave wave wave wave wave wave wave wave wave wave wave wave wave wave wave wave'
has property vet,b'wave wave wave wave wave wave wave wave wave wave wave wave wave wave wave wave wave wave wave wave wave wave wave wave wave wave wave wave wave'
has a swedish economy,b'wave wave wave wave wave wave wave wave wave wave wave wave wave wave wave wave wave wave wave wave wave wave wave wave wave wave wave wave wave'
causes finding the truth,b'wave wave wave wave wave wave wave wave wave wave wave wave wave wave wave wave wave wave wave wave wave wave wave wave wave wave wave wave wave'
has a Most sausages,b'wave wave wave wave wave wave wave wave wave wave wave wave wave wave wave wave wave wave wave wave wave wave wave wave wave wave wave wave wave'
capable of a mother,b'wave wave wave wave wave wave wave wave wave wave wave wave wave wave wave wave wave wave wave wave wave wave wave wave wave wave wave wave wave'
is a this,b'wave wave wave wave wave wave wave wave wave wave wave wave wave wave wave wave wave wave wave wave wave wave wave wave wave wave wave wave wave'
asked Google,b'wave wave wave wave wave wave wave wave wave wave wave wave wave wave wave wave wave wave wave wave wave wave wave wave wave wave wave wave wave'
used for jewelry,b'wave wave wave wave wave wave wave wave wave wave wave wave wave wave wave wave wave wave wave wave wave wave wave wave wave wave wave wave wave'
has prerequisite answer question,b'wave wave wave wave wave wave wave wave wave wave wave wave wave wave wave wave wave wave wave wave wave wave wave wave wave wave wave wave wave'
used for cake,b'wave wave wave wave wave wave wave wave wave wave wave wave wave wave wave wave wave wave wave wave wave wave wave wave wave wave wave wave wave'
has prerequisite order a pizza,b'wave wave wave wave wave wave wave wave wave wave wave wave wave wave wave wave wave wave wave wave wave wave wave wave wave wave wave wave wave'
has property bagel,b'wave wave wave wave wave wave wave wave wave wave wave wave wave wave wave wave wave wave wave wave wave wave wave wave wave wave wave wave wave'
"are associated Cardiometabolic risk factors , including atherogenic dyslipidaemia",b'wave wave wave wave wave wave wave wave wave wave wave wave wave wave wave wave wave wave wave wave wave wave wave wave wave wave wave wave wave'
at location rosebush,b'wave wave wave wave wave wave wave wave wave wave wave wave wave wave wave wave wave wave wave wave wave wave wave wave wave wave wave wave wave'
not is a a pot,b'wave wave wave wave wave wave wave wave wave wave wave wave wave wave wave wave wave wave wave wave wave wave wave wave wave wave wave wave wave'
is a San Francisco,b'wave wave wave wave wave wave wave wave wave wave wave wave wave wave wave wave wave wave wave wave wave wave wave wave wave wave wave wave wave'
at location company,b'wave wave wave wave wave wave wave wave wave wave wave wave wave wave wave wave wave wave wave wave wave wave wave wave wave wave wave wave wave'
were derived Relative risk,b'wave wave wave wave wave wave wave wave wave wave wave wave wave wave wave wave wave wave wave wave wave wave wave wave wave wave wave wave wave'
capable of passenger,b'wave wave wave wave wave wave wave wave wave wave wave wave wave wave wave wave wave wave wave wave wave wave wave wave wave wave wave wave wave'
used for bass clarinet,b'wave wave wave wave wave wave wave wave wave wave wave wave wave wave wave wave wave wave wave wave wave wave wave wave wave wave wave wave wave'
at location something smaller than the box,b'wave wave wave wave wave wave wave wave wave wave wave wave wave wave wave wave wave wave wave wave wave wave wave wave wave wave wave wave wave'
motivated by goal find some water,b'wave wave wave wave wave wave wave wave wave wave wave wave wave wave wave wave wave wave wave wave wave wave wave wave wave wave wave wave wave'
has subevent tape television show,b'wave wave wave wave wave wave wave wave wave wave wave wave wave wave wave wave wave wave wave wave wave wave wave wave wave wave wave wave wave'
has prerequisite set cup on table,b'wave wave wave wave wave wave wave wave wave wave wave wave wave wave wave wave wave wave wave wave wave wave wave wave wave wave wave wave wave'
motivated by goal go for jog,b'wave wave wave wave wave wave wave wave wave wave wave wave wave wave wave wave wave wave wave wave wave wave wave wave wave wave wave wave wave'
has subevent play card,b'wave wave wave wave wave wave wave wave wave wave wave wave wave wave wave wave wave wave wave wave wave wave wave wave wave wave wave wave wave'
at location sun,b'wave wave wave wave wave wave wave wave wave wave wave wave wave wave wave wave wave wave wave wave wave wave wave wave wave wave wave wave wave'
location of action school,b'wave wave wave wave wave wave wave wave wave wave wave wave wave wave wave wave wave wave wave wave wave wave wave wave wave wave wave wave wave'
at location radish,b'wave wave wave wave wave wave wave wave wave wave wave wave wave wave wave wave wave wave wave wave wave wave wave wave wave wave wave wave wave'
capable of mythology,b'wave wave wave wave wave wave wave wave wave wave wave wave wave wave wave wave wave wave wave wave wave wave wave wave wave wave wave wave wave'
is Aimutis,b'wave wave wave wave wave wave wave wave wave wave wave wave wave wave wave wave wave wave wave wave wave wave wave wave wave wave wave wave wave'
capable of You,b'wave wave wave wave wave wave wave wave wave wave wave wave wave wave wave wave wave wave wave wave wave wave wave wave wave wave wave wave wave'
motivated by goal post message,b'wave wave wave wave wave wave wave wave wave wave wave wave wave wave wave wave wave wave wave wave wave wave wave wave wave wave wave wave wave'
receives action Carpeted floors,b'wave wave wave wave wave wave wave wave wave wave wave wave wave wave wave wave wave wave wave wave wave wave wave wave wave wave wave wave wave'
go into to The males,b'wave wave wave wave wave wave wave wave wave wave wave wave wave wave wave wave wave wave wave wave wave wave wave wave wave wave wave wave wave'
at location a table,b'wave wave wave wave wave wave wave wave wave wave wave wave wave wave wave wave wave wave wave wave wave wave wave wave wave wave wave wave wave'
lutheran medical center Muhamad,b'wave wave wave wave wave wave wave wave wave wave wave wave wave wave wave wave wave wave wave wave wave wave wave wave wave wave wave wave wave'
has prerequisite do housework,b'wave wave wave wave wave wave wave wave wave wave wave wave wave wave wave wave wave wave wave wave wave wave wave wave wave wave wave wave wave'
capable of night watchman,b'wave wave wave wave wave wave wave wave wave wave wave wave wave wave wave wave wave wave wave wave wave wave wave wave wave wave wave wave wave'
capable of a little money,b'wave wave wave wave wave wave wave wave wave wave wave wave wave wave wave wave wave wave wave wave wave wave wave wave wave wave wave wave wave'
used for ride horse,b'wave wave wave wave wave wave wave wave wave wave wave wave wave wave wave wave wave wave wave wave wave wave wave wave wave wave wave wave wave'
receives action candles,b'wave wave wave wave wave wave wave wave wave wave wave wave wave wave wave wave wave wave wave wave wave wave wave wave wave wave wave wave wave'
at location a cup of coffee,b'wave wave wave wave wave wave wave wave wave wave wave wave wave wave wave wave wave wave wave wave wave wave wave wave wave wave wave wave wave'
motivated by goal ride bicycle,b'wave wave wave wave wave wave wave wave wave wave wave wave wave wave wave wave wave wave wave wave wave wave wave wave wave wave wave wave wave'
has prerequisite prepare for vote,b'wave wave wave wave wave wave wave wave wave wave wave wave wave wave wave wave wave wave wave wave wave wave wave wave wave wave wave wave wave'
be correspondent for Dan Rather,b'wave wave wave wave wave wave wave wave wave wave wave wave wave wave wave wave wave wave wave wave wave wave wave wave wave wave wave wave wave'
has prerequisite play sports,b'wave wave wave wave wave wave wave wave wave wave wave wave wave wave wave wave wave wave wave wave wave wave wave wave wave wave wave wave wave'
used for deli store,b'wave wave wave wave wave wave wave wave wave wave wave wave wave wave wave wave wave wave wave wave wave wave wave wave wave wave wave wave wave'
causes running after the ball,b'wave wave wave wave wave wave wave wave wave wave wave wave wave wave wave wave wave wave wave wave wave wave wave wave wave wave wave wave wave'
has subevent being in charge of a project,b'wave wave wave wave wave wave wave wave wave wave wave wave wave wave wave wave wave wave wave wave wave wave wave wave wave wave wave wave wave'
has property wooden hangers,b'wave wave wave wave wave wave wave wave wave wave wave wave wave wave wave wave wave wave wave wave wave wave wave wave wave wave wave wave wave'
used for bottle,b'wave wave wave wave wave wave wave wave wave wave wave wave wave wave wave wave wave wave wave wave wave wave wave wave wave wave wave wave wave'
is a plenary council,b'wave wave wave wave wave wave wave wave wave wave wave wave wave wave wave wave wave wave wave wave wave wave wave wave wave wave wave wave wave'
has subevent eating,b'wave wave wave wave wave wave wave wave wave wave wave wave wave wave wave wave wave wave wave wave wave wave wave wave wave wave wave wave wave'
used for footstool,b'wave wave wave wave wave wave wave wave wave wave wave wave wave wave wave wave wave wave wave wave wave wave wave wave wave wave wave wave wave'
at location a fungus,b'wave wave wave wave wave wave wave wave wave wave wave wave wave wave wave wave wave wave wave wave wave wave wave wave wave wave wave wave wave'
has property Brain opioids,b'wave wave wave wave wave wave wave wave wave wave wave wave wave wave wave wave wave wave wave wave wave wave wave wave wave wave wave wave wave'
capable of One,b'wave wave wave wave wave wave wave wave wave wave wave wave wave wave wave wave wave wave wave wave wave wave wave wave wave wave wave wave wave'
used for wash your hand,b'wave wave wave wave wave wave wave wave wave wave wave wave wave wave wave wave wave wave wave wave wave wave wave wave wave wave wave wave wave'
has subevent go into coma,b'wave wave wave wave wave wave wave wave wave wave wave wave wave wave wave wave wave wave wave wave wave wave wave wave wave wave wave wave wave'
has a older people,b'wave wave wave wave wave wave wave wave wave wave wave wave wave wave wave wave wave wave wave wave wave wave wave wave wave wave wave wave wave'
used for bringing home some fish,b'wave wave wave wave wave wave wave wave wave wave wave wave wave wave wave wave wave wave wave wave wave wave wave wave wave wave wave wave wave'
motivated by goal get some physical activity,b'wave wave wave wave wave wave wave wave wave wave wave wave wave wave wave wave wave wave wave wave wave wave wave wave wave wave wave wave wave'
causes improve your image,b'wave wave wave wave wave wave wave wave wave wave wave wave wave wave wave wave wave wave wave wave wave wave wave wave wave wave wave wave wave'
is a clamp,b'wave wave wave wave wave wave wave wave wave wave wave wave wave wave wave wave wave wave wave wave wave wave wave wave wave wave wave wave wave'
capable of speaker,b'wave wave wave wave wave wave wave wave wave wave wave wave wave wave wave wave wave wave wave wave wave wave wave wave wave wave wave wave wave'
has subevent thanking someone,b'wave wave wave wave wave wave wave wave wave wave wave wave wave wave wave wave wave wave wave wave wave wave wave wave wave wave wave wave wave'
has a human,b'wave wave wave wave wave wave wave wave wave wave wave wave wave wave wave wave wave wave wave wave wave wave wave wave wave wave wave wave wave'
receives action Not all potatoes,b'wave wave wave wave wave wave wave wave wave wave wave wave wave wave wave wave wave wave wave wave wave wave wave wave wave wave wave wave wave'
fall to QUANT_S_1 of the delegation 's workload,b'wave wave wave wave wave wave wave wave wave wave wave wave wave wave wave wave wave wave wave wave wave wave wave wave wave wave wave wave wave'
causes desire Going broke,b'wave wave wave wave wave wave wave wave wave wave wave wave wave wave wave wave wave wave wave wave wave wave wave wave wave wave wave wave wave'
has last subevent stop being married to someone,b'wave wave wave wave wave wave wave wave wave wave wave wave wave wave wave wave wave wave wave wave wave wave wave wave wave wave wave wave wave'
has property The time between human heart beats,b'wave wave wave wave wave wave wave wave wave wave wave wave wave wave wave wave wave wave wave wave wave wave wave wave wave wave wave wave wave'
used for cleaning clothing,b'wave wave wave wave wave wave wave wave wave wave wave wave wave wave wave wave wave wave wave wave wave wave wave wave wave wave wave wave wave'
is a debian,b'wave wave wave wave wave wave wave wave wave wave wave wave wave wave wave wave wave wave wave wave wave wave wave wave wave wave wave wave wave'
has prerequisite learn,b'wave wave wave wave wave wave wave wave wave wave wave wave wave wave wave wave wave wave wave wave wave wave wave wave wave wave wave wave wave'
capable of Wine,b'wave wave wave wave wave wave wave wave wave wave wave wave wave wave wave wave wave wave wave wave wave wave wave wave wave wave wave wave wave'
used for the Eiffel tower,b'wave wave wave wave wave wave wave wave wave wave wave wave wave wave wave wave wave wave wave wave wave wave wave wave wave wave wave wave wave'
has prerequisite communicate,b'wave wave wave wave wave wave wave wave wave wave wave wave wave wave wave wave wave wave wave wave wave wave wave wave wave wave wave wave wave'
part of Haverhill,b'wave wave wave wave wave wave wave wave wave wave wave wave wave wave wave wave wave wave wave wave wave wave wave wave wave wave wave wave wave'
at location a lizard,b'wave wave wave wave wave wave wave wave wave wave wave wave wave wave wave wave wave wave wave wave wave wave wave wave wave wave wave wave wave'
not is a map,b'wave wave wave wave wave wave wave wave wave wave wave wave wave wave wave wave wave wave wave wave wave wave wave wave wave wave wave wave wave'
used for perfume,b'wave wave wave wave wave wave wave wave wave wave wave wave wave wave wave wave wave wave wave wave wave wave wave wave wave wave wave wave wave'
not desires a person,b'wave wave wave wave wave wave wave wave wave wave wave wave wave wave wave wave wave wave wave wave wave wave wave wave wave wave wave wave wave'
at location a baseball ticket,b'wave wave wave wave wave wave wave wave wave wave wave wave wave wave wave wave wave wave wave wave wave wave wave wave wave wave wave wave wave'
is a The capital of australia,b'wave wave wave wave wave wave wave wave wave wave wave wave wave wave wave wave wave wave wave wave wave wave wave wave wave wave wave wave wave'
remains their evaluation in the treatment of advanced gastric cancer,b'wave wave wave wave wave wave wave wave wave wave wave wave wave wave wave wave wave wave wave wave wave wave wave wave wave wave wave wave wave'
has subevent kill person,b'wave wave wave wave wave wave wave wave wave wave wave wave wave wave wave wave wave wave wave wave wave wave wave wave wave wave wave wave wave'
has prerequisite add up a column of numbers,b'wave wave wave wave wave wave wave wave wave wave wave wave wave wave wave wave wave wave wave wave wave wave wave wave wave wave wave wave wave'
used for tan lotion,b'wave wave wave wave wave wave wave wave wave wave wave wave wave wave wave wave wave wave wave wave wave wave wave wave wave wave wave wave wave'
receives action legal decision,b'wave wave wave wave wave wave wave wave wave wave wave wave wave wave wave wave wave wave wave wave wave wave wave wave wave wave wave wave wave'
has subevent fight war,b'wave wave wave wave wave wave wave wave wave wave wave wave wave wave wave wave wave wave wave wave wave wave wave wave wave wave wave wave wave'
are very Democratic incumbents,b'wave wave wave wave wave wave wave wave wave wave wave wave wave wave wave wave wave wave wave wave wave wave wave wave wave wave wave wave wave'
at location voice,b'wave wave wave wave wave wave wave wave wave wave wave wave wave wave wave wave wave wave wave wave wave wave wave wave wave wave wave wave wave'
is a study of person,b'wave wave wave wave wave wave wave wave wave wave wave wave wave wave wave wave wave wave wave wave wave wave wave wave wave wave wave wave wave'
at location kosher deli,b'wave wave wave wave wave wave wave wave wave wave wave wave wave wave wave wave wave wave wave wave wave wave wave wave wave wave wave wave wave'
has property Sailing on rough seas,b'wave wave wave wave wave wave wave wave wave wave wave wave wave wave wave wave wave wave wave wave wave wave wave wave wave wave wave wave wave'
used for get pay,b'wave wave wave wave wave wave wave wave wave wave wave wave wave wave wave wave wave wave wave wave wave wave wave wave wave wave wave wave wave'
at location human,b'wave wave wave wave wave wave wave wave wave wave wave wave wave wave wave wave wave wave wave wave wave wave wave wave wave wave wave wave wave'
has prerequisite attend a classical concert,b'wave wave wave wave wave wave wave wave wave wave wave wave wave wave wave wave wave wave wave wave wave wave wave wave wave wave wave wave wave'
is a A hook,b'wave wave wave wave wave wave wave wave wave wave wave wave wave wave wave wave wave wave wave wave wave wave wave wave wave wave wave wave wave'
motivated by goal get some alcohol to drink,b'wave wave wave wave wave wave wave wave wave wave wave wave wave wave wave wave wave wave wave wave wave wave wave wave wave wave wave wave wave'
has a lizard,b'wave wave wave wave wave wave wave wave wave wave wave wave wave wave wave wave wave wave wave wave wave wave wave wave wave wave wave wave wave'
has first subevent attend lecture,b'wave wave wave wave wave wave wave wave wave wave wave wave wave wave wave wave wave wave wave wave wave wave wave wave wave wave wave wave wave'
at location school,b'wave wave wave wave wave wave wave wave wave wave wave wave wave wave wave wave wave wave wave wave wave wave wave wave wave wave wave wave wave'
at location corpses,b'wave wave wave wave wave wave wave wave wave wave wave wave wave wave wave wave wave wave wave wave wave wave wave wave wave wave wave wave wave'
capable of ET,b'wave wave wave wave wave wave wave wave wave wave wave wave wave wave wave wave wave wave wave wave wave wave wave wave wave wave wave wave wave'
at location something,b'wave wave wave wave wave wave wave wave wave wave wave wave wave wave wave wave wave wave wave wave wave wave wave wave wave wave wave wave wave'
had received a subpoena to the Ciprianis,b'wave wave wave wave wave wave wave wave wave wave wave wave wave wave wave wave wave wave wave wave wave wave wave wave wave wave wave wave wave'
has a my hip,b'wave wave wave wave wave wave wave wave wave wave wave wave wave wave wave wave wave wave wave wave wave wave wave wave wave wave wave wave wave'
has subevent tell story,b'wave wave wave wave wave wave wave wave wave wave wave wave wave wave wave wave wave wave wave wave wave wave wave wave wave wave wave wave wave'
is a Springs,b'wave wave wave wave wave wave wave wave wave wave wave wave wave wave wave wave wave wave wave wave wave wave wave wave wave wave wave wave wave'
shared remembrances at QUANT_S_1 friends from as far away as Kentucky,b'wave wave wave wave wave wave wave wave wave wave wave wave wave wave wave wave wave wave wave wave wave wave wave wave wave wave wave wave wave'
said Mr. Mica,b'wave wave wave wave wave wave wave wave wave wave wave wave wave wave wave wave wave wave wave wave wave wave wave wave wave wave wave wave wave'
used for selling your new book,b'wave wave wave wave wave wave wave wave wave wave wave wave wave wave wave wave wave wave wave wave wave wave wave wave wave wave wave wave wave'
desires i,b'wave wave wave wave wave wave wave wave wave wave wave wave wave wave wave wave wave wave wave wave wave wave wave wave wave wave wave wave wave'
has prerequisite building a cathedral,b'wave wave wave wave wave wave wave wave wave wave wave wave wave wave wave wave wave wave wave wave wave wave wave wave wave wave wave wave wave'
has property Life,b'wave wave wave wave wave wave wave wave wave wave wave wave wave wave wave wave wave wave wave wave wave wave wave wave wave wave wave wave wave'
has prerequisite bring in a verdict,b'wave wave wave wave wave wave wave wave wave wave wave wave wave wave wave wave wave wave wave wave wave wave wave wave wave wave wave wave wave'
at location utensils,b'wave wave wave wave wave wave wave wave wave wave wave wave wave wave wave wave wave wave wave wave wave wave wave wave wave wave wave wave wave'
begins in the next presidential term,b'wave wave wave wave wave wave wave wave wave wave wave wave wave wave wave wave wave wave wave wave wave wave wave wave wave wave wave wave wave'
has property liquid water,b'wave wave wave wave wave wave wave wave wave wave wave wave wave wave wave wave wave wave wave wave wave wave wave wave wave wave wave wave wave'
made The availability of recombinant antigens,b'wave wave wave wave wave wave wave wave wave wave wave wave wave wave wave wave wave wave wave wave wave wave wave wave wave wave wave wave wave'
used for self-help book,b'wave wave wave wave wave wave wave wave wave wave wave wave wave wave wave wave wave wave wave wave wave wave wave wave wave wave wave wave wave'
capable of A conquistador,b'wave wave wave wave wave wave wave wave wave wave wave wave wave wave wave wave wave wave wave wave wave wave wave wave wave wave wave wave wave'
used for a drive,b'wave wave wave wave wave wave wave wave wave wave wave wave wave wave wave wave wave wave wave wave wave wave wave wave wave wave wave wave wave'
desires a person,b'wave wave wave wave wave wave wave wave wave wave wave wave wave wave wave wave wave wave wave wave wave wave wave wave wave wave wave wave wave'
causes desire pain,b'wave wave wave wave wave wave wave wave wave wave wave wave wave wave wave wave wave wave wave wave wave wave wave wave wave wave wave wave wave'
is a There,b'wave wave wave wave wave wave wave wave wave wave wave wave wave wave wave wave wave wave wave wave wave wave wave wave wave wave wave wave wave'
at location radio,b'wave wave wave wave wave wave wave wave wave wave wave wave wave wave wave wave wave wave wave wave wave wave wave wave wave wave wave wave wave'
is undergoing China,b'wave wave wave wave wave wave wave wave wave wave wave wave wave wave wave wave wave wave wave wave wave wave wave wave wave wave wave wave wave'
used for finger,b'wave wave wave wave wave wave wave wave wave wave wave wave wave wave wave wave wave wave wave wave wave wave wave wave wave wave wave wave wave'
is a Someone,b'wave wave wave wave wave wave wave wave wave wave wave wave wave wave wave wave wave wave wave wave wave wave wave wave wave wave wave wave wave'
has property cream cheese,b'wave wave wave wave wave wave wave wave wave wave wave wave wave wave wave wave wave wave wave wave wave wave wave wave wave wave wave wave wave'
has first subevent go to get a haircut,b'wave wave wave wave wave wave wave wave wave wave wave wave wave wave wave wave wave wave wave wave wave wave wave wave wave wave wave wave wave'
has property sometimes frame,b'wave wave wave wave wave wave wave wave wave wave wave wave wave wave wave wave wave wave wave wave wave wave wave wave wave wave wave wave wave'
has property many person,b'wave wave wave wave wave wave wave wave wave wave wave wave wave wave wave wave wave wave wave wave wave wave wave wave wave wave wave wave wave'
at location many colors,b'wave wave wave wave wave wave wave wave wave wave wave wave wave wave wave wave wave wave wave wave wave wave wave wave wave wave wave wave wave'
is a Fleas,b'wave wave wave wave wave wave wave wave wave wave wave wave wave wave wave wave wave wave wave wave wave wave wave wave wave wave wave wave wave'
capable of she,b'wave wave wave wave wave wave wave wave wave wave wave wave wave wave wave wave wave wave wave wave wave wave wave wave wave wave wave wave wave'
has property A true story,b'wave wave wave wave wave wave wave wave wave wave wave wave wave wave wave wave wave wave wave wave wave wave wave wave wave wave wave wave wave'
at location dvd,b'wave wave wave wave wave wave wave wave wave wave wave wave wave wave wave wave wave wave wave wave wave wave wave wave wave wave wave wave wave'
is a dog,b'wave wave wave wave wave wave wave wave wave wave wave wave wave wave wave wave wave wave wave wave wave wave wave wave wave wave wave wave wave'
is a felt,b'wave wave wave wave wave wave wave wave wave wave wave wave wave wave wave wave wave wave wave wave wave wave wave wave wave wave wave wave wave'
capable of u,b'wave wave wave wave wave wave wave wave wave wave wave wave wave wave wave wave wave wave wave wave wave wave wave wave wave wave wave wave wave'
has subevent person blow into,b'wave wave wave wave wave wave wave wave wave wave wave wave wave wave wave wave wave wave wave wave wave wave wave wave wave wave wave wave wave'
at location grain,b'wave wave wave wave wave wave wave wave wave wave wave wave wave wave wave wave wave wave wave wave wave wave wave wave wave wave wave wave wave'
has a Peoples,b'wave wave wave wave wave wave wave wave wave wave wave wave wave wave wave wave wave wave wave wave wave wave wave wave wave wave wave wave wave'
causes catching a cold,b'wave wave wave wave wave wave wave wave wave wave wave wave wave wave wave wave wave wave wave wave wave wave wave wave wave wave wave wave wave'
capable of Humans,b'wave wave wave wave wave wave wave wave wave wave wave wave wave wave wave wave wave wave wave wave wave wave wave wave wave wave wave wave wave'
desires person,b'wave wave wave wave wave wave wave wave wave wave wave wave wave wave wave wave wave wave wave wave wave wave wave wave wave wave wave wave wave'
at location convenience store,b'wave wave wave wave wave wave wave wave wave wave wave wave wave wave wave wave wave wave wave wave wave wave wave wave wave wave wave wave wave'
has prerequisite pretend,b'wave wave wave wave wave wave wave wave wave wave wave wave wave wave wave wave wave wave wave wave wave wave wave wave wave wave wave wave wave'
chop workers in the back room,b'wave wave wave wave wave wave wave wave wave wave wave wave wave wave wave wave wave wave wave wave wave wave wave wave wave wave wave wave wave'
capable of That man,b'wave wave wave wave wave wave wave wave wave wave wave wave wave wave wave wave wave wave wave wave wave wave wave wave wave wave wave wave wave'
is a The Golden Gate Bridge,b'wave wave wave wave wave wave wave wave wave wave wave wave wave wave wave wave wave wave wave wave wave wave wave wave wave wave wave wave wave'
capable of Voters,b'wave wave wave wave wave wave wave wave wave wave wave wave wave wave wave wave wave wave wave wave wave wave wave wave wave wave wave wave wave'
has prerequisite get a job,b'wave wave wave wave wave wave wave wave wave wave wave wave wave wave wave wave wave wave wave wave wave wave wave wave wave wave wave wave wave'
at location meat,b'wave wave wave wave wave wave wave wave wave wave wave wave wave wave wave wave wave wave wave wave wave wave wave wave wave wave wave wave wave'
causes discover truth,b'wave wave wave wave wave wave wave wave wave wave wave wave wave wave wave wave wave wave wave wave wave wave wave wave wave wave wave wave wave'
causes watching a musician perform,b'wave wave wave wave wave wave wave wave wave wave wave wave wave wave wave wave wave wave wave wave wave wave wave wave wave wave wave wave wave'
has subevent fart,b'wave wave wave wave wave wave wave wave wave wave wave wave wave wave wave wave wave wave wave wave wave wave wave wave wave wave wave wave wave'
has first subevent teach other people,b'wave wave wave wave wave wave wave wave wave wave wave wave wave wave wave wave wave wave wave wave wave wave wave wave wave wave wave wave wave'
used for riding a horse,b'wave wave wave wave wave wave wave wave wave wave wave wave wave wave wave wave wave wave wave wave wave wave wave wave wave wave wave wave wave'
is a bathroom with bathtub,b'wave wave wave wave wave wave wave wave wave wave wave wave wave wave wave wave wave wave wave wave wave wave wave wave wave wave wave wave wave'
at location beer,b'wave wave wave wave wave wave wave wave wave wave wave wave wave wave wave wave wave wave wave wave wave wave wave wave wave wave wave wave wave'
has prerequisite stop your car,b'wave wave wave wave wave wave wave wave wave wave wave wave wave wave wave wave wave wave wave wave wave wave wave wave wave wave wave wave wave'
has first subevent play baseball,b'wave wave wave wave wave wave wave wave wave wave wave wave wave wave wave wave wave wave wave wave wave wave wave wave wave wave wave wave wave'
receives action Starch,b'wave wave wave wave wave wave wave wave wave wave wave wave wave wave wave wave wave wave wave wave wave wave wave wave wave wave wave wave wave'
put support at polls,b'wave wave wave wave wave wave wave wave wave wave wave wave wave wave wave wave wave wave wave wave wave wave wave wave wave wave wave wave wave'
receives action In some cultures special mushrooms,b'wave wave wave wave wave wave wave wave wave wave wave wave wave wave wave wave wave wave wave wave wave wave wave wave wave wave wave wave wave'
