,loss,accuracy,val_loss,val_accuracy
0,1.6878621578216553,0.2537440359592438,1.3648020029067993,0.3259367048740387
