197473	197473	DefinedAs	wednesday	day immediately after tuesday	2.321928094887362
 86463	 86463	AtLocation	a beanbag	a child's bedroom	1.5849625007211563
29251665	The high financial burden , treatment failures and therapeutic side effects of immunotherapies have prompted a search for biomarkers beyond PD - L1 expression , for example , tumor mutation load or immune cell profiling , that might more reliably identify patients that are likely to respond.	have prompted	The high financial burden , treatment failures and therapeutic side effects of immunotherapies	a search for biomarkers beyond PD - L1 expression , for example	1	1			
24170484	Implications for practice : Ethnic minorities are more likely to have worse control of their diabetes and more likely to receive all their care in the primary care setting , QI interventions targeting primary care providers have the potential to reduce disparities in diabetes care.	have	QI interventions	the potential to reduce disparities in diabetes care	1	1			
323306	323306	CapableOf	a double entendre	mean two things at once	1.5849625007211563
590407	590407	HasA	horse	leg	1.5849625007211563
 30127	 30127	HasSubevent	taking a break	sitting down	1.5849625007211563
 45841	 45841	DefinedAs	mammal	only animal that have hair	1.5849625007211563
285791	285791	HasPrerequisite	satisfy appetites with minimum effort	make someone feel important	1.5849625007211563
319980	319980	HasSubevent	all sand run down	time be up	1.5849625007211563
 31855	 31855	UsedFor	signing a contract	making it official	1.5849625007211563
219302	219302	HasPrerequisite	learn about the world	walk	1.5849625007211563
507420	507420	HasSubevent	have food	you count calorie	1.5849625007211563
198756	198756	HasPrerequisite	please your parents	buy them dinner	1.5849625007211563
395908	395908	HasA	night sky	stir people imagination since ancient time	1.5849625007211563
374595	374595	UsedFor	take bus	travel about town	1.5849625007211563
242736	242736	IsA	wrench	helpful tool	2.321928094887362
231949	231949	AtLocation	a brief case	a table	1.5849625007211563
337589	337589	IsA	all life itself	another form of love	1.5849625007211563
424158	424158	IsA	it	a place at a wedding	1.5849625007211563
376656	376656	UsedFor	a needle	piercing body parts	1.5849625007211563
484663	484663	AtLocation	someone	a rest stop	1.5849625007211563
347709	347709	HasLastSubevent	stab to death	make sure person be dead	1.5849625007211563
534983	534983	CapableOf	couple	make love	2.0
291977	291977	ReceivesAction	Oil of ginger	used on sensitive skin	1.5849625007211563
31640691	The purpose of this study is to construct an integrated model to analyze which social support has more significant impact on self - management of T2DM , and provide reasonable suggestions to health care providers on how to effectively play the role of social support.	is	The purpose of this study	to construct an integrated model	1	1			
211282	211282	IsA	Noddy Holder	a member of Slade	1.5849625007211563
212878	212878	UsedFor	nylon	panty hose	1.5849625007211563
347468	347468	Causes	cash in	stock market go down	1.5849625007211563
358379	358379	AtLocation	freezer	alcove off wrap-around porch	1.5849625007211563
127423	127423	ReceivesAction	auction	run by auctioneer	1.5849625007211563
178053	178053	IsA	Microsoft	a software company	2.321928094887362
396843	396843	MotivatedByGoal	sign contract	job	1.5849625007211563
236808	236808	UsedFor	invitations	invite others to a party	1.5849625007211563
310734	310734	AtLocation	a capital	each country	1.5849625007211563
502446	502446	CapableOf	queen	come from royal family	1.5849625007211563
 25913	 25913	ReceivesAction	dandruff shampoo	purchase at pharmacy	1.5849625007211563
401272	401272	HasPrerequisite	Talking	a mouth	2.321928094887362
529993	529993	HasPrerequisite	getting something	work	1.5849625007211563
 16148	 16148	CapableOf	kids	count on their fingers	1.5849625007211563
437663	437663	CapableOf	A marriage counselor	help ease family conflict	1.5849625007211563
461909	461909	NotDesires	person	be trick	2.584962500721156
 31243	 31243	PartOf	organ	body	2.321928094887362
589660	589660	CapableOf	cook	bone fish to cook	1.5849625007211563
322885	322885	IsA	north carolina	state	3.1699250014423126
117445	117445	UsedFor	forklift	use in factory	1.5849625007211563
 16267	British Airways also is a minority shareholder in Qantas , the Australian airline that has a strong route system in Asia , and in TAT European Airlines of France and Deutsche of Germany .	is of	TAT European Airlines	France	1	1			
 59128	 59128	IsA	factory	place	2.0
553544	553544	HasProperty	hot air ballons	romantic and fun	1.5849625007211563
 76273	 76273	CapableOf	whale	sound	2.0
 46513	 46513	ReceivesAction	John robbed a bank John	arrested	1.5849625007211563
435989	435989	HasPrerequisite	resting	a peaceful place	1.5849625007211563
464924	464924	UsedFor	an industry	do a job	1.5849625007211563
270545	270545	CapableOf	child	light up my life	1.5849625007211563
  1016	  1016	HasSubevent	wait in line	read book	2.0
 83170	 83170	ReceivesAction	Grass	composed of individual blades of grass	1.5849625007211563
372781	372781	CapableOf	you	sleep in tent	2.321928094887362
569336	569336	Causes	going public	many people would become shareholders	1.5849625007211563
367301	367301	HasSubevent	printing on the printer	error	1.5849625007211563
257175	257175	UsedFor	numbers	counting	2.321928094887362
558212	558212	IsA	The Terminator	a famous movie	1.5849625007211563
300576	300576	HasPrerequisite	make friends	act friendly towards people	1.5849625007211563
430138	430138	HasSubevent	make good world	take stand	1.5849625007211563
222656	222656	HasProperty	Rabbits	cute	2.807354922057604
 79341	 79341	NotDesires	person	be brush off	1.5849625007211563
279268	279268	CapableOf	someone	play the tambourine	1.5849625007211563
  5173	  5173	AtLocation	love	a library	1.5849625007211563
593857	593857	HasLastSubevent	get pay	deposit your paycheck	1.5849625007211563
193568	193568	HasSubevent	become more clean	use soap	1.5849625007211563
512737	512737	AtLocation	a sheet	in bed	2.321928094887362
215976	215976	ReceivesAction	catastrophe	report on news	1.5849625007211563
552057	552057	HasA	A house	a washing machine	1.5849625007211563
267660	267660	ReceivesAction	Water	found in a bathtub	1.5849625007211563
455119	455119	MotivatedByGoal	cut your hair	it shorter	2.321928094887362
220442	220442	Desires	a person	equal pay for equal work	2.0
23412797	Initial studies using genome - wide DNA copy number data broadly partitioned breast cancers into three types , complex , amplifier , and simple , and moreover associated distinct copy number changes with the intrinsic subtypes defined by gene expression profiles.	broadly partitioned	Initial studies using genome - wide DNA copy number data	breast cancers	into three types , simple	1	1		
173001	173001	CapableOf	Rain	wet the sidewalk	1.5849625007211563
109266	109266	IsA	notebook	spiral bind	1.5849625007211563
 14954	 14954	UsedFor	reproduce	replicate	1.5849625007211563
327723	327723	IsA	Vitamins	nutritional supplements	1.5849625007211563
 51677	 51677	HasSubevent	taking an oath	giggle	1.5849625007211563
 91725	 91725	IsA	Something you find downstairs	a basement	2.0
435214	435214	AtLocation	tennents	an apartment	1.5849625007211563
542324	542324	HasSubevent	taking care of proposals	write notes	1.5849625007211563
533478	533478	HasSubevent	dive	jump from a diving board	1.5849625007211563
363527	363527	CapableOf	person	use metaphor when they speak	1.5849625007211563
486117	486117	Causes	copulating	having children	2.321928094887362
518326	518326	DefinedAs	chinook salmon	oncorhynchus tshawytscha	1.5849625007211563
27092990	Anti-HER2 treatment , which is an effective strategy in metastatic gastric cancer , is now also being studied in the perioperative setting.	is	Anti-HER2 treatment	an effective strategy in metastatic gastric cancer	1	1			
335245	335245	NotCapableOf	The teacher	call on Conner	1.5849625007211563
374929	374929	UsedFor	go to movie	relate to human experience	1.5849625007211563
452564	452564	HasSubevent	answer question	provide answer	1.5849625007211563
586423	586423	CapableOf	i	rest when i be tire	1.5849625007211563
 59911	 59911	NotCapableOf	walk be for person who	afford to ride bus	1.5849625007211563
103602	103602	CapableOf	you	follow route to your destination	1.5849625007211563
584553	584553	HasSubevent	play the piano	your fingers roam over the keys	1.5849625007211563
472106	472106	HasProperty	male homosexuality	innate	1.5849625007211563
368641	368641	UsedFor	skating	fun	1.5849625007211563
595720	595720	AtLocation	someone	a crossroad	2.584962500721156
552479	552479	UsedFor	sky	sunrise and sunset	1.5849625007211563
460834	460834	HasPrerequisite	make patchwork quilt	sew	2.584962500721156
 41747	 41747	MotivatedByGoal	contemplate	clarify idea	1.5849625007211563
146387	146387	HasProperty	Secure Sockets Layer	abbreviated to'SSL'	1.5849625007211563
497051	497051	HasPrerequisite	have heart attack	bad heart health	1.5849625007211563
354506	354506	ReceivesAction	Very little	gained unless there is some risk	1.5849625007211563
161425	161425	HasPrerequisite	see band	find concert	1.5849625007211563
 18818	 18818	NotCapableOf	Most mammals	fly	1.5849625007211563
 26875	 26875	AtLocation	a date stamp	a desk	2.0
270664	270664	UsedFor	a checkbook cover	protect your checks	1.5849625007211563
241100	241100	UsedFor	oboe	practice	1.5849625007211563
287170	287170	HasSubevent	playing poker	the casino gives out prizes	1.5849625007211563
201534	201534	AtLocation	someone	dinner table	1.5849625007211563
 24124	 24124	IsA	bass clarinet	musical instrument	2.321928094887362
210228	210228	UsedFor	fireplace	build fire in	1.5849625007211563
464005	464005	Causes	going to a movie	watching a movie	1.5849625007211563
307535	307535	UsedFor	a kosher deli	bagels	1.5849625007211563
 30074	 30074	AtLocation	prism	windowsill	1.5849625007211563
381269	381269	HasPrerequisite	flirt	judge person	1.5849625007211563
496661	496661	Causes	breathe some fresh air	energy	1.5849625007211563
 82747	 82747	HasSubevent	create art	emotion	1.5849625007211563
352055	352055	HasSubevent	jump rope	sprain ankle	1.5849625007211563
574774	574774	IsA	pepper and salt	culinary condiments	1.5849625007211563
591209	591209	CapableOf	scientist	discover that nuetrinos have mass	1.5849625007211563
595821	595821	Causes	sending a criminal to prison	a better society	1.5849625007211563
298830	298830	UsedFor	writing a program	getting paid	1.5849625007211563
295937	295937	HasPrerequisite	run in marathon	practice first	1.5849625007211563
189561	189561	ReceivesAction	His uncle	murdered	1.5849625007211563
457258	457258	HasA	one impairment person might	be nephritis	1.5849625007211563
 69214	 69214	Causes	read letter	you cry and hug your dog	1.5849625007211563
329679	329679	IsA	large house	call mansion	1.5849625007211563
194511	194511	HasPrerequisite	go on the internet	buy a computer	1.5849625007211563
136467	136467	CapableOf	young person	fall in love	1.5849625007211563
535704	535704	HasPrerequisite	walk in the rain	dress appropriately	1.5849625007211563
 95466	 95466	AtLocation	an explosive	bomb	2.807354922057604
 90983	 90983	CapableOf	she	explain all detail	1.5849625007211563
176449	176449	NotCapableOf	suprisingly you	draw in them	1.5849625007211563
362983	362983	HasProperty	Drive-throughs	good for taking food home	1.5849625007211563
465118	465118	AtLocation	member	cabinet	1.5849625007211563
537009	537009	AtLocation	something	the pub	2.321928094887362
26843788	A growing body of evidence supports an important role of T helper type 17 ( Th17 ) cells along with impaired T regulatory ( Treg ) cells in the development of T1D in animal models and humans.	supports	A growing body of evidence	an important role of T helper type 17 ( Th17 ) cells along with impaired T regulatory ( Treg ) cells in the development of T1 D in humans	1	1			
486998	486998	UsedFor	a hairdressing salon	gossip	2.321928094887362
 23394	 23394	DefinedAs	atelic and telic	two type of aktionsart	1.5849625007211563
424746	424746	Desires	a person	and end to cultural madness	1.5849625007211563
 40024	 40024	ReceivesAction	oranges	pressed	1.5849625007211563
508295	508295	HasSubevent	improve your image	false pride	1.5849625007211563
395446	395446	IsA	dances	bhangra	2.0
105689	105689	ReceivesAction	aries	represent by ram	1.5849625007211563
138006	138006	NotDesires	Your mother	you to die	1.5849625007211563
449446	449446	HasSubevent	attend classical concert	clap	3.1699250014423126
584385	584385	AtLocation	person	in bus	2.584962500721156
 12947	Together , the Alden Trust and the other foundations controlled by the firm have contributed $ 1.7 million to Clark in the last five years .	controlled by	the other foundations	the firm	1	1			
 55767	 55767	DefinedAs	English	official language of Australia	1.5849625007211563
330730	330730	IsA	boy is blowing out six candles on a birthday cake. behind him	woman or girl with her hands over her mouth	1.5849625007211563
 38059	In the meantime , the black giant had begun his own survey of the campground , where three nights before Hanukkah and his fellows had shared a roast goat and a looted cask of sharab , and some fool had made the mistake of removing the gag from the stripling 's mouth to see if , plied with drink , he might say or do something amusing .	had begun his own survey of the campground In	the black giant	the meantime	1	1			
407809	407809	AtLocation	space	sky	1.5849625007211563
107910	107910	AtLocation	buds	sack	1.5849625007211563
362759	362759	CapableOf	snake eye	advance token by two	1.5849625007211563
 22182	 22182	MadeOf	zombie	cell	2.0
582109	582109	IsA	one kind of pet	a kitten	1.5849625007211563
503675	503675	NotDesires	a person	have no free time	1.5849625007211563
189066	189066	CapableOf	fruit	be sweet and sometimes sour	1.5849625007211563
513443	513443	CapableOf	present	surprise child	3.1699250014423126
149368	149368	HasA	old lady	tea set	1.5849625007211563
554486	554486	IsA	freedom	a cruise ship	1.5849625007211563
549267	549267	ReceivesAction	Security at Parliament House in Canberra	tightened	1.5849625007211563
 22055	 22055	PartOf	an epicalyx	a strawberry	1.5849625007211563
282592	282592	UsedFor	shop	buy thing that you want	2.321928094887362
262136	262136	Causes	conversation	one can gain knowledge	2.0
187462	187462	HasProperty	People sometimes comfort those who	sad	1.5849625007211563
401611	401611	CapableOf	you	do trick with yo-yo	1.5849625007211563
454131	454131	IsA	irish dance	dance	2.0
 98601	 98601	MotivatedByGoal	go to the pub	socialize with your friends	1.5849625007211563
436039	436039	PartOf	Study	education	1.5849625007211563
213495	213495	HasSubevent	water plant	get floor wet	1.5849625007211563
376876	376876	AtLocation	blowfish	aqaurium	1.5849625007211563
491996	491996	IsA	earrings	jewelry for the ears	1.5849625007211563
 10537	 10537	MotivatedByGoal	buy products	become more safe	1.5849625007211563
128290	128290	CapableOf	your expenses	come out of your savings	1.5849625007211563
244330	244330	ReceivesAction	world	cover with water	1.5849625007211563
555854	555854	DefinedAs	spot pond turtle	geoclemys hamiltonii	1.5849625007211563
332974	332974	HasPrerequisite	analyse something	eye towards detail	1.5849625007211563
503071	503071	AtLocation	person	art show	1.5849625007211563
458849	458849	AtLocation	pool table	bowl alley	2.0
353581	353581	AtLocation	many classrooms	a school	1.5849625007211563
  9488	  9488	Causes	watch tv show	lose hour of your life	1.5849625007211563
264142	264142	AtLocation	something	my stomach	2.321928094887362
325075	325075	Causes	fall in love	pain	1.5849625007211563
 35394	 35394	IsA	censer	fireproof incense burner	2.0
 11437	But that does n't mean that the protections are n't an obstacle to new housing . ''	are an obstacle to	the protections	new housing	1	1			
 24705	 24705	HasPrerequisite	post a message	log on	1.5849625007211563
271934	271934	CapableOf	one	put alcohol in flask	1.5849625007211563
 69275	 69275	NotHasProperty	a lightbulb which	burning	1.5849625007211563
 95491	 95491	Causes	awaking	to have a hangover	1.5849625007211563
123498	123498	CapableOf	You	recycle aluminum cans	1.5849625007211563
290580	290580	HasSubevent	going for a walk	go through a door	1.5849625007211563
161089	161089	HasProperty	the worlld	big	1.5849625007211563
240998	240998	AtLocation	acters	theater	2.0
174049	174049	IsA	The lowest point in Bulgaria	Black Sea 0 m	1.5849625007211563
 35060	 35060	CapableOf	something	fall out of a tree	1.5849625007211563
289818	289818	CausesDesire	eye contact	talk to woman	2.0
359865	359865	UsedFor	Cloth	make pants	1.5849625007211563
219909	219909	DefinedAs	soccer	#1 sport in the world	1.5849625007211563
127812	127812	IsA	statement activity someone can do be be help answer question simple act of be alive	activity	1.5849625007211563
553424	553424	UsedFor	advance into battle	combat	1.5849625007211563
201231	201231	DefinedAs	a boxer	A type of dog	1.5849625007211563
517755	517755	UsedFor	wing	soar	1.5849625007211563
153721	153721	IsA	A filbert	a nut	2.584962500721156
354504	354504	NotHasProperty	creation science	science at all	1.5849625007211563
577281	577281	HasPrerequisite	seeing your idea become reality	hard work	1.5849625007211563
594773	594773	Causes	groom	neatness	1.5849625007211563
348115	348115	MotivatedByGoal	water a plant	the soil was dry	1.5849625007211563
584704	584704	HasSubevent	percent go	they be go high	1.5849625007211563
325145	325145	Causes	getting wet	cooling off	2.0
304960	304960	HasPrerequisite	play chess	think	1.5849625007211563
374190	374190	AtLocation	sew machine	tailor shop	1.5849625007211563
267122	267122	IsA	apple pie a la mode	an American tradition	1.5849625007211563
426967	426967	AtLocation	microwave	refrigerator	1.5849625007211563
 73403	 73403	DefinedAs	one famous character with kyphosis	hunchback of notredame	1.5849625007211563
  9853	  9853	HasFirstSubevent	lucid dream	become aware that you are dreaming	1.5849625007211563
598528	598528	HasPrerequisite	surprise someone	hide from them	1.5849625007211563
 38861	 38861	MotivatedByGoal	send e-mail	advertise	1.5849625007211563
164823	164823	HasLastSubevent	wait on table	get tip	1.5849625007211563
388056	388056	NotCapableOf	vegetarian	eat meat include chicken	1.5849625007211563
429828	429828	CapableOf	clueless person	bug another person	1.5849625007211563
197759	197759	CapableOf	You	pick the short straw	1.5849625007211563
 12029	Performers include Diana Krall , the Wayne Shorter Quarette with Brian Blade , John Patitucci and Danilo Pérez , the Chick Corea New Trio , Femi Kuti and the Positive Force , the Nicholas Payton Armstrong Centennial Celebration , Gladys Knight , George Benson , Arturo Sandoval , the Roy Hargrove Quintet and Boney James .	include	Performers	Diana Krall	1	1			
529835	529835	UsedFor	go see play	recreation	1.5849625007211563
451384	451384	HasSubevent	go for swim	tread water	1.5849625007211563
284033	284033	AtLocation	relic	museum	1.5849625007211563
 51990	 51990	HasProperty	human	good	2.0
459473	459473	HasProperty	The potato chips	stale	1.5849625007211563
408821	408821	UsedFor	business class airplane seat	businesswoman	2.321928094887362
 70685	 70685	UsedFor	a movie house	films	1.5849625007211563
260842	260842	AtLocation	stomach acid	in the belly of a whale	1.5849625007211563
427643	427643	AtLocation	ficus	plant store	2.584962500721156
532663	532663	HasProperty	computer that hurt good person	bad	1.5849625007211563
 91427	 91427	HasPrerequisite	skate	put on your skate shoe	1.5849625007211563
 14719	 14719	UsedFor	case of beer	have fun	1.5849625007211563
446965	446965	AtLocation	student	bed	1.5849625007211563
362868	362868	HasProperty	a toilet plunger	useful in unclogging stopped up toilets	1.5849625007211563
224569	224569	IsA	Cold areas	uncomfortable places	1.5849625007211563
528217	528217	CausesDesire	cuddly date	tickle	1.5849625007211563
363062	363062	HasSubevent	judge someone	make them sad	1.5849625007211563
520896	520896	UsedFor	a vcr	record television programs	2.321928094887362
140134	140134	HasPrerequisite	lose weight	avoid fat souces	1.5849625007211563
278904	278904	HasSubevent	breathe some fresh air	new thought occur	1.5849625007211563
 97435	 97435	DefinedAs	granndmother	your father mother	2.0
312508	312508	UsedFor	glass case	keep glass safe	1.5849625007211563
348270	348270	HasProperty	A below par score	good in golf	1.5849625007211563
235343	235343	AtLocation	and apple	an apple orchard	2.0
116525	116525	UsedFor	bait	catch fish	3.0
 97300	 97300	HasSubevent	take midterm	fail	1.5849625007211563
  8044	  8044	HasA	world	atmosphere	1.5849625007211563
320138	320138	UsedFor	a saddle	sit on	1.5849625007211563
495422	495422	CapableOf	You	trust me on this	1.5849625007211563
477396	477396	Causes	pave park area	drainage problem	1.5849625007211563
416559	416559	AtLocation	a ventilation system	large building	2.807354922057604
102525	102525	CausesDesire	vacation	learn language	1.5849625007211563
113898	113898	HasPrerequisite	jumping out of a window	the ability to jump	1.5849625007211563
301073	301073	Causes	serving justice	effort	1.5849625007211563
130825	130825	HasPrerequisite	surf web	alot of patience	1.5849625007211563
  9908	  9908	IsA	boot	cover	1.5849625007211563
 13541	Supporters of that position include the two Health Committee chairmen , Senator Michael J. Tully , a Republican from Roslyn Heights , and Assemblyman Richard N. Gottfried , a Democrat from Manhattan .	is a Republican from	Assemblyman Richard N. Gottfried	Roslyn Heights	1	1			
186024	186024	HasSubevent	buy present for others	your money will decrease	1.5849625007211563
460777	460777	CapableOf	sunset	create many color in sky	1.5849625007211563
 50745	 50745	UsedFor	lose weight	compete in olympics	2.321928094887362
526187	526187	UsedFor	watch television	get news	1.5849625007211563
 13407	Wash and coarsely chop cilantro , and process in food processor with the ginger , sesame paste , soy sauce , sherry , vinegar and sugar to blend thoroughly .	paste	sesame	soy sauce to blend thoroughly process in food processor with the ginger	1	1			
 87847	 87847	HasA	vacuum	almost no mass in it	1.5849625007211563
409538	409538	CapableOf	woman	doubt word of man	1.5849625007211563
114569	114569	UsedFor	rod	hit	1.5849625007211563
396911	396911	HasPrerequisite	buy beer	locate beer vendor	1.5849625007211563
346101	346101	AtLocation	gravity	supermarket	1.5849625007211563
565382	565382	UsedFor	stab to death	person who have lose their mind	1.5849625007211563
 91777	 91777	ReceivesAction	Loyalty	rewarded	1.5849625007211563
 76834	 76834	NotDesires	person	spend a holiday alone	2.321928094887362
342265	342265	CapableOf	king	live in castle	1.5849625007211563
20958092	Lessons learned : The authors argue that the current Canadian Diabetes Association Clinical Practice Guidelines are insufficient to provide a basis for health care and funding policies related to T2D management in the First Nation population.	learned	Lessons	The authors argue that the current Canadian Diabetes Association Clinical Practice Guidelines are insufficient to provide a basis for funding policies	1	1			
286881	286881	Causes	do crossword puzzle	time pass	1.5849625007211563
530787	530787	HasProperty	winning for trying	good	1.5849625007211563
328335	328335	UsedFor	a soldier	regretting Vietnam	1.5849625007211563
411104	411104	HasPrerequisite	pass sentence	be judgemental	2.0
187460	187460	NotHasA	fish	wheel	1.5849625007211563
111872	111872	HasSubevent	flirt	you get rape	1.5849625007211563
248082	248082	AtLocation	a crows nest	a boat	1.5849625007211563
427686	427686	IsA	A Zeppelin	rigid airship	1.5849625007211563
155805	155805	CapableOf	children	need their hair cut	1.5849625007211563
425833	425833	HasPrerequisite	play ball	practice a lot	1.5849625007211563
 55364	 55364	UsedFor	a tin	holding tobacco	1.5849625007211563
479768	479768	UsedFor	book	belief	1.5849625007211563
562638	562638	Causes	looking better	a lot of attention	1.5849625007211563
472254	472254	DefinedAs	history	manifestation of complex adaptive system	1.5849625007211563
261956	261956	CapableOf	A human being	feel grateful	1.5849625007211563
578593	578593	HasSubevent	wash your clothe	use fabric softener	1.5849625007211563
 61888	 61888	MadeOf	glue	flour and water	2.321928094887362
 73306	 73306	IsA	it	rudy birthday	1.5849625007211563
367052	367052	UsedFor	mug	drink from	3.1699250014423126
223615	223615	HasSubevent	design software	your computer would crash	1.5849625007211563
449213	449213	CapableOf	coach	cut player	1.5849625007211563
582225	582225	UsedFor	invest money or energy	gain something	1.5849625007211563
185876	185876	CapableOf	Attitude	matter in a performance	1.5849625007211563
 45636	 45636	UsedFor	joining the army	getting paid	2.0
 96232	 96232	HasPrerequisite	becoming a scuba diver	training and equipment	1.5849625007211563
241956	241956	HasProperty	fact teach to open mind	false	1.5849625007211563
275917	275917	IsA	this	man empty wash machine	1.5849625007211563
430645	430645	HasSubevent	shop	buy something	1.5849625007211563
390274	390274	AtLocation	a bass baritone	an orchestra	1.5849625007211563
419535	419535	UsedFor	write story	teach	1.5849625007211563
431533	431533	HasFirstSubevent	go to the pub	have a beer	1.5849625007211563
 32085	 32085	AtLocation	a fetus	the jar	1.5849625007211563
139625	139625	HasProperty	tuna	eat raw	1.5849625007211563
172328	172328	CapableOf	young woman	look beautiful	1.5849625007211563
278592	278592	Causes	receiving a degree	you get a good job	1.5849625007211563
 35232	But because Mr. Gingrich probably could not win the party nomination , Mr. Smith does not want him to fail .	is	Gingrich	male	1	1			
318234	318234	Causes	sating your hunger	becoming full	1.5849625007211563
176929	176929	MotivatedByGoal	drink coffee	you be tire	1.5849625007211563
273078	273078	CapableOf	someone	fly a flag	1.5849625007211563
309362	309362	IsA	oratorio	sing	2.0
124540	124540	HasSubevent	get contract	dance of joy	1.5849625007211563
283484	283484	HasSubevent	people have fun	time seems to speed up	1.5849625007211563
401443	401443	HasLastSubevent	pay cash	put change in your wallet	1.5849625007211563
23912764	This review will expand on the most recent advances in the quest for T1D determinants , drawing upon novel research tools that epidemiology , genetics , microbiology , and immunology have provided , linking them to the major hypotheses associated with T1D etiology , and discussing the future frontiers.	with discussing	the major hypotheses	the future frontiers	1	1			
465010	465010	HasPrerequisite	start fire	spark	1.5849625007211563
381370	381370	CapableOf	a teacher	hand out papers	1.5849625007211563
584765	584765	Causes	killing people	you get arrested	2.0
226856	226856	MotivatedByGoal	handle proposal	do good job	1.5849625007211563
369792	369792	Causes	burying the cat	filling a hole in the ground	1.5849625007211563
458149	458149	HasLastSubevent	buy Christmas presents	give them to people	1.5849625007211563
 46889	 46889	AtLocation	stapler	desk drawer	2.584962500721156
224442	224442	AtLocation	snake	tall moist grass new england specie	1.5849625007211563
575685	575685	UsedFor	Japanese	speach	2.0
184093	184093	IsA	death	possible outcome of judicial activity	1.5849625007211563
382288	382288	UsedFor	menu	decide what to eat	2.321928094887362
522949	522949	CapableOf	we	carry money in cash	1.5849625007211563
300692	300692	MotivatedByGoal	repair umbrella	use it if it rain	1.5849625007211563
 26826	After the Corniche -LRB- where the luxury hotels are situated -RRB- , Zamalek is the area most convenient to shops , restaurants and taxis .	is the area most convenient to taxis After	Zamalek	the Corniche	1	1			
535473	535473	NotCapableOf	a symbol,	means anything to me	1.5849625007211563
 94720	 94720	CapableOf	artists	try painting	1.5849625007211563
354422	354422	CapableOf	Butter	spread on bread	3.1699250014423126
426101	426101	MotivatedByGoal	bring in verdict	finish trial	1.5849625007211563
598722	598722	HasPrerequisite	make a better world	be nice	1.5849625007211563
100364	100364	IsA	religion	wish-fulfillment	1.5849625007211563
366963	366963	UsedFor	a power screwdriver	easily working with screws	1.5849625007211563
 42963	 42963	IsA	oscar mossberg	inventor and designer of firearm	1.5849625007211563
531339	531339	IsA	cat	felins	2.584962500721156
591033	591033	HasProperty	universe	old	2.321928094887362
151838	151838	CapableOf	your grandma	mail you a letter	1.5849625007211563
349758	349758	CapableOf	a daredevil	attempt the impossible	1.5849625007211563
319676	319676	Causes	surf web	learn more information	1.5849625007211563
597869	597869	HasA	not all shoes	a sole	1.5849625007211563
142551	142551	HasSubevent	hear music	thonderstorm	1.5849625007211563
140751	140751	UsedFor	dancing	expressing emotion	1.5849625007211563
356030	356030	IsA	this	speedboat go fast	1.5849625007211563
227443	227443	CausesDesire	sting	wash dirt from between your toes	1.5849625007211563
576310	576310	HasA	most culture	ceremony call marriage	1.5849625007211563
292360	292360	IsA	book of shadows	book of magickal spells, rituals, and lore	1.5849625007211563
520667	520667	UsedFor	smoking	attempting to appear suave	1.5849625007211563
162322	162322	DefinedAs	brother	elder brother and younger brother	2.0
171909	171909	CausesDesire	Evil	obstruct justice	1.5849625007211563
506814	506814	HasSubevent	wash clothes	put the detergent in the machine	1.5849625007211563
 94480	 94480	UsedFor	a clothes closet	your wardrobe	1.5849625007211563
563343	563343	HasSubevent	finding information	take notes	1.5849625007211563
501896	501896	IsA	copper	good conductor of electricity	3.4594316186372978
509339	509339	UsedFor	striking a match	creating light	1.5849625007211563
  8723	Any further reduction , it says , would force N.T.T. to either charge its retail customers higher rates -- which would be all but impossible , politically -- or absorb the pain itself , since the law prohibits it from simply eliminating unprofitable service . ''	be	higher rates	QUANT_O_1	1	1			
 63779	 63779	Desires	Old men	talk about their youth	1.5849625007211563
104974	104974	CapableOf	sky	appear gray	1.5849625007211563
 26459	 26459	AtLocation	something	branch	1.5849625007211563
 31438	 31438	HasProperty	know-it-all	annoy to be around	1.5849625007211563
377325	377325	Causes	meet girl	confusion	1.5849625007211563
253509	253509	IsA	One impairment a person might have	a cornea transplant	1.5849625007211563
188611	188611	UsedFor	a service counter	receive service	1.5849625007211563
435430	435430	CausesDesire	boredom	read a letter	1.5849625007211563
 42069	 42069	HasA	every cloud	silver line	1.5849625007211563
111754	111754	IsA	marriage	bank account	1.5849625007211563
177210	177210	IsA	beer	carbonate	2.0
234548	234548	UsedFor	book	store information	2.584962500721156
226831	226831	UsedFor	adhesive bandage	knee area	1.5849625007211563
173108	173108	AtLocation	a mammoth	the ground	2.584962500721156
353387	353387	HasProperty	nietzsche	classify as moral skeptic	2.321928094887362
357520	357520	NotHasProperty	freezers	common in arctic areas	1.5849625007211563
549133	549133	HasProperty	athletes	very competitive	2.321928094887362
285669	285669	AtLocation	an important letter	the mail box	1.5849625007211563
122288	122288	HasA	hose	vacant core	1.5849625007211563
148739	148739	IsA	pumpkin	gourd	2.321928094887362
404747	404747	CapableOf	A laundromat is a place you	go to wash clothes	1.5849625007211563
 99483	 99483	IsA	island	surounded by water	1.5849625007211563
114002	114002	IsA	rioja	spanish wine	1.5849625007211563
255643	255643	HasSubevent	do housework	you break your ankle	1.5849625007211563
310821	310821	AtLocation	urban tumbleweed	on the street	1.5849625007211563
215882	215882	AtLocation	well dressed people	the theatre	1.5849625007211563
514988	514988	MotivatedByGoal	make person laugh	them to have good time	1.5849625007211563
261961	261961	Causes	drive your car	get ticket	1.5849625007211563
408622	408622	UsedFor	a river	a water source for homes	1.5849625007211563
537762	537762	HasPrerequisite	play violin	patience	1.5849625007211563
 36862	In May 1994 , Mr. Allen , whose company had by then posted $ 8 million for the rights to Seoul , Bangkok , Kuala Lumpur and Taipei , Taiwan , failed to meet the next $ 2 million deadline .	failed to meet the next $ QUANT_R_1 deadline In	Mr. Allen	May 1994	1	1			
418309	418309	UsedFor	a freezer	keeping things cold	2.321928094887362
291229	291229	UsedFor	a piece of change	buy a newspaper	1.5849625007211563
  8440	  8440	IsA	a barn	a large out building	1.5849625007211563
400959	400959	NotDesires	person	papercut	2.0
475960	475960	HasPrerequisite	have physical exam	look in eye	1.5849625007211563
 29536	B3 ARTS E1-10 SCIENCE/HEALTH New Approach on Warming The United States , preparing for international talks on cutting levels of heat-trapping gases that may be warming the climate , wants countries to get as much credit for using forests and fields to sop up carbon dioxide as for cutting emissions .	be sop carbon dioxide as for	using forests	cutting emissions	1	1			
317322	317322	HasPrerequisite	look through telescope	take off your glass	1.5849625007211563
 86965	 86965	UsedFor	dog	help to control livestock	1.5849625007211563
540961	540961	IsA	a bitch	a female dog	1.5849625007211563
27156051	The available data suggest large reductions in classic complications of type 2 diabetes in high - income countries over the past 20 years , predominantly reductions in myocardial infarction , stroke , amputations , and mortality.	suggest	The available data	large reductions in classic complications of type 2 diabetes in myocardial infarction	1	1			
  1953	  1953	HasSubevent	releasing your energy	run, jump, stretch	1.5849625007211563
  1416	Indeed , Windows itself is a shell that hides DOS behind a graphical facade .	hides	a shell	DOS	1	1			
499183	499183	HasPrerequisite	viewing a video	a tv and VCR	2.584962500721156
553521	553521	UsedFor	canvas	paint picture	1.5849625007211563
254114	254114	DefinedAs	taxonomy	science of group organism	1.5849625007211563
  2289	The announcement effectively removes the British government as an impediment to a takeover of the company , which is being stalked by General Motors and Ford .	was an impediment to	the British government	a takeover of the company	1	1			
393874	393874	NotHasProperty	Some floss	waxed	1.5849625007211563
440703	440703	CausesDesire	smelling bacon	eat breakfast	1.5849625007211563
416767	416767	NotCapableOf	carnivore	eat other carnivore	1.5849625007211563
   622	When the doctor himself returns , however , he explains that the woman in the photograph is his housekeeper , Senora Puccini - '' the woman I chose to destroy . ''	is	that the woman in the photograph is his housekeeper	Senora Puccini	1	1			
495194	495194	IsA	there	no solid proof of alien life	1.5849625007211563
432242	432242	HasSubevent	eat	gain weight	1.5849625007211563
303115	303115	AtLocation	a meeting	a friend's house	1.5849625007211563
29417379	Aims : This study aims to establish what data was being collected in general practice prior to the introduction of the Cycle of Care , which is a proactive model of diabetes management introduced in Ireland.	aims	This study	to establish what data was being collected in general practice prior to the introduction of the Cycle of Care	1	1			
107037	107037	HasPrerequisite	talk to someone	meet someone	1.5849625007211563
271279	271279	Desires	A woman	respect	1.5849625007211563
176113	176113	CapableOf	A rabbi	offer solace	1.5849625007211563
23879588	Up - regulation of iron import and down - regulation of iron export may enable breast cancer cells to acquire and retain excess iron.	may enable	Up - regulation of iron import	breast cancer cells	to acquire	1	1		
 27333	 27333	HasA	The United States	a respectable military	1.5849625007211563
452342	452342	MotivatedByGoal	play games	compete	2.321928094887362
596666	596666	CapableOf	too much or too little heat	kill humans and other animals	1.5849625007211563
100359	100359	UsedFor	fly in airplane	transport cargo	1.5849625007211563
410071	410071	PartOf	tobacco	cigarette	1.5849625007211563
165631	165631	Causes	agreeing with someone	them to be happy	1.5849625007211563
273739	273739	UsedFor	bagpipes	noise	1.5849625007211563
248846	248846	IsA	stage-hands use catwalk that	stage in theater	1.5849625007211563
319357	319357	HasProperty	fruits	good	3.1699250014423126
572810	572810	Causes	listen to music	neighbor to complain	1.5849625007211563
 13940	Mr. Becker and Mr. Fagen prize the craftsmanship that rock and free jazz challenged ; they savor forms and limitations in order to stretch them .	challenged	rock	the craftsmanship	1	1			
 23931	This year 's Atlantic Coast Conference-Big East Challenge will be composed of four consecutive doubleheaders Dec. 2-5 .	be composed of	This year 's Atlantic Coast Conference-Big East Challenge	QUANT_O_1 consecutive doubleheaders Dec. 2-5	1	1			
252177	252177	HasSubevent	go for drive	you might drive car	1.5849625007211563
409044	409044	HasProperty	Water	used for cooking	1.5849625007211563
541139	541139	HasProperty	bert and ernie	gay	2.321928094887362
491295	491295	IsA	chlorophyll	chemical	2.807354922057604
164379	164379	CapableOf	100 pennies	equal one dollar	1.5849625007211563
12116172	The environment then induces an immune process associated with destruction of the islet beta cell that can be detected in early life and persists up to disease onset.	associated	an immune process	with destruction of the islet beta cell	1	1			
 20309	The San Francisco-based Oracle , backed by the software entrepreneur Larry Ellison , rallied to win the last race by 1 minute 4 seconds with a bold tactical move that took the team from 48 seconds behind to a commanding lead .	is	Larry Ellison	the software entrepreneur	1	1			
481581	481581	UsedFor	create idea	artist	2.584962500721156
 35352	There were 22.2 % of families and 23.8 % of the population living below the poverty line , including 15.8 % of under eighteens and 37.5 % of those over 64 .	were living below	15.8 % of under eighteens	the poverty line	1	1			
199751	199751	UsedFor	ski	get exercise	1.5849625007211563
437612	437612	AtLocation	torpedoes	a military submarine	2.321928094887362
334923	334923	HasSubevent	browsing on the web	entering related questions	2.0
548596	548596	IsA	moisturizer	skin care article	1.5849625007211563
 76653	 76653	UsedFor	a mall	shopping with friends	1.5849625007211563
 18405	... Game balls for the victory over the Seahawks were awarded to tailback ADRIAN MURRELL on offense , middle linebacker MARVIN JONES -LRB- four tackles and three assists -RRB- on defense and CHAD CASCADDEN -LRB- five tackles on special teams -RRB- ... The only names on the Jets ' injury list are fullback RICHIE ANDERSON -LRB- ankle -RRB- , out ; the rookie defensive end HUGH DOUGLAS -LRB- ankle -RRB- , doubtful , and defensive tackle TONY CASILLAS -LRB- knee -RRB- , questionable .	is	defensive	ankle	1	1			
308044	308044	IsA	malaguena	dance	2.0
443038	443038	HasFirstSubevent	find information	use it	1.5849625007211563
521055	521055	ReceivesAction	human body	compose of biological cell	1.5849625007211563
109701	109701	HasPrerequisite	hear music	be quiet	1.5849625007211563
 15185	In much of Chiapas , the flood of political and economic tensions released with the Zapatistas ' revolt has been only precariously dammed .	has been dammed	the flood of economic tensions released with the Zapatistas ' revolt	only precariously	1	1			
534266	534266	DefinedAs	flat pebblesnail	Lepyrium showalteri	1.5849625007211563
445574	445574	UsedFor	having a nervous breakdown	failing under pressure	1.5849625007211563
324980	324980	HasProperty	Tables	shaped like rectangles	1.5849625007211563
457199	457199	HasSubevent	going to an opera	read the program	1.5849625007211563
206117	206117	UsedFor	hang out at bar	alcoholic	2.321928094887362
469610	469610	Desires	no one	be forget	1.5849625007211563
269521	269521	MotivatedByGoal	bathe	become clean	2.0
 82205	 82205	Causes	driving your car	travel to a desired destination	1.5849625007211563
572993	572993	HasFirstSubevent	thank someone be	look them in eye	1.5849625007211563
22954325	Clinical trial findings also suggest that the favorable effects of beta - blockers and other heart rate - lowering agents in patients with acute myocardial infarction and congestive heart failure may be , at least in part , due to their heart rate - lowering effects.	suggest	Clinical trial findings	that the favorable effects of beta - blockers in patients with acute myocardial infarction may be , at least in part , due to their heart rate - lowering effects	1	1			
393893	393893	HasProperty	felt	fuzzy	1.5849625007211563
152771	152771	Causes	live	fun thing to happen	1.5849625007211563
594381	594381	HasSubevent	have friends over	eating food	1.5849625007211563
249230	249230	CapableOf	someone	visit friends	3.1699250014423126
527396	527396	HasPrerequisite	bring suit	prepare your case	1.5849625007211563
254063	254063	AtLocation	a glue stick	an office	1.5849625007211563
 57938	 57938	AtLocation	knife	store	3.0
233103	233103	MotivatedByGoal	stab to death	I am insane	1.5849625007211563
193747	193747	HasProperty	sometimes dumb things	funny	1.5849625007211563
 46166	 46166	HasPrerequisite	start family	at least one adult	1.5849625007211563
 97328	 97328	AtLocation	house	city	2.0
145881	145881	AtLocation	farms	a country	2.0
436050	436050	IsA	a song	what people sing	1.5849625007211563
408938	408938	IsA	something you find outside	planet	1.5849625007211563
148255	148255	NotDesires	muslim	eat pork	1.5849625007211563
 78240	 78240	IsA	armadillo	mammal	3.0874628412503395
 27068	FESTA ITALIANA A traditional Italian street festival , featuring the Mark Papianni Band on Thursday , Joey Dee and the Starliters on Friday , The Vibrations on Saturday and Keaton Douglas and Her Trio next Sunday .	is The Vibrations on	Joey Dee on Friday	Saturday Douglas	1	1			
 55033	 55033	CapableOf	boxer	pull his punch	1.5849625007211563
533938	533938	ReceivesAction	People feel misery when their children	killed	1.5849625007211563
524995	524995	HasPrerequisite	stab to death	find large sharp knife	1.5849625007211563
 23390	But Lucas ' next big film is `` The Hulk , '' based on the comic book about Bruce Banner , who , when a scientific experiment goes wrong , is genetically afflicted with the ability to morph into a mammoth being .	is	Lucas next big film	The Hulk based on the comic book about Bruce Banner	1	1			
206213	206213	CapableOf	you	hit road	1.5849625007211563
102001	102001	IsA	top of mountain	cold than surround countryside	1.5849625007211563
540478	540478	Causes	view film at home	make popcorn	1.5849625007211563
548175	548175	UsedFor	urinate	empty bladder	1.5849625007211563
184620	184620	CapableOf	baker	add water to flour	1.5849625007211563
 47663	 47663	HasA	Lions	fur	1.5849625007211563
185698	185698	MotivatedByGoal	examine thing	i be curious about that thing	1.5849625007211563
 17100	Terrorist attacks by E.T.A. have declined in recent years and the number of its hardcore militants is thought to have fallen from the hundreds of 15 years ago to several score.	have declined	Terrorist attacks by E.T.A.	in recent years	1	1			
233047	233047	HasFirstSubevent	take final	write your name on test	1.5849625007211563
29417379	During the 12 months studied , 18.5 % of patients with T2DM attended an emergency department and 24 % were admitted to hospital.	were admitted to	24 %	hospital	1	1			
335259	335259	UsedFor	paper	write text	1.5849625007211563
541547	541547	ReceivesAction	So research	needed to design a connection	1.5849625007211563
492514	492514	HasPrerequisite	tell story	call friend	1.5849625007211563
163796	163796	HasSubevent	run a marathon	you might breathe heavily	1.5849625007211563
122750	122750	AtLocation	many type	office supply	2.807354922057604
462024	462024	CapableOf	french athlete	fence with another athlete	1.5849625007211563
556101	556101	UsedFor	window	admit light	1.5849625007211563
 71744	 71744	HasPrerequisite	attend a classical concert	go to the symphony hall	1.5849625007211563
471403	471403	HasSubevent	know if you re healthy	make appointment	1.5849625007211563
463630	463630	HasSubevent	look good	you get your tooth cap	1.5849625007211563
 26520	WPP , which also owns the Ogilvy & Mather , J. Walter Thompson and Young & Rubicam agency networks , previously acquired Les Ouvriers du Paradis in Paris , and Berlin , Cameron & Partners in New York , to increase the size of Red Cell .	owns also previously acquired Les Ouvriers du Paradis in	WPP	Paris	1	1			
412554	412554	CapableOf	The innocent	sleep through anything	1.5849625007211563
395354	395354	HasSubevent	get clean	shave	1.5849625007211563
526713	526713	AtLocation	tire person	hotel	1.5849625007211563
122870	122870	CausesDesire	A love of music	play the violin	1.5849625007211563
103265	103265	UsedFor	a linen closet	storing bathroom supplies	2.584962500721156
213113	213113	AtLocation	reception desk	front of office	1.5849625007211563
392326	392326	Causes	diminishing your own hunger	use food	1.5849625007211563
  2721	All these grand numbers are based on the prospect of a mass market , '' said Duncan Clark , a partner in BDA China . ''	are based on the prospect of	QUANT_S_1 these grand numbers	a mass market	1	1			
29080584	This article discusses the current recommendations for diabetes self - management education and skills including medical nutrition therapy , physical activity , smoking cessation , and assessment for diabetes distress.	discusses	This article	the current recommendations for diabetes self - management skills including assessment for diabetes distress	1	1			
24582332	Autoimmune diseases are a heterogeneous group of disorders affecting different organs and tissues.	affecting	disorders	different tissues	1	1			
589767	589767	UsedFor	glue	join thing to other thing	1.5849625007211563
101942	101942	AtLocation	daisy	in meadow	2.321928094887362
514712	514712	CapableOf	person	sleep in church	1.5849625007211563
 27877	 27877	UsedFor	reception area	greet person	1.5849625007211563
134114	134114	HasSubevent	living a life	go hiking	1.5849625007211563
 76786	 76786	UsedFor	denim	weaving cotton into	1.5849625007211563
346010	346010	ReceivesAction	it	made out of paper	1.5849625007211563
190072	190072	HasLastSubevent	wrestle	try to pin your opponent	1.5849625007211563
159736	159736	IsA	gettysburg	national cemetery in pennsylvania	1.5849625007211563
397354	397354	IsA	output	what program give you	1.5849625007211563
 14390	 14390	Causes	eating	dyspepsia	1.5849625007211563
 94596	 94596	UsedFor	a doorway	moving from one place to another	1.5849625007211563
 60541	 60541	IsA	padlock	lock	2.0
132462	132462	Causes	going to a laundromat	clean towels	1.5849625007211563
178378	178378	HasA	The human brain	about 100 billion nerve cells	1.5849625007211563
185998	185998	IsA	a black hole	an object of great mass	2.0
 25813	 25813	Causes	maintaining muscle strength	soreness	1.5849625007211563
286015	286015	IsA	Another way of saying author	writer	1.5849625007211563
301723	301723	AtLocation	wood	your own home	1.5849625007211563
 34534	 34534	IsA	nyx	greek god	2.0
384056	384056	AtLocation	hand luggage	bus terminal	1.5849625007211563
182452	182452	CapableOf	men	remove their hats in church	1.5849625007211563
495123	495123	AtLocation	terrace rail	apartment build	1.5849625007211563
437486	437486	CapableOf	you need ticket before you	get into theatre	1.5849625007211563
2317086	Fifty - two males and 1 female , who were 19 to 62 y of age ( median = 26 ) , were employed at an eastern Quebec peat moss plant and were included in this study.	were	1 female	19 to 62 y of age ( median = 26	1	1			
110156	110156	ReceivesAction	glove	wear on hand	3.0
 36959	We have nothing against the Sunnis , '' said Amina Hadi , a Shiite woman from Nasiriya in the south whose 16-year-old brother vanished into Mr. Hussein 's prisons in 1991 , never to be found . ''	vanished into	the south 16-year-old brother	Mr. Hussein 's prisons	1	1			
 77320	 77320	CapableOf	dog	roll over	1.5849625007211563
422941	422941	ReceivesAction	document call passport	require to travel between country	1.5849625007211563
257013	257013	HasProperty	bath toy	fun to play with	1.5849625007211563
 29003	Catcher John Flaherty -- in the lineup because of his success catching Contreras -- went to the mound with the infielders , a tactic that worked after Freeman 's homer last week .	is	John Flaherty	Catcher	1	1			
217178	217178	AtLocation	football field	player	1.5849625007211563
 98154	 98154	HasPrerequisite	sleep at night	have bedtime routine	1.5849625007211563
151670	151670	IsA	basket	container	2.321928094887362
 30125	 30125	DefinedAs	survival	goal of many thing that be alive	1.5849625007211563
14978153	This review focuses on the association between mild renal insufficiency ( stage 2 and 3 of chronic kidney disease ) and cardiovascular disease and discusses therapeutic options.	focuses	This review	on the association between cardiovascular disease	1	1			
251216	251216	AtLocation	a radiator	an appartment	1.5849625007211563
196368	196368	HasProperty	An emergency plan	broad in concept	1.5849625007211563
 21731	Minister Sees Radicalization Until the unrest , this village , a narrow hillside turning on the road south from Jerusalem to Hebron , was a '' quiet , conservative , solid community , '' according to Carson Rogerson , a 36-year-old Baptist minister studying here .	be turning on the road south from	a narrow hillside	Jerusalem	1	1			
469335	469335	HasLastSubevent	work box office	take piss	1.5849625007211563
144610	144610	AtLocation	a CPU	a computer	2.0
346917	346917	Causes	standing in a queue	moving forward	1.5849625007211563
382644	382644	CapableOf	a guest	thank his host	2.0
343816	343816	AtLocation	wave clip	h	1.5849625007211563
257741	257741	HasSubevent	travel	bed be too soft	1.5849625007211563
 96665	 96665	HasProperty	good chocolate cake	flavorful	1.5849625007211563
 19717	In general , the rivalries between all the clubs were friendly , and families were known to switch affiliations depending on which one offered preferred services and events .	were with	affiliations	clubs	1	1			
386145	386145	DefinedAs	state flower symbol for colorado	rocky mountain columbine	1.5849625007211563
521990	521990	Causes	learn something new	increase curiosity	1.5849625007211563
 74662	 74662	IsA	capricorn	sign of zodiac	1.5849625007211563
 63142	 63142	MotivatedByGoal	get high	take drugs	2.0
234827	234827	MadeOf	jewelery	polished stones	1.5849625007211563
447633	447633	HasSubevent	tell a story	people applaud to you	1.5849625007211563
166625	166625	IsA	road less travel	good path	2.321928094887362
387356	387356	UsedFor	dish	display food	1.5849625007211563
 19174	`` Mayhem , '' said Mr. Pisani , who drove his Mercedes-Benz from Clifton , N.J. , to his job in the garment district .	is	Pisani	male	1	1			
257134	257134	HasPrerequisite	copulate	relative department	1.5849625007211563
145628	145628	AtLocation	apple tree	farmer yard	1.5849625007211563
250298	250298	HasProperty	diskette	portable	1.5849625007211563
269563	269563	HasPrerequisite	Painting a house	have a paintbrush	1.5849625007211563
153777	153777	CapableOf	something	dice onions	1.5849625007211563
459445	459445	MotivatedByGoal	do your part	make a better world	1.5849625007211563
 56176	 56176	CapableOf	A grocer	mind his grocery store	1.5849625007211563
 22947	 22947	AtLocation	ficus	ecosphere	1.5849625007211563
265521	265521	IsA	A loud cry	an animal sound	1.5849625007211563
516765	516765	UsedFor	cook dinner	stay at homer	1.5849625007211563
383238	383238	UsedFor	see your favorite show	relax	2.0
481985	481985	HasPrerequisite	make friend	examine why you need popularity	1.5849625007211563
139311	139311	HasPrerequisite	having fun	relaxing	2.584962500721156
309963	309963	HasSubevent	be involve in accident	bleed	1.5849625007211563
351579	351579	HasA	Humans must	water to survive	1.5849625007211563
166426	166426	Causes	go on stage	distress	1.5849625007211563
368206	368206	HasSubevent	have asthma attack	call 911	1.5849625007211563
19333542	The differences in these conclusions lie in the diagnostic ability of endoscopic examination , since the clinical stage was quite different between these studies.	was	the clinical stage	quite different between these studies	1	1			
560854	560854	NotDesires	person	virginity	1.5849625007211563
338939	338939	CapableOf	person	expect to to die	1.5849625007211563
19331240	Results : The number of patients with T2DM , their age and gender were collected from 15 out of 17 districts and from the outpatient clinic of internal medicine in Nuuk.	were collected	The number of patients with T2 DM	from 15 out of 17 districts	1	1			
453714	453714	HasProperty	babies	small	2.584962500721156
142527	142527	UsedFor	attach case	breifcase	1.5849625007211563
324247	324247	HasPrerequisite	move a car	release the parking brake	1.5849625007211563
313680	313680	AtLocation	a flooring	a kitchen	1.5849625007211563
539821	539821	HasPrerequisite	taking a course	motivation, and some good weed	1.5849625007211563
 15865	This year , the police here issued more than 20,000 citations for violations of ordinances like trespassing , camping , carrying an open container and violating park curfews , compared with 17,500 in 1998 and 15,700 in 1997 .	is	trespassing carrying an open container compared with QUANT_S_1 in 1997	camping	1	1			
130851	130851	CapableOf	suitor	fear rejection	2.0
117794	117794	HasPrerequisite	agree with someone	listen to their opinion	2.807354922057604
496534	496534	HasProperty	A desk	cluttered with many different objects	1.5849625007211563
368636	368636	IsA	Dying for a cause	a special thing	1.5849625007211563
293408	293408	UsedFor	church	listen to sermon	1.5849625007211563
464594	464594	HasPrerequisite	sate your hunger	decide what you want to eat	1.5849625007211563
532826	532826	ReceivesAction	Beer	made from grain	1.5849625007211563
457394	457394	HasLastSubevent	wrap gift	stick on name tag	1.5849625007211563
320036	320036	HasA	New Orleans	an artificial hill named "Monkey Hill"	1.5849625007211563
29414818	Therefore , TNM stage , microsatellite status , tumor grade , lymphovascular invasion , and other parameters are assessed in the pathology report to indicate the extent and prognosis of the disease.	to indicate	microsatellite status	the extent of the disease	1	1			
173700	173700	HasSubevent	examine thing	hold it	1.5849625007211563
379645	379645	IsA	Thanksgiving week	a busy grocery shopping week	1.5849625007211563
290804	290804	UsedFor	breathing	dramatic effect	1.5849625007211563
228995	228995	ReceivesAction	basketball	invent in springfield massachusetts usa	1.5849625007211563
 52033	 52033	UsedFor	a clamp	hold wood while gluing	1.5849625007211563
 35121	`` For hustlers like Minnesota Fats , billiards was just for fun , '' said Stanley Cohen , who , with Mr. Mosconi , wrote `` Willie 's Game '' -LRB- McMillan -RRB- , an autobiography published last March .	said	Stanley Cohen	billiards	1	1			
389104	389104	UsedFor	business card	identification	1.5849625007211563
554995	554995	Causes	passing a class	shock and dismay	1.5849625007211563
148940	148940	HasSubevent	listen	shut up	1.5849625007211563
 25003	Eastern and its creditors are in the final , delicate stages of negotiating a second reorganization plan to pay off the airline 's debts .	is to pay off	a second reorganization plan	the airline 's debts	1	1			
 33710	They wanted to know the best helicopter glacier tours and fishing excursions in Juneau , and Mr. Andersen was happy to send them links through Skype .	is	Andersen	male	1	1			
213851	213851	Causes	diving	drowning	1.5849625007211563
515734	515734	CapableOf	self-help book	help those make money	1.5849625007211563
303964	303964	UsedFor	a carrier bag	Holding things	1.5849625007211563
 58476	 58476	Causes	buy house	you own property	1.5849625007211563
522880	522880	AtLocation	john	bathroom	1.5849625007211563
192011	192011	IsA	supply	expression of what be available	1.5849625007211563
 33593	 33593	HasProperty	pens	expensive	2.807354922057604
 86770	 86770	AtLocation	something	particular time of day	1.5849625007211563
574967	574967	UsedFor	oxygen	oxidation	2.321928094887362
442463	442463	IsA	tex-mex	cuisine	1.5849625007211563
235585	235585	IsA	Marmosets	small mammals	1.5849625007211563
19333542	The following are possible reasons for reduced gastric cancer : ( 1 ) eradication therapy inhibits the new occurrence of gastric cancer , ( 2 ) eradication regresses or inhibits the growth of gastric cancer , and ( 3 ) eradication interferes with the discovery of gastric cancer.	are	The following	possible reasons for reduced gastric cancer	1	1			
465019	465019	MotivatedByGoal	open bag of chip	carbohydrate and fat	2.321928094887362
503498	503498	IsA	experience	name	1.5849625007211563
473055	473055	UsedFor	exercise	grow strong	1.5849625007211563
103606	103606	UsedFor	run in marathon	be in good physical shap	1.5849625007211563
367918	367918	UsedFor	a curb	separating pedestrians from vehicles	1.5849625007211563
321837	321837	Causes	going to the hairdresser	give a tip	2.0
480198	480198	NotDesires	person	too many penny	1.5849625007211563
  5049	  5049	AtLocation	someone	risk	1.5849625007211563
25192361	Under this rationale , various studies have assessed the use of platelet indices as prognostic markers of the biological behavior of colorectal cancer , demonstrating significant results.	have assessed the use of platelet indices as prognostic markers of the biological behavior of colorectal cancer demonstrating	various studies	significant results	1	1			
476772	476772	CapableOf	guide	teach follower	1.5849625007211563
284838	284838	IsA	be fully concious	be enlighten	1.5849625007211563
30219316	Methods : Using all accessible data from multiple sources , we estimated the prevalence of major chronic respiratory diseases and the deaths and disability - adjusted life - years ( DALYs ) caused by them for every state of India from 1990 to 2016 as part of the Global Burden of Diseases , Injuries , and Risk Factors Study ( GBD ) 2016.	caused	the deaths	by them	as part of the Global Burden of Risk Factors Study	1	1		
373791	373791	MotivatedByGoal	fart	you be rude	2.0
336549	336549	HasProperty	superstision	wrong	1.5849625007211563
448465	448465	HasProperty	umbrella	good for keep you dry	1.5849625007211563
526493	526493	UsedFor	start family	have baby	1.5849625007211563
292874	292874	CapableOf	From sweet juices, you	make sorts of wine	1.5849625007211563
452018	452018	AtLocation	dolphin	sea	1.5849625007211563
133213	133213	IsA	The Mississippi state song	"Go, Mississippi"	1.5849625007211563
190767	190767	AtLocation	a ficus	a pot in somone's home	1.5849625007211563
204017	204017	Causes	start family	loosen of tie with parent	1.5849625007211563
174541	174541	CapableOf	someone	take care of zoo animals	1.5849625007211563
318311	318311	HasProperty	Data	useless	1.5849625007211563
415865	415865	CapableOf	A special form of detector	detect a lie	1.5849625007211563
276458	276458	CapableOf	is	a soothing way	1.5849625007211563
388346	388346	HasSubevent	having a heart attack	pain	2.584962500721156
 31302	 31302	HasA	montana	grasshopper glacier	1.5849625007211563
 71434	 71434	IsA	karoshi	death through overwork	1.5849625007211563
234512	234512	CapableOf	A person	near her sexual peak	1.5849625007211563
9457149	In some instances , these differences are justified by clinical trial and epidemiologic data.	are justified	these differences	by clinical trial	In some instances	1	1		
 85900	 85900	ReceivesAction	Human bodies	composed of biological cells	1.5849625007211563
314441	314441	HasPrerequisite	commit suicide	talk to someone you can trust	1.5849625007211563
357959	357959	HasPrerequisite	meet girls	attend social events	1.5849625007211563
301717	301717	HasPrerequisite	dancing the samba	training and rythm	1.5849625007211563
140504	140504	HasProperty	apple juice	good for your health	1.5849625007211563
489538	489538	UsedFor	get wet	bathe	2.0
309027	309027	CapableOf	someone	rent a movie	2.321928094887362
281622	281622	CapableOf	lawyer	object in court room	1.5849625007211563
340591	340591	CapableOf	A storekeeper	open a store	1.5849625007211563
241175	241175	CapableOf	bank teller	count out change to customer	1.5849625007211563
114573	114573	CapableOf	Ice	cool the body	2.321928094887362
449852	449852	AtLocation	a small dog	a Chinese restaurant	1.5849625007211563
169827	169827	HasSubevent	competing against someone	you losing	2.321928094887362
 35588	But inexpensive point-and-shoot cameras can do the job if they have a telephoto setting or a zoom lens.	can do	inexpensive point-and-shoot cameras	the job if they have a telephoto setting or a zoom lens	1	1			
150623	150623	ReceivesAction	Headaches	caused by stress	1.5849625007211563
416385	416385	Causes	play sport	male bond	1.5849625007211563
 14763	 14763	HasProperty	city	dark	1.5849625007211563
408231	408231	Causes	thinking	thinking	2.321928094887362
204059	204059	AtLocation	church	the street	1.5849625007211563
179183	179183	AtLocation	a main artery	your own brain	1.5849625007211563
336272	336272	UsedFor	stabbing to death	people who are violent	2.321928094887362
216616	216616	HasSubevent	remember	neurons reestablishing connections	1.5849625007211563
225864	225864	DefinedAs	ohio state bird	cardinal	1.5849625007211563
333798	333798	MotivatedByGoal	read the newspaper	learn of science breakthroughs	1.5849625007211563
575891	575891	HasA	i	right to remain healthy	1.5849625007211563
478689	478689	HasProperty	Abortions	illegal in Ethiopia	1.5849625007211563
 23722	However , Jesus is not accepted as the son by Muslims , who strictly maintain that he was a human being who was loved by God and exalted by God to ranks of the most righteous .	strictly maintain that Jesus was	Muslims	a human being	1	1			
 94003	 94003	UsedFor	eating dinner	not being hungry	1.5849625007211563
447831	447831	IsA	antonym	word with opposite mean	1.5849625007211563
 20949	 20949	PartOf	cone	eye	1.5849625007211563
358270	358270	UsedFor	a wagon	pull your sister	1.5849625007211563
571526	571526	Causes	going for a run	you trip	1.5849625007211563
327831	327831	UsedFor	a ticket booth	sellers	1.5849625007211563
249344	249344	UsedFor	head	navigate through world	1.5849625007211563
238701	238701	HasPrerequisite	light a match	be careful	1.5849625007211563
384387	384387	AtLocation	lemur	warm climate	1.5849625007211563
 15668	Following his death , a statue of Sir Arthur was erected behind the National Archives of Canada , overlooking the Ottawa River This is one of only two statues of civil servants erected in Ottawa , both during MacKenzie King 's tenure as Prime Minister .	is	a statue of Sir Arthur	one of only two statues of civil servants erected in Ottawa	1	1			
 87470	 87470	HasProperty	frog	green	2.584962500721156
182436	182436	HasFirstSubevent	pass a course	get a certificate	1.5849625007211563
185176	185176	CapableOf	thief	take wallet	1.5849625007211563
255953	255953	UsedFor	museum	storage of history	1.5849625007211563
 73335	 73335	NotDesires	a person	faulty reasoning	1.5849625007211563
351722	351722	MotivatedByGoal	do something extravagant	express yourself	1.5849625007211563
 44786	 44786	CapableOf	bible be	call good book	1.5849625007211563
262698	262698	DefinedAs	bill clinton	current u.s president	1.5849625007211563
129022	129022	CapableOf	Humans	imitate each other	1.5849625007211563
 21846	For the next several months , the only trains running through the tunnel -- actually twin single-track tunnels , separated by a smaller service tunnel -- will be shuttles carrying commercial trucks and invitation-only passenger trains for travel agents , reporters and special guests .	be carrying commercial trucks for	For the next several months will shuttles	reporters	1	1			
142190	142190	HasPrerequisite	have haircut	know barber	1.5849625007211563
415541	415541	AtLocation	a bus shelter	a suburb with many people	1.5849625007211563
388276	388276	HasPrerequisite	going to a play	an imaginary friend	1.5849625007211563
494798	494798	HasPrerequisite	meeting people	a minimum of tolerance for fools	1.5849625007211563
131399	131399	Causes	climb mountain	fear	1.5849625007211563
 55824	 55824	ReceivesAction	leather seating	made from the skin of cows	1.5849625007211563
107125	107125	HasPrerequisite	have nervous breakdown	stop cope	1.5849625007211563
 39182	 39182	HasSubevent	plahing chess	move rook	1.5849625007211563
304971	304971	HasSubevent	pay by check	depleting a checkbook	2.0
226451	226451	UsedFor	a safety pin	hold fabric together	3.3219280948873626
437400	437400	CapableOf	one person	another	1.5849625007211563
271938	271938	UsedFor	national interstate highway	transport good by tractor trailer	1.5849625007211563
442652	442652	AtLocation	a neocortex	a human brain	1.5849625007211563
378439	378439	HasPrerequisite	kill	shoot person with gun	1.5849625007211563
182296	182296	AtLocation	a Mexican restaurant	Tijuana	1.5849625007211563
125431	125431	HasSubevent	get male dog	he may hump your mom leg	1.5849625007211563
315143	315143	HasSubevent	buy something small	use change	1.5849625007211563
163258	163258	ReceivesAction	completed paintings	put into picture frames	1.5849625007211563
 23558	There is no escaping the fact that Arab political emotions have been shaped by the region 's encounter with French and British colonialism , by the defeat of the Arab effort to prevent the existence of Israel and by the subsequent American support for Israel and its treatment of the Palestinians , as well as by the direct injection of American power into the region .	have been shaped	Arab political emotions	by the region 's encounter	1	1			
484243	484243	IsA	may	stinky	1.5849625007211563
273767	273767	ReceivesAction	skill	reward	1.5849625007211563
489185	489185	CapableOf	A cook	measure some flour	2.321928094887362
416850	416850	Causes	make person laugh	joke	1.5849625007211563
 10311	The chief executive, Sir Colin Marshall, will take a similar cut, putting his pay at around $540,000.	will take	The chief executive	a similar cut	1	1			
525272	525272	HasSubevent	play game of chess	sit down	1.5849625007211563
545546	545546	UsedFor	purchase cellular phone	person with more money than intelligence	1.5849625007211563
235706	235706	CapableOf	humans	keep pets	1.5849625007211563
 60108	 60108	ReceivesAction	Professional gardeners	paid for growing ivy	1.5849625007211563
241712	241712	UsedFor	an overflow	releasing pressure	1.5849625007211563
355073	355073	AtLocation	dust	fork in road	1.5849625007211563
473502	473502	DefinedAs	meditterranean	name of sea	1.5849625007211563
237039	237039	HasA	some person with serious psychiatric disability	gap in employment history	1.5849625007211563
296243	296243	HasProperty	Cycling	more efficient than walking	1.5849625007211563
397192	397192	IsA	A reflection	either upside-down or backwards	1.5849625007211563
333291	333291	CapableOf	guests	come to my house	1.5849625007211563
466077	466077	AtLocation	man	garage	1.5849625007211563
 93314	 93314	UsedFor	win baseball game	gipper	1.5849625007211563
27083928	This review article focuses on the potential role of fixed - dose combination therapy in the treatment of hypertension , outlines the pros and cons of combination therapy and emphasizes the rationale for trialling their use.	outlines	This review	cons of combination therapy	1	1			
286142	286142	IsA	A salad bowl	where you places the salad	1.5849625007211563
471089	471089	IsA	Wicca	an ever more popular pagan religion	1.5849625007211563
579895	579895	HasA	modern human	encephalization quotient of about 7	1.5849625007211563
 46964	 46964	CapableOf	pinochle player	order his card	1.5849625007211563
 29967	Mr. Katz immediately went on combination hormone therapy -LRB- Eulexin plus Lupron -RRB- to halt the production of testosterone , the hormone that feeds prostate cancer .	halt the production of	Mr. Katz	testosterone the hormone immediately	1	1			
340405	340405	IsA	move staircase	escalator	1.5849625007211563
407822	407822	CapableOf	cook	open can	1.5849625007211563
189207	189207	HasSubevent	reading the news	become enraged	1.5849625007211563
284804	284804	MotivatedByGoal	complain	you were angry	1.5849625007211563
 20616	 20616	HasFirstSubevent	climb a mountain	learn about the conditions	1.5849625007211563
216373	216373	IsA	ice cream	dairy product	2.584962500721156
176776	176776	HasProperty	endanger specie	one on brink of extinction	1.5849625007211563
 16639	If so , can we let those people stay in the Navy ? ''	stay in	those people	the Navy	1	1			
118394	118394	UsedFor	starting a flame or a fire	cooking	1.5849625007211563
230383	230383	UsedFor	play game of chess	challenge someone	2.0
201418	201418	IsA	instrument	tool for do something	1.5849625007211563
 79677	 79677	CapableOf	A city native	guide a tourist	1.5849625007211563
361234	361234	IsA	international space station	orbit earth	1.5849625007211563
264910	264910	UsedFor	a mast	holding yardarms and sails	1.5849625007211563
 29570	Two of his later works , '' Roller Coaster '' -LRB- 1993 -RRB- and '' Into Battle '' -LRB- 1994 -RRB- , were reprinted in the United States by Carroll & Graf , whose publisher , Kent Carroll , prized Mr. Gilbert 's writing for its stately style and extraordinary range . ''	has publisher prized Mr. Gilbert 's writing for	whose	extraordinary range	1	1			
114382	114382	Causes	go on vacation	get some rest	1.5849625007211563
446002	446002	HasSubevent	finding the truth	think logically	1.5849625007211563
551558	551558	HasA	somethng tropical storm	trajectory	1.5849625007211563
198151	198151	UsedFor	eating dinner	people	1.5849625007211563
590860	590860	CapableOf	leave	fall from tree	2.321928094887362
268179	268179	CausesDesire	want son	reproduce	1.5849625007211563
  7237	  7237	CapableOf	It	rain outside of buildings	1.5849625007211563
101039	101039	DefinedAs	24 carat gold	pure gold	1.5849625007211563
161980	161980	AtLocation	fluoride toothpaste	your own bathroom	1.5849625007211563
102402	102402	UsedFor	An enterence	enter an area	1.5849625007211563
372159	372159	UsedFor	plunger	unclog clog toilet	2.321928094887362
332945	332945	UsedFor	check vital sign	doctor	2.0
173900	173900	Desires	i	go too	1.5849625007211563
 54162	 54162	NotCapableOf	You are brittle if you	adapt	1.5849625007211563
 17803	 17803	HasA	a television	a screen	1.5849625007211563
103807	103807	ReceivesAction	comedian	know to use rubber chicken	1.5849625007211563
365900	365900	AtLocation	reception area	build	1.5849625007211563
431915	431915	HasSubevent	meet interest person	get autograph	1.5849625007211563
503961	503961	MadeOf	cows	live meat	1.5849625007211563
574547	574547	UsedFor	line	talk about transportation company	1.5849625007211563
318044	318044	HasPrerequisite	psychology	statistics	2.0
 86203	 86203	ReceivesAction	A corn borer	found on onion plants	1.5849625007211563
   677	The limits , which have not been made definite , will be even lower for economy and business-class travelers .	be	The limits	lower	1	1			
286238	286238	IsA	Acid rain	a serious form of pollution	1.5849625007211563
 79243	 79243	IsA	cuidad juarez	in mexico	1.5849625007211563
 83236	 83236	IsA	plutonium-238	an alpha-emitter	1.5849625007211563
315756	315756	HasSubevent	go on stage	act in play	1.5849625007211563
304673	304673	IsA	Firetrucks	bigger than regular cars	1.5849625007211563
 91138	 91138	DefinedAs	ogham	celtic rune system and alphabet	2.321928094887362
  2019	  2019	AtLocation	an appointment book	your desk	1.5849625007211563
388247	388247	HasSubevent	stab to death	get blood on you	1.5849625007211563
316717	316717	CapableOf	A chef	season a dish	1.5849625007211563
180375	180375	CapableOf	cook	burn his dinner	1.5849625007211563
 15620	For the first six months of the year , DreamWorks Animation had net income of $ 42 million , or 40 cents a share , compared with $ 120.7 million , or $ 1.56 a share , for the same period last year .	had net income of $ QUANT_O_1 compared with	DreamWorks Animation	$ QUANT_O_2 a share	1	1			
593093	593093	CapableOf	a machinist	machine a bar	1.5849625007211563
578986	578986	HasProperty	Many humans	trying to live simply	1.5849625007211563
309302	309302	CapableOf	Getting hurt	require a period of recuperation	1.5849625007211563
493222	493222	UsedFor	a baseball stadium	fun	2.0
475344	475344	CapableOf	something	hang on wall	1.5849625007211563
351187	351187	CapableOf	baseball	hit spectator	1.5849625007211563
511628	511628	IsA	Music	life as sound	2.0
538979	538979	UsedFor	reproducing	creating more	2.321928094887362
439486	439486	HasProperty	Many freshwater lakes	full of fish	1.5849625007211563
 30233	 30233	Causes	working	making things	2.0
 75549	 75549	AtLocation	something	the bath	1.5849625007211563
160813	160813	DefinedAs	haha	Cyanea truncata	1.5849625007211563
582006	582006	UsedFor	mug	pour your coffee into	1.5849625007211563
464058	464058	AtLocation	polyp	nasal cavity	1.5849625007211563
324533	324533	HasSubevent	running a marathon	feeling tired	1.5849625007211563
236802	236802	UsedFor	killing	avenging a death	1.5849625007211563
 84411	 84411	MotivatedByGoal	take walk	stretch your leg	2.0
217249	217249	HasSubevent	see a story	you would read it	3.1699250014423126
396543	396543	NotCapableOf	do	talk to yourself in company	1.5849625007211563
205895	205895	HasProperty	fact	confirm	2.0
470865	470865	IsA	pear	food	2.0
 28789	 28789	HasProperty	ski	athletic and fun	1.5849625007211563
466988	466988	CapableOf	doctor	wear white lab coat	3.1699250014423126
438838	438838	Desires	person	traction for foot race	1.5849625007211563
370604	370604	UsedFor	learning about science	girls and boys	1.5849625007211563
 14214	But as the funeral ended and the hearse and its procession pulled away for Cypress Hills Cemetery in Queens , scuffling broke out between protesters and the police .	broke out between protesters and the police	scuffling	its procession pulled away for Cypress Hills Cemetery in Queens	1	1			
113677	113677	HasA	Washington DC	many bike paths	1.5849625007211563
 32958	Centuries-old buildings -- the city was founded in 1642 -- and historic streets give it a vintage European atmosphere .	give it	historic streets	a vintage European atmosphere	1	1			
284142	284142	UsedFor	velet	make clothe	1.5849625007211563
280870	280870	DefinedAs	pound	plural of pound	2.584962500721156
285040	285040	HasProperty	diary of famous person	publish	1.5849625007211563
178488	178488	CapableOf	eaters	choose foods	2.584962500721156
348585	348585	CapableOf	flooring	be ceramic or wood	1.5849625007211563
514609	514609	CapableOf	all item in motion	remain in motion	1.5849625007211563
 60269	 60269	MadeOf	ticket turnstile	polish chrome	2.321928094887362
553320	553320	CapableOf	Scientists measure heat	the time	1.5849625007211563
 24285	When you 're with a bunch of strangers with nothing to say , '' said Mr. Freeman , who often produced humorous ads about ads for the Little Caesars pizza chain , '' all you have to do is bring up commercials and everyone has an opinion . ''	is	Freeman	male	1	1			
450084	450084	CapableOf	good teacher	eliminate most boredom	1.5849625007211563
156404	156404	UsedFor	stopping your car	discontinuing your movement	1.5849625007211563
167930	167930	Causes	go to party	have sex	1.5849625007211563
435929	435929	AtLocation	nightstand	motel	1.5849625007211563
534987	534987	IsA	Joe	a programmer	1.5849625007211563
140620	140620	NotDesires	person	marry another ostrich	1.5849625007211563
449841	449841	HasProperty	The official language of France	French	1.5849625007211563
 67172	 67172	HasA	build	different type of architecture	2.0
542666	542666	ReceivesAction	fan belt	find in car	1.5849625007211563
300868	300868	MotivatedByGoal	stab to death	were sick of the agony	1.5849625007211563
428886	428886	HasProperty	It	light in the daytime	1.5849625007211563
239615	239615	UsedFor	a machine	dial a number	1.5849625007211563
485875	485875	AtLocation	a candle	the kitchen	2.0
160853	160853	AtLocation	a map	an amusement park	1.5849625007211563
535857	535857	HasA	A few people	mastered the art of nothing	1.5849625007211563
132412	132412	HasPrerequisite	starting a fire	tinder	1.5849625007211563
495629	495629	HasProperty	watching telly	educational	1.5849625007211563
375531	375531	IsA	The email message	notifying you of an imminent war	1.5849625007211563
191576	191576	HasPrerequisite	go to a sporting event	deal with a ticket agent	1.5849625007211563
599786	599786	Causes	eating dinner	feeling full	2.321928094887362
 22455	Following are excerpts from the House brief filed yesterday in the impeachment trial of President Clinton , as provided by the Judiciary Committee on its Web site 	are	Following	excerpts	1	1			
371715	371715	CausesDesire	work	gather energy for tomorrow	2.0
340997	340997	CapableOf	a sentry	watch the gates	1.5849625007211563
165534	165534	IsA	Pollution	a crime	1.5849625007211563
388580	388580	IsA	Consensus reality	programmed public will	1.5849625007211563
 95486	 95486	ReceivesAction	most windows	covered with glass	1.5849625007211563
 19260	Indeed , '' Dr. Quinn '' had scored a mediocre 7.7 overall rating for the past season , but a weak 1.7 for men aged 18 to 34 .	had scored a mediocre QUANT_R_1 overall rating for	Dr. Quinn	the past season	1	1			
424010	424010	IsA	many person believe that they	not in rut	1.5849625007211563
 37618	 37618	HasPrerequisite	dance	find someone to dance with	1.5849625007211563
 57070	 57070	HasPrerequisite	eat cookie	aquire cookie	1.5849625007211563
 85506	 85506	AtLocation	snake	warm place	1.5849625007211563
273331	273331	PartOf	There	Alberta	1.5849625007211563
154953	154953	CapableOf	A patron	order food to go	1.5849625007211563
  6781	  6781	AtLocation	waste water	down the drain	1.5849625007211563
172232	172232	Causes	learn about subject	become smart	1.5849625007211563
 12791	For the next several months , the only trains running through the tunnel -- actually twin single-track tunnels , separated by a smaller service tunnel -- will be shuttles carrying commercial trucks and invitation-only passenger trains for travel agents , reporters and special guests .	be carrying invitation-only passenger trains for	For the next several months will shuttles	travel agents	1	1			
296874	296874	HasPrerequisite	destroy your enemy	kill him	2.0
182708	182708	CapableOf	something	be fire	2.321928094887362
182208	182208	HasPrerequisite	have bath	use water	1.5849625007211563
 32029	Rolen was intentionally walked and Brogna lifted a fly ball to medium left field .	lifted	Brogna	a fly ball	1	1			
 53804	 53804	HasPrerequisite	stand in line	be patient	2.0
 18965	 18965	NotDesires	a person	be derided	1.5849625007211563
314569	314569	HasSubevent	cogitate	you enjoy it	1.5849625007211563
414762	414762	HasSubevent	play poker	someone be in chip	1.5849625007211563
135537	135537	HasFirstSubevent	give assistance	assess the need	2.0
432256	432256	IsA	chain letter	waste of time	1.5849625007211563
279474	279474	IsA	surgeon	doctor	3.1699250014423126
518134	518134	HasProperty	A person needs to	proficient to run a submarine	1.5849625007211563
596693	596693	Causes	publish book	get famous	1.5849625007211563
108042	108042	HasProperty	disasters	bad	2.584962500721156
276442	276442	HasProperty	emotions	very painful	1.5849625007211563
205311	205311	UsedFor	hardware shop	rope	1.5849625007211563
334990	334990	UsedFor	a pool	see your reflection	1.5849625007211563
565041	565041	HasSubevent	jumping at the chance	hurrying	1.5849625007211563
149439	149439	NotCapableOf	humans	fly without artificial devices	1.5849625007211563
 42579	 42579	IsA	shotgun	form of gun	1.5849625007211563
559975	559975	UsedFor	a bullet	loading a pistol or a gun	1.5849625007211563
587687	587687	ReceivesAction	only one zipper	need for pair of pant	1.5849625007211563
106833	106833	HasSubevent	sign your name on check	be record it	1.5849625007211563
355499	355499	HasA	October	thirty one days	1.5849625007211563
257813	257813	MotivatedByGoal	get marry	you have get your girlfriend pregnant	1.5849625007211563
  8484	  8484	HasA	cabinets	doors	2.807354922057604
495694	495694	CapableOf	artilleryman	fire cannon	1.5849625007211563
375461	375461	HasPrerequisite	learning something new	patience	1.5849625007211563
590673	590673	IsA	pears	best when slightly soft	1.5849625007211563
451593	451593	UsedFor	an oar	move a boat	2.0
270226	270226	Causes	giving a plug	hoping to sell something	1.5849625007211563
518123	518123	HasPrerequisite	passing a class	getting good marks	1.5849625007211563
586653	586653	NotDesires	a person	be hit by a passing car	1.5849625007211563
15561920	A number of recent single risk factor intervention trials targeting hyperglycemia , dyslipidemia , hypertension , procoagulation , microalbumuria , and existing cardiovascular disorders have , however , shown major beneficial effects on long - term outcome.	targeting	recent single risk factor intervention trials	dyslipidemia	1	1			
207656	207656	HasProperty	international space station	abbreviate to i	1.5849625007211563
103292	103292	CapableOf	you	swim in ocean	1.5849625007211563
507197	507197	Causes	chat with friend	subjective time to change	1.5849625007211563
419424	419424	ReceivesAction	jewelry	worn as decoration by people	1.5849625007211563
598768	598768	HasA	A society	a strong influence on its members	1.5849625007211563
204196	204196	IsA	This	an incandescent lightbulb	1.5849625007211563
244881	244881	AtLocation	a statement	the mail	1.5849625007211563
125941	125941	Causes	going fishing	capturing fish for consumption	1.5849625007211563
279123	279123	HasA	Many people	legitimate issues	1.5849625007211563
210765	210765	CapableOf	a king	govern his kingdom	1.5849625007211563
 73450	 73450	IsA	usagi tsukino	sailor moon	1.5849625007211563
453868	453868	HasSubevent	wait on line	fidget	1.5849625007211563
119358	119358	CapableOf	corporations	value thought	1.5849625007211563
 22229	Denise Richards seemed far more clever as the teenage vixen of '' Wild Things '' than she does as a brilliant scientist whose name -LRB- Dr. Christmas Jones -RRB- is mercifully avoided in conversation .	is avoided in	a brilliant scientist name	conversation	1	1			
100325	100325	HasSubevent	take shower	slip	1.5849625007211563
427518	427518	IsA	boil point of water	212 degree farenheit	1.5849625007211563
199197	199197	Causes	give clue	clueless to become enlighten	1.5849625007211563
485279	485279	NotDesires	person	be leave in cold	1.5849625007211563
 17235	This tale of two sisters is set in the 1970 's , but its repressive atmosphere feels more like that of the 1950 's .	feels	its repressive atmosphere	more like that of the 1950 's	1	1			
220178	220178	HasSubevent	buying Christmas presents	shop	1.5849625007211563
493148	493148	HasProperty	some person	incline	2.321928094887362
224709	224709	UsedFor	a restaurant diner	meeting friends	1.5849625007211563
324019	324019	CapableOf	babies	smile and coo	1.5849625007211563
578693	578693	ReceivesAction	Not all the knowledge of man	written	1.5849625007211563
456490	456490	HasProperty	color blue	associate with sadness or depression	1.5849625007211563
547451	547451	AtLocation	something	the snow	1.5849625007211563
29198331	Current tendencies in the treatment course of prostate cancer patients increase the need for reliable biomarkers that help in decision - making in a challenging clinical setting.	help	reliable biomarkers	in decision - making	1	1			
 17600	The males may go into another family or another pod to breed , '' he said . ''	go into another family to	The males	breed	1	1			
 15949	 15949	UsedFor	a dome arch	being a doorway	1.5849625007211563
459089	459089	HasPrerequisite	satisfy appetites with minimum effort	buy packaged foods	1.5849625007211563
 60569	 60569	UsedFor	a disease	making people sick	1.5849625007211563
185192	185192	MotivatedByGoal	have friend over	you enjoy them	2.0
467537	467537	IsA	baird beak whale	whale	2.0
505780	505780	Causes	buy hamburger	have heart attack	1.5849625007211563
319737	319737	HasProperty	rock climb	do with baley	1.5849625007211563
 34784	 34784	CapableOf	mud	cake shoe	2.321928094887362
250024	250024	IsA	library	place of wonder	2.584962500721156
197154	197154	AtLocation	refuse	bin	1.5849625007211563
310662	310662	HasProperty	muhammad	calm and meditative	2.321928094887362
513330	513330	UsedFor	bed	sleep nap and have sex	2.584962500721156
 12852	 12852	NotHasA	bicycle	motor	1.5849625007211563
523551	523551	CapableOf	child	dress doll in play	1.5849625007211563
 22220	 22220	IsA	war	fight	2.0
580612	580612	CapableOf	you	read books about travels	1.5849625007211563
583899	583899	UsedFor	a mailbox	people to post their letters into	1.5849625007211563
10433102	Candidate environmental causes of type 1 diabetes are now being characterized in cohort studies and clinical trials.	are being characterized	Candidate environmental causes of type 1 diabetes	in clinical trials	now	1	1		
472880	472880	HasSubevent	reach an advantage	success	1.5849625007211563
332931	332931	HasA	person	intention and purpose	1.5849625007211563
148765	148765	Causes	cleaning the house	bodyache	1.5849625007211563
 95278	 95278	IsA	A horse	a horse of course	1.5849625007211563
379344	379344	AtLocation	a monkey	a Ximian product	1.5849625007211563
464941	464941	IsA	additional drug	augmenter	1.5849625007211563
540762	540762	HasSubevent	problem solve	create an axiom	2.0
 78855	 78855	UsedFor	play game	flex your mental skill	1.5849625007211563
536372	536372	HasSubevent	watch film	read subtitle	1.5849625007211563
373863	373863	HasLastSubevent	take a walk	taking off the shoes	1.5849625007211563
106866	106866	AtLocation	quill pen	hogwarts classroom	1.5849625007211563
426994	426994	UsedFor	playing a game	winning	2.584962500721156
335060	335060	HasPrerequisite	play hockey	learn how to ice skate	1.5849625007211563
430047	430047	HasPrerequisite	go to school	apply at college	1.5849625007211563
292891	292891	AtLocation	an exam table	a examination hall	1.5849625007211563
504327	504327	IsA	Contribution to oneself and society	an enhancing experience	1.5849625007211563
359837	359837	AtLocation	a store refrigerator	an industrial sized kitchen	1.5849625007211563
288797	288797	CapableOf	you	travel fast on bullet train	1.5849625007211563
339549	339549	HasLastSubevent	have food	swallow	1.5849625007211563
203292	203292	HasPrerequisite	going to work	motivation	1.5849625007211563
194926	194926	AtLocation	a binder clip	a desktop	1.5849625007211563
201799	201799	CausesDesire	obvious guilt	bring in verdict	1.5849625007211563
457449	457449	UsedFor	a ball	playing football	2.0
225232	225232	Causes	score homer	you win big game	1.5849625007211563
585626	585626	UsedFor	a book	learning without experiencing the hard way	1.5849625007211563
 59029	 59029	DefinedAs	meditate	human action of contemplation	1.5849625007211563
267509	267509	UsedFor	go on internet	send email	1.5849625007211563
498224	498224	CapableOf	a sailor	man a submarine	1.5849625007211563
12091628	C. Pre-transplant cardiovascular disease is a major risk factor for post-transplant cardiovascular disease.	is	C. Pre-transplant cardiovascular disease	a major risk factor for post-transplant cardiovascular disease	1	1			
455426	455426	HasPrerequisite	wait tables	be a bad actor	1.5849625007211563
444343	444343	Causes	eat hamburger	gas	1.5849625007211563
111220	111220	HasProperty	it	hard to get start write something	1.5849625007211563
131285	131285	ReceivesAction	barrette	use in your hair	1.5849625007211563
199677	199677	HasSubevent	stop stand in it	lift your foot	1.5849625007211563
336435	336435	PartOf	financial news	economic news	1.5849625007211563
 18126	 18126	CapableOf	A damaged rubber ball	end up in the rubbish heap	1.5849625007211563
541086	541086	HasPrerequisite	commit murder	commit suicide first	1.5849625007211563
246947	246947	HasPrerequisite	falling	free space under you	1.5849625007211563
 44482	 44482	CapableOf	commitee	decide course of action	1.5849625007211563
441919	441919	IsA	earth	sphere	2.321928094887362
547385	547385	HasSubevent	go into coma	stop move	1.5849625007211563
 12487	 12487	AtLocation	bias	murdoch press	1.5849625007211563
 28757	 28757	AtLocation	wrods	book	1.5849625007211563
 38563	But since he took over the job in 1991 , Mr. Schmidbauer 's principal renown for most Germans has been as the point man of a Middle East policy that publicly angers the United States but privately provides a discreet point of contact with Washington 's adversaries there , most notably Iran .	provides	a Middle East policy	a discreet point of contact with Washington 's adversaries there	1	1			
313209	313209	HasPrerequisite	get contract	make proposal	1.5849625007211563
162299	162299	IsA	ornamental cabbage	annual plant	1.5849625007211563
458068	458068	UsedFor	a mouth	singing	3.0
536252	536252	Causes	tell story	tear	1.5849625007211563
595161	595161	AtLocation	a bridge railing	Canada	1.5849625007211563
576967	576967	HasSubevent	eat ice cream	you might gain weight	1.5849625007211563
269315	269315	CapableOf	Weak people	follow strong people	1.5849625007211563
265040	265040	CapableOf	jim	finish his homework	1.5849625007211563
130053	130053	IsA	spiritualism	spiritual belief system	1.5849625007211563
 88725	 88725	HasPrerequisite	lie	have nice couch	1.5849625007211563
254887	254887	AtLocation	lawn mower	lawn	1.5849625007211563
525474	525474	UsedFor	buy food	prepare for pot luck dinner	2.321928094887362
  7297	  7297	UsedFor	a dirty dishes	washing by hand	1.5849625007211563
  8348	The vocabulary is classical in '' Mozartiana , '' but the breathtakingly simple-looking stage patterns and arrangements of dancers exist in a world of their own .	exist in a world of	the breathtakingly simple-looking stage patterns of dancers	their own	1	1			
345342	345342	ReceivesAction	words	found in paragraphs	1.5849625007211563
473612	473612	MotivatedByGoal	copulate	reproduce yourself	1.5849625007211563
321833	321833	CapableOf	someone	get bored	1.5849625007211563
 49011	 49011	UsedFor	an escalator	moving people vertically	1.5849625007211563
549769	549769	NotHasProperty	Older people	able to do strenuous things	1.5849625007211563
 11852	 11852	IsA	pornstar	actress	1.5849625007211563
340391	340391	HasSubevent	serve justice	convict criminal	1.5849625007211563
572641	572641	MotivatedByGoal	water plant	soil be dry	1.5849625007211563
360432	360432	HasProperty	storage box	make out of cardboard	1.5849625007211563
523796	523796	CapableOf	A housewife	hit a fly with a flyswatter	1.5849625007211563
242163	242163	UsedFor	a leather	belts	1.5849625007211563
195862	195862	UsedFor	party	celebrate impend wed	1.5849625007211563
358036	358036	UsedFor	using a computer	writing a letter	3.0
583536	583536	UsedFor	shop complex	find bargain in	1.5849625007211563
360609	360609	AtLocation	a blowfish	an asian restaurant	1.5849625007211563
   864	The top news site was Yahoo News , followed closely by MSNBC.com and CNN.com -- each with more than 20 million visitors .	be followed closely by	Yahoo News	MSNBC.com	1	1			
317171	317171	IsA	indian myth	myth	2.0
292645	292645	ReceivesAction	nick	marry to debbie	1.5849625007211563
486455	486455	IsA	Arson	a crime involving fire	2.321928094887362
452829	452829	MotivatedByGoal	stay healthy	you exercised every day	1.5849625007211563
142826	142826	CapableOf	flame	burn your finger	1.5849625007211563
553201	553201	AtLocation	humans communicating	internet discussion groups	2.0
470314	470314	UsedFor	the Eiffel tower	going up	1.5849625007211563
251700	251700	AtLocation	a glue stick	a kitchen drawer	1.5849625007211563
389016	389016	AtLocation	a koala	queensland	2.0
234349	234349	HasA	apple	seed inside them	1.5849625007211563
458525	458525	HasA	woman salesperson	empathy with their customer	1.5849625007211563
 26246	Japan has been patrolling in the Indian Ocean since late last year to help in the campaign against terror , but only with conventional vessels .	be help in the campaign against	has patrolling in the Indian Ocean since late last year	terror	1	1			
569125	569125	HasSubevent	exercise	burn fat	1.5849625007211563
439556	439556	NotDesires	person	die in war	1.5849625007211563
163737	163737	IsA	Stores	buildings	2.321928094887362
561130	561130	HasPrerequisite	start a fire	a spark	1.5849625007211563
339694	339694	AtLocation	a cell phone	the purse	1.5849625007211563
210707	210707	HasProperty	buildings	solid	2.321928094887362
470404	470404	AtLocation	ice	Alaska	1.5849625007211563
543079	543079	ReceivesAction	history	remembered	1.5849625007211563
514576	514576	IsA	churchyard	land	1.5849625007211563
484191	484191	AtLocation	an adhesive bandage	first aid kit	2.807354922057604
 20755	Any such effort would most likely affect many other businesses , some of which would be in no position to afford it .	QUANT_R_1 such effort affect	most likely	QUANT_O_1 other businesses	1	1			
308620	308620	HasA	We remember what	been drawn to our attention	1.5849625007211563
 25505	One dissenter , Ms. Moran said , was one of the two whites , although she would not say which one .	was QUANT_R_1 of	QUANT_S_1 dissenter	the QUANT_O_1 whites	1	1			
 67824	 67824	UsedFor	playing	recreation	1.5849625007211563
245006	245006	HasPrerequisite	cool off	jump in the lake	1.5849625007211563
 73878	 73878	IsA	Dancing	great way to get fit	1.5849625007211563
329386	329386	MotivatedByGoal	judge someone	dismiss them	1.5849625007211563
249641	249641	UsedFor	a work of art	attracting po	1.5849625007211563
 67801	 67801	UsedFor	a radio	listen to the traffic report	1.5849625007211563
 56423	 56423	UsedFor	reading the newspaper	receving information	1.5849625007211563
321768	321768	CapableOf	your car	get flat tire	1.5849625007211563
544036	544036	HasProperty	shamrocks	green	2.0
143298	143298	IsA	lidocaine	local anesthetic	1.5849625007211563
 28277	His search for the truth and his struggle to stay sane are fundamentally at cross purposes , since the closer he comes to an accurate version of events the crazier he seems , to himself and everyone else .	are fundamentally since	His search for his struggle	the closer	1	1			
449142	449142	IsA	high point in bulgaria	musala 2,925 m	1.5849625007211563
 30079	 30079	CapableOf	skin	feel heat	1.5849625007211563
231373	231373	HasFirstSubevent	teach other people	make sure they are listening	2.321928094887362
125770	125770	UsedFor	a finger	imitate a little creature	1.5849625007211563
382264	382264	HasSubevent	sending a criminal to prison	proving he is guilty	1.5849625007211563
492234	492234	HasSubevent	meeting girls	you share the hooch	1.5849625007211563
 13425	 13425	UsedFor	a can of paint	painting stuff	2.321928094887362
408848	408848	CapableOf	You	walk a long distance	1.5849625007211563
404884	404884	HasSubevent	judge someone	misperception	1.5849625007211563
599869	599869	IsA	exam table	table where person be examed	2.0
203431	203431	IsA	cactus	plant with spikey part	1.5849625007211563
591852	591852	HasPrerequisite	travel	buy ticket	2.0
588766	588766	HasSubevent	surf web	you use search engine	1.5849625007211563
410080	410080	UsedFor	going to the store	spending birthday money	1.5849625007211563
562842	562842	UsedFor	spending money	purchasing books	1.5849625007211563
 14596	They live with Dirk, Weetzie's gay best friend, his lover, Duck, and Weetzie's daughter, Cherokee, possibly conceived during group sex with Dirk and Duck.	is	Weetzie 's daughter possibly conceived during group sex with Duck	Cherokee	1	1			
119701	119701	NotDesires	a person	instability and chaos	1.5849625007211563
 95158	 95158	Causes	living a life	dying a death	1.5849625007211563
576436	576436	AtLocation	someone	a drive-in movie	1.5849625007211563
187808	187808	HasA	many home	both tv and vcr	1.5849625007211563
586214	586214	UsedFor	grid	graph paper	1.5849625007211563
 34472	Gooden , meanwhile , gave up a single and a walk in the first inning but then retired 14 batters in a row .	gave up meanwhile	Gooden	a walk	1	1			
547842	547842	UsedFor	a pan	cook fish	1.5849625007211563
238051	238051	CapableOf	Blood donations	save lives	1.5849625007211563
535088	535088	AtLocation	dog	door	1.5849625007211563
 47463	 47463	DefinedAs	star	archetype of sol invisibilis	1.5849625007211563
269561	269561	ReceivesAction	color	do with ingredient	1.5849625007211563
315862	315862	HasSubevent	have to get up early	need alarm clock	1.5849625007211563
 38832	I checked the Major League Baseball Web site and there I was on the Mets ' Web site , '' Nakamura said . ''	has	the Mets	Web site	1	1			
 39263	 39263	CapableOf	gwen	play piano extremely well	1.5849625007211563
379295	379295	ReceivesAction	it	use in sauna bath	1.5849625007211563
478303	478303	HasProperty	the night sky	mysterious and romantic	1.5849625007211563
209793	209793	UsedFor	church	provide atmosphere for prayer	1.5849625007211563
366980	366980	CapableOf	person	battle cancer	1.5849625007211563
212444	212444	IsA	this ball	special one	1.5849625007211563
515250	515250	NotCapableOf	some person	eat unfamiliar food	1.5849625007211563
126118	126118	AtLocation	monkey	nature	2.321928094887362
 34064	Georgia regards the Abkhaz armed forces as `` unlawful military formations '' and accuses Russia of supplying and training the Abkhaz troops , partly in exchange for Abkhaz land or hotels .	regards	Georgia	the Abkhaz armed forces	1	1			
 44643	 44643	HasProperty	The Sting of a fire ant	painful to humans	1.5849625007211563
450060	450060	MotivatedByGoal	serve justice	do the right thing	1.5849625007211563
 29190	 29190	CapableOf	a preacher	keep people from thinking	1.5849625007211563
346989	346989	IsA	In the foreground there	a decorated cross	1.5849625007211563
365320	365320	UsedFor	mezzanine	smoke	1.5849625007211563
178914	178914	HasSubevent	die	tunnel vison	1.5849625007211563
444746	444746	CapableOf	People	live close together	1.5849625007211563
117458	117458	Causes	enjoying the company of your friends	smiling	1.5849625007211563
31010879	Collectively , these new studies provide a conceptual framework to understand the breakdown of self - tolerance , if such modifications occur in a tissue - or disease - specific context.	provide a conceptual framework to understand	these new studies	the breakdown of self - tolerance	1	1			
100455	100455	HasA	Suriname	45 airports	1.5849625007211563
535745	535745	AtLocation	in boston	snow	2.0
 22847	 22847	IsA	bushel	u.s	1.5849625007211563
559836	559836	ReceivesAction	The number zero	invented by the Arabs	1.5849625007211563
450333	450333	UsedFor	a ticket booth	being robbed	2.321928094887362
16334137	With age being the greatest risk factor for prostate cancer , this disease has understandably become one of the greatest public health concerns.	has understandably become	this disease	one of the greatest public health concerns	1	1			
 10115	 10115	IsA	A trophey	an award for an accomplishment	1.5849625007211563
243218	243218	UsedFor	point	keep score when play game	1.5849625007211563
523252	523252	AtLocation	army	military base	1.5849625007211563
431806	431806	MotivatedByGoal	go to a store	buy something	2.321928094887362
 19293	 19293	HasSubevent	fall	decide who to protect	1.5849625007211563
586977	586977	CapableOf	A fertile husband	father a child	1.5849625007211563
 89691	 89691	ReceivesAction	cloth	cut	1.5849625007211563
529181	529181	HasSubevent	book be on bookshelf	you see only their spine	1.5849625007211563
587133	587133	PartOf	fish	scales	2.0
278339	278339	MotivatedByGoal	buy some alcohol	hit the bottle	2.0
528045	528045	CapableOf	something	sit in driveway	1.5849625007211563
336767	336767	CapableOf	someone	knock on the door	1.5849625007211563
435759	435759	HasLastSubevent	quit smoking	get crabby	1.5849625007211563
24523032	A realization that physical exercise ( or lack of it ) plays a pivotal role in both the pathogenesis and therapy of type 2 diabetes mellitus ( t2DM ) has led to the provocative concept of therapeutic exercise mimetics.	has led	A realization that physical exercise ( or lack of it ) plays a pivotal role in both the pathogenesis and therapy of type 2 diabetes mellitus	to the provocative concept of therapeutic exercise mimetics	1	1			
541030	541030	CapableOf	person	clean their clothe	1.5849625007211563
344385	344385	CausesDesire	hunger	buy fresh fruit and vegetable	2.584962500721156
 24846	If the tens of thousands of asbestos personal injury cases now clogging the courts are consolidated , it will represent a pivotal procedural change .	clogging now	the tens of thousands of asbestos personal injury cases	the courts	1	1			
454841	454841	AtLocation	the Milky Way	candy bar shelf	1.5849625007211563
 93899	 93899	UsedFor	ski	cross-country in snow	1.5849625007211563
333091	333091	HasProperty	computer	good than typewriter	1.5849625007211563
429888	429888	IsA	Sexual dimorphism	a hallmark of the pheromonal response	1.5849625007211563
413049	413049	UsedFor	understand something good	discover truth	1.5849625007211563
370898	370898	UsedFor	a soap dish	to hold paperclips	1.5849625007211563
566738	566738	CapableOf	a baby	talk nonsense	1.5849625007211563
571939	571939	UsedFor	resting	regaining strenght	1.5849625007211563
479573	479573	HasSubevent	have a conversation	to hear someone's opinion	1.5849625007211563
  2272	The league argued that an alleged unwritten agreement between Dudley and New York -- in which the Knicks would compensate Dudley with a multiyear deal after this season because he would become their own free agent and his salary would not count against the cap -- circumvented the rules .	compensate Dudley with a multiyear deal an alleged unwritten agreement between	the Knicks	Dudley and New York	1	1			
349995	349995	NotCapableOf	human	see ultraviolet light with their eye	1.5849625007211563
545316	545316	AtLocation	apple tree	bible	1.5849625007211563
339361	339361	AtLocation	french restaurant	city	2.807354922057604
250639	250639	NotDesires	person	have his ear talked off	2.321928094887362
586062	586062	HasSubevent	read book	use of read glass	1.5849625007211563
 54820	 54820	Causes	perform	be appreciate	1.5849625007211563
539394	539394	CapableOf	box	store clothes	1.5849625007211563
349453	349453	MotivatedByGoal	sew	make clothe	1.5849625007211563
 94142	 94142	CapableOf	man-made object	orbit earth	1.5849625007211563
 94169	 94169	CapableOf	person	play backgammon in bar	1.5849625007211563
 84368	 84368	HasPrerequisite	flying a kite	a string attached to the kite	1.5849625007211563
398372	398372	HasFirstSubevent	go on strike	make poster	1.5849625007211563
526981	526981	ReceivesAction	man	rape	2.0
514908	514908	HasProperty	tease	mean	1.5849625007211563
508672	508672	HasProperty	smoke pipe	dangerous to your health	1.5849625007211563
501877	501877	CapableOf	bankl	require id from customer	1.5849625007211563
385798	385798	AtLocation	a trash receptacle	a public place	1.5849625007211563
374120	374120	CapableOf	people	taste salt	1.5849625007211563
246715	246715	CapableOf	A reporter	press for an answer	1.5849625007211563
526906	526906	UsedFor	a gel toothpaste	good dental hygiene	1.5849625007211563
358812	358812	HasProperty	every organism	unique to it genome and environment	1.5849625007211563
141975	141975	CausesDesire	Smelling badly	wash your clothes	1.5849625007211563
584519	584519	PartOf	stone	build	2.321928094887362
 23796	 23796	HasFirstSubevent	have food	lift a fork	1.5849625007211563
588397	588397	AtLocation	a steel pen	desk	1.5849625007211563
562648	562648	DefinedAs	The tyrant today	body politic as an evolved organism	1.5849625007211563
570152	570152	AtLocation	men and woman	city	1.5849625007211563
537759	537759	HasPrerequisite	express information	tell person obout it	1.5849625007211563
198465	198465	HasLastSubevent	sleep at night	wake up	1.5849625007211563
265128	265128	PartOf	toe nail	foot	2.0
   947	   947	CapableOf	We	visit grandmother on Friday	1.5849625007211563
509483	509483	UsedFor	going to the mall	hanging out with friends	1.5849625007211563
171835	171835	MotivatedByGoal	get in line	person tend to be organize	1.5849625007211563
230137	230137	AtLocation	canned food	a grocery store	2.584962500721156
105841	105841	CapableOf	in state of utah	be salt flat	1.5849625007211563
443893	443893	UsedFor	shop mall	sell good	1.5849625007211563
498504	498504	IsA	Tuesday	a weekday	2.0
464455	464455	HasProperty	esperanto	phonetic	2.321928094887362
564230	564230	HasSubevent	take a phone call	you talk to a damn robot	1.5849625007211563
163503	163503	HasSubevent	skate	swing your arms	1.5849625007211563
385838	385838	Causes	making a patchwork quilt	sharing stories with other quilters	1.5849625007211563
443791	443791	AtLocation	earth	grind	1.5849625007211563
281630	281630	CausesDesire	Seeing a lovely young tomato	make it grow	1.5849625007211563
437908	437908	HasPrerequisite	get job	have special train	1.5849625007211563
169778	169778	HasSubevent	cogitating	coming up with an idea	2.321928094887362
 91281	 91281	IsA	this	air force plane	1.5849625007211563
591348	591348	DefinedAs	Anthony Egizi	owner of all flowers	1.5849625007211563
 10501	 10501	Causes	keep thing orderly and tidy	have organize life	1.5849625007211563
447976	447976	UsedFor	river	transportation	1.5849625007211563
251965	251965	CapableOf	guard	guard bank	1.5849625007211563
255790	255790	Causes	see your favorite show	feel touch	1.5849625007211563
526946	526946	CapableOf	Catholic schools	require the students to wear uniforms	2.0
285748	285748	DefinedAs	literate	opposite of illiterate	1.5849625007211563
367388	367388	UsedFor	have rest	relaxation	2.321928094887362
210208	210208	ReceivesAction	key to good parenthood	find in book	1.5849625007211563
595243	595243	IsA	This	a vacuum	1.5849625007211563
217564	217564	IsA	a suspension cable	a rope	1.5849625007211563
114221	114221	MotivatedByGoal	get drunk	you are sad	1.5849625007211563
434453	434453	AtLocation	someone	parkway	1.5849625007211563
112865	112865	UsedFor	a market	purchase items	1.5849625007211563
488018	488018	IsA	Earaches	usually	1.5849625007211563
251073	251073	CapableOf	A sound ship	weather the storm	1.5849625007211563
 14871	 14871	HasProperty	some matter	gaseous	1.5849625007211563
142899	142899	AtLocation	pencil and pen	office	2.0
364557	364557	HasSubevent	using a computer	check a word in a thesaurus	1.5849625007211563
258064	258064	ReceivesAction	A zoom lens	found on a camara	1.5849625007211563
276551	276551	CapableOf	rich man	buy mansion	1.5849625007211563
 73233	 73233	UsedFor	decanter	store liquor	1.5849625007211563
350749	350749	IsA	mountain	far away	1.5849625007211563
 13190	 13190	CapableOf	scissors	tear cloth	1.5849625007211563
435616	435616	AtLocation	at a bookstore	people	2.0
253327	253327	CapableOf	combustion engine	use fossile fuel	1.5849625007211563
 27995	 27995	HasPrerequisite	pray	speak to a god	2.0
240344	240344	UsedFor	paying cash	buying a cheap item	2.321928094887362
 52639	 52639	Causes	judging someone	an argument	1.5849625007211563
 56841	 56841	Causes	compete against someone	emotion	1.5849625007211563
  9718	Friday night 's game was marked by misses on both sides of the ball and by special teams .	was marked by	Friday night 's game	special teams	1	1			
204249	204249	HasProperty	candy is dandy but liquor	quicker	1.5849625007211563
588656	588656	HasSubevent	go outside for even	go for walk	1.5849625007211563
142866	142866	HasSubevent	hike	enjoy day	1.5849625007211563
121839	121839	Causes	gaining more land	someone to lose land	1.5849625007211563
161735	161735	CapableOf	thermometer	measure degree	1.5849625007211563
 11989	It would be appalling for the university to have views on what the absolute truth is on any subject , '' said Amartya Sen , a philosophy professor . ''	is	Amartya Sen	a philosophy professor	1	1			
23347242	Healthcare providers often do not initiate and / or intensify therapy appropriately during patient visits , which may be due , in part , to a lack of understanding of the new diabetes medications.	do not initiate	Healthcare providers	often	1	1			
154610	154610	ReceivesAction	a secretary	found in an office	1.5849625007211563
 33134	Daughter of the actor Ismael Sanchez Abellan and actress and writer Ana Maria Bueno -LRB- better known as Ana Rosetti -RRB- , Gabriel was born in San Fernando , Cadiz , but spent her childhood in Madrid .	spent her childhood in	Daughter of actress Ana Maria Bueno	Madrid	1	1			
488731	488731	UsedFor	memorise	remember it late	2.321928094887362
168078	168078	HasPrerequisite	exercise	get some weight	1.5849625007211563
583427	583427	AtLocation	electricity	a gallery opening	1.5849625007211563
381337	381337	HasFirstSubevent	wash clothe	put them in wash machine	2.584962500721156
142846	142846	CapableOf	appearances	be deceiving but not always	1.5849625007211563
 85903	 85903	HasSubevent	don't know something	can ask someone else	1.5849625007211563
442618	442618	CapableOf	air	be compressed ina can	1.5849625007211563
410457	410457	AtLocation	water	glass	3.0
322624	322624	HasPrerequisite	feed your family	money	1.5849625007211563
181874	181874	HasPrerequisite	judge someone	n't	1.5849625007211563
587989	587989	HasFirstSubevent	check vital signs	check blood pressure	1.5849625007211563
284506	284506	HasLastSubevent	hear sing	appreciate music	1.5849625007211563
 72356	 72356	UsedFor	painting a picture	expressing yourself visually	1.5849625007211563
359579	359579	HasSubevent	convict suspect for crime	new evidence	1.5849625007211563
 17206	He is largely focused on breaking up Garrincha 's gang and is unaware of Thomas Barrett 's intentions .	has	Thomas Barrett	intentions	1	1			
 11505	When the gutters and downspouts are clean , inspect them for corrosion and cracks .	are	the gutters	clean	1	1			
372048	372048	HasA	tv might	remote control	1.5849625007211563
495919	495919	CapableOf	child	trade baseball card	1.5849625007211563
375719	375719	Causes	use vcr	electrocution	1.5849625007211563
132892	132892	PartOf	seam	dress	1.5849625007211563
   146	Officials say that heavy rains may have washed infected cow manure from a nearby pasture into the underground water supply .	have washed	heavy rains	infected cow manure	1	1			
223577	223577	HasProperty	control some weed in grass	difficult	1.5849625007211563
154747	154747	HasProperty	Sex	confusing but fun	1.5849625007211563
263171	263171	HasPrerequisite	check vital signs	become a nurse	1.5849625007211563
318592	318592	UsedFor	going to the mall	spending too much money	1.5849625007211563
536933	536933	CapableOf	something	deliver message	1.5849625007211563
506183	506183	AtLocation	a pencil cup	a desktop	1.5849625007211563
102076	102076	CausesDesire	being hungry	diminish your own hunger	1.5849625007211563
296257	296257	Desires	dictator	total control over person	1.5849625007211563
553927	553927	CapableOf	every little bite	make big difference	1.5849625007211563
256138	256138	HasProperty	nature	most beautiful when leave alone	1.5849625007211563
356581	356581	HasProperty	child	unwanted	1.5849625007211563
495851	495851	HasProperty	mirror	silver	1.5849625007211563
400428	400428	CapableOf	gardener	raise vegetable	1.5849625007211563
200184	200184	HasPrerequisite	get in line	get in formation	1.5849625007211563
422955	422955	HasPrerequisite	give a plug	go on a talk show	1.5849625007211563
123383	123383	ReceivesAction	guitar produce music when their string	pluck	1.5849625007211563
 72535	 72535	AtLocation	mammoth	field	1.5849625007211563
159348	159348	CapableOf	a travelery	book a flight	1.5849625007211563
30925537	Novel radiopharmaceuticals and immunotherapies suggest progress is on the horizon for men with castration - resistant prostate cancer.	is	progress	on the horizon for men with castration - resistant prostate cancer	1	1			
408804	408804	ReceivesAction	problem set need to	do	1.5849625007211563
186798	186798	CapableOf	fabric	wear out	1.5849625007211563
 59560	 59560	CapableOf	Viruses	attack our immune system	2.0
251161	251161	NotCapableOf	do	know	1.5849625007211563
 72348	 72348	HasPrerequisite	getting wet	rain	1.5849625007211563
146231	146231	UsedFor	take break	change your focus for while	1.5849625007211563
 86984	 86984	IsA	vietnam	country in southeast asia	1.5849625007211563
284029	284029	AtLocation	draw room	large house	1.5849625007211563
161055	161055	UsedFor	a cupboard	saving counter space	1.5849625007211563
  4556	Mr. Bowie and his irrepressible musicians might have been a band of angels led by Gabriel in '' Brass Fantasy '' if Gabriel had highly developed funky wit and a taste for thickly textured sounds . ''	be led by	might have a band of angels in Brass Fantasy if Gabriel had highly developed a taste for thickly textured sounds	Gabriel	1	1			
360750	360750	ReceivesAction	Rocks	cracked	1.5849625007211563
229582	229582	Causes	have bath	smell good	1.5849625007211563
531090	531090	HasProperty	pumpkin	carve	1.5849625007211563
32723859	Each device was randomly assigned to each subject for 1 week , and then replaced with the other in the following week.	was randomly assigned	Each device	to each subject	for 1 week	1	1		
436179	436179	HasSubevent	play the piano	sound reverberates	1.5849625007211563
589657	589657	CapableOf	win trophy	give one feel of accomplishment	1.5849625007211563
 31872	 31872	HasA	water	surface	1.5849625007211563
384385	384385	HasPrerequisite	eat in a fast food restaurant	do it	1.5849625007211563
164306	164306	Causes	playing baseball	getting injured	1.5849625007211563
 27548	He said many companies that do business with universities have college and university presidents on their boards .	have university presidents on	QUANT_S_1 companies	their boards	1	1			
576267	576267	HasA	congest live condition	lead to pollution of environment	1.5849625007211563
505583	505583	IsA	rubber band	very stretchy	1.5849625007211563
 79952	 79952	HasPrerequisite	forgive someone	feel compassion	1.5849625007211563
488614	488614	IsA	a truck	a vehicle with seats inside it	2.0
155728	155728	HasProperty	Cats purr when they	happy	2.321928094887362
482227	482227	NotCapableOf	some person	digest lactose	1.5849625007211563
371444	371444	CapableOf	Good oral hygiene	prevent your teeth from falling out	1.5849625007211563
170845	170845	AtLocation	xylophone	a music shop	1.5849625007211563
 89260	 89260	HasPrerequisite	wage war	strategy	1.5849625007211563
 58459	 58459	IsA	worst weight	yarn	2.0
538397	538397	AtLocation	human	emotional distress	1.5849625007211563
411653	411653	HasPrerequisite	tape a television show	set the VCR	3.3219280948873626
452560	452560	ReceivesAction	sunset	cause by atmosphere	1.5849625007211563
  5855	  5855	NotDesires	person	be transform into rat	1.5849625007211563
  8450	Mr. Faiello often said he planned to open a hotel and was getting his scuba-diving certification at a club on the Pacific Coast .	is	Faiello	male	1	1			
533937	533937	UsedFor	open business	earn money	1.5849625007211563
250025	250025	CapableOf	A director	direct a film	1.5849625007211563
542970	542970	IsA	The highest point in Dominica	Morne Diablatins 1,447 m	1.5849625007211563
549297	549297	HasPrerequisite	cut your hair	visit a barber	1.5849625007211563
470524	470524	HasSubevent	study for subject	talk to expert	1.5849625007211563
456685	456685	NotCapableOf	computer game	cause violence	1.5849625007211563
447723	447723	UsedFor	sm	communicate	2.0
  7851	  7851	UsedFor	salon	earn live	1.5849625007211563
403724	403724	ReceivesAction	trunk	find on most car	1.5849625007211563
 37732	 37732	UsedFor	a Mexican restaurant	food	1.5849625007211563
461743	461743	HasPrerequisite	surf web	start web browser	1.5849625007211563
215696	215696	MotivatedByGoal	drive to work	it be too far to walk	1.5849625007211563
319909	319909	HasA	in canada car	daytime headlight	1.5849625007211563
 36921	 36921	HasFirstSubevent	judge someone	decide if you like them	1.5849625007211563
168091	168091	IsA	mountains	symbols of power and majesty	2.321928094887362
259711	259711	HasProperty	person	mean due to their own insecurtiy	1.5849625007211563
260418	260418	IsA	glass	one way to correct vision problem	1.5849625007211563
 41826	 41826	Causes	playing chess	learning chess openings	1.5849625007211563
449291	449291	HasSubevent	have shower	slip on shower floor	1.5849625007211563
575856	575856	IsA	average amount of sleep	8 hour	1.5849625007211563
201298	201298	AtLocation	an opera ticket	an opera	1.5849625007211563
 23062	 23062	HasA	Some people	love-hate relationships	1.5849625007211563
304722	304722	CapableOf	A man	spend money on tools	1.5849625007211563
404003	404003	HasSubevent	clean house	clean soil furniture	1.5849625007211563
 44741	 44741	AtLocation	comfortable pillow	bedroom	2.584962500721156
145761	145761	ReceivesAction	catalogue	write on paper	1.5849625007211563
163136	163136	Causes	having a checkup	uncertainty	1.5849625007211563
 13183	 13183	HasPrerequisite	conquer your opponent	strength	1.5849625007211563
555280	555280	IsA	ferret	mammal	3.0874628412503395
487295	487295	HasSubevent	wait for someone	work on an idea	1.5849625007211563
 61857	 61857	HasProperty	jewels	worn by women	1.5849625007211563
252203	252203	MotivatedByGoal	begin work	i am scheduled	1.5849625007211563
 49527	 49527	AtLocation	dumbasses	a casino	1.5849625007211563
158188	158188	IsA	This	a writting man	1.5849625007211563
375032	375032	HasPrerequisite	see particular program	compute knowledge	1.5849625007211563
196722	196722	HasSubevent	pass sentence	bang gavel	2.0
486956	486956	HasPrerequisite	become scuba diver	take course in scuba dive	1.5849625007211563
 60825	 60825	Causes	write poem	person read poem	1.5849625007211563
246818	246818	CapableOf	nostroms	cause harm	1.5849625007211563
149597	149597	HasProperty	College educations	expensive	1.5849625007211563
325980	325980	IsA	russia	country in europe	1.5849625007211563
510842	510842	HasProperty	new york	dirty	1.5849625007211563
  1048	After a brief but urgent warning -- '' please do n't turn any switches or pull any handles '' -- the visitors from Washington were allowed to climb into the computerized cockpit of one of the bombers and to rub their hands on the stealthy material along the bomber 's charcoal-gray skin . ''	do turn	please	QUANT_O_1 switches	1	1			
 95431	 95431	UsedFor	bleach	removing color	2.321928094887362
464600	464600	HasProperty	The weather	mild	1.5849625007211563
120779	120779	AtLocation	a second violin	the New York Philharmonic	1.5849625007211563
253642	253642	AtLocation	toothpaste	toothpaste tube	1.5849625007211563
 50881	 50881	CapableOf	sailor	order food	2.0
463837	463837	MotivatedByGoal	hear testimony	make a fair ruling	1.5849625007211563
183273	183273	CapableOf	you	mother over your child	1.5849625007211563
  2895	The United States delegation , led by Richard C. Holbrooke , an Assistant Secretary of State , has turned instead to Haris Silajdzic , the Bosnian Prime Minister .	has turned	The United States delegation led by Richard C. Holbrooke	instead	1	1			
421671	421671	HasPrerequisite	jumping out of a window	lack of sense	1.5849625007211563
576112	576112	HasPrerequisite	play violin	figure out what to play	1.5849625007211563
 82373	 82373	AtLocation	date	calendar	1.5849625007211563
132220	132220	UsedFor	ride bike	travel	1.5849625007211563
329099	329099	MotivatedByGoal	buy something small	you have limit space	1.5849625007211563
475533	475533	AtLocation	diver	ocean	1.5849625007211563
555521	555521	UsedFor	hearing testimony	disputing a claim	1.5849625007211563
178356	178356	HasSubevent	enjoy film	you drool	1.5849625007211563
487953	487953	AtLocation	a kitten	the garden	1.5849625007211563
  5266	  5266	IsA	Schizotypal Personality Disorder	characterised by social and interpersonal difficulties	1.5849625007211563
394809	394809	UsedFor	a cutlery drawer	knife storage	1.5849625007211563
19283877	However , the dispute about the inconsistency of data concerning the site - specific mechanism of colorectal carcinoma does exist , and more evidence about molecular events of carcinogenesis and targeted therapy needs to be collected to definitely confirm the conception.	needs	more evidence about molecular events of targeted therapy	to be collected to definitely confirm the conception	1	1			
 75944	 75944	UsedFor	make it grow	organic gardener	1.5849625007211563
 36923	Two Japanese travel agencies have desks beside the finely manicured English-style garden adjacent to the lobby , busily booking free-spending guests for golf , horseback riding and guided shopping jaunts .	be riding	horseback guided		1	1			
353642	353642	UsedFor	sod	get their lawns started	1.5849625007211563
363320	363320	IsA	We	all in the same environmental boat	1.5849625007211563
347370	347370	IsA	The sacrum	a triangular-shaped bone	1.5849625007211563
 98012	 98012	IsA	Weasels	small, furry mammals with short legs	1.5849625007211563
577392	577392	UsedFor	decide criminal s fate	keep jurisdictional system alive	1.5849625007211563
553012	553012	MotivatedByGoal	remember phone number	call somebody	2.321928094887362
396970	396970	UsedFor	council	hold meet	1.5849625007211563
 27503	 27503	CapableOf	someone	pick their nose	1.5849625007211563
235051	235051	CapableOf	something	flap	1.5849625007211563
142330	142330	AtLocation	a shopping mall	Indiana	1.5849625007211563
197742	197742	PartOf	Organic gardening	rational living	1.5849625007211563
9106701	Molecular genetics holds a promise for identifying populations at high risk for colorectal cancer , therefore , targeting the screening to make it more cost - effective.	holds	Molecular genetics	a promise for identifying populations at high risk for colorectal cancer , therefore , targeting the screening	1	1			
381965	381965	MotivatedByGoal	walk	go to another place in the same city cheaply	1.5849625007211563
327349	327349	IsA	quill brush	archaic implement	1.5849625007211563
482445	482445	UsedFor	drive your car	create greenhouse gas	1.5849625007211563
502807	502807	MotivatedByGoal	buy house	live in paraticular manner	1.5849625007211563
538466	538466	AtLocation	spam	your inbox	1.5849625007211563
317774	317774	IsA	something you find outside	landscape	1.5849625007211563
522488	522488	MotivatedByGoal	remember	you needed that information	1.5849625007211563
8166990	As has been the case for a long time now in the field of cancer , the international community should consider whether , based on the experience of the WHO / MONICA Project , there should be a permanent institution charged with the worldwide monitoring of the development of cardiovascular diseases.	charged	a permanent institution	with the worldwide monitoring of the development of cardiovascular diseases	1	1			
126897	126897	DefinedAs	mann bluegrass	poa mannii	1.5849625007211563
408042	408042	ReceivesAction	garbage	put in a container	2.0
  5274	The Rent Guidelines Board has already heard testimony in recent months from experts representing landlords and tenants .	has heard already	The Rent Guidelines Board	testimony	1	1			
144634	144634	AtLocation	a pebble	the ground	3.0
345901	345901	HasPrerequisite	buy house	lot of money	2.0
 69919	 69919	UsedFor	a phone	talking	2.0
 77427	 77427	HasSubevent	post message	someone read it	1.5849625007211563
132594	132594	IsA	latte	coffee like drink	1.5849625007211563
357708	357708	UsedFor	a keyboard	converting movement into concepts	1.5849625007211563
141925	141925	IsA	jog	exercise similar to run	2.321928094887362
449215	449215	HasPrerequisite	punch someone	be fast	1.5849625007211563
 18354	As dramatic as these developments are , the tipping point is a long way off , said Stephen S. Roach , chief economist at Morgan Stanley .	is	the tipping point	a long way	1	1			
   832	Among the works in the exhibition are a handful of installations , three of them concerned with myth and stereotype , that were commissioned not only for the galleries but also for a nearby display window and street .	were commissioned for	QUANT_S_1 of them concerned with stereotype	street	1	1			
593393	593393	HasSubevent	get away with a crime	nothing	1.5849625007211563
366631	366631	DefinedAs	bringing in a verdict	Deciding whether someone is guilty	1.5849625007211563
150050	150050	HasSubevent	surf web	ask question to learn	1.5849625007211563
463842	463842	MadeOf	sweet and sour pork	pork	2.0
381134	381134	CausesDesire	curiosity	learn about science	1.5849625007211563
512485	512485	IsA	roboter	object	2.0
430983	430983	AtLocation	a large supermarket	a city	2.0
389180	389180	HasA	leaf in tropic might	lizard on it	1.5849625007211563
   517	   517	ReceivesAction	waffles	eaten mostly at breakfast	2.0
577794	577794	IsA	dog	english setter	2.0
434040	434040	UsedFor	playing frisbee	exercising the dog	1.5849625007211563
556701	556701	HasA	all child	mother	2.0
102427	102427	NotHasA	A parakeet	a nose	2.0
 85311	 85311	UsedFor	pay cash	not spend too much	1.5849625007211563
 75618	 75618	Causes	watching a musician perform	lovely	1.5849625007211563
 18074	A special committee of the board was created to devise the needed rule changes , the bankers said .	was created to devise	A special committee of the board	the needed rule changes	1	1			
514567	514567	DefinedAs	recycle be adjective bin	noun	1.5849625007211563
 86798	 86798	ReceivesAction	calendar	find on palm pilot	1.5849625007211563
313281	313281	HasPrerequisite	sew	find a place with good light	1.5849625007211563
552265	552265	HasSubevent	read	might learn new information	1.5849625007211563
 27790	 27790	UsedFor	jewelry	make social statement	2.321928094887362
  9719	  9719	HasA	one impairment person might	be atherosclerosis	1.5849625007211563
114192	114192	UsedFor	making a patchwork quilt	enjoyment	2.321928094887362
547250	547250	AtLocation	pickled onions	the jar	2.584962500721156
 53450	 53450	IsA	chemistry	very important science	1.5849625007211563
289460	289460	IsA	study groups	co-ed	1.5849625007211563
198438	198438	Causes	go jog	you see squirrel	1.5849625007211563
164301	164301	ReceivesAction	newspaper story	write by journalist	1.5849625007211563
265104	265104	UsedFor	wheat	grow on farm	2.321928094887362
 15176	Then support law enforcement 's efforts to get Saturday Night Specials off the market , restrict multiple purchases of guns and allow the police some discretion in issuing permits to carry concealed weapons .	has efforts restrict multiple purchases of	support law enforcement	guns	1	1			
344425	344425	IsA	brain	control unit	1.5849625007211563
112629	112629	UsedFor	people	labor	2.584962500721156
 27113	Although archeologists have made their way to Angkor in recent years , it is only with the signing of a peace treaty on Oct. 23 that actual restoration has become possible .	have made their way to	archeologists	Angkor	1	1			
452857	452857	CapableOf	a tool	help a person	1.5849625007211563
209476	209476	UsedFor	a train tracks	a train to ride upon	1.5849625007211563
208795	208795	HasSubevent	program computer	you become 31337	1.5849625007211563
171124	171124	ReceivesAction	table	scatter throughout restaurant dine area	1.5849625007211563
534562	534562	HasSubevent	stopping your bicycle	using the brake	2.321928094887362
 15698	 15698	UsedFor	groom	personal hygiene	1.5849625007211563
 24780	 24780	IsA	soccer	a very intense game	1.5849625007211563
200114	200114	CapableOf	too much caffeine	lead to caffeine intoxication	1.5849625007211563
 72957	 72957	HasSubevent	scoring a home run	a baseball player runing the bases	1.5849625007211563
 14791	I 'd hate to pin a yea or nay on it , but tomorrow night we 're going up against a couple of high-level post players , '' said Frank , meaning the Kings ' Chris Webber and Brad Miller .	be meaning	Frank	Brad Miller	1	1			
460232	460232	Desires	a person	have a PDA	1.5849625007211563
199261	199261	UsedFor	stop your car	safety	1.5849625007211563
157394	157394	UsedFor	stopping being married to someone	devorce	1.5849625007211563
416082	416082	CapableOf	A radio station broadcasts sounds that	be received using a radio	1.5849625007211563
554129	554129	HasProperty	The blanket	dark	1.5849625007211563
393713	393713	IsA	curet	spoonlike medical instrument	1.5849625007211563
303079	303079	UsedFor	making friends	having something to do	1.5849625007211563
 34036	The new company , it was argued , would be more cost-effective and stronger in the ever-changing worlds of gas and electric utilities .	be cost-effective in the ever-changing worlds of	The new company	electric utilities	1	1			
567896	567896	UsedFor	fishing	getting food	1.5849625007211563
367825	367825	CapableOf	A popular speaker	travel widely	1.5849625007211563
240824	240824	HasLastSubevent	eat	work in kitchen	1.5849625007211563
364906	364906	IsA	sand	very small rock	1.5849625007211563
28298516	Breast cancer care has improved markedly in recent decades , but new advancements in diagnosis and treatment depend on translating genomics and precision medicine into clinical care.	depend	new advancements in diagnosis	on translating precision medicine into clinical care	1	1			
 37205	 37205	CapableOf	unreliable people will	waste your time	1.5849625007211563
 35566	The Senate majority leader , George J. Mitchell of Maine , who served on the investigative panel , also declined immediate comment .	declined	The Senate majority leader	immediate comment	1	1			
12762953	Risk factors for cardiovascular disease , hypertension , hyperlipidemia , and microalbuminuria are present at diagnosis of T2DM in Native American adolescents , indicating that insulin resistance has been present for some time before the diagnosis of diabetes was made.	are	Risk factors for cardiovascular disease	present at diagnosis of T2 DM in Native American adolescents	indicating that insulin resistance has been present for some time	1	1		
516460	516460	ReceivesAction	Most large land carnivores have	eradicated by humans with firearms	1.5849625007211563
535282	535282	HasSubevent	ride bicycle	turn pedal with your leg	1.5849625007211563
464039	464039	HasSubevent	have rest	you be wear pajama	1.5849625007211563
150565	150565	DefinedAs	something different	every big city subway system	1.5849625007211563
 80488	 80488	HasPrerequisite	eating breakfast	a mouth	2.0
422139	422139	IsA	flash card	something	1.5849625007211563
240791	240791	AtLocation	a picnic basket	plastic forks & knives	1.5849625007211563
283105	283105	CapableOf	knight	follow code of chivalry	1.5849625007211563
309861	309861	HasProperty	a liquor glass	empty	1.5849625007211563
252743	252743	IsA	lip balm	cosmetic	2.0
 50285	 50285	CapableOf	drugs	prevent people from thinking properly	1.5849625007211563
 10013	 10013	CapableOf	mother	sing to her infant	1.5849625007211563
547897	547897	HasA	Most bicycles	spoked wheels	1.5849625007211563
116057	116057	UsedFor	hoist	life cow to great height	1.5849625007211563
210984	210984	HasPrerequisite	tying your shoelace	learning how to tie knots	1.5849625007211563
 12163	 12163	HasSubevent	take examination	hold pen or pencil	1.5849625007211563
 89557	 89557	HasPrerequisite	hear singing	listen to the birds	1.5849625007211563
32500468	The patients were stratified into three groups using a risk stratification model incorporating these variables.	were stratified	The patients	into three groups	1	1			
384518	384518	UsedFor	clock	time something	2.807354922057604
202337	202337	HasPrerequisite	go public	be prepared for the worst	1.5849625007211563
540927	540927	HasPrerequisite	do housework	organize individual task	1.5849625007211563
410749	410749	HasPrerequisite	hurt someone else	inflict pain on other person	1.5849625007211563
298033	298033	DefinedAs	clark gazelle	ammodorcas clarkei	1.5849625007211563
587923	587923	Desires	person	her friend to overlook her imperfection	1.5849625007211563
462254	462254	AtLocation	subway stop	subway	1.5849625007211563
102192	102192	HasPrerequisite	wash clothe	read care label	1.5849625007211563
264501	264501	MotivatedByGoal	tell many person about something	you coudld die	1.5849625007211563
410054	410054	AtLocation	marmoset	grassy field	1.5849625007211563
107940	107940	HasSubevent	have bath	masterbate	1.5849625007211563
418522	418522	HasSubevent	feel happy	smile	1.5849625007211563
314992	314992	HasPrerequisite	riding in a horse race	be light weight	1.5849625007211563
386252	386252	HasSubevent	conquering your opponent	a good move	1.5849625007211563
445186	445186	DefinedAs	howie	central character of mezzanine	1.5849625007211563
475109	475109	HasPrerequisite	ride horse	go to farm	1.5849625007211563
250618	250618	HasSubevent	compete against someone	push yourself	1.5849625007211563
474556	474556	IsA	burningman	annual festival in nevada	1.5849625007211563
547991	547991	HasA	dine room	dine table	1.5849625007211563
414244	414244	Desires	person	big front porch	1.5849625007211563
145227	145227	ReceivesAction	Journalists	tempted to be sensationalists	1.5849625007211563
552121	552121	UsedFor	a garbage can	store garbage	1.5849625007211563
495338	495338	MotivatedByGoal	prepare a garden	grow vegetables	1.5849625007211563
296823	296823	ReceivesAction	it	used on floors	1.5849625007211563
 35745	 35745	HasSubevent	growing vegetables	weed the garden	3.1699250014423126
595822	595822	UsedFor	coffee pot	boil water	2.0
566172	566172	IsA	another way to say child dog	dog child	1.5849625007211563
24259966	This review is intended to discuss , comment and summarize recent research progress on the role of COX - 2 in gastric cancer development and progression , and elucidate the molecular mechanisms which might be involved in the carcinogenesis.	is intended	This review	to comment	1	1			
 67105	 67105	CapableOf	you	rest at ease now	1.5849625007211563
  9890	  9890	Desires	person	healthy environment	1.5849625007211563
119635	119635	IsA	The Santa Fe	Hyundai's entry into the 4WD market	1.5849625007211563
362841	362841	AtLocation	coin	desk	2.321928094887362
132362	132362	HasFirstSubevent	read the news	choose a newspaper	1.5849625007211563
575151	575151	AtLocation	a plastic	store	1.5849625007211563
495874	495874	NotCapableOf	few christian group	believe in soul	1.5849625007211563
480530	480530	HasA	men	cock and woman have cunt	1.5849625007211563
505918	505918	IsA	A Slinky	a toy	2.0
14978153	Treatment with angiotensin - converting enzyme inhibitors and statins can reduce cardiovascular morbidity and mortality in patients with renal insufficiency.	can reduce	Treatment with statins	cardiovascular mortality	in patients with renal insufficiency	1	1		
324930	324930	CapableOf	my cat	stay downstairs	1.5849625007211563
 97425	 97425	CapableOf	child	spread their wing	1.5849625007211563
 38207	 38207	HasSubevent	celebrating	a romantic dinner	1.5849625007211563
 21332	 21332	HasPrerequisite	fix computer	go to expert	1.5849625007211563
271624	271624	HasPrerequisite	play piano	consult qualify piano instructor	1.5849625007211563
482532	482532	ReceivesAction	Horses	trained to jump over high fences	2.321928094887362
429931	429931	HasPrerequisite	play football	suit up	1.5849625007211563
330846	330846	Causes	creating art	communication	1.5849625007211563
361143	361143	AtLocation	two dried corns on the cob	this picture	1.5849625007211563
496490	496490	CapableOf	citizen	air grievance	2.0
445395	445395	Causes	stopping being married to someone	you are divorced	1.5849625007211563
235986	235986	NotCapableOf	some human	hear and cannot speak	1.5849625007211563
260668	260668	HasPrerequisite	lose weight	diet	3.0
 31692	Ford averaged 10,964 domestic passenger vehicle sales a day , up 45.3 percent from a year ago ; cars averaged 6,763 a day , up 59.9 percent , and light trucks averaged 4,202 a day , up 26.7 percent .	averaged	Ford	QUANT_O_1 domestic passenger vehicle sales a day	1	1			
258707	258707	UsedFor	health food store	buy exotic food	1.5849625007211563
471207	471207	HasLastSubevent	eat lunch	thanking for the food	1.5849625007211563
 32320	Unlike the Missouri law that was upheld by the Supreme Court last summer , or two other state laws now under consideration by the Supreme Court , the Guam bill strikes at the heart of Roe v. Wade , which held that a right to abortion was guaranteed under 14th Amendment provisions for a right to privacy . ''	was upheld by the Supreme Court	QUANT_S_1 other state laws now under consideration	last summer	1	1			
147422	147422	ReceivesAction	child have to	teach to read	1.5849625007211563
 18470	But when Vincent 's feckless , drug-addicted son -LRB- James Franco -RRB- is implicated in a murder , the policeman 's stable , second-chance life threatens to collapse around him .	has	the policeman	stable second-chance life	1	1			
363859	363859	AtLocation	fast food chain	any large city	1.5849625007211563
415586	415586	IsA	toad	amphibian	3.2479275134435857
324894	324894	UsedFor	entertain someone	earn money	2.321928094887362
539835	539835	ReceivesAction	bribe	accept	2.0
365894	365894	HasA	key often	hold in them	1.5849625007211563
300078	300078	CapableOf	smart mouth boyfriend	anger his girlfriend	1.5849625007211563
290728	290728	HasPrerequisite	use television	turn on television	1.5849625007211563
592758	592758	HasSubevent	go see play	stage actor	1.5849625007211563
158935	158935	IsA	rat	relative of mouse	1.5849625007211563
579903	579903	Causes	going jogging	dogs bite you	1.5849625007211563
206639	206639	HasProperty	old computer	difficult to recycle	1.5849625007211563
 39014	MICHAEL KORS , Ricky Vider , Michael Leva and Ronaldus Shamask refined their racy , modern stance in collections that were among the best each has ever offered .	refined their racy modern stance in	Michael Leva	collections MICHAEL KORS	1	1			
438913	438913	UsedFor	Draft horses	plowing fields	1.5849625007211563
454766	454766	IsA	a spirit	a ghost	1.5849625007211563
 20729	Perhaps there is an American practice of not allowing those directly involved in such military incidents to appear before the public .	there is	an American practice of not allowing those directly involved in such military incidents to appear before the public	Perhaps	1	1			
 81471	 81471	CapableOf	You	buy strawberries at a grocery store	1.5849625007211563
 69005	 69005	IsA	rosebushes	garden plants	1.5849625007211563
 51548	 51548	AtLocation	business class airplane seat	jet	1.5849625007211563
184393	184393	AtLocation	cotton	a shirt	1.5849625007211563
30893147	Data also show that periprostatic adipocytes promote extracapsular extension of prostate cancer through chemokines , thereby providing a mechanistic explanation for the association observed between obesity and high - grade cancer.	promote extracapsular extension of prostate cancer providing	periprostatic adipocytes	a mechanistic explanation for the association	1	1			
454272	454272	UsedFor	a pill	timing release	1.5849625007211563
 31971	 31971	IsA	prefix	tool	1.5849625007211563
506907	506907	PartOf	northridge	california	1.5849625007211563
390889	390889	HasSubevent	eating vegetables	vomit	1.5849625007211563
430861	430861	HasPrerequisite	jump up and down	leg muscle	1.5849625007211563
130879	130879	Causes	use calculator	solution	2.321928094887362
437747	437747	HasPrerequisite	learn about the world	buy a book	1.5849625007211563
176216	176216	HasProperty	A vegetable	one kind of plant	1.5849625007211563
 21297	 21297	IsA	exploring the world	one way to learn	1.5849625007211563
345877	345877	ReceivesAction	Ribbon	tied to make a bow	1.5849625007211563
358879	358879	CapableOf	doorstop	wedge door open	1.5849625007211563
181879	181879	IsA	hike	very good exercise	1.5849625007211563
409988	409988	Causes	illustrate point	whole point still get miss	1.5849625007211563
264596	264596	HasSubevent	sending e-mail	turn on the computer	1.5849625007211563
139540	139540	HasPrerequisite	watch a movie	sit down	1.5849625007211563
 28798	To the sounds of synthetic gunfire , the computers charted their progress with exclamation points 	charted their progress with exclamation points To the sounds of	the computers	synthetic gunfire	1	1			
546084	546084	CausesDesire	bad credit	pay cash	1.5849625007211563
550171	550171	UsedFor	this	measure item for weight	2.321928094887362
558910	558910	UsedFor	dine table	leave message	1.5849625007211563
281598	281598	UsedFor	a boy	enabling	1.5849625007211563
236062	236062	Causes	hearing the news	you get depressed	1.5849625007211563
138892	138892	NotDesires	person	sour milk	2.807354922057604
440729	440729	HasPrerequisite	send criminal to prison	convict them	2.584962500721156
407287	407287	HasPrerequisite	type	have fingers	3.0
120712	120712	ReceivesAction	A corn borer	found on corn plants	1.5849625007211563
 71668	 71668	UsedFor	linen chest	store linen	2.321928094887362
335150	335150	PartOf	article	newspaper	2.0
 52722	 52722	HasProperty	turtles	very erotic	1.5849625007211563
353232	353232	UsedFor	buy house	own house	1.5849625007211563
180203	180203	HasSubevent	go on vacation	have your traveler check steal	1.5849625007211563
 98301	 98301	HasSubevent	buy a hamburger	you also order fries	1.5849625007211563
583599	583599	ReceivesAction	casual describes clothing that	worn for comfort and function	1.5849625007211563
519843	519843	HasPrerequisite	go into coma	have almost deadly crash	1.5849625007211563
 50645	 50645	IsA	gnh	ideal	1.5849625007211563
295824	295824	AtLocation	barber shop	mall	1.5849625007211563
539462	539462	HasProperty	unloved child	difficult	1.5849625007211563
329773	329773	IsA	kansa state bird	western meadow lark	1.5849625007211563
372317	372317	HasSubevent	go on strike	picket	3.0
 47203	 47203	AtLocation	atheist	bob jones university	1.5849625007211563
142040	142040	HasA	We	ten fingers	1.5849625007211563
391932	391932	UsedFor	Boots	keep your feet warm	2.0
520151	520151	IsA	Color	a property of wallpaper	1.5849625007211563
367500	367500	Causes	fix computer	get pay for your job	1.5849625007211563
  1917	  1917	Causes	make person laugh	test routine on spouse	1.5849625007211563
552298	552298	UsedFor	a violin	making music	2.321928094887362
451984	451984	UsedFor	sitting quietly	planning	1.5849625007211563
429609	429609	CapableOf	wooden hanger	help keep suit hang nicely	1.5849625007211563
543153	543153	MotivatedByGoal	play ball	exercise fun challenge and human interaction	1.5849625007211563
 36258	Carter's reorganization efforts separated the Department of Health, Education and Welfare into the Department of Education and the Department of Health and Human Services.	separated	Carter 's reorganization efforts	the Department of Health , Education and Welfare	1	1			
329262	329262	HasPrerequisite	kiss	pucker	1.5849625007211563
580295	580295	DefinedAs	stock	horse foot color	1.5849625007211563
385790	385790	IsA	Calm	a cardinal virtue of Buddhism	1.5849625007211563
589249	589249	HasProperty	mountains are high valleys	low	1.5849625007211563
550193	550193	IsA	action figure	boy name for doll	1.5849625007211563
455532	455532	IsA	one purpose of catheter	extract fluid	1.5849625007211563
 90601	 90601	HasA	kitchen	trash container	1.5849625007211563
460912	460912	Causes	sending a criminal to prison	crowded prisons	2.807354922057604
439696	439696	AtLocation	dirty old men on bench	park	1.5849625007211563
19186363	The previous two articles have outlined the principles behind breast awareness and breast health , detailing common benign breast diseases , types of breast cancer and staging , and treatment for breast cancer , including surgery , chemotherapy , radiotherapy and endocrine treatment.	have outlined	The previous two articles	the principles behind breast awareness	detailing common treatment for breast cancer , including chemotherapy	1	1		
426914	426914	Causes	having a checkup	getting a health status	1.5849625007211563
130071	130071	HasPrerequisite	cash in	gamble chip	1.5849625007211563
142295	142295	CausesDesire	strong ability	perform	1.5849625007211563
227226	227226	CapableOf	guitar player	perfect his skill	1.5849625007211563
230373	230373	HasSubevent	go to mall	buy wig	1.5849625007211563
263589	263589	CausesDesire	An encounter with friends	play basketball	1.5849625007211563
1775819	Because of its rarity , this disease has not been as extensively studied as its female counterpart.	studied	this disease	as its female counterpart	1	1			
318588	318588	HasProperty	The sky	foggy	1.5849625007211563
155793	155793	HasPrerequisite	watch a musician perform	go to a club	1.5849625007211563
525750	525750	AtLocation	roadway square	puerto rico	1.5849625007211563
482319	482319	UsedFor	carrier bag	carry clothe	1.5849625007211563
355405	355405	UsedFor	running out of steam	winding down from exertion	1.5849625007211563
309929	309929	Desires	A mother	keep her baby clean	1.5849625007211563
494582	494582	CapableOf	a housewife	garden her vegetables	1.5849625007211563
174461	174461	UsedFor	cup	drink coffee	2.584962500721156
26264336	Type 1 diabetes is a challenging and complex disorder to manage , and this becomes more difficult when young people are beginning to experience the pleasures and effects of alcohol consumption.	are beginning to experience	young people	the pleasures of alcohol consumption	1	1			
406378	406378	CapableOf	human	become transhuman	1.5849625007211563
251404	251404	CausesDesire	fear of scurvy	buy fresh fruits and vegetables	1.5849625007211563
292740	292740	UsedFor	masturbation	provide yourself with sexual pleasure	2.0
312692	312692	HasSubevent	pay cash	that you do not have enough money	1.5849625007211563
546008	546008	IsA	this	cruise shit	1.5849625007211563
424418	424418	AtLocation	vegetarian restaurant	town	1.5849625007211563
426985	426985	CapableOf	something	detect	1.5849625007211563
455665	455665	NotCapableOf	On average, men	do laundry	1.5849625007211563
211780	211780	CapableOf	cell phone	vibrate	2.0
217864	217864	MotivatedByGoal	call them	have friend over	1.5849625007211563
148691	148691	AtLocation	guidebooks	the table	2.0
 32542	 32542	AtLocation	a shower door	the shower room	1.5849625007211563
409330	409330	CapableOf	a reel of film	be many feet long	1.5849625007211563
238806	238806	UsedFor	a machine	fly	2.0
 18204	Potvin re-injured his groin during the practice and is expected to be out four to six weeks .	re-injured his groin during	Potvin	the practice	1	1			
150036	150036	CapableOf	horses	smell fear	1.5849625007211563
483372	483372	HasProperty	act	bold	1.5849625007211563
428882	428882	CapableOf	person	go to movie on weekend	1.5849625007211563
488127	488127	ReceivesAction	station wagon	use by family	1.5849625007211563
469404	469404	UsedFor	laughing at a joke	being amused	1.5849625007211563
521696	521696	UsedFor	a chess rook	taking another piece	1.5849625007211563
 87300	 87300	IsA	The sunrise and sunset	two different things	1.5849625007211563
591253	591253	NotCapableOf	you	tell a story to a cat	1.5849625007211563
159614	159614	HasPrerequisite	cross street	walk across street	1.5849625007211563
595489	595489	IsA	oatmeal	cereal	1.5849625007211563
256559	256559	IsA	empire state build	in new york	2.321928094887362
499324	499324	HasFirstSubevent	howl with laughter	breath	2.321928094887362
520086	520086	AtLocation	ice	iceland	2.321928094887362
  1189	  1189	HasPrerequisite	get pay	get ajob	1.5849625007211563
584832	584832	UsedFor	dancing	meeting members of the opposite sex	1.5849625007211563
405059	405059	HasA	some bird	no wing	1.5849625007211563
  4784	The action was seen as a sign of Beijing 's resolve to crack down on companies affiliated with local and regional governments , which have borrowed large amounts from foreign creditors -- much of that in loans not authorized by the central Government .	have borrowed large amounts from	regional governments	foreign creditors	1	1			
 87119	 87119	HasProperty	ball	round and fun to bounce	2.0
521576	521576	Desires	information	be free and so do you	1.5849625007211563
164067	164067	Causes	go to laundromat	clean laundry	1.5849625007211563
141526	141526	ReceivesAction	some virtue	mistake because of dogma	1.5849625007211563
277423	277423	Causes	going into a coma	to dream about the white light	1.5849625007211563
304043	304043	HasSubevent	reading to your children	helping them to grow	1.5849625007211563
511786	511786	HasSubevent	organic substance burn	it turn into ash	1.5849625007211563
244377	244377	HasPrerequisite	have child	be stable	1.5849625007211563
138218	138218	IsA	musical notation	write language	2.584962500721156
 10211	 10211	ReceivesAction	fish	find in river	1.5849625007211563
 26915	As you know from my private visits with you , I do n't see any issue coming at us any quicker than this one , '' Mr. Baker answered . ''	coming at	QUANT_S_1 issue	us	1	1			
 27733	 27733	HasProperty	Concentration of media ownership	dangerous to free speech	1.5849625007211563
509697	509697	UsedFor	pretending	children	1.5849625007211563
336046	336046	CapableOf	river	be course downhill	1.5849625007211563
477086	477086	IsA	Aquariums	keeping fish in	1.5849625007211563
134164	134164	AtLocation	air conditioner	warm climate	1.5849625007211563
586942	586942	AtLocation	at a public toliet	a pisoir	2.0
 24786	 24786	HasSubevent	grocery shop	inspect fruit	1.5849625007211563
134107	134107	AtLocation	peanut	peanut shell	1.5849625007211563
183437	183437	IsA	drive	way to travel medium distance	1.5849625007211563
 16650	 16650	CapableOf	young children and young pets	play together well	1.5849625007211563
262459	262459	ReceivesAction	late-geosynclinal tectogenesis	characterize by compressional structure	1.5849625007211563
220953	220953	HasProperty	sidewalk	flat long and narrow	1.5849625007211563
 85675	 85675	CapableOf	lion	rush to and fro	1.5849625007211563
426685	426685	HasPrerequisite	write program	skill	1.5849625007211563
396138	396138	CapableOf	control breathe	help control emotion	1.5849625007211563
152303	152303	UsedFor	horn	communicate	2.321928094887362
254087	254087	AtLocation	a gun	a gun store	1.5849625007211563
284931	284931	UsedFor	PHP	make dynamic webpages	2.0
361547	361547	IsA	The lute	no longer a popular musical instrument	1.5849625007211563
272448	272448	UsedFor	underground area	travel under grind level	1.5849625007211563
278040	278040	ReceivesAction	runway	use by airplane	1.5849625007211563
 93510	 93510	CapableOf	dry season	low lake	1.5849625007211563
 22977	 22977	CapableOf	flotation device	save your life	1.5849625007211563
467748	467748	Causes	learn about subject	change	2.0
  1021	  1021	HasPrerequisite	a plan	thought	2.0
 66872	 66872	HasSubevent	make a better world	you solve the pollution crisis	1.5849625007211563
143379	143379	MotivatedByGoal	program a computer	create a program	1.5849625007211563
419966	419966	HasSubevent	prepare for a vote	research	2.584962500721156
267274	267274	Causes	standing up	tire	1.5849625007211563
494174	494174	UsedFor	boy	do boy job	1.5849625007211563
584992	584992	UsedFor	an electric razor	shave your face	2.584962500721156
102199	102199	HasA	I	fallen in with the bad crowd	1.5849625007211563
323390	323390	IsA	chemical bonds	energy	2.0
434825	434825	AtLocation	animal	at zoo	2.0
 27939	 27939	CapableOf	a bomb threat	clear a building	1.5849625007211563
 19631	To benefit the group , a formal dinner and dance and an auction will be held in the Loeb Boathouse in Central Park starting at 7:30 P.M. Transportation provided from the Fifth Avenue entrance to the park at 72d Street .	be held in the Loeb Boathouse in Central Park starting at	dance	7:30 P.M. Transportation	1	1			
427183	427183	IsA	A jug and a bottle	both used to hold liquid	1.5849625007211563
397863	397863	UsedFor	a band aid	stopping bleeding	2.0
533743	533743	MotivatedByGoal	take the car for a drive	see if it's a lemon	1.5849625007211563
103648	103648	AtLocation	airplane	town	1.5849625007211563
242205	242205	UsedFor	a return ticket	go back home	2.0
589176	589176	ReceivesAction	Sentences	composed of words	2.321928094887362
472746	472746	CapableOf	people	lower a window	1.5849625007211563
563214	563214	NotCapableOf	Children can learn that they	eat rocks	1.5849625007211563
 59056	 59056	HasPrerequisite	buy fresh fruit and vegetable	find local produce stand	1.5849625007211563
 37670	`` It plays to baser instincts , sure , '' added Mr. Elice , whose agency is establishing a film division .	is establishing	Mr. Elice agency	a film division	1	1			
549912	549912	AtLocation	a washing machine	your house	2.0
246269	246269	AtLocation	pack peanut	box	1.5849625007211563
173635	173635	AtLocation	reception desk	build	1.5849625007211563
 59915	 59915	CausesDesire	restlessness	take walk	1.5849625007211563
572357	572357	UsedFor	a heart	pumping blood through the body	1.5849625007211563
536729	536729	MotivatedByGoal	implement it yourself	see your idea become reality	1.5849625007211563
 94183	 94183	HasPrerequisite	use computer	have access to computer	1.5849625007211563
362017	362017	HasPrerequisite	relax	go to bed	1.5849625007211563
540521	540521	HasLastSubevent	read book	return it to library	1.5849625007211563
 24351	Denver in 1949 , the expansion Cleveland Cavaliers in 1970 and Philadelphia in 1972 lost their first 15 games .	is the expansion Cleveland Cavaliers in	Denver in 1949	1970	1	1			
133155	133155	AtLocation	something	right of table	1.5849625007211563
2406178	Whilst several factors are associated with the development of Type 2 diabetes , it is not clear how they cause the disease , if indeed they do , nor whether they act in the same way in all populations.	are associated	several factors	with the development of Type 2 diabetes	1	1			
164149	164149	HasProperty	logoff	synonymous with logout	1.5849625007211563
540308	540308	Causes	use computer	window may crash	1.5849625007211563
29800746	Fully realizing the advances in lung cancer treatment and control requires attention to potential barriers in their momentum and implementation.	requires	Fully realizing the advances in lung cancer treatment	attention	to potential barriers in their momentum	1	1		
334584	334584	HasPrerequisite	lucid dream	make dream jurnal first	1.5849625007211563
196192	196192	IsA	bill clinton	shake hand in crowd	1.5849625007211563
  8398	At 4 p.m. today , Owen will be at Giants Stadium in New Jersey , playing for the English national team against Colombia in a game labeled a friendly .	be	Owen	playing for the English national team against Colombia	1	1			
443298	443298	HasSubevent	cry	shed tears	2.807354922057604
459940	459940	CapableOf	a scientist	fight disease	1.5849625007211563
230750	230750	HasSubevent	play cards	shuffle the cards	2.584962500721156
324750	324750	HasPrerequisite	proposing to a woman	asking the woman to marry you	1.5849625007211563
124678	124678	HasProperty	Dirty people	unwelcome in society	1.5849625007211563
224252	224252	AtLocation	a newspaper	the rug	1.5849625007211563
343662	343662	HasSubevent	eat in fast food restaurant	put on catsup	1.5849625007211563
539895	539895	UsedFor	a curb	collecting rainwater	1.5849625007211563
  9188	  9188	HasSubevent	buy cabbage	only buy a head	1.5849625007211563
270251	270251	IsA	Gold	an expensive metal	2.0
209186	209186	Causes	soak in hotspring	your skin wrinkle temporarily	1.5849625007211563
541909	541909	CapableOf	mechanics	fix automobiles	1.5849625007211563
548681	548681	HasProperty	swimming	fun	2.0
135038	135038	HasSubevent	sell your new book	you may sign it	1.5849625007211563
 78141	 78141	HasProperty	lightning	very dangerous, even deadly	1.5849625007211563
237734	237734	MadeOf	mirror	glass	2.584962500721156
399705	399705	UsedFor	buy food	eat dinner	1.5849625007211563
324782	324782	HasA	many person	poor eyesight	1.5849625007211563
10363140	The introduction of chemotherapy ( CT ) and endocrine therapy in conjunction with surgery and radiation therapy ( XRT ) have changed the natural history of this disease.	have changed	endocrine therapy in conjunction with surgery	the natural history of this disease	1	1			
581598	581598	ReceivesAction	penis	insert into vagina	1.5849625007211563
173264	173264	MotivatedByGoal	empty your bladder	feel good	2.584962500721156
514349	514349	AtLocation	fat peoploe	the gym	1.5849625007211563
 11539	Beauman is married to film director, screenwriter and producer James Bobin, with whom she has one daughter, Madelaine.	is married	Beauman	to producer James Bobin with whom she has one daughter	1	1			
369149	369149	DefinedAs	large-flowered fiddleneck	Amsinckia grandiflora	1.5849625007211563
474292	474292	CapableOf	chef	cry when he cut onion	1.5849625007211563
   555	   555	NotDesires	person	static on radio	1.5849625007211563
353718	353718	HasSubevent	driving	sticky fingers on the wheel	1.5849625007211563
348532	348532	MotivatedByGoal	look through telescope	i want to see martian	1.5849625007211563
108835	108835	CapableOf	person	bug another person	1.5849625007211563
456729	456729	HasPrerequisite	comfort a friend	give them a hug	2.0
258267	258267	MotivatedByGoal	read a manual	you need information	1.5849625007211563
 83834	 83834	UsedFor	uniform	denote association	1.5849625007211563
578561	578561	IsA	jean and slack	both type of pant	1.5849625007211563
177636	177636	UsedFor	the ocean	travel	1.5849625007211563
  4885	  4885	IsA	sol	star	1.5849625007211563
268993	268993	CapableOf	Elephants	run 20 miles per hour	1.5849625007211563
127234	127234	HasSubevent	fiddling	bow the strings	1.5849625007211563
 12134	 12134	HasProperty	a person can reason that something	true or false	1.5849625007211563
557524	557524	HasSubevent	surprising someone	smile	1.5849625007211563
587773	587773	MotivatedByGoal	watch television	see a cartoon	1.5849625007211563
411951	411951	AtLocation	second floor	hotel	1.5849625007211563
196774	196774	DefinedAs	literature	set of write knowledge or expression	1.5849625007211563
408164	408164	IsA	it	generally share think	1.5849625007211563
585100	585100	UsedFor	a crash cymbal	make a loud, metallic noise	1.5849625007211563
309155	309155	UsedFor	stall	term use in airplane flight	1.5849625007211563
424390	424390	AtLocation	grasper	strip joint	1.5849625007211563
297503	297503	IsA	floppy disks	becoming outdated	1.5849625007211563
 86209	 86209	CapableOf	you	buy lot of thing use money	1.5849625007211563
565892	565892	HasProperty	Newspaper columns	skewed	1.5849625007211563
448249	448249	AtLocation	human in nice part	town	1.5849625007211563
 86719	 86719	HasSubevent	going to sleep	yawn	1.5849625007211563
526407	526407	CapableOf	a cashier	price an item	1.5849625007211563
 45819	 45819	NotDesires	a person	be treated unkindly	1.5849625007211563
562896	562896	DefinedAs	cousins	children of aunts and uncles	2.0
536886	536886	HasPrerequisite	A wedding	much planning	1.5849625007211563
446191	446191	IsA	taxpayer	government stooge	1.5849625007211563
151624	151624	CapableOf	a child	long for his home	1.5849625007211563
565956	565956	HasPrerequisite	mail a letter	place a stamp on it	1.5849625007211563
339678	339678	Causes	use calculator	you will get yell at	1.5849625007211563
401765	401765	HasSubevent	read a newspaper	you will learn something	1.5849625007211563
206713	206713	IsA	united states	democracy	1.5849625007211563
 93148	 93148	Desires	person	recognition for job well do	1.5849625007211563
 53701	 53701	Causes	kill	feel of guilt	1.5849625007211563
504737	504737	UsedFor	looking through a telescope	collecting concentrated light	1.5849625007211563
538244	538244	AtLocation	strip mall	oklahoma	1.5849625007211563
239403	239403	HasPrerequisite	drive to work	use your vehicle	1.5849625007211563
 81680	 81680	HasSubevent	eat healthily	you live long	2.0
 35752	 35752	IsA	jean	form of clothe	1.5849625007211563
490674	490674	UsedFor	looking through a telescope	spying	1.5849625007211563
445074	445074	NotDesires	A communist	a counter revolution	1.5849625007211563
414413	414413	AtLocation	bellhop	hotel	2.0
  8424	  8424	IsA	Music	a form of artistic expression	1.5849625007211563
559482	559482	HasPrerequisite	have examination	get good night sleep	1.5849625007211563
132752	132752	IsA	bill clinton	shake hand with person	1.5849625007211563
 20611	 20611	HasA	some fairy tale	rabbit character	1.5849625007211563
428128	428128	MotivatedByGoal	wait in line	reach the front of the line	1.5849625007211563
347742	347742	IsA	a cemetery	a sad place	2.0
 29128	 29128	HasSubevent	go to bed	lie down	2.321928094887362
184960	184960	ReceivesAction	kayak	move with double-ended paddle	1.5849625007211563
 41051	 41051	HasPrerequisite	attend a rock concert	go	1.5849625007211563
 98309	 98309	CausesDesire	being orderly	get in line	1.5849625007211563
 85309	 85309	CapableOf	you	eat at restaurant	2.0
399605	399605	IsA	china dress	apparel	2.0
412311	412311	HasSubevent	going to a baseball game	you eat some peanuts	2.0
441960	441960	UsedFor	playing chess	learning new chess moves	2.321928094887362
214302	214302	MotivatedByGoal	entertain person	them to like you more	1.5849625007211563
359684	359684	DefinedAs	the sport of kings	polo	1.5849625007211563
384029	384029	UsedFor	express information	glorify god	1.5849625007211563
158002	158002	UsedFor	hand luggage	to carry books	1.5849625007211563
 24028	And as city officials scrambled to recruit new foster parents , they found themselves struggling to find homes for teen-agers , children suffering from psychological disorders , young mothers with babies and large groups of siblings .	scrambled to recruit	city officials	new foster parents	1	1			
267696	267696	HasA	You	to pay many fees annually	1.5849625007211563
239780	239780	CapableOf	person	experience life	1.5849625007211563
244092	244092	ReceivesAction	computer	find in library	1.5849625007211563
522535	522535	CausesDesire	life	release your energy	1.5849625007211563
 64635	 64635	CapableOf	if you walk far you	wear shoe	1.5849625007211563
551325	551325	CapableOf	something	reproduce	2.321928094887362
184204	184204	HasSubevent	growing vegetables	get dirty	1.5849625007211563
 88102	 88102	CapableOf	human must know that what they	be important	1.5849625007211563
 60115	 60115	CapableOf	nose	descriminate by smell	1.5849625007211563
284885	284885	UsedFor	commit perjury	get of scott free	2.584962500721156
205474	205474	CapableOf	A spender	burn through a lot of cash	1.5849625007211563
  1185	  1185	MotivatedByGoal	jump rope	get some exercise	1.5849625007211563
 26984	This font contains many largely recognized shapes and gestures as well as some recognized world symbols , such as the Star of David , the symbols of the zodiac , index or manicle signs and obscure ampersands .	contains	This font	index signs	1	1			
595541	595541	DefinedAs	A female child	daughter of her parents	1.5849625007211563
127838	127838	HasPrerequisite	riding a bicycle	balance	1.5849625007211563
576429	576429	HasSubevent	scoring a home run	the ball is hit	1.5849625007211563
398410	398410	CreatedBy	mountain	geological process	1.5849625007211563
442247	442247	UsedFor	fly in airplane	get to destination	1.5849625007211563
332941	332941	HasProperty	person	born curious	1.5849625007211563
579540	579540	UsedFor	seeing an exciting story	pleasure	1.5849625007211563
234262	234262	HasFirstSubevent	attend class	get out your notebook	1.5849625007211563
531977	531977	MotivatedByGoal	put them into the washing machine	wash clothes	1.5849625007211563
361644	361644	HasProperty	Apple pie a la mode	just as American as apple pie	1.5849625007211563
246743	246743	IsA	woman	flirt with baby	1.5849625007211563
449416	449416	AtLocation	a highlighter pen	a student's desk	1.5849625007211563
158398	158398	UsedFor	a teakettle	producing steam	2.321928094887362
 31713	 31713	ReceivesAction	A cupboard	found in a kitchen	1.5849625007211563
127568	127568	UsedFor	a main artery	moving blood through the body	1.5849625007211563
244310	244310	UsedFor	taking the bus	When you don't have a car	1.5849625007211563
492250	492250	CapableOf	criminal	fear police	1.5849625007211563
  7991	The jury forewoman , Marjorie Gleason , said Dr. Najarian 's fame had not affected the verdict .	is	The jury forewoman	Marjorie Gleason	1	1			
304714	304714	HasFirstSubevent	get some physical activity	stretch	1.5849625007211563
 10037	The third measure -- to limit early releases -- would affect anyone convicted of a previous offense , anyone who has committed a major felony and anyone found guilty of a crime relating to the sale of drugs .	found	anyone	guilty of a crime relating to the sale of drugs	1	1			
241998	241998	HasPrerequisite	falling	losing your ballance	1.5849625007211563
596982	596982	AtLocation	small clothe	which to dress doll	1.5849625007211563
 17840	 17840	HasProperty	Cellular phones	known as mobile phones	1.5849625007211563
461878	461878	AtLocation	a tape dispenser	a desk	2.807354922057604
184065	184065	CausesDesire	freedom	go on a vacation	1.5849625007211563
341881	341881	HasProperty	Banks	well lit	1.5849625007211563
406547	406547	IsA	music	a way to let out emotions	2.321928094887362
105064	105064	AtLocation	prayer	synagogue	1.5849625007211563
113167	113167	Desires	a person	drive	1.5849625007211563
349510	349510	HasProperty	A measuring cup	useful in baking and cooking	1.5849625007211563
207926	207926	HasPrerequisite	take stand	be witness in court	1.5849625007211563
559095	559095	HasSubevent	take final exams	take tests	1.5849625007211563
176000	176000	AtLocation	president	whitehouse	1.5849625007211563
 29564	In the United States , the wheat beer '' is the entry-level serious beer , the training wheel beer , '' said Bill Owens , publisher of Beer , the Magazine , in Hayward , Calif. .	is	In the United States the wheat beer is the entry-level serious beer	the training wheel beer	1	1			
414619	414619	UsedFor	book office	make plan	1.5849625007211563
216046	216046	IsA	a pizzeria	restaurant	2.321928094887362
442624	442624	Desires	a person	feel they are making a difference	2.0
544241	544241	UsedFor	kill someone	send your soul to hell	2.321928094887362
 11343	 11343	DefinedAs	a consumer	A person	1.5849625007211563
275528	275528	AtLocation	bed	loft	2.0
438878	438878	HasA	many room	chair	1.5849625007211563
396350	396350	ReceivesAction	tire on car	fill with air	1.5849625007211563
409847	409847	HasPrerequisite	taste something sweet	eat peach	1.5849625007211563
593612	593612	HasProperty	raisin	sweet and chewy	1.5849625007211563
244146	244146	AtLocation	tomorrow	the future	1.5849625007211563
340390	340390	CapableOf	Young children	pick their noses	1.5849625007211563
112497	112497	AtLocation	box of tissue	desk	2.0
423281	423281	ReceivesAction	bill	written on paper	1.5849625007211563
560045	560045	MotivatedByGoal	repeat it to yourself a few times	remember something	1.5849625007211563
259187	259187	AtLocation	a husband	a city	2.321928094887362
134373	134373	CapableOf	a janitor	clean a sink	1.5849625007211563
 66958	 66958	IsA	Concert A	440 Hz	1.5849625007211563
570015	570015	HasPrerequisite	learn about a subject	use a search engine	1.5849625007211563
188011	188011	Desires	a person	adoration	2.0
111668	111668	Causes	eating sugar	bad teeth	1.5849625007211563
   156	` Audiences Are More Receptive ' Mr. Tinaikar , whose his hair reaches his shoulders and who wears a T-shirt and faded jeans , said that until recently Indian fans felt that local bands '' were not good enough . '' ''	were enough	local bands	good	1	1			
422734	422734	UsedFor	cooking dinner	preparing food	1.5849625007211563
 22860	These immigrants `` deserve consideration under the laws that were in place when they applied '' for asylum , said Rep. Lincoln Diaz-Balart , R-Fla. , who is the lead sponsor of House legislation that would change the current law .	were in	the laws	place	1	1			
530218	530218	UsedFor	basement	provide shelter	1.5849625007211563
484563	484563	AtLocation	something	wrong place	1.5849625007211563
170896	170896	HasSubevent	play game of chess	you think ahead	1.5849625007211563
116896	116896	AtLocation	Nitrogen	the air	3.0
533775	533775	IsA	they	sentient be	1.5849625007211563
25772641	The concept of lower is better when considering the goal for glycemic control in patients with diabetes mellitus has recently been challenged due to recent studies , such as ACCORD , ADVANCE , and VADT , which have observed increased morbidity and mortality from intensive control , especially in older adults , and in those with long duration of diabetes disease and chronic complications.	have observed	VADT	mortality	from intensive control	1	1		
594596	594596	HasSubevent	dive	are under water	1.5849625007211563
187241	187241	ReceivesAction	Dressage horses	trained differently than quarter horses	1.5849625007211563
17117325	Prevention of lung cancer in both women and men is a priority public health concern.	is	Prevention of lung cancer in men	a priority public health concern	1	1			
 14266	While in the legislature , he sponsored successful bills to encourage state purchasing of `` environmentally preferable '' products , to allow Colorado State University to require graduate student health insurance , and to create licensing standards for hemodialysis technicians .	be allow Colorado State University to require	environmentally preferable products	graduate student health insurance	1	1			
128512	128512	MotivatedByGoal	have a nervous breakdown	you were stressed out	2.321928094887362
123161	123161	HasProperty	some fish	color	1.5849625007211563
314303	314303	HasProperty	People	sad when other people die	2.0
522216	522216	HasSubevent	go to mall	watch person	2.0
  3450	The lucrative business of lending to small and mid-sized companies is one where success often depends on good public relations .	depends often	success	QUANT_O_1	1	1			
323482	323482	ReceivesAction	golf equipment	kept in a bag	1.5849625007211563
535073	535073	HasA	mammal	leg	1.5849625007211563
 18523	A12 Library Donor List Sought Representative Dan Burton , the chairman of the House committee investigating former President Bill Clinton 's pardons , said that he suspected that some of the people pardoned had used '' straw donors '' to make contributions to the foundation building Mr. Clinton 's presidential library .	is the chairman of	A12 Library Donor List Sought Representative Dan Burton	the House committee investigating former President Bill Clinton 's pardons	1	1			
363099	363099	AtLocation	cheese	kitchen	2.0
133190	133190	HasSubevent	person curl their hair	they use curl iron	1.5849625007211563
530794	530794	AtLocation	long hair on human	human head	1.5849625007211563
460519	460519	AtLocation	traveler	airport	2.807354922057604
415647	415647	UsedFor	swimming	moving through water	1.5849625007211563
412563	412563	Causes	dressing nice	giving a good first impression	1.5849625007211563
122782	122782	HasFirstSubevent	buy pet	choose kind of pet	1.5849625007211563
256384	256384	NotHasProperty	doctor heal person when they	well	1.5849625007211563
 44591	 44591	HasSubevent	play ball	hit ball with baseball bat	2.321928094887362
  8650	  8650	HasSubevent	get onto web	disconnection occur	1.5849625007211563
332338	332338	CapableOf	a person	try to learn	2.584962500721156
210022	210022	AtLocation	a health food store	a shopping center	1.5849625007211563
290044	290044	ReceivesAction	drug	find in hospital	1.5849625007211563
 65430	 65430	IsA	if there	no electricity a fuse cannot blow	1.5849625007211563
210817	210817	HasSubevent	skiing	go fast	1.5849625007211563
230043	230043	UsedFor	a key	locking locks	1.5849625007211563
246226	246226	IsA	saloon	good place to find beer	1.5849625007211563
198944	198944	UsedFor	mailing a letter	sending a bacteria	1.5849625007211563
560423	560423	IsA	we	in japan	1.5849625007211563
153323	153323	HasProperty	The North Star	Polaris	1.5849625007211563
155422	155422	HasPrerequisite	buying something	paying for it	2.0
331532	331532	AtLocation	void	space	1.5849625007211563
348066	348066	UsedFor	an icebox	keeping drinks cold	1.5849625007211563
130186	130186	NotHasProperty	very old television set	able to display color	1.5849625007211563
243241	243241	IsA	rainy	weather	2.0
 10300	 10300	Causes	go on vacation	overspend	1.5849625007211563
291425	291425	MotivatedByGoal	tell lie on witness stand	commit perjury	1.5849625007211563
338242	338242	UsedFor	start fire	grill	1.5849625007211563
318813	318813	HasPrerequisite	play sports	learn one	1.5849625007211563
576725	576725	Causes	stop stand in it	get you dry	1.5849625007211563
392179	392179	UsedFor	hearing the crowd go mad	enjoying applause	1.5849625007211563
429924	429924	CapableOf	sometimes person	right wrong	1.5849625007211563
136916	136916	AtLocation	key and coin	pocket	1.5849625007211563
 24981	Mr. Clifford and his protege and law partner , Robert A. Altman , were charged in separate Federal and state indictments on July 19 with making millions of dollars in illegal profits from their association with the rogue international bank .	were charged in separate state indictments with	his protege	making millions of dollars in illegal profits from their association with the rogue international bank	1	1			
169724	169724	HasLastSubevent	cook dinner	eat it	1.5849625007211563
308596	308596	CapableOf	heater	warm your foot	1.5849625007211563
  2663	  2663	AtLocation	anemone	field of flower	1.5849625007211563
222388	222388	CapableOf	A person	knock	2.0
 63418	 63418	HasSubevent	shop	loss of well earn income	1.5849625007211563
390172	390172	HasPrerequisite	fence	stab yourself	1.5849625007211563
20351698	Enteroviruses , through persistent and / or successive infections , can interact with the adaptive immune system.	can interact	Enteroviruses	with the adaptive immune system	1	1			
362462	362462	CapableOf	person	drive car to restaurant	1.5849625007211563
449721	449721	UsedFor	soccer field	competitive sport	1.5849625007211563
213417	213417	UsedFor	hourglass	meassure time	2.321928094887362
298938	298938	AtLocation	heater	electrical good store	1.5849625007211563
513107	513107	HasProperty	apple	use for eat	1.5849625007211563
 85080	 85080	Causes	attending a rock concert	ringing in the ears	1.5849625007211563
256617	256617	ReceivesAction	pain	experience by live creature	1.5849625007211563
550085	550085	IsA	A boat	a vessel	1.5849625007211563
518341	518341	MotivatedByGoal	make person laugh	you imitate teacher	1.5849625007211563
338636	338636	IsA	kazaa	european-designed file-sharing program	1.5849625007211563
 24994	Mr. Zaritsky 's explanation was straightforward 	had been	Cardinal Law	the key public voice	1	1			
198745	198745	UsedFor	a wagon	move flowers	1.5849625007211563
481851	481851	AtLocation	astronaut pen	space shuttle	2.321928094887362
  2860	  2860	HasSubevent	go on vacation	you stay away from office	1.5849625007211563
111129	111129	IsA	a reflective surface	surface	2.0
228169	228169	Causes	walking in the rain	getting soaked	1.5849625007211563
157568	157568	HasProperty	robert	male	1.5849625007211563
496125	496125	HasA	many household in america	television	1.5849625007211563
203594	203594	HasFirstSubevent	swim	enter a body of liquid	1.5849625007211563
322891	322891	IsA	Miscanthus	ornamental grass	1.5849625007211563
103803	103803	IsA	excercise	esential for good health	1.5849625007211563
429059	429059	Causes	cleaning clothing	wrinkles	2.0
 60796	 60796	HasPrerequisite	debate politics	know about your subject	1.5849625007211563
562250	562250	HasPrerequisite	go for spin	get key to car	1.5849625007211563
497390	497390	UsedFor	see exhibit	learn how to make something	1.5849625007211563
 77991	 77991	HasA	grass	chlorophyl	1.5849625007211563
582488	582488	UsedFor	talk	communicate with another individual	1.5849625007211563
308050	308050	UsedFor	fencing	entertainment	1.5849625007211563
133113	133113	IsA	dart	sharp object that is thrown in a game	1.5849625007211563
350437	350437	UsedFor	singing	sharing good news	1.5849625007211563
332627	332627	ReceivesAction	photographs	taken in a car	1.5849625007211563
187807	187807	PartOf	house	someone asset	2.321928094887362
144589	144589	IsA	whale	beluga whale	2.0
   486	Schools Chancellor Ramon C. Cortines acknowledged last week that one factor in his decision not to close the schools during the Feb. 11 snowstorm -- in which New York City was declared to be in a snow emergency -- was continuing uncertainty over the school calendar .	New York City was declared to be in a snow emergency was continuing uncertainty over	QUANT_S_1 factor in his decision not to close the schools during the Feb. 11 snowstorm	the school calendar	1	1			
126353	126353	Causes	resting	one to sleep	1.5849625007211563
348846	348846	HasPrerequisite	eat	utensil	1.5849625007211563
458212	458212	IsA	type writer	consider consumable good in economics	1.5849625007211563
242741	242741	HasProperty	chaos	rare random	1.5849625007211563
279804	279804	Causes	giving a clue	increased consternation	1.5849625007211563
377409	377409	AtLocation	flowers	the refrigerator	1.5849625007211563
 21244	 21244	DefinedAs	round rocksnail	Leptoxis ampla	1.5849625007211563
500809	500809	UsedFor	foot	stand	2.321928094887362
 69246	 69246	NotDesires	person	have their freedom take away	2.321928094887362
288708	288708	UsedFor	denim	jeans	2.807354922057604
132866	132866	HasProperty	series of terrace	shape like stairway	1.5849625007211563
233503	233503	AtLocation	a kitten	a dresser drawer	1.5849625007211563
150953	150953	CapableOf	At films people	sit in chairs	1.5849625007211563
212788	212788	Desires	person	salad with dinner	1.5849625007211563
 10635	Her father was a physician and her mother a schoolteacher .	was	Her father	a physician	1	1			
 75370	 75370	CapableOf	moderaters	even power differential	1.5849625007211563
531568	531568	Causes	returning to work	earning a living	1.5849625007211563
142563	142563	HasSubevent	talking to someone	to have a conversation	1.5849625007211563
  3244	His first at-bat came Sept. 11 , 1982 , as he popped out to third off Milwaukee 's JIM SLATON ... JOSE CANSECO was 3 for 11 with 2 r.b.i. 's in his first series for Texas .	was QUANT_R_1 for	JOSE CANSECO	QUANT_O_1	1	1			
306788	306788	ReceivesAction	Sunlight	filtered by clouds	1.5849625007211563
231349	231349	HasPrerequisite	go on strike	belong to union	1.5849625007211563
234698	234698	UsedFor	a dynamite	get someone's attention	1.5849625007211563
179549	179549	UsedFor	comb and brush	make your hair look good	2.321928094887362
295571	295571	CausesDesire	a friends birthday	give a gift	1.5849625007211563
259780	259780	MotivatedByGoal	kill someone	there money	1.5849625007211563
265624	265624	ReceivesAction	Our lives	filled with'beeps'	1.5849625007211563
531612	531612	HasSubevent	take care of proposal	you may reject all of them	1.5849625007211563
593065	593065	HasSubevent	tell a story	make facts accurate	1.5849625007211563
359355	359355	AtLocation	rosebush	bloom in spring	1.5849625007211563
218913	218913	HasSubevent	buy something	you run out of money	1.5849625007211563
 10871	Few teams have fallen to such depths the year after making it to the Super Bowl .	have fallen to	QUANT_S_1 teams	such depths	1	1			
582912	582912	AtLocation	16 chess pawn	chess game	1.5849625007211563
31129045	Early integration of palliative care with respiratory , primary care , and rehabilitation services can help patients and caregivers.	can help	Early integration of palliative care with respiratory , primary care	patients	1	1			
  7934	  7934	Causes	run	stitch	1.5849625007211563
404131	404131	HasProperty	person and computer	dependent on each other	1.5849625007211563
180376	180376	UsedFor	playing baseball	recreation	1.5849625007211563
15315864	Because of the progressive pancreatic beta - cell failure that causes hyperglycemia in type 2 diabetes , many people with type 2 diabetes will ultimately require insulin for disease management.	will require	many people with type 2 diabetes	insulin for disease management	ultimately	1	1		
559443	559443	IsA	walnuts	a walnut tree	1.5849625007211563
176870	176870	UsedFor	A bay	sailing on	1.5849625007211563
 79599	 79599	HasProperty	Children	more than little adults	1.5849625007211563
581035	581035	HasSubevent	obstructing justice	sweat	1.5849625007211563
 63872	 63872	CapableOf	a hairdryer	short a socket	1.5849625007211563
 76317	 76317	AtLocation	a roof	an airplane	1.5849625007211563
105052	105052	AtLocation	canvas	in art gallery	1.5849625007211563
352979	352979	UsedFor	find truth	discredit lie	2.321928094887362
175324	175324	AtLocation	someone	politcal rally	1.5849625007211563
 37042	Speaking this month at the American Astronomical Society 's Division for Planetary Sciences meeting in Louisville , Ky. , Dr. Michael Mumma , a senior scientist at NASA 's Goddard Space Flight Center in Greenbelt , Md. , reported three years of observations had provided strong evidence for methane . ''	had provided strong evidence for	QUANT_S_1 years of observations	methane	1	1			
503009	503009	AtLocation	tuna fish	ocean	1.5849625007211563
 88560	 88560	HasProperty	the cost of maintaining good health	very high	1.5849625007211563
554898	554898	HasA	forrests	tree	1.5849625007211563
283169	283169	HasProperty	killing people without reason	illegal	1.5849625007211563
153599	153599	HasProperty	Some people	addicted to alcohol	1.5849625007211563
115853	115853	MotivatedByGoal	have checkup	see if anything be wrong	1.5849625007211563
  9052	  9052	NotDesires	person	feel unattractive	2.321928094887362
534690	534690	PartOf	The glans	the penis	2.0
417045	417045	UsedFor	procreating	making babies	2.0
 21765	 21765	HasSubevent	learn about a subject	appreciation for it	1.5849625007211563
143857	143857	CapableOf	A backhoe	dig a trench	1.5849625007211563
477228	477228	UsedFor	an eye	creatures that can see	2.321928094887362
538120	538120	AtLocation	2 pencil	school	2.321928094887362
596339	596339	UsedFor	leaving the line	taking the eggs off the stove	1.5849625007211563
284673	284673	NotDesires	person	herpes	1.5849625007211563
   476	Ethan Geto , a spokesman for St. Barnabas , said that the hospital 's president , Dr. Ronald Gade , could not be reached for comment yesterday and that no other hospital officials were authorized to make any comment .	is	the hospital 's president	Dr. Ronald Gade	1	1			
493054	493054	HasPrerequisite	visit other countries	be a traveler	1.5849625007211563
255525	255525	CausesDesire	Being out of work	get a job	1.5849625007211563
 79692	 79692	HasPrerequisite	taking an oath	sincerity	1.5849625007211563
322927	322927	IsA	Mohammed Atef	a member of al-Qaeda	1.5849625007211563
436945	436945	AtLocation	sun bather	at beach	2.0
270130	270130	HasFirstSubevent	write a program	open a new file	1.5849625007211563
 38895	John Parrinello , a lawyer in Rochester who is serving as the family 's spokesman , said 	is serving as	a lawyer in Rochester	the family 's spokesman	1	1			
322450	322450	HasPrerequisite	buy christmas present	go to gift shop	1.5849625007211563
457731	457731	ReceivesAction	A penny	made out of copper	1.5849625007211563
155810	155810	MotivatedByGoal	drive your car	go somewhere quickly	1.5849625007211563
343296	343296	IsA	Adrenalin	a synthesized version of epinephrine	1.5849625007211563
391594	391594	ReceivesAction	light bulb	invent by thomas edison	1.5849625007211563
  8492	  8492	AtLocation	livingroom	home	1.5849625007211563
  4511	  4511	AtLocation	bottle wine	the dining room	1.5849625007211563
269039	269039	Causes	going on strike	you no longer work	1.5849625007211563
  3565	  3565	HasProperty	both cardboard and can	recyclable	2.0
573642	573642	UsedFor	theatre	use public restroom	1.5849625007211563
249158	249158	IsA	dancing	a form of human social interaction	1.5849625007211563
311412	311412	HasSubevent	eating in a fast food restaurant	read a paperback	1.5849625007211563
115608	115608	DefinedAs	Planet Venus	second closest planet to the sun	1.5849625007211563
473012	473012	HasProperty	tortillas	flexible	1.5849625007211563
177853	177853	IsA	Tennis and aerobics	ways to get excercise	1.5849625007211563
254461	254461	IsA	internet and email	powerful business tool	1.5849625007211563
125372	125372	HasProperty	shinto shrine	mark by torii gate	1.5849625007211563
244410	244410	AtLocation	magnetic pickups	an electric guitar	1.5849625007211563
378787	378787	NotHasProperty	The cars	moving	1.5849625007211563
144163	144163	Desires	person	crispy potato chip	1.5849625007211563
536954	536954	CapableOf	deer	fear hunters	1.5849625007211563
462484	462484	NotDesires	a person	tropcial diseases	1.5849625007211563
537692	537692	HasSubevent	celebrate	host	1.5849625007211563
400090	400090	UsedFor	paint	add nice feel	1.5849625007211563
414886	414886	HasPrerequisite	sell your new book	hire an agent	1.5849625007211563
179901	179901	CapableOf	A pet	suffer with an illness	1.5849625007211563
549486	549486	AtLocation	a row	a table	1.5849625007211563
486516	486516	CapableOf	A person	eats sugar	1.5849625007211563
 67146	 67146	UsedFor	calendar pad	remember important date	1.5849625007211563
331131	331131	MotivatedByGoal	gain more land	large farm	1.5849625007211563
451822	451822	HasPrerequisite	eat dinner	take bite	1.5849625007211563
446565	446565	HasProperty	Washing your mouth with soap	dangerous	1.5849625007211563
 54746	 54746	HasPrerequisite	wage war	stockpile weapon and gather troop	1.5849625007211563
263599	263599	UsedFor	leaf	make food for tree	1.5849625007211563
 22066	 22066	HasSubevent	fall	become object of embarassment	1.5849625007211563
232589	232589	AtLocation	the Milky Way	stars	1.5849625007211563
107337	107337	DefinedAs	execution	kill of person	1.5849625007211563
417180	417180	Causes	kissing someone	your lips will touch someone	2.321928094887362
508657	508657	Causes	ride bicycle	exercise	1.5849625007211563
572487	572487	DefinedAs	The FDIC	Federal Deposit Insurance Corporation	1.5849625007211563
396827	396827	PartOf	Terrance and Philip	South Park	1.5849625007211563
536508	536508	CapableOf	train	arrive on schedule	3.1699250014423126
285074	285074	HasPrerequisite	make shop list	write list of item	1.5849625007211563
151680	151680	UsedFor	discovering the truth	careful study	1.5849625007211563
538436	538436	CapableOf	computer program	consider algorithm	1.5849625007211563
 43682	 43682	ReceivesAction	insulin	give to diabetic	1.5849625007211563
 21888	 21888	UsedFor	an arrow	denote direction	1.5849625007211563
 19128	The situation was complicated by the sparse number of United Nations military observers positioned on the two mountains , by a Serbian decision to bar most reporters from the area , and by a series of conflicting statements by Serbian political and military leaders .	be positioned on	United Nations military observers	the QUANT_O_1 mountains	1	1			
21601788	Studies have shown that colorectal cancer ( CRC ) incidence is equal between men and women.	have shown	Studies	that colorectal cancer ( CRC ) incidence is equal between men and women	1	1			
126568	126568	HasSubevent	sleep at night	steal blanket	1.5849625007211563
313573	313573	AtLocation	lamppost	at street corner	1.5849625007211563
262402	262402	HasSubevent	cleaning your clothes	adding soap	2.0
226914	226914	HasPrerequisite	successful endeavor	continuous exertion	1.5849625007211563
  7148	Led by Guy Hands , managing director for Nomura International 's Principal Finance Group , the unit has completed more than $ 11 billion in securitizations since 1995 , including the 944 million pound securitization of Angel Trains , which the U.K. government sold as part of its rail privatization program ; the 904 million pound securitization of Annington Homes , a group of 57,000 British military houses ; and the 249 million pound securitization of the Phoenix Inns pub chain Nomura also bought from GrandMet and Fosters .	which sold	the U.K. government	Angel Trains	1	1			
 13211	 13211	HasFirstSubevent	destroy your enemy	develop plan of attack	1.5849625007211563
479486	479486	UsedFor	an arm	going further inland on water	1.5849625007211563
281367	281367	IsA	cable	message	1.5849625007211563
275499	275499	IsA	statue of liberty	present from france	2.0
599523	599523	IsA	most common hat	baseball cap	2.321928094887362
 72809	 72809	CapableOf	garbage	be container	1.5849625007211563
 53754	 53754	IsA	A purebred	a dog	1.5849625007211563
24084701	According to the structural equation model , self - efficacy was the predictor variable that influenced both self - care and glycemic control.	was	self - efficacy	the predictor variable that influenced both self - glycemic control	1	1			
501993	501993	UsedFor	move sidewalk	lazy person	1.5849625007211563
 67770	 67770	UsedFor	remember something	memory	1.5849625007211563
486513	486513	HasProperty	water	very soothe	1.5849625007211563
316577	316577	Causes	weed garden	back pain	2.0
322862	322862	HasFirstSubevent	pretend	believe in a diety	1.5849625007211563
 24836	REBOUNDS The Nets ' president , ROD THORN , gave permission for MIKE O'KOREN , the second Nets ' assistant , to talk to EDDIE JORDAN about an assistant 's job in Washington because it would not be a parallel move . ''	is	The Nets ' president	ROD THORN	1	1			
 28526	 28526	HasProperty	The quantum world	holistic	1.5849625007211563
146966	146966	AtLocation	pencil sharpener	your desk	2.584962500721156
446856	446856	IsA	Crops	plants	2.0
448043	448043	AtLocation	table cloth	cupboard	1.5849625007211563
 96080	 96080	AtLocation	video tapes	a cabinet	2.0
216154	216154	UsedFor	bring home some fish	make fish stew	1.5849625007211563
277869	277869	IsA	Retrievers	dog that are often	1.5849625007211563
450838	450838	Causes	play hockey	injury to jaw	1.5849625007211563
126324	126324	CapableOf	socialist	become communist	2.0
10583714	Recent data have shown that an elevated plasma level of the amino acid homocysteine ( Hcy ) is a common , independent , easily modifiable and possibly causal risk factor for cardiovascular disease ( CVD ) which may be of equal importance to hypercholesterolemia , hypertension and smoking.	is	an elevated plasma level of the amino acid homocysteine	a possibly causal risk factor for cardiovascular disease ( CVD ) which may be of equal importance to smoking	1	1			
196650	196650	UsedFor	ledger	account	1.5849625007211563
218726	218726	MotivatedByGoal	decide a criminal's fate	society must be protected	2.321928094887362
 99374	 99374	UsedFor	a refrigerator	keeping food	2.321928094887362
467610	467610	AtLocation	excavation	egypt	2.321928094887362
348735	348735	Causes	urinate	empty bladder	3.1699250014423126
462621	462621	MotivatedByGoal	eat healthily	you care about your body	1.5849625007211563
 17029	 17029	HasA	good marksman will	tight pattern	1.5849625007211563
 91655	 91655	IsA	violens	string instrument	2.0
 53767	 53767	Causes	buying presents	debt	1.5849625007211563
525532	525532	Desires	Everyone	travel	1.5849625007211563
384162	384162	Causes	planning a vacation	having something to look forward to	1.5849625007211563
117961	117961	AtLocation	tv set	friend house	2.584962500721156
188912	188912	PartOf	Escondido	California	1.5849625007211563
 89746	 89746	UsedFor	water	bathe in	2.584962500721156
460818	460818	MotivatedByGoal	compete against someone	become selfish	1.5849625007211563
100563	100563	HasProperty	air conditioner	very important in warm climate	1.5849625007211563
 30800	Dr. Saslow said , however , that even a woman who does not need yearly Pap tests will have to see a doctor at least once a year for matters like birth control , sexually transmitted diseases and problems arising from menopause .	have to see a doctor at	even a woman	least once for matters like birth control	1	1			
527087	527087	UsedFor	visiting a museum	realizing the past	1.5849625007211563
375184	375184	UsedFor	a desk tray	storing passwords	1.5849625007211563
520459	520459	IsA	Oregon	a state in the USA	1.5849625007211563
374576	374576	HasFirstSubevent	make people laugh	laugh along	1.5849625007211563
267661	267661	HasSubevent	destroy your enemy	you win	1.5849625007211563
148226	148226	CapableOf	person	cloth themselves in public	1.5849625007211563
  2422	Overrunning Gorazde , the last pocket of significant resistance in eastern Bosnia , would give the Serbs control of the entire Drina valley and of a main road linking Serbia 's capital , Belgrade , and the Adriatic coast .	give the Serbs control of	Overrunning Gorazde	the entire Drina valley	1	1			
355361	355361	UsedFor	conquer nation	distract your subject from domestic problem	2.321928094887362
493662	493662	IsA	florida state song	suwannee river	1.5849625007211563
131901	131901	IsA	h_m_o	medical clinics with less functionality than hospitals	1.5849625007211563
278579	278579	CapableOf	dolphins	swim	2.807354922057604
244702	244702	HasProperty	armchair	comfortable	1.5849625007211563
380548	380548	UsedFor	timer	wake up	2.0
317738	317738	CapableOf	human ear	hear between 20 and 20000 hz	1.5849625007211563
266447	266447	IsA	andromeda	our neighbor glaxy	1.5849625007211563
335666	335666	HasProperty	trains need to	aerodynamic to move fast	1.5849625007211563
293607	293607	IsA	a gigabyte	a Megabytes	1.5849625007211563
317100	317100	AtLocation	a doctor office	town	1.5849625007211563
470676	470676	HasSubevent	hearing the crowd go mad	smile	1.5849625007211563
413133	413133	IsA	Kids' parties	fru-fru	1.5849625007211563
489640	489640	NotHasA	empty picture frame	picture	1.5849625007211563
240543	240543	AtLocation	a serving trolley	a hotel	2.321928094887362
125537	125537	IsA	Wings	limbs	2.0
 88505	 88505	HasPrerequisite	read the newspaper	open it	3.0
544112	544112	HasProperty	australian labor party	abbreviate to'alp	1.5849625007211563
 12065	The market wants to do better , said Gregory Bundy , head of equity trading at Merrill Lynch Japan Inc. .	is	Gregory Bundy	head of equity trading at Merrill Lynch Japan Inc.	1	1			
348441	348441	MotivatedByGoal	cut your hair	look attractive	1.5849625007211563
 24108	Opponents of BHA and BHT argue that there is no need to use these chemicals because vitamins C and E , which are also antioxidants , can be used for the same purposes .	are also	vitamins C	antioxidants	1	1			
 24637	 24637	HasProperty	lake water	cold	1.5849625007211563
403450	403450	Causes	purchasing a cellular phone	you have another bill to pay	1.5849625007211563
578551	578551	IsA	the little girl	holding a puppy	2.584962500721156
 93120	 93120	AtLocation	workers	at the office	1.5849625007211563
474441	474441	HasSubevent	light match	you burn your finger	2.321928094887362
 73645	 73645	IsA	trash container	temporary storage unit for waste	1.5849625007211563
341389	341389	Desires	you	your son to learn french	1.5849625007211563
476905	476905	IsA	glass	a mineral	1.5849625007211563
159539	159539	UsedFor	A net	preventing submarines from entering a harbor	2.321928094887362
295113	295113	HasProperty	The urban revolution	round about 3500 B.C	1.5849625007211563
 50393	 50393	CapableOf	sharp-eyed guard	notice telltale sign	1.5849625007211563
 34706	 34706	CapableOf	a linen	go on a table	1.5849625007211563
347243	347243	HasSubevent	viewing a video	watching a television	1.5849625007211563
248293	248293	AtLocation	a piece	coal in a bucket	1.5849625007211563
378711	378711	Causes	drinking	hydration	1.5849625007211563
149772	149772	Causes	attend rock concert	have fun	1.5849625007211563
273443	273443	AtLocation	word	page of book	1.5849625007211563
427509	427509	HasProperty	factory	very large	1.5849625007211563
355998	355998	UsedFor	cook meal	provide nurishment	1.5849625007211563
386786	386786	UsedFor	curb	collect rainwater	1.5849625007211563
286653	286653	CapableOf	The Taliban	duck and cover	1.5849625007211563
585645	585645	UsedFor	pad	draw on	1.5849625007211563
587941	587941	MotivatedByGoal	have a nervous breakdown	a break from overwhelming stress	1.5849625007211563
340431	340431	AtLocation	a small dog in a movie	small dogs	1.5849625007211563
152307	152307	IsA	Toilet paper	a wonderful invention	2.0
265061	265061	Causes	get some physical activity	your blood would circulate fast	1.5849625007211563
444719	444719	AtLocation	ketchup	a resturant	1.5849625007211563
419233	419233	AtLocation	many animal	earth	2.584962500721156
563702	563702	HasSubevent	go to store	go through enter door	1.5849625007211563
215463	215463	AtLocation	worry	quandry	1.5849625007211563
298155	298155	HasPrerequisite	take final	steal exam ahead of time	1.5849625007211563
457122	457122	HasPrerequisite	kill someone	put rattlesnake in their bed	1.5849625007211563
419993	419993	UsedFor	a boundary	keeping things in	1.5849625007211563
267133	267133	UsedFor	pass class	graduate	2.321928094887362
468949	468949	UsedFor	typing	people who have sloppy handwriting	1.5849625007211563
26111830	Nevertheless , the current treatment regimen is not satisfying , as none of the patients truly fulfill the treatment target.	is not satisfying	the current treatment regimen	as none of the patients truly fulfill the treatment target	1	1			
418752	418752	HasPrerequisite	decide a criminal's fate	excercise vigilante justice	1.5849625007211563
292583	292583	IsA	clone human	consider un ethical	1.5849625007211563
333570	333570	UsedFor	machine	make popcorn	2.0
 22487	 22487	IsA	one part of history	human progress	1.5849625007211563
223051	223051	IsA	song	integral part of human culture	1.5849625007211563
177907	177907	CapableOf	Only popular shows	become a rerun	1.5849625007211563
467482	467482	AtLocation	cloth	table	1.5849625007211563
293909	293909	HasPrerequisite	serving justice	patience	1.5849625007211563
 13442	 13442	IsA	Jokes	almost always at someone's expense	2.321928094887362
538599	538599	CapableOf	A person	put toys away	1.5849625007211563
541663	541663	HasSubevent	live life	sorrow	1.5849625007211563
380427	380427	AtLocation	beef	grocery store	1.5849625007211563
442976	442976	HasSubevent	drinking	needing to go for a pee	1.5849625007211563
 25260	A dam on the creek has created a lake covering for fishing , boating , and swimming .	has created 	A dam on the creek	 a lake covering	1	1			
 94811	 94811	IsA	Pleasure	a feeling of satisfaction or joy	1.5849625007211563
285614	285614	Causes	killing people	you would go to jail	1.5849625007211563
358867	358867	NotDesires	painter	drip paint on floor	2.321928094887362
110948	110948	UsedFor	a machine	receive signals	1.5849625007211563
101561	101561	IsA	ice cold champayne	often	1.5849625007211563
273415	273415	AtLocation	an attraction	disneyland	2.807354922057604
140137	140137	UsedFor	a delicatessen	lunchmeat	1.5849625007211563
437904	437904	HasSubevent	celebrate	view stand be build	1.5849625007211563
383055	383055	NotCapableOf	if ship sink it	float	1.5849625007211563
490784	490784	Desires	person	organize workspace	1.5849625007211563
242386	242386	AtLocation	condominium	michigan	1.5849625007211563
388139	388139	MotivatedByGoal	go to the zoo	see wild animals	1.5849625007211563
431034	431034	IsA	Sea cucumbers	animals	2.1699250014423126
 12682	 12682	DefinedAs	Coachella Valley fringe-toed lizard	Uma inornata	1.5849625007211563
409071	409071	Causes	climb mountain	reach high altitude	1.5849625007211563
175082	175082	AtLocation	a train seat	a train	2.321928094887362
549498	549498	HasPrerequisite	celebrate	find reason	1.5849625007211563
286816	286816	HasSubevent	changing society	help one person	1.5849625007211563
 10931	 10931	UsedFor	a coin	pay for goods	1.5849625007211563
492427	492427	Causes	take care of proposal	close deal	1.5849625007211563
211351	211351	IsA	library	collection of book	3.1699250014423126
450206	450206	HasSubevent	the blind date	watch movies	2.0
250459	250459	CapableOf	without sleep, animals make more errors	become unreliable	1.5849625007211563
 15480	After his last Atlantic City show , he had taken a limo to visit the New Jersey estate of Burk Zanft , a plastics manufacturer who first met the singer in 1968 , when he was performing at the Copacabana , the scene of the first panty toss .	met first	a plastics manufacturer	the singer	1	1			
 52617	 52617	HasProperty	male water fowl	color than female	1.5849625007211563
390613	390613	HasFirstSubevent	play a guitar	hold the guitar in your lap	1.5849625007211563
 18669	 18669	HasProperty	bed	located in bedrooms	1.5849625007211563
536694	536694	UsedFor	learning about the world	entertainment	1.5849625007211563
110791	110791	UsedFor	a weapon	inflicting harm	1.5849625007211563
157112	157112	CapableOf	person	taste ice cream	1.5849625007211563
 68135	 68135	HasPrerequisite	sell your new book	interest	1.5849625007211563
568429	568429	HasPrerequisite	get job	make contact	1.5849625007211563
413884	413884	HasSubevent	lie	fool yourself	1.5849625007211563
554191	554191	MotivatedByGoal	have nervous breakdown	much stress	1.5849625007211563
519727	519727	CapableOf	chef	age steak	1.5849625007211563
 83568	 83568	PartOf	a paragraph	a textual document	2.321928094887362
20554175	Current rates of obesity and type 2 diabetes are alarming in female in some countries.	are	Current rates of obesity 2 diabetes	alarming	in female	in some countries	1	1	
 54007	 54007	UsedFor	a basket of laundry	keep your laundry in	1.5849625007211563
508684	508684	AtLocation	something	catch in spoke	1.5849625007211563
442422	442422	UsedFor	a living room	relaxation	1.5849625007211563
   977	   977	IsA	when ducks move across water they	in water	1.5849625007211563
541847	541847	AtLocation	human	all form of human condition	1.5849625007211563
310260	310260	CausesDesire	conundrum	cogitate	1.5849625007211563
483201	483201	Causes	look through telescope	make distant thing look close	1.5849625007211563
508306	508306	CapableOf	kids	become adults	1.5849625007211563
517451	517451	CausesDesire	want fun	skate	1.5849625007211563
214404	214404	UsedFor	relaxing	being comfortable	1.5849625007211563
396427	396427	IsA	sea lamprey	agressive parasite	1.5849625007211563
488455	488455	HasPrerequisite	drive car	ability to drive car	1.5849625007211563
334187	334187	UsedFor	a wooden rod	a walking stick	2.584962500721156
152854	152854	IsA	this	a pocket-sized swiss knife	1.5849625007211563
223717	223717	Causes	expressing yourself	empowerment	1.5849625007211563
 63047	 63047	AtLocation	a woman	a taxi	1.5849625007211563
412113	412113	IsA	bactroban	brand of nasal ointment	1.5849625007211563
268755	268755	IsA	Toddlers	small children	1.5849625007211563
522783	522783	HasPrerequisite	play ball	find other people to play with	1.5849625007211563
138010	138010	Causes	calculate thing quickly	your head to hurt	1.5849625007211563
 73207	 73207	IsA	mold clay into shape	art form	1.5849625007211563
499112	499112	HasSubevent	going for a haircut	compare prices of different barber shops	1.5849625007211563
273304	273304	IsA	egg	sort of round	1.5849625007211563
 16888	 16888	HasProperty	These people	looking at something far away	1.5849625007211563
 84414	 84414	CapableOf	you	find your friends kids	1.5849625007211563
458208	458208	HasA	The target	been shot with bullets	1.5849625007211563
227673	227673	IsA	Justin Allen Widel	a homosexual	1.5849625007211563
385981	385981	Causes	making it grow	getting rid of pests	1.5849625007211563
209770	209770	HasPrerequisite	satisfy appetites with minimum effort	cheat	1.5849625007211563
237134	237134	Causes	clean	thing be no long dirty	1.5849625007211563
385976	385976	UsedFor	run out of steam	someone who have exhaust thier endurance	1.5849625007211563
249323	249323	NotDesires	person	not know what he want	1.5849625007211563
427196	427196	CapableOf	big build	cost more than little one	1.5849625007211563
588311	588311	NotDesires	a person	a fatal disease	1.5849625007211563
 54332	 54332	HasPrerequisite	commit suicide	prepare way for you to pass away	1.5849625007211563
216015	216015	AtLocation	something	Athens	1.5849625007211563
348449	348449	IsA	The future of money	credit chits, accepted by all	1.5849625007211563
231849	231849	UsedFor	bar	drink alcohol	1.5849625007211563
404910	404910	Causes	tickling	is getting kicked	1.5849625007211563
245712	245712	HasSubevent	sending e-mail	a computer crash	1.5849625007211563
485607	485607	MotivatedByGoal	fiddle	money	1.5849625007211563
30300400	However , the association between DM and PH in chronic respiratory disease remains unclear.	remains	the association between DM and PH in chronic respiratory disease	unclear	1	1			
255039	255039	HasPrerequisite	school bus	more park space than car	1.5849625007211563
127502	127502	Causes	go to performance	be entertain	2.321928094887362
157173	157173	HasProperty	At night it	possible to see the moon	1.5849625007211563
 57959	 57959	HasProperty	sad experience will	balance by happy experience	1.5849625007211563
309650	309650	CapableOf	author	write new book	1.5849625007211563
511325	511325	IsA	chemical symbol for gold	au	1.5849625007211563
436845	436845	MotivatedByGoal	grap each lace and tie them together in bow	tie your shoelace	1.5849625007211563
380552	380552	AtLocation	Many kinds of fruit	this picture	1.5849625007211563
 27775	Should caulking be done at the time of the reglazing or after , at a cost of $ 70 ? JUDY FRIEDMAN , West Roxbury ENDIT We must continue to lead by example .	Should be done	caulking	at the time of the reglazing	1	1			
 72403	 72403	UsedFor	learn	improve	1.5849625007211563
480538	480538	MotivatedByGoal	withdraw some money from bank	pay cash	1.5849625007211563
527360	527360	ReceivesAction	a desk drawer	locked	1.5849625007211563
580826	580826	IsA	air pressure	great at sea level	1.5849625007211563
20723815	Epidemiologic patterns of T1D by demographic , geographic , biologic , cultural , and other factors in populations are presented to gain insight about the causes , natural history , risks , and complications of T1D.	are presented	Epidemiologic patterns of T1 D by geographic , and other factors in populations	to gain insight about the causes	1	1			
543395	543395	DefinedAs	The queen	most powerful piece in chess	1.5849625007211563
477111	477111	IsA	an oil painting	a picture	1.5849625007211563
492457	492457	UsedFor	a monument	honor war heroes	1.5849625007211563
576361	576361	CapableOf	You	put things in a sack	1.5849625007211563
 34620	 34620	CapableOf	person	belong to cult	1.5849625007211563
527184	527184	HasPrerequisite	Canoeing	a canoe	1.5849625007211563
477515	477515	HasSubevent	listen to radio	interference from other electronic device	1.5849625007211563
540107	540107	CapableOf	A row	mean an argument	1.5849625007211563
501722	501722	HasProperty	Beverage cans are taller than they	wide	1.5849625007211563
234166	234166	HasProperty	many entertainer	very casual in their groom	1.5849625007211563
319970	319970	UsedFor	book	learn about philosophy	1.5849625007211563
530407	530407	UsedFor	dark glasses	shade your eyes	1.5849625007211563
520968	520968	Causes	stop your bicycle	fall off	2.0
562936	562936	AtLocation	dust	desert	1.5849625007211563
409484	409484	HasSubevent	see a'falling star'	should make a wish	1.5849625007211563
 73082	 73082	CausesDesire	I trip to India	cook a curry	1.5849625007211563
 26397	 26397	UsedFor	using a calculator	answering a math problem	1.5849625007211563
516704	516704	UsedFor	a sheet of paper	doodling on	1.5849625007211563
392332	392332	DefinedAs	brigette lubbock	someone	1.5849625007211563
371748	371748	AtLocation	glass front display cabinet	jewellary store	1.5849625007211563
 87840	 87840	AtLocation	brass	metal object	1.5849625007211563
531688	531688	HasProperty	aluminum	recyclable	2.0
357963	357963	AtLocation	friend family member	friend wed	1.5849625007211563
103564	103564	HasFirstSubevent	sit on a chair	fart	1.5849625007211563
473360	473360	IsA	little girl	hold puppy	2.584962500721156
227309	227309	AtLocation	a box of crackers	a pantry	1.5849625007211563
239897	239897	AtLocation	hotdogs	a sporting event	2.0
272500	272500	MotivatedByGoal	use a computer	work faster	1.5849625007211563
393059	393059	CapableOf	she	chair commitie	1.5849625007211563
239187	239187	HasProperty	'Bivvy'	short for bivouac-bag	1.5849625007211563
451531	451531	HasSubevent	move a car	you find another parking spot	1.5849625007211563
388140	388140	UsedFor	book	entertain yourself	1.5849625007211563
 35959	 35959	AtLocation	person	bedroom	2.321928094887362
258562	258562	MotivatedByGoal	use strategy and tactics	reach an advantage	1.5849625007211563
486241	486241	IsA	my honeymoon	in fiji	1.5849625007211563
410680	410680	UsedFor	handbag	put your stuff	1.5849625007211563
426823	426823	AtLocation	weasel	it den	2.807354922057604
196835	196835	HasPrerequisite	fight inflation	barter	1.5849625007211563
536675	536675	Causes	tasting something sweet	feeling good	1.5849625007211563
12084395	Although the number of deaths caused by CVD has been decreasing in men , this trend has yet to be observed in women.	caused	deaths	by CVD	1	1			
564965	564965	IsA	there	bike with one wheel	1.5849625007211563
180208	180208	HasLastSubevent	run errands	arrive back at your starting point	1.5849625007211563
562410	562410	IsA	the equator	an imaginary line circling the earth	1.5849625007211563
 73767	 73767	AtLocation	many taxis	new york	1.5849625007211563
313446	313446	Causes	listen	pain	1.5849625007211563
 66316	 66316	HasPrerequisite	loving someone else	skill	1.5849625007211563
 57320	 57320	HasA	A building	a false front	1.5849625007211563
487678	487678	IsA	we	all worker in human race	1.5849625007211563
400887	400887	Causes	hike	person to become tire	1.5849625007211563
534252	534252	MotivatedByGoal	scratch your elbow	your elbow have itch	1.5849625007211563
 83502	 83502	AtLocation	someone	fish counter	1.5849625007211563
 50190	 50190	AtLocation	herb	forest	1.5849625007211563
 30393	The division will also be compelled to recruit more minority and female cadets , Mr. Farmer said .	is	Farmer	male	1	1			
 97807	 97807	HasSubevent	do the housework	open curtains	1.5849625007211563
543487	543487	HasProperty	Summer weather in Phoenix	very hot	1.5849625007211563
139275	139275	UsedFor	post binder	hold cover apart	1.5849625007211563
586002	586002	CapableOf	knife	feel sharp	1.5849625007211563
 35847	 35847	AtLocation	electronic appliance	household	2.321928094887362
364192	364192	CapableOf	you	let dog out	2.0
148973	148973	IsA	hardware	platform upon	1.5849625007211563
 24639	 24639	HasProperty	a baseball	hard	2.584962500721156
 36024	One hundred years later , Congress designated Columbus Day a national holiday to be celebrated each Oct. 12 .	designated Columbus Day	Congress	One hundred years later	1	1			
 52372	 52372	CapableOf	that	explain problem	1.5849625007211563
268676	268676	HasSubevent	relax	being comfortable	1.5849625007211563
489651	489651	Causes	gain more land	high tax	2.807354922057604
302560	302560	ReceivesAction	Explosives	used in construction projects	1.5849625007211563
141721	141721	HasSubevent	listen to music	enjoy music	1.5849625007211563
335073	335073	UsedFor	writing a term paper	a demonstration of knowledge	1.5849625007211563
 24402	 24402	HasPrerequisite	program a computer	buy a book on computer programming	1.5849625007211563
491130	491130	ReceivesAction	homework	complete before watch movie	1.5849625007211563
 54634	 54634	CausesDesire	Ennui	go see a film	1.5849625007211563
155539	155539	DefinedAs	poetry	content of book	1.5849625007211563
293928	293928	HasPrerequisite	fight inflation	barter	1.5849625007211563
358236	358236	HasPrerequisite	buy christmas present	cash or credit	1.5849625007211563
330650	330650	Causes	paint picture	subject get angry	1.5849625007211563
 65053	 65053	Causes	go on strike	massive layoff	1.5849625007211563
417486	417486	AtLocation	hair salon	mail	1.5849625007211563
 92218	 92218	HasPrerequisite	Swimming	are in a body of water	1.5849625007211563
 71232	 71232	HasProperty	dog	good than cat	1.5849625007211563
351511	351511	HasSubevent	goto shop	you buy something	1.5849625007211563
118612	118612	MotivatedByGoal	pick one off the tree	eat an apple	1.5849625007211563
582773	582773	UsedFor	a checkbook	keeping a record of monetary transactions	1.5849625007211563
255780	255780	Causes	go for jog	tire muscle	1.5849625007211563
 33123	An American official said today that the United States Central Command was considering how American and coalition forces might deal with large numbers of non-Afghan prisoners , especially those who might have valuable intelligence about the Taliban regime or Al Qaeda . ''	deal with large numbers of	coalition forces	non-Afghan prisoners	1	1			
242811	242811	CapableOf	yoga	fast for more than month	1.5849625007211563
15852446	Vitamin D treatment has improved or prevented type 1 diabetes mellitus in animals and humans.	prevented	Vitamin D treatment	type 1 diabetes mellitus in animals and humans	1	1			
593500	593500	UsedFor	an underground map	find the sewer	1.5849625007211563
 65960	 65960	Desires	person	watch tv	1.5849625007211563
 58503	 58503	UsedFor	bookcase	display nice clock	1.5849625007211563
 57565	 57565	UsedFor	mayor	run city or town	1.5849625007211563
342463	342463	CapableOf	crook businessman	cook book	1.5849625007211563
415432	415432	IsA	many person think seven	lucky number	1.5849625007211563
328570	328570	NotCapableOf	deaf person	receive auditory input	1.5849625007211563
189943	189943	IsA	one man religion	another man cult	1.5849625007211563
  5630	David Segal died nine years later .	died	David Segal	nine years later	1	1			
335855	335855	UsedFor	a mug	hot cocoa	1.5849625007211563
378216	378216	Causes	satisfy appetite with minimum effort	eat snack	1.5849625007211563
 98447	 98447	AtLocation	yours if nobody else claim it	table	1.5849625007211563
 31217	 31217	CausesDesire	desire for information	attend lecture	1.5849625007211563
289138	289138	DefinedAs	jove	roman name for zeus	2.321928094887362
585500	585500	UsedFor	heart	pump	1.5849625007211563
342276	342276	HasProperty	c clamp	useful in workshop	1.5849625007211563
 21656	His most noted accomplishment here was a bad business deal that bankrupted him .	was	His most noted accomplishment here	a bad business deal	1	1			
492572	492572	UsedFor	computer	create information	1.5849625007211563
124622	124622	PartOf	flesh	grape	1.5849625007211563
541096	541096	HasSubevent	help someone	feel of well be	1.5849625007211563
161040	161040	UsedFor	advance into battle	gain grind	1.5849625007211563
272663	272663	NotCapableOf	plastic	decompose like paper doe	1.5849625007211563
547803	547803	UsedFor	cross street	pedestrian	2.584962500721156
441751	441751	UsedFor	a dining area	eat a meal	1.5849625007211563
425703	425703	AtLocation	someone	nightclub	2.584962500721156
135378	135378	UsedFor	cash	pay for sex with transvestite hookers	1.5849625007211563
 22027	Mr. Armentano , said 	have been	companies	able to participate in the Classic	1	1			
526121	526121	CapableOf	person feel	when they agree with each other	1.5849625007211563
307920	307920	Causes	going on strike	lose wages	1.5849625007211563
  5142	In November , Ms. Dixon , a lawyer , will run against Maurice T. Turner Jr. , former police chief and recent convert to the Republican Party .	is	Maurice T. Turner Jr.	recent	1	1			
384925	384925	HasPrerequisite	eating a cookie	making crumbles	1.5849625007211563
473504	473504	CapableOf	Popular people	distance themselves from the riffraff	1.5849625007211563
26593898	Cancer stem cells have been defined as cells within a tumor that possesses the capacity to self - renew and to cause the heterogeneous lineages of cancer cells that comprise the tumor.	possesses	a tumor	the capacity	1	1			
 29388	 29388	UsedFor	explosive	blow up dam	1.5849625007211563
112710	112710	HasSubevent	type	press key on keyboard	2.584962500721156
292905	292905	AtLocation	item	a container	1.5849625007211563
219592	219592	UsedFor	tell many person about something	spread good news	1.5849625007211563
326726	326726	IsA	person	give gift on their birthday	1.5849625007211563
124150	124150	NotCapableOf	people	digest wood	1.5849625007211563
230660	230660	HasPrerequisite	examining a thing	close attention to the details	1.5849625007211563
146443	146443	UsedFor	steak knives	cut steak	1.5849625007211563
539688	539688	AtLocation	someone	work chopping nuts	1.5849625007211563
200003	200003	AtLocation	a road	Oregon	1.5849625007211563
531094	531094	UsedFor	smoking	people who are addicted to tobacco	1.5849625007211563
 77547	 77547	CapableOf	A restaurant customer	order a meal	1.5849625007211563
410682	410682	NotHasA	The topic'stars'	these words: shine	1.5849625007211563
171450	171450	CapableOf	Animals	sense danger	2.807354922057604
 82179	 82179	Desires	a comedian	entertain people	1.5849625007211563
369787	369787	HasPrerequisite	look better	pay attention to how you dress	1.5849625007211563
140257	140257	CapableOf	receptionist	answer telephone	1.5849625007211563
 48354	 48354	HasA	A cooked chicken	a crisp brown color	1.5849625007211563
176474	176474	HasSubevent	contemplating	come to a conclusion	1.5849625007211563
481051	481051	Causes	comforting a friend	me to cry	1.5849625007211563
 68846	 68846	UsedFor	telescope	view object far away	2.0
431736	431736	AtLocation	people wearing bathing suits	beach	1.5849625007211563
424616	424616	HasSubevent	a hockey player is "checked"	he can lose the puck	1.5849625007211563
 86759	 86759	AtLocation	write instrument	purse	1.5849625007211563
28708247	Six of these , aged 14.5 - 16 years , participated 2013 - 2014 in interviews that targeted aspects of their diabetes treatment.	targeted	interviews	aspects of their diabetes treatment	1	1			
188848	188848	DefinedAs	Art	liberation of the soul	1.5849625007211563
359732	359732	ReceivesAction	pencil	sharpen	1.5849625007211563
 90529	 90529	Causes	produce image or text on paper	share information	1.5849625007211563
563232	563232	RelatedTo	mouse	computer	2.0063653540828237
 28606	 28606	IsA	A company	a capitalist institution	1.5849625007211563
144115	144115	Causes	weed garden	remove weed	2.0
354762	354762	AtLocation	peanut butter	the cupboard	2.0
271936	271936	CapableOf	The meter man	fine me for overdue parking	1.5849625007211563
492946	492946	IsA	The Japanese economy	deflating	1.5849625007211563
 24931	 24931	CapableOf	person	best person	1.5849625007211563
547367	547367	ReceivesAction	a country	represented by a flag	1.5849625007211563
354657	354657	SymbolOf	windmill	holland	2.0
437547	437547	HasSubevent	repair umbrella	umbrella work good	1.5849625007211563
204519	204519	Causes	skating	you feel tired	2.0
 73038	 73038	IsA	a cabinet	a storange device, sometimes	1.5849625007211563
 81108	 81108	UsedFor	mini mall	small shop	1.5849625007211563
25604005	The overall SIRs for cancer in the siblings and spouses of individuals with T2DM were 0.97 and 1.01 , respectively.	were	The overall SIRs for cancer in the siblings of individuals with T2 DM	1.01	1	1			
105825	105825	IsA	a group	a set	2.321928094887362
465594	465594	HasSubevent	be in charge of project	create project report	1.5849625007211563
395022	395022	HasLastSubevent	improve your image	speak more clearly	1.5849625007211563
458954	458954	HasProperty	fire	very hot	2.321928094887362
404701	404701	CapableOf	soldier	charge into fray	1.5849625007211563
595212	595212	MotivatedByGoal	cook dinner	eat	2.0
546912	546912	HasProperty	electron microscopes	more powerful than light microscopes	1.5849625007211563
457555	457555	IsA	a large total number of weapons	called a stockpile	1.5849625007211563
303310	303310	UsedFor	stairs	exersice	1.5849625007211563
570297	570297	IsA	the boat	going fast	1.5849625007211563
319912	319912	HasSubevent	eat cookie	crumb will fall	1.5849625007211563
17875577	Also among adult CRD sufferers , vaccination remains below the desired level , thereby making it necessary for strategies to be implemented aimed at improving the use of influenza vaccine.	remains	vaccination	below the desired level	thereby making it necessary	among adult CRD sufferers	1	1	
461325	461325	UsedFor	a leaf	photosynthesis	2.584962500721156
101547	101547	AtLocation	general store	town	2.584962500721156
312489	312489	UsedFor	logic may	reduce errors	2.0
135192	135192	CapableOf	something	enter	1.5849625007211563
284473	284473	AtLocation	a poet	his/her home	2.0
521117	521117	HasPrerequisite	wash your car	take it to car wash	1.5849625007211563
102720	102720	UsedFor	wed chapel	run business	1.5849625007211563
357062	357062	IsA	many gay men	actor	1.5849625007211563
208487	208487	IsA	eagle	large bird	3.1699250014423126
498934	498934	IsA	Basement nappes	enormous horizontal overthrusts of a substratum	1.5849625007211563
434584	434584	Causes	taking a walk	you wear out your shoes	1.5849625007211563
598717	598717	UsedFor	eat apple	taste sweet juicy fruit	1.5849625007211563
133075	133075	HasSubevent	commute	think about	2.0
390150	390150	AtLocation	woodwind instrument	school orchestra	2.321928094887362
588346	588346	HasProperty	Nice beaches	sandy	1.5849625007211563
 95150	 95150	HasPrerequisite	sew	get some material	1.5849625007211563
 65292	 65292	IsA	There	a capuccino cup over a table	1.5849625007211563
439334	439334	HasSubevent	going to market	be hit by a bus	1.5849625007211563
234747	234747	AtLocation	someone	in bed	2.0
 38692	 38692	AtLocation	tamarind paste	the refrigerator	1.5849625007211563
267527	267527	CapableOf	money	increase happiness	1.5849625007211563
244109	244109	NotDesires	person	do work that monkey could do	1.5849625007211563
 21581	 21581	UsedFor	using a calculator	performing mathematical calculations	1.5849625007211563
190026	190026	HasSubevent	cook meal	use pot holder	1.5849625007211563
163963	163963	Causes	get pay	you have more money	1.5849625007211563
221408	221408	IsA	yorkshire	british county	1.5849625007211563
 90451	 90451	HasSubevent	study	yawn	1.5849625007211563
  3755	  3755	CapableOf	salesman	show car on lot	1.5849625007211563
 76710	 76710	CapableOf	person	put money aside	1.5849625007211563
560960	560960	Causes	agreeing with someone	a meeting of minds	1.5849625007211563
560727	560727	UsedFor	excavator	make excavation	1.5849625007211563
382687	382687	HasPrerequisite	go for walk	spare time	1.5849625007211563
253487	253487	HasPrerequisite	conduct trial	get hury	1.5849625007211563
181891	181891	UsedFor	museum wing	seperating different type of art	1.5849625007211563
118430	118430	DefinedAs	jockey	horse-riders	1.5849625007211563
540309	540309	CapableOf	By pedaling a bicycle you	make it go forward	1.5849625007211563
393167	393167	CausesDesire	feel ill	go to bed	1.5849625007211563
326516	326516	HasProperty	shape memory alloy	abbreviate to'sma	1.5849625007211563
200125	200125	AtLocation	well	yard of rural house	1.5849625007211563
368786	368786	AtLocation	a cat	a petshop	2.321928094887362
360825	360825	IsA	this	vine type plant	1.5849625007211563
368608	368608	IsA	One nightly ritual	saying prayers	2.0
  5509	  5509	HasPrerequisite	paint picture	buy paint and brush	1.5849625007211563
315849	315849	DefinedAs	freshmen	more than one freshman	1.5849625007211563
 45396	 45396	HasPrerequisite	play a harp	use your fingers	2.321928094887362
 45186	 45186	AtLocation	kitten	front of window	1.5849625007211563
 56291	 56291	HasProperty	vindaloo	spicy for some person	1.5849625007211563
 99672	 99672	IsA	london and paris	city	1.5849625007211563
29227582	This review demonstrates that many existing drugs that are commonly prescribed to patients with diabetes act on the NHE1 and NHE3 isoforms in the kidney.	demonstrates	This review	that many existing drugs that are commonly prescribed to patients with diabetes act on the NHE1 isoforms in the kidney	1	1			
 91463	 91463	DefinedAs	black softshell turtle	Trionyx nigricans	1.5849625007211563
 20809	 20809	AtLocation	athelete	sport event	2.321928094887362
377133	377133	HasA	state of vermont	many beautiful valley	1.5849625007211563
172492	172492	CapableOf	A flame	heat a pot of water	1.5849625007211563
451282	451282	HasPrerequisite	buying fresh fruits and vegetables	a good produce market	1.5849625007211563
140685	140685	CapableOf	You	case bottles in a box	1.5849625007211563
25249787	Type 2 diabetes is a serious and common chronic disease resulting from a complex inheritance - environment interaction along with other risk factors such as obesity and sedentary lifestyle.	resulting	a serious chronic disease	from a complex inheritance - environment interaction along with other risk factors such as obesity	1	1			
256608	256608	IsA	jules charles	french botanist	1.5849625007211563
241092	241092	IsA	mainframe	machine	1.5849625007211563
 10350	 10350	HasPrerequisite	walk the dog	go out	1.5849625007211563
 75894	 75894	AtLocation	hall	dormitory	1.5849625007211563
427139	427139	IsA	chimpanzee	animal	2.1699250014423126
 36826	The United States delegation , led by Richard C. Holbrooke , an Assistant Secretary of State , has turned instead to Haris Silajdzic , the Bosnian Prime Minister .	has turned instead to	The United States delegation led by Richard C. Holbrooke	Haris Silajdzic	1	1			
  2976	Mr. D'Amato insisted today that he had not made any attempts to pressure Mr. Bruno to moderate his stance , calling Democratic assertions that he controls Republican state legislators '' nonsense '' and '' mean spirited . ''	be pressure Mr. Bruno to moderate	QUANT_S_1 attempts	his stance calling Democratic assertions mean spirited	1	1			
136473	136473	AtLocation	religious tract	church track rack	1.5849625007211563
125346	125346	HasFirstSubevent	watch a film	sit down	2.321928094887362
309021	309021	HasSubevent	getting something	use extra Kleenex	1.5849625007211563
 22572	As more doctors and other health workers are being called upon to treat gun injuries , seminars on treating them have become more common and are well attended at meetings of the American College of Emergency Physicians , the American Association for the Surgery of Trauma and other medical groups .	have become more common to treat	seminars on treating them	gun injuries	1	1			
330433	330433	CapableOf	castaway	experience loneliness	1.5849625007211563
 18837	Even as a force of police officers and soldiers assembled around an armored personnel carrier to begin its patrol one recent morning , a scrappy bare-chested man of 26 just half a block away declared a defiant will to violence .	be assembled around an armored personnel carrier to begin	a force of soldiers	its patrol QUANT_O_1 recent morning	1	1			
365683	365683	CapableOf	something	gather dust	2.584962500721156
 33681	 33681	UsedFor	skates	skating	2.0
293777	293777	CapableOf	you	draw pictures on a notepad	1.5849625007211563
461648	461648	Causes	take bus	feel sense of shame	1.5849625007211563
 33879	 33879	AtLocation	theater hall	entertainment district	1.5849625007211563
453997	453997	UsedFor	deli restaurant	eat sandwich	1.5849625007211563
440160	440160	UsedFor	a hospital	a place for babies	1.5849625007211563
189777	189777	UsedFor	submarines	travel under water	2.321928094887362
296119	296119	AtLocation	cloud	top of mountain	1.5849625007211563
 40800	 40800	CausesDesire	Hunger and homelessness	apply for a job	1.5849625007211563
 74421	 74421	HasPrerequisite	posting a message	using words	1.5849625007211563
183282	183282	HasSubevent	you have free time	go for walk	2.0
530509	530509	DefinedAs	culebra island giant anole	anolis roosevelti	1.5849625007211563
362677	362677	IsA	simile	example of figurative language	1.5849625007211563
270880	270880	Desires	a person	do fun activities	1.5849625007211563
383002	383002	HasA	baseball field	natural grass	1.5849625007211563
431797	431797	PartOf	style	pea	1.5849625007211563
 69582	 69582	UsedFor	eating in a restaurant	sampling new cuisine	1.5849625007211563
292701	292701	IsA	a retriever	dog	2.0
577526	577526	MotivatedByGoal	run errands	gain	1.5849625007211563
 31814	Reagan showed what high stature that a president can have -- and my fear is that Bush will look diminished by comparison , '' said one Republican sympathetic to Mr. Bush , who did not want to be quoted by name criticizing the president .	showed	Reagan	what high stature	1	1			
445673	445673	HasPrerequisite	give assistance	help someone	1.5849625007211563
  6860	  6860	NotCapableOf	People	always control their circumstances	1.5849625007211563
 21600	 21600	HasSubevent	expressing yourself	give your opinion	1.5849625007211563
378543	378543	HasSubevent	sleep at night	snore	3.0
 19554	As the first glimmer of evidence that the Texas law is having an impact , Mr. Nash cited a 1996 poll of the state federation 's members that asked the same questions as in 1993 and found that the number of teachers reporting student-on-student assaults was down by 10 percent and that the number reporting that they themselves had been assaulted was down by 35 percent .	is	Nash	male	1	1			
529104	529104	HasProperty	car light	on in daytime	1.5849625007211563
302096	302096	CapableOf	humans	dream	2.0
343107	343107	CapableOf	something	walt	1.5849625007211563
 76882	 76882	HasProperty	horse	alike	1.5849625007211563
496712	496712	UsedFor	deodorant	keep armpit from smell bad	1.5849625007211563
 29501	 29501	AtLocation	a turnip	the farmer's market	2.0
481586	481586	NotHasA	swiss cheese	hole	1.5849625007211563
569576	569576	IsA	horseshoes	aften	1.5849625007211563
483269	483269	DefinedAs	clothe	piece of fabric that cover your body	2.0
110747	110747	CapableOf	checkout clerk at supermarket	be bag grocery	1.5849625007211563
171054	171054	UsedFor	a knife	fighting	1.5849625007211563
288558	288558	UsedFor	pool	swim on your back	1.5849625007211563
403762	403762	CapableOf	someone	reaffirm	1.5849625007211563
 14277	It may also be unprecedented for a person who has been profiled on a news show to join that program a year later ; Ms. Amanpour was the subject of a `` 60 Minutes '' segment on May 14 , 1995 .	has been profiled on	a person	a news show to join that program a year later	1	1			
181517	181517	UsedFor	pocket size notebook	quick convenient note	1.5849625007211563
217102	217102	HasSubevent	see particular program	laughter	2.584962500721156
 37781	Late Wednesday night , Mr. Mutlak and his Sunni bloc appeared to be making a last-ditch effort to rewrite provisions in the charter on decentralizing Iraq 's government and giving new powers to local provincial councils .	appeared to be making	Mr. Mutlak	a last-ditch effort to rewrite provisions in the charter on decentralizing Iraq 's government	1	1			
503882	503882	UsedFor	copulating	pleasure	2.0
236302	236302	Causes	run	go fast than walk	1.5849625007211563
 87389	 87389	UsedFor	A medical drain	clear fluid from a wound	1.5849625007211563
513263	513263	AtLocation	penicillin	medicine chest	1.5849625007211563
557841	557841	MotivatedByGoal	have something for program to do	write program	2.0
421561	421561	HasPrerequisite	go to a movie	pay	1.5849625007211563
376248	376248	HasSubevent	getting away with a crime	stashing of the loot	1.5849625007211563
476033	476033	UsedFor	a finger	cross your eyes	1.5849625007211563
 62006	 62006	CapableOf	a person	see a painting	1.5849625007211563
398336	398336	CausesDesire	pussy	go to pub	1.5849625007211563
207907	207907	UsedFor	take car for drive	travel	1.5849625007211563
292491	292491	ReceivesAction	charge	make to account	1.5849625007211563
506013	506013	IsA	there	someone to catch the ball	1.5849625007211563
477048	477048	CapableOf	i	note your birthday	1.5849625007211563
455641	455641	CapableOf	Hunters	be bagging ducks	1.5849625007211563
115776	115776	AtLocation	trays	a hospital	1.5849625007211563
119792	119792	MotivatedByGoal	improve yourself	become better	1.5849625007211563
352708	352708	Causes	see old thing	have memory	1.5849625007211563
146147	146147	CapableOf	i	see sky	1.5849625007211563
545714	545714	Causes	going to a laundromat	sex	1.5849625007211563
105695	105695	UsedFor	a skylight	watch the stars at night	1.5849625007211563
129666	129666	CapableOf	classical music include	range of style	1.5849625007211563
569817	569817	MotivatedByGoal	get a divorce	leave hateful relationships	1.5849625007211563
435669	435669	CapableOf	roch star	sign cheque	1.5849625007211563
456067	456067	HasSubevent	taking the bus	watch the other people	1.5849625007211563
252340	252340	IsA	unite state	wealthy nation	2.321928094887362
206816	206816	HasProperty	fortune cookie	just for fun	1.5849625007211563
452027	452027	MotivatedByGoal	buy house	live indoors	1.5849625007211563
349787	349787	HasSubevent	opening a gift	surprise	3.1699250014423126
105260	105260	UsedFor	clean clothe	look professional	1.5849625007211563
355792	355792	CapableOf	network communication	be very complex matter	1.5849625007211563
498396	498396	HasSubevent	go to sport event	root for home team	1.5849625007211563
292633	292633	ReceivesAction	All small children	kept on leashes	1.5849625007211563
181093	181093	HasA	car	registration number	1.5849625007211563
147832	147832	ReceivesAction	plane	use in war	1.5849625007211563
281912	281912	IsA	one common emotion	hysteria	1.5849625007211563
203531	203531	AtLocation	someone	the door	2.584962500721156
356998	356998	MadeOf	sand	little pieces of seashells	2.321928094887362
156837	156837	IsA	unite states-led war on iraq	colonial adventure	1.5849625007211563
567622	567622	HasSubevent	enjoy the company of your friends	you become happy	1.5849625007211563
162083	162083	AtLocation	a lot of indians	a casino	1.5849625007211563
506000	506000	HasSubevent	getting paid	that tax is deducted	1.5849625007211563
388871	388871	Desires	person	be surround by beauty	1.5849625007211563
411606	411606	IsA	everybody	equeal	1.5849625007211563
220062	220062	HasProperty	steak grill in open air	tasty	1.5849625007211563
515886	515886	IsA	is you	fat or sports, you use this	1.5849625007211563
437905	437905	HasProperty	Pennies	unnecessary in today's economy	1.5849625007211563
300615	300615	CapableOf	A marching band	step together	1.5849625007211563
23551885	Accumulating evidence suggests that increased sedentary time ( i.e. ' sitting time ' ) combined with reduced physical activity levels , plays both a major role in the development of T2D and may contribute to the worsening of the condition after diagnosis.	may contribute	increased sedentary time ( i.e. ' sitting time ' ) combined with reduced physical activity	to the worsening of the condition after diagnosis	1	1			
519758	519758	HasSubevent	jump rope	increase heart rate	1.5849625007211563
572329	572329	HasA	highway or road	car on them	1.5849625007211563
459115	459115	IsA	kitchen	downstairs	1.5849625007211563
431163	431163	HasProperty	water	more wet than air	1.5849625007211563
 37349	Of the eight people presumably infected in the restaurant by their sick friend , none has passed on the disease to family members .	has passed on the disease to	none	family members	1	1			
197221	197221	CapableOf	crowbar	force door	1.5849625007211563
482604	482604	AtLocation	contralto	choir	1.5849625007211563
218184	218184	DefinedAs	amnesia	loss of memory	1.5849625007211563
299264	299264	HasPrerequisite	drill hole	get drill bite	1.5849625007211563
 32131	 32131	HasPrerequisite	weed the garden	pay someone to do it	1.5849625007211563
579314	579314	UsedFor	a ticket booth	selling or taking tickets	1.5849625007211563
468633	468633	HasPrerequisite	open gift	pull off wrap	1.5849625007211563
328554	328554	UsedFor	stick	keep window open	1.5849625007211563
338024	338024	AtLocation	a revolving door	a hotel lobby	1.5849625007211563
218404	218404	HasPrerequisite	get clean	have water	1.5849625007211563
289140	289140	IsA	balance	amount of money	1.5849625007211563
570683	570683	MotivatedByGoal	clean house	it look nice to other person	1.5849625007211563
320632	320632	ReceivesAction	fancy food	bought at a gormet shop	1.5849625007211563
312828	312828	ReceivesAction	Lithium would not normally	made in the laboratory	1.5849625007211563
116632	116632	IsA	There	no cure for the ebola virus	1.5849625007211563
543991	543991	DefinedAs	chirping or singing	Cricket noise	1.5849625007211563
169999	169999	NotCapableOf	Cats	live underwater	1.5849625007211563
 97463	 97463	CapableOf	someone	pass gas	1.5849625007211563
420401	420401	HasProperty	change	constant	1.5849625007211563
316520	316520	HasSubevent	read to your child	get bore and fall asleep	1.5849625007211563
 10710	 10710	CapableOf	gun	take your life	1.5849625007211563
552697	552697	HasSubevent	impanel jury	you plan to have trial	1.5849625007211563
517445	517445	UsedFor	kissing	expressing desire	2.0
167929	167929	AtLocation	rice cakes	a store	1.5849625007211563
106666	106666	UsedFor	a ticket booth	buyers	1.5849625007211563
    10	But others argue that preserving neighborhood character is a goal that should supersede , or at least run parallel with , economics .	run	that a goal	parallel	1	1			
490125	490125	HasSubevent	taking a walk	seeing something	1.5849625007211563
401022	401022	HasProperty	towel bar	heat to dry towel	1.5849625007211563
 48968	 48968	DefinedAs	Plasma	fourth state of matter	1.5849625007211563
321081	321081	CapableOf	An individual	believe in the right to choose	1.5849625007211563
290796	290796	UsedFor	bean	use as marker	2.321928094887362
 11226	In training camp , Dunham was the front-runner to be Brodeur 's backup , but Reese 's overall experience and his previous service as an N.H.L. reserve seems to have put him ahead now . ''	has	Brodeur	backup	1	1			
499663	499663	HasPrerequisite	have physical exam	go to hospital	3.4594316186372978
526514	526514	IsA	This	a 4 story office building	1.5849625007211563
422665	422665	CapableOf	item	be saved	2.0
281107	281107	HasSubevent	ride bike	travel up and down hill	1.5849625007211563
136780	136780	UsedFor	a man	fix things	1.5849625007211563
413144	413144	Desires	a person	be pregnant	1.5849625007211563
 11632	His album , '' The Rest Is History '' -LRB- Ruff Ryders -RRB- , came out last fall .	is	Ruff Ryders	Is History	1	1			
551990	551990	UsedFor	The telephone	talk to people far away	1.5849625007211563
534768	534768	Causes	use computer	eye strain	2.0
543319	543319	CapableOf	woman	doubt man sincerity	1.5849625007211563
21115758	Structured interventions combining PA and modest weight loss have been shown to lower type 2 diabetes risk by up to 58 % in high - risk populations.	have been shown	Structured interventions combining PA	to lower type	1	1			
 39393	 39393	UsedFor	stay healthy	be happy	1.5849625007211563
237366	237366	IsA	greek gods	uranus	2.0
358607	358607	HasA	drawer	thing	2.807354922057604
   523	   523	HasProperty	A computer that hurts good people	bad	1.5849625007211563
361487	361487	UsedFor	wood	make different instrument	1.5849625007211563
340110	340110	Desires	person	delicious food	2.807354922057604
383353	383353	HasLastSubevent	drink alcohol	fall over	1.5849625007211563
443472	443472	HasSubevent	seeing an exciting story	you might get excited	1.5849625007211563
 30752	Nearby , at the Purim Party at the West Side Institutional Synagogue given by the Carlebach Synagogue , Zvi Padah , the ordinarily teetotaling , bearded Yeshiva dean , was looking tipsy in his superhero costume .	be looking tipsy in	Nearby at the Purim Party at the West Side Institutional Synagogue bearded Yeshiva dean	his superhero costume	1	1			
  9925	  9925	DefinedAs	the ogham	celtic rune system and alphabet	2.321928094887362
499018	499018	Causes	have rest	rejuvination	2.321928094887362
262990	262990	IsA	One endoscope	a gastroscope	1.5849625007211563
317631	317631	HasSubevent	have sex	falling down	1.5849625007211563
279597	279597	IsA	A person's "honor"	his reputation and self-esteem	1.5849625007211563
307704	307704	DefinedAs	positive	opposite of negative	1.5849625007211563
 22208	 22208	HasPrerequisite	reach advantage	determination	1.5849625007211563
505853	505853	IsA	rakes	tools	1.5849625007211563
310192	310192	UsedFor	credit card	impulse buy	1.5849625007211563
368066	368066	Causes	have friend over	good mood	1.5849625007211563
534080	534080	HasProperty	computer	good at number	1.5849625007211563
439857	439857	CapableOf	in winter you	find snow on forest floor	1.5849625007211563
556433	556433	HasPrerequisite	buy fresh fruit and vegetable	go to grocery store	3.1699250014423126
323158	323158	Causes	attend rock concert	spend money	1.5849625007211563
544960	544960	HasPrerequisite	snore	go to sleep	3.0
 33265	"""""""Her subjects were friends and artists who posed for her in their """"""""Full Monty"""""""" glory."""""""	were	Her subjects	friends and artists	1	1			
123488	123488	HasProperty	Bono	short	1.5849625007211563
170626	170626	HasA	toothbrush head	bristle that help clean your tooth	1.5849625007211563
 96510	 96510	CausesDesire	see other person have fun	have fun	1.5849625007211563
436959	436959	CapableOf	A person	listen to the stero whilst woodworking	1.5849625007211563
 81085	 81085	IsA	confrontation	stage production	2.321928094887362
192114	192114	ReceivesAction	Baseball	played on a diamond	1.5849625007211563
263690	263690	HasPrerequisite	wage war	fire missle at another country	1.5849625007211563
147295	147295	UsedFor	cotton	weave cloth	1.5849625007211563
 54824	 54824	AtLocation	a human	a submarine	2.584962500721156
515235	515235	HasSubevent	killing someone	laughing	2.0
127700	127700	HasProperty	heemeyer	angry after lose zone dispute	1.5849625007211563
314510	314510	IsA	cell phone	small communication device that communicate by radio with small widely distribute transceivers	1.5849625007211563
 68856	 68856	CapableOf	controller	control a device	2.0
  5695	This crime was so horrific , '' said Michael E. Bongiorno , the district attorney for Rockland County , where the crime took place . ''	took place	the crime	Rockland County	1	1			
428855	428855	MotivatedByGoal	celebrate	something good happend	1.5849625007211563
167505	167505	CapableOf	A pillowcase	matches the sheets	1.5849625007211563
175560	175560	IsA	Much common jewelry	junk	1.5849625007211563
212597	212597	UsedFor	bugle	play tap	1.5849625007211563
167707	167707	UsedFor	wallpaper	decorate wall	1.5849625007211563
490694	490694	IsA	barnacle	crustacean	2.9068905956085187
225757	225757	Causes	fiddling	you would waste time	1.5849625007211563
353675	353675	UsedFor	playing poker	money for strippers	1.5849625007211563
538793	538793	IsA	bermuda	grass for lawn	1.5849625007211563
 10059	The department is reported to have wanted $ 500 million to start writing checks later this year , but the Office of Management and Budget proposed zero and finally agreed only to a token .	agreed finally only to	the Office of Budget	a token	1	1			
343568	343568	CausesDesire	be splatter by mud	clean clothe	1.5849625007211563
472502	472502	HasPrerequisite	strike match	bring head of match close to rough surface	1.5849625007211563
413201	413201	HasProperty	nucleus	positive	1.5849625007211563
277912	277912	HasProperty	The presentation of some food	important as the taste	1.5849625007211563
366128	366128	UsedFor	using a vcr	record a program while you are out	1.5849625007211563
 24338	`` If the Government were defeated , the Government would resign and the Prime Minister would ask the Queen to dissolve Parliament , '' the statement said .	ask the Queen to dissolve	the Prime Minister	Parliament	1	1			
349701	349701	HasLastSubevent	eat	thank the host and hostess	1.5849625007211563
102134	102134	IsA	ibm and unix	both computer system	1.5849625007211563
498550	498550	CapableOf	binoculars magnify thing	be far away	1.5849625007211563
320710	320710	AtLocation	doormat	porch	2.0
534834	534834	HasPrerequisite	drink	be thirsty	2.584962500721156
424205	424205	CapableOf	The person holding the diskette	works with computers	1.5849625007211563
202288	202288	IsA	no you	not	1.5849625007211563
181709	181709	CapableOf	Planes	bank at a certain angle	1.5849625007211563
 68898	 68898	UsedFor	a sidewalk	walking the dog	1.5849625007211563
 83990	 83990	Causes	bake cake	put ice on top	1.5849625007211563
276807	276807	AtLocation	reality show	television	1.5849625007211563
143685	143685	AtLocation	crab	cartoon	1.5849625007211563
197398	197398	UsedFor	give plug	save money on advertise	1.5849625007211563
29616330	Recent findings : EOCRC appears to have a different spectrum of clinical , pathologic , and molecular presentation compared to CRC diagnosed in older individuals.	to have	EOCRC	a different spectrum of pathologic	1	1			
586037	586037	UsedFor	plunger	open drain	1.5849625007211563
 61437	 61437	Causes	clean	dirt and bacteria to be remove	1.5849625007211563
355300	355300	AtLocation	pulpit	in church	1.5849625007211563
472652	472652	IsA	white house	where president life	2.0
190171	190171	MotivatedByGoal	have pen	pay by check	1.5849625007211563
 34268	They live with Dirk, Weetzie's gay best friend, his lover, Duck, and Weetzie's daughter, Cherokee, possibly conceived during group sex with Dirk and Duck.	be conceived	Weetzie 's daughter	possibly during group sex with Dirk	1	1			
 85731	 85731	HasProperty	Pyroclastic flows	much more hazardous than lava	1.5849625007211563
270266	270266	IsA	europa	moon of jupiter	2.321928094887362
394494	394494	CausesDesire	important event	send e-mail	1.5849625007211563
293709	293709	NotDesires	cat	be hit	1.5849625007211563
436429	436429	UsedFor	corn	making corn flakes	1.5849625007211563
331293	331293	HasSubevent	tie your shoelace	that you look at your shoe	1.5849625007211563
558037	558037	HasSubevent	getting up early	exercise	1.5849625007211563
594900	594900	IsA	a cord	rope	2.321928094887362
161251	161251	HasSubevent	improving your image	change habits	1.5849625007211563
301065	301065	HasProperty	Kittens are fragile and delicate, they	easy to harm	1.5849625007211563
479162	479162	PartOf	haight-ashbury	san francisco	2.321928094887362
141725	141725	HasPrerequisite	breathe some fresh air	stay home	1.5849625007211563
498112	498112	Causes	love	despair	2.0
405195	405195	HasA	mallards	green heads	1.5849625007211563
559958	559958	CapableOf	good chess player	win money in chess tournament	1.5849625007211563
 17264	 17264	HasFirstSubevent	attend class	sleep	1.5849625007211563
537579	537579	CapableOf	a cigarette	burn down a forest	1.5849625007211563
359292	359292	IsA	another way to say beach	at shore	1.5849625007211563
255221	255221	HasSubevent	take phone call	you may be disconected	1.5849625007211563
  2899	Dr. Pradit , Mahidol 's rector and the head of the Government 's investigation , accepts the higher figure .	has	the Government	investigation	1	1			
171392	171392	UsedFor	a spoon	stir your coffee	1.5849625007211563
499247	499247	UsedFor	a knife	butter	2.807354922057604
455443	455443	AtLocation	dog shit	your shoes	2.321928094887362
 32590	 32590	AtLocation	a toll highway	the outdoors	1.5849625007211563
 83054	 83054	IsA	there	many strip mall in some city	1.5849625007211563
447347	447347	MotivatedByGoal	stand up	you have something to say	1.5849625007211563
 15602	 15602	HasA	Suguaro cacti	a distinctive shape with two arms	1.5849625007211563
 14582	 14582	HasSubevent	have war	fewer people in the world	1.5849625007211563
270244	270244	AtLocation	a pub	the town's center	2.0
466387	466387	HasPrerequisite	attend meet	know when it start	1.5849625007211563
313188	313188	DefinedAs	deal efficiently with others	key to handle supervisory position	1.5849625007211563
148466	148466	HasSubevent	fight enemy	you get kill	1.5849625007211563
 79675	 79675	UsedFor	stadium stand	view gladiator fight	2.0
231516	231516	HasLastSubevent	wash your car	change clothe	1.5849625007211563
582059	582059	MotivatedByGoal	hear news	know	2.0
243664	243664	HasLastSubevent	see your idea become reality	cheer	1.5849625007211563
217131	217131	AtLocation	planet	galaxy	2.584962500721156
257880	257880	ReceivesAction	bible	write in middle-east	1.5849625007211563
502335	502335	HasPrerequisite	paint house	paint equipment	1.5849625007211563
360618	360618	HasSubevent	passing sentence	an objection from a lawyer	1.5849625007211563
31992050	The development of community platforms coupled with widespread use of digital technologies , electronic health records , and mobile health has created new opportunities that could greatly modernize surveillance if coordinated in a pragmatic matter.	coupled	community platforms	with widespread use of digital technologies	1	1			
 25721	 25721	ReceivesAction	A game	played for enjoyment	1.5849625007211563
245153	245153	HasFirstSubevent	earn live	spend it on stripper	1.5849625007211563
 61154	 61154	UsedFor	candle	create ambience	1.5849625007211563
128932	128932	HasSubevent	surf net	gain knowledge	1.5849625007211563
461636	461636	CapableOf	a bag	carry something	1.5849625007211563
 37521	 37521	AtLocation	a motorway	a driveway	1.5849625007211563
588844	588844	HasProperty	Nothing	both true and false	1.5849625007211563
221017	221017	HasSubevent	fight war	you get kill	1.5849625007211563
 89802	 89802	ReceivesAction	Medals	awarded to winners of competitions	1.5849625007211563
200789	200789	AtLocation	a revolving door	The Hotel California	1.5849625007211563
280845	280845	HasProperty	fall in love	like float on air	1.5849625007211563
441402	441402	CapableOf	person	be face another person	1.5849625007211563
326408	326408	CapableOf	hand	cup ball	1.5849625007211563
212595	212595	HasPrerequisite	leaving the line	having to wait longer	1.5849625007211563
357504	357504	CapableOf	some animal	breath through their skin	1.5849625007211563
363000	363000	IsA	The usual word for "logograph"	"logogram"	1.5849625007211563
246364	246364	IsA	Bob Dylan	a lowrider	1.5849625007211563
153231	153231	IsA	Mercator projections	not to scale	1.5849625007211563
548139	548139	UsedFor	a shed	tools too dirty to keep inside	1.5849625007211563
103559	103559	IsA	a string	a part of a violin	1.5849625007211563
173876	173876	ReceivesAction	some mall	enclose	1.5849625007211563
449642	449642	UsedFor	heater	heat area	1.5849625007211563
144870	144870	IsA	the place settings	fancier at expensive restaurants	1.5849625007211563
585319	585319	HasSubevent	examining a thing	determine its use	1.5849625007211563
398939	398939	HasSubevent	bury cat	grieve	1.5849625007211563
290553	290553	UsedFor	a pencil sharpener	removing wood on a pencil	2.321928094887362
423583	423583	AtLocation	a person	bowling alleys	1.5849625007211563
512551	512551	UsedFor	a shopping basket	hold groceries	2.0
207518	207518	UsedFor	comb	make music as well as groom hair	1.5849625007211563
 69293	 69293	HasSubevent	chewing your food	grind your teeth	1.5849625007211563
507865	507865	AtLocation	salt	food	1.5849625007211563
518610	518610	AtLocation	computer	jet airliner	2.584962500721156
479301	479301	CapableOf	river will	flow towards ocean	1.5849625007211563
250804	250804	IsA	sex	pleasure	1.5849625007211563
456002	456002	NotDesires	A doctor	incurable diseases	1.5849625007211563
 97398	 97398	UsedFor	skin	holding in flesh	1.5849625007211563
425920	425920	HasProperty	A story	long or short	1.5849625007211563
239567	239567	CapableOf	familiarity	cause comfort	1.5849625007211563
569087	569087	PartOf	blowdryer	different heat setting	1.5849625007211563
341314	341314	UsedFor	have bath	rejuvenate	1.5849625007211563
444830	444830	CapableOf	president of unite state	serve 8 year consecutively	1.5849625007211563
500644	500644	HasProperty	The Stockholm International Peace Research Institute	abbreviated to "SIPRI"	1.5849625007211563
104594	104594	UsedFor	taking an examination	proving your intellect	1.5849625007211563
 32425	The two Republicans were hired because `` their international business experience and knowledge of governments around the world as well as their great understanding of the energy business will greatly enhance Enron 's goal of becoming the world 's first natural gas major , '' said Mr. Lay , who was active in Mr. Bush 's campaign last year .	is	Lay	male	1	1			
 11528	These skills were readily proven when squadrons and personnel were mobilized and recalled back to active duty during the Korean War and the Berlin Crisis .	was in	the Crisis	Berlin	1	1			
410320	410320	CapableOf	something	protect	1.5849625007211563
   994	With many states raising tuition and slashing their budgets for higher education , legislators are showing increasing discomfort about the rising pay for college presidents .	be raising	slashing their budgets for higher education	tuition	1	1			
376181	376181	CapableOf	you	drink in a glass	1.5849625007211563
358614	358614	CapableOf	you	promise anything	1.5849625007211563
213232	213232	UsedFor	having a rest	recovering	1.5849625007211563
314722	314722	PartOf	michigan	benzie county	2.0
25867358	Here , I attempted to stage type 2 diabetes mellitus in order to help clinicians , patients , and other interested individuals to effectively evaluate patient conditions.	to effectively evaluate	clinicians	patient conditions	1	1			
340639	340639	IsA	loosely knit terrorist cell	agitate to strike again	1.5849625007211563
 52058	 52058	HasPrerequisite	taking care of proposals	concentration and patience	1.5849625007211563
515907	515907	CapableOf	control behaviour and abuse	precede physical violence	1.5849625007211563
 61360	 61360	UsedFor	answer question	student	1.5849625007211563
358230	358230	HasPrerequisite	make good world	treat person with respect	1.5849625007211563
182710	182710	AtLocation	departmental highway	state government	1.5849625007211563
267109	267109	CapableOf	people	work in bathrooms	1.5849625007211563
 26056	 26056	UsedFor	sun	life	2.321928094887362
352450	352450	HasProperty	dr	short for doctor	1.5849625007211563
387846	387846	IsA	fag	cigarette	1.5849625007211563
385508	385508	Causes	handle proposal	good choice	1.5849625007211563
173550	173550	AtLocation	impulse buy	end of line	1.5849625007211563
288949	288949	HasProperty	it	use at beach	1.5849625007211563
421990	421990	HasProperty	Control	important to workaholics	1.5849625007211563
442401	442401	HasA	Most bicyles	two wheels	2.321928094887362
332206	332206	UsedFor	hide-a-bed	guest to sleep on	1.5849625007211563
504516	504516	CapableOf	person	blow horn	1.5849625007211563
336669	336669	IsA	red	primary color	3.0
567488	567488	UsedFor	watch tv	idiot	1.5849625007211563
189238	189238	HasPrerequisite	clean clothing	buy washing powder	1.5849625007211563
305523	305523	UsedFor	letter opener	letter	1.5849625007211563
444912	444912	HasFirstSubevent	clean clothe	put them in wash machine	1.5849625007211563
246158	246158	UsedFor	watching a film	learning	1.5849625007211563
393439	393439	ReceivesAction	person	draw to authentic life	1.5849625007211563
227744	227744	IsA	this	stage play	1.5849625007211563
146885	146885	AtLocation	pouch	female kangaroo	1.5849625007211563
 39915	 39915	IsA	This	a ticket to an event	1.5849625007211563
536092	536092	AtLocation	someone	the end of the world	1.5849625007211563
 49350	 49350	HasProperty	shelter from the elements	very important	1.5849625007211563
29425790	The cure is most likely in early - stage disease.	is	The cure	most likely	1	1			
495151	495151	HasPrerequisite	fish	patience	1.5849625007211563
175247	175247	ReceivesAction	image	reflect in water	1.5849625007211563
485324	485324	IsA	a general	in command of an army	1.5849625007211563
412587	412587	HasFirstSubevent	paint house	choose color	2.584962500721156
 76759	 76759	IsA	fifty	multiple of five	1.5849625007211563
213639	213639	MotivatedByGoal	stop eating	talk	1.5849625007211563
 30733	Dr. Saslow said , however , that even a woman who does not need yearly Pap tests will have to see a doctor at least once a year for matters like birth control , sexually transmitted diseases and problems arising from menopause .	have to see a doctor at	even a woman	least once for matters like birth control problems	1	1			
  8207	  8207	UsedFor	punch someone	prove point	1.5849625007211563
403065	403065	HasProperty	obsession with number	common among young boy	1.5849625007211563
125459	125459	CapableOf	an investor	gain wealth	1.5849625007211563
324917	324917	AtLocation	person who be confuse	quandry	1.5849625007211563
146301	146301	HasProperty	mental illness	treatable	1.5849625007211563
 32936	 32936	UsedFor	garage	repair car	1.5849625007211563
288192	288192	IsA	one instance of vessel	nuclear submarine	1.5849625007211563
 81825	 81825	Desires	some sport enthusiast	jump off thing	1.5849625007211563
468794	468794	MotivatedByGoal	give a gift	the other person would smile	1.5849625007211563
289809	289809	UsedFor	dollar bill	cash	2.321928094887362
464276	464276	IsA	Way	a candy bar	1.5849625007211563
493506	493506	AtLocation	light bulb	basement	1.5849625007211563
18765133	In general , inflammation is associated with multiple cancers , and prostate inflammation , in particular , is a suggested factor in the development and progression of prostate cancer.	is associated	inflammation	with multiple cancers	1	1			
332362	332362	HasSubevent	go for drive	get lose	2.584962500721156
582313	582313	NotDesires	person	excuses	2.321928094887362
332640	332640	UsedFor	a cannon	killing the enemy	3.0
479972	479972	CapableOf	A cook	stock supplies	1.5849625007211563
344419	344419	HasSubevent	eating in a fast food restaurant	take it all in	1.5849625007211563
292407	292407	CapableOf	meat cutter	quarter meat for you	1.5849625007211563
 47919	 47919	HasProperty	tofu	very nourishing	1.5849625007211563
143937	143937	Causes	getting wet	feeling cold	1.5849625007211563
525264	525264	IsA	Green apples	n't as tasty looking	1.5849625007211563
539500	539500	UsedFor	an outfield	playing baseball	1.5849625007211563
 32666	On some heavily fished rivers , limitations on the numbers of anglers might improve the experience for fly-fishers , not to mention the trout .	be mention	limitations on the numbers of anglers	the trout	1	1			
569006	569006	HasA	poinson ivy	three leaves	1.5849625007211563
 58138	 58138	UsedFor	a chair	resting	2.807354922057604
535290	535290	CapableOf	Painters	coat objects	1.5849625007211563
21109206	More clinical trials are needed to further assess the association of cardiovascular disease and depression , investigate biomarkers and ways to treat depression , and evaluate if treatment of depression makes a positive impact on cardiovascular outcomes.	to assess	More clinical trials	the association of cardiovascular depression	1	1			
 59147	 59147	Desires	some person	bicycle	1.5849625007211563
546584	546584	HasA	tall player	advantage in basketball	1.5849625007211563
  8343	The menu , imported from Ben 's Deli in Queens , includes matzoh ball soup , corned beef and pastrami sandwiches , chopped liver , kishke and knishes .	includes	The menu imported from Ben 's Deli in Queens	corned beef	1	1			
 36990	 36990	NotDesires	person	roach in house	2.321928094887362
485549	485549	UsedFor	a knife	attacking an enemy	1.5849625007211563
 30670	Aircraft restorers are working to recreate a B-29 heavy bomber exactly as it was when it changed the face of warfare in 1945 .	are working to recreate	Aircraft restorers	a B-29 heavy bomber	1	1			
248819	248819	HasPrerequisite	hearing music	eardrums	1.5849625007211563
159526	159526	Causes	fish	fish to die	3.0
507629	507629	AtLocation	a rock	a field or forest	1.5849625007211563
 15964	 15964	DefinedAs	Hierro giant lizard	Gallotia simonyi simonyi	1.5849625007211563
 26622	But even if a compromise were reached soon , Mills indicated that the team would stay away from Charleston this spring . ''	stay away	the team	this spring	1	1			
 26866	Journalists , however , seem to work best as sitcom characters .	seem however to work best as	Journalists	sitcom characters	1	1			
301440	301440	NotHasA	suitcase	nose	1.5849625007211563
 64008	 64008	HasPrerequisite	wage war	gather army	2.584962500721156
161177	161177	HasPrerequisite	listen	hear sound	1.5849625007211563
 77863	 77863	HasProperty	paganism	one of many ancient earth-centric religion	1.5849625007211563
598544	598544	HasSubevent	maintain good health	get regular physical examination	1.5849625007211563
 35161	`` It is a fundamental fact that the United States and Chinese interests will sometimes be in harmony and will sometimes be in conflict , '' Mr. Perry said .	be sometimes in	the United States	harmony	1	1			
478949	478949	ReceivesAction	passport	require for travel to other country	1.5849625007211563
179559	179559	Causes	conquering your opponent	claiming their territory	1.5849625007211563
395355	395355	HasA	oranges	vitamin C	1.5849625007211563
338744	338744	IsA	scott horan	city ranger	1.5849625007211563
 19421	 19421	HasA	archive i suppose to	clear and distinct information	1.5849625007211563
196676	196676	AtLocation	fuel	street	1.5849625007211563
225523	225523	ReceivesAction	wave	find on body of water	1.5849625007211563
106779	106779	Desires	Everybody	it good	1.5849625007211563
454258	454258	UsedFor	token	play video game	1.5849625007211563
440886	440886	HasSubevent	have birthday party	blow out candle	1.5849625007211563
402120	402120	CapableOf	idiot	fool no-one	1.5849625007211563
495490	495490	NotCapableOf	video game	make child violent	1.5849625007211563
 33530	 33530	HasSubevent	going on the stage	you might kill Kyle Bogner	1.5849625007211563
205814	205814	Desires	a man and his wife	live in a house	1.5849625007211563
521447	521447	HasPrerequisite	stand up	get out of your chair	2.321928094887362
363460	363460	HasFirstSubevent	make a shopping list	get paper	1.5849625007211563
 97203	 97203	HasProperty	buying a home	frightening	1.5849625007211563
130957	130957	HasProperty	dinosaur	real	1.5849625007211563
 17712	The store can churn out Balzac , Dickens and Twain , along with Bresalier , Hickey and Sarnoski . ''	churn out	The store	Twain	1	1			
335115	335115	AtLocation	a parking lot	North America	1.5849625007211563
 73236	 73236	CapableOf	something	break rocks	1.5849625007211563
157312	157312	PartOf	warren	ohio	1.5849625007211563
273790	273790	IsA	this	a book of music	1.5849625007211563
578477	578477	UsedFor	a blanket	sitting on during a picnic	1.5849625007211563
405270	405270	AtLocation	tea	a grocery store	2.0
337522	337522	UsedFor	an aisle	categorizing items	1.5849625007211563
588703	588703	AtLocation	fireplace	home	2.0
113746	113746	AtLocation	someone	on horse	1.5849625007211563
299034	299034	UsedFor	gymnasium	sport	1.5849625007211563
503381	503381	HasPrerequisite	exercise	warm up first	2.0
501122	501122	UsedFor	stay healthy	keep fit	1.5849625007211563
 40370	 40370	IsA	india	country	3.2479275134435857
 33314	 33314	CapableOf	dough	form bread	1.5849625007211563
 56123	 56123	ReceivesAction	person	annoy by congest traffic	1.5849625007211563
510870	510870	UsedFor	watching a film	edutainment	1.5849625007211563
469963	469963	HasA	stamp pad	ink	2.321928094887362
148443	148443	HasProperty	mood of riotous crowd	angry and dangerous	1.5849625007211563
410119	410119	MotivatedByGoal	meet a friend	go to the movies	1.5849625007211563
427348	427348	HasProperty	i	standing next to you	1.5849625007211563
200230	200230	Causes	serving customers	people are happy	1.5849625007211563
388471	388471	UsedFor	giving a clue	cueing someone for an answer	1.5849625007211563
477511	477511	UsedFor	give assistance	help someone	2.0
504979	504979	HasPrerequisite	reach an advantage	consider ways to reach an advantage	1.5849625007211563
431903	431903	NotDesires	a person	be rushed	1.5849625007211563
440647	440647	ReceivesAction	An animal	locked up in a cage	1.5849625007211563
188503	188503	AtLocation	a lion	a jungle	1.5849625007211563
 93583	 93583	HasProperty	organ	one kind of keyboard instrument	1.5849625007211563
258058	258058	CapableOf	bracket	hold shelf	1.5849625007211563
546405	546405	HasA	older houses	large established gardens	1.5849625007211563
106138	106138	IsA	honey	thick liquid	2.0
352488	352488	MotivatedByGoal	spit	you have phlem to release	1.5849625007211563
470152	470152	UsedFor	woodwind	play	1.5849625007211563
147838	147838	UsedFor	travel	experience different culture	1.5849625007211563
462944	462944	AtLocation	car	packinglot	1.5849625007211563
493364	493364	UsedFor	drive car	commute	1.5849625007211563
555758	555758	UsedFor	a heated towel rack	waste electric power	1.5849625007211563
284000	284000	AtLocation	sugar	in a pantry	1.5849625007211563
 27413	 27413	AtLocation	payment	check	1.5849625007211563
136066	136066	AtLocation	a front courtyard	an English or European mansion	1.5849625007211563
477134	477134	MadeOf	quilts	knitted patches	1.5849625007211563
447906	447906	HasPrerequisite	take finals	steal the exam ahead of time	1.5849625007211563
261940	261940	HasPrerequisite	swimming	gills	1.5849625007211563
 58468	 58468	HasA	austria and switzerland	same border	1.5849625007211563
477900	477900	HasSubevent	fiddle	you play mozart	1.5849625007211563
384281	384281	HasPrerequisite	do a crossword puzzle	get a magazine	1.5849625007211563
193420	193420	CapableOf	a fats thrown half brick	break that glass object	1.5849625007211563
531057	531057	CausesDesire	love of music	play violin	1.5849625007211563
 60851	 60851	CapableOf	A hair shaping gel	come in many colors	1.5849625007211563
196787	196787	AtLocation	utensil	cupboard	1.5849625007211563
582231	582231	IsA	Perl	an interpretative programming language	1.5849625007211563
443172	443172	HasProperty	the fbi	a government agency	2.0
207838	207838	Desires	person	value	1.5849625007211563
112745	112745	HasSubevent	take midterm	write	1.5849625007211563
562523	562523	UsedFor	fighting war	Ousting oppressive regimes	1.5849625007211563
477114	477114	UsedFor	a main entrance	going into something	1.5849625007211563
472845	472845	HasPrerequisite	getting clean	a bath	1.5849625007211563
 17778	But age and infirmity , he said , do make inmates less dangerous and less likely to escape or assault guards or fellow prisoners .	less to escape	inmates	less	1	1			
179858	179858	HasPrerequisite	pray	kneel	2.584962500721156
369814	369814	CapableOf	bus	drive down street	1.5849625007211563
576426	576426	Desires	A person	ask questions	1.5849625007211563
102644	102644	AtLocation	convict	in jail	1.5849625007211563
414792	414792	IsA	hair	strand	2.0
14502096	The long - term complications associated with type 2 diabetes carries a crushing burden of morbidity and mortality , and most type 2 diabetic patients die prematurely from a cardiovascular event.	carries	The long - term complications associated with type 2 diabetes	a crushing burden of mortality 2 diabetic patients die prematurely from a cardiovascular event	1	1			
245421	245421	HasA	Fruit salad	many different fruits in it	1.5849625007211563
 75707	 75707	ReceivesAction	jane	kill	1.5849625007211563
25249787	Type 2 diabetes and its complications constitute a major worldwide public health problem , affecting almost all populations in both developed and developing countries with high rates of diabetes - related morbidity and mortality.	constitute	its complications	a major worldwide public health problem	affecting almost all populations in both developed and developing countries with high rates of diabetes - related mortality	1	1		
226386	226386	HasA	comb	tooth	3.3219280948873626
470151	470151	DefinedAs	giant kangaroo rat	Dipodomys ingens	1.5849625007211563
  3451	In 1978 , Mr. Begun joined a demonstration outside the court where Yuri F. Orlov , a dissident , was on trial .	joined a demonstration outside the court In	Mr. Begun	1978	1	1			
177574	177574	CausesDesire	need to make money	sell your new book	2.0
441493	441493	AtLocation	a fiddle	an orchestra	1.5849625007211563
217184	217184	HasSubevent	studying for a subject	look through your textbook	1.5849625007211563
273844	273844	AtLocation	an adhesive bandage	a medicine cabinet	1.5849625007211563
429208	429208	AtLocation	catsup	refrigerator	1.5849625007211563
 67073	 67073	IsA	radio and newspapers	forms of media	1.5849625007211563
 50259	 50259	UsedFor	obstruct justice	person in high place	1.5849625007211563
177661	177661	HasProperty	ping pong paddle	flat	1.5849625007211563
30229546	It also points to websites that provide additional useful information for patients affected by prostate cancer and for students and teachers to obtain practical and updated information on research , new diagnostic modalities and new therapies including new updated clinical trials.	affected	patients	by prostate	for students to obtain practical information on new therapies including new updated clinical trials	1	1		
327833	327833	CapableOf	something	fall out of orbit	1.5849625007211563
247586	247586	Desires	a person	acknowledgment	2.807354922057604
275310	275310	CapableOf	ear	be erogenous zone	1.5849625007211563
343545	343545	NotDesires	person	look stupid	2.321928094887362
444915	444915	HasFirstSubevent	take a shower	take you clothes of	2.321928094887362
430875	430875	AtLocation	cell	jail	2.807354922057604
 13999	 13999	Causes	fix computer	headache	1.5849625007211563
259014	259014	Causes	pass course	get certificat	1.5849625007211563
 85653	 85653	CapableOf	Anyone	be carrying a disease	1.5849625007211563
219642	219642	HasPrerequisite	waking up in the morning	will	1.5849625007211563
360266	360266	UsedFor	a system	reduce labor	1.5849625007211563
162993	162993	HasSubevent	score homer	help your team win	1.5849625007211563
466524	466524	AtLocation	someone	scene	1.5849625007211563
500324	500324	HasProperty	Not everything on television	good	1.5849625007211563
 16170	 16170	CapableOf	something	scale a wall	1.5849625007211563
387303	387303	HasPrerequisite	telling a story	a story to tell	1.5849625007211563
240804	240804	AtLocation	mattress	your house	1.5849625007211563
185810	185810	CapableOf	person	act responsibly	1.5849625007211563
393919	393919	IsA	aare	river in switzerland	1.5849625007211563
318123	318123	CapableOf	an animal	run after its prey	1.5849625007211563
294980	294980	MadeOf	many useful things	wood	2.321928094887362
104479	104479	NotDesires	a person	lose contact with a friend	1.5849625007211563
279407	279407	NotCapableOf	age	imply obsolescence	1.5849625007211563
361561	361561	DefinedAs	wheat tortilla	tortilla make of grind wheat	1.5849625007211563
 75467	 75467	CausesDesire	want degree	pass class	1.5849625007211563
437723	437723	MotivatedByGoal	remember a phone number	call it ofter	1.5849625007211563
239083	239083	UsedFor	a dining room table	serve dinner	2.807354922057604
 17532	He missed one game , but the school permitted Jones to re-enroll in one class , allowing him to be eligible for the division tournament .	permitted Jones to re-enroll in	the school	QUANT_O_1 class allowing him to be eligible	1	1			
171966	171966	Causes	beginning work	less time to take bong rips	1.5849625007211563
586101	586101	IsA	eatery	restaurant	2.0
 84905	 84905	ReceivesAction	australian federation	born in 1901	1.5849625007211563
386041	386041	UsedFor	making bread	having bread to eat	1.5849625007211563
438311	438311	HasPrerequisite	lose weight	make love often	1.5849625007211563
591467	591467	IsA	Vegtables	a good source of fiber	1.5849625007211563
555216	555216	UsedFor	patio	use rock chair	1.5849625007211563
113872	113872	HasProperty	cry of child	bad	2.0
147266	147266	IsA	brother	family relationship term	1.5849625007211563
110914	110914	CapableOf	skeptic	doubt theory	1.5849625007211563
211805	211805	HasPrerequisite	work	have job	2.321928094887362
384134	384134	PartOf	ireland	europe	1.5849625007211563
535105	535105	CapableOf	man	see his wife	1.5849625007211563
223889	223889	CapableOf	People in love with one another	hold hands	1.5849625007211563
361460	361460	HasProperty	bass drum	essential in complete drum kit	1.5849625007211563
381488	381488	CapableOf	a bride	kiss a groom	1.5849625007211563
283217	283217	HasSubevent	use television	you fall asleep	3.0
286798	286798	UsedFor	see exhibit	information	1.5849625007211563
422123	422123	HasProperty	carbonate beverage	popular among young person	1.5849625007211563
469737	469737	CausesDesire	A great performance	stand up	1.5849625007211563
191910	191910	UsedFor	a measuring cup	measuring food	2.0
420103	420103	HasSubevent	have a bath	that you slip	1.5849625007211563
205084	205084	Causes	procreating	itching	1.5849625007211563
292510	292510	CapableOf	lead singer for band	sing song mr	1.5849625007211563
 10428	 10428	IsA	guppies	small tropical fish	1.5849625007211563
106550	106550	CapableOf	Polly the parrot became	nervous	1.5849625007211563
123281	123281	Desires	sometimes you	create small text file	1.5849625007211563
 25533	Artisans like the Aztec and Cora silversmith John Sevilla , 59 , make even more by selling their crafts .	is	the Cora silversmith John Sevilla	QUANT_O_1	1	1			
502196	502196	HasA	airplane	wheel	1.5849625007211563
189277	189277	HasProperty	Charles Manson	involved with many people being killed	1.5849625007211563
249353	249353	HasA	person who enjoy themselves	fun	1.5849625007211563
 20504	 20504	UsedFor	indian ocean	swim	1.5849625007211563
448178	448178	PartOf	body	human be	2.0
 71771	 71771	UsedFor	listening to music	unwinding	1.5849625007211563
478579	478579	MotivatedByGoal	go to mountain	climb mountain	1.5849625007211563
 26888	 26888	AtLocation	stream	countryside	1.5849625007211563
 70470	 70470	UsedFor	get clean	feel good	1.5849625007211563
536945	536945	NotIsA	clean	responsiblity of female	1.5849625007211563
316195	316195	MotivatedByGoal	read the newspaper	gain information about current events	1.5849625007211563
17331067	While numerous reports of new diabetes loci enter the literature on a regular basis , this review focuses on selected novel associations reported within the last 12 months.	enter	numerous reports of new diabetes loci	the literature	1	1			
 87999	 87999	CapableOf	an ice skater	spins	2.321928094887362
121255	121255	AtLocation	ranch house	texas	3.0
566344	566344	NotCapableOf	Do	touch poison oak	1.5849625007211563
 28953	He recommends the United States must deal directly with the republics , thus undercutting the Soviet Government , whose `` international responsibilities and nuclear weapons will be inherited by the Russian state . ''	has	the Soviet Government	international responsibilities	1	1			
318424	318424	NotDesires	a person	a bad rash	1.5849625007211563
330938	330938	Causes	agree with someone	rapport	1.5849625007211563
527502	527502	AtLocation	casserole	oven	2.0
173165	173165	ReceivesAction	car have headlight so it	drive at night	1.5849625007211563
29944017	mRNA - binding proteins LIN28 and Musashi , that are associated with stemness , and epigenetic modifiers such as de-acetylase SIRT1 may also have prognostic value in colorectal cancer.	may have	epigenetic modifiers such as de-acetylase SIRT1	prognostic value in colorectal cancer	1	1			
304164	304164	HasPrerequisite	get someplace fast	run don walk	1.5849625007211563
585304	585304	CapableOf	compact disc	play music and movie	1.5849625007211563
525475	525475	UsedFor	answering questions	pass the test	1.5849625007211563
 37509	 37509	AtLocation	hotdog	refrigerator	1.5849625007211563
514254	514254	AtLocation	pitchfork comb	hay stach	1.5849625007211563
548121	548121	HasProperty	wind	very cold in winter	1.5849625007211563
510974	510974	HasProperty	child hat	amuse	1.5849625007211563
574336	574336	Desires	cat	be pet	1.5849625007211563
403115	403115	HasProperty	pamela anderson	nice on an island	1.5849625007211563
552280	552280	IsA	sailboats	not people	1.5849625007211563
494145	494145	AtLocation	gazelle	svanna	2.321928094887362
195349	195349	DefinedAs	point pelee	southern most point of mainland canada	1.5849625007211563
 12937	A class-action lawsuit against the N.C.A.A. , contending that major college football teams violate antitrust laws by refusing to give athletic scholarships to all walk-on players , was filed yesterday in a United States District Court in Seattle .	was filed yesterday in a United States District Court in	A class-action lawsuit against the N.C.A.A. contending that major college football teams violate antitrust laws by refusing to give athletic scholarships to all walk-on players	Seattle	1	1			
318587	318587	HasFirstSubevent	communicate	speak	1.5849625007211563
173094	173094	HasProperty	in general store you	likely to find checker player	1.5849625007211563
216800	216800	UsedFor	decoy ducks	trick live ducks	1.5849625007211563
210288	210288	CapableOf	A friend	come over for lunch	1.5849625007211563
128711	128711	ReceivesAction	not all knowledge of man	write	1.5849625007211563
361320	361320	ReceivesAction	Taxes	paid in kind	1.5849625007211563
574863	574863	HasSubevent	move a car	the cars wheels turn	1.5849625007211563
480920	480920	HasSubevent	entertain someone	get out best wine	1.5849625007211563
 20251	Directed by Tim Hill , a Nickelodeon alumnus in his feature-film debut , and written by Jerry Juhl , Joseph Mazzarino and Ken Kaufman , '' Muppets From Space '' mixes the Muppets with human actors in a tale of longing and belonging built around Gonzo the Great .	is a Nickelodeon alumnus in	Tim Hill	his feature-film debut	1	1			
167629	167629	NotDesires	lover	to be left	2.0
139838	139838	CapableOf	restaurant worker	bus table	1.5849625007211563
458918	458918	IsA	These dream creatures	ogres or cluricauns	1.5849625007211563
302134	302134	HasSubevent	read	you learn somthing	1.5849625007211563
513697	513697	IsA	if temperature	cold enough water will freeze	1.5849625007211563
476805	476805	Causes	purchase cellular phone	enhance feel of security	1.5849625007211563
260083	260083	CapableOf	A child	say shut-up to another child	1.5849625007211563
274471	274471	MotivatedByGoal	read list of candidate	prepare for vote	1.5849625007211563
169766	169766	AtLocation	something	card game	1.5849625007211563
 52086	 52086	CapableOf	employer	test employee for drug	1.5849625007211563
 28848	 28848	UsedFor	electric razor	remove hair	1.5849625007211563
376089	376089	AtLocation	snake	lawn	1.5849625007211563
521860	521860	HasSubevent	lose consciousness	you'll fall	1.5849625007211563
28708247	Conclusion : Patients with type 1 diabetes mellitus and concomitant ADHD faced problems with their diabetes management , especially during stressful situations.	faced	Conclusion	problems with their diabetes management	especially during stressful situations	1	1		
540243	540243	IsA	deli	more often	1.5849625007211563
 98627	 98627	HasProperty	mm	short for milimeter	1.5849625007211563
  1025	Although investigators quickly reached an initial conclusion that Mr. Foster 's death was probably a suicide , there were few clues when he died about his possible motives .	was	Mr. Foster 's death	a suicide	1	1			
529286	529286	HasPrerequisite	eat dinner	silverware or chopstick	1.5849625007211563
160229	160229	CapableOf	cool liquid	make liquid into solid	1.5849625007211563
 30659	Modern orchestras would double the size of the string section , which in Beethoven 's day numbered around 18 violins , 4 violas , cellos and basses .	numbered around	the string section	QUANT_O_1 violas	1	1			
157149	157149	UsedFor	listen	lover	1.5849625007211563
521399	521399	HasPrerequisite	play piano	make music	1.5849625007211563
187952	187952	HasPrerequisite	go to school	pay your fee	1.5849625007211563
263416	263416	DefinedAs	haha	cyanea dunbarii	1.5849625007211563
 56277	 56277	IsA	Oxygen	a chalcogen	1.5849625007211563
 66806	 66806	HasPrerequisite	see something new	look around you	1.5849625007211563
420188	420188	HasPrerequisite	go outside for even	freshen up	1.5849625007211563
453365	453365	HasPrerequisite	pay by credit card	open your wallet	1.5849625007211563
387812	387812	HasPrerequisite	heat can of bean	open can	1.5849625007211563
 29729	A single brilliant description of a visit to '' the city , '' seen as it were through the veil of a village woman , serves to emphasize the centrality of the community of families whose members , and whose mud houses and courtyards , are so intricately related to one another among the poplar-lined watercourses of the village .	are related to	courtyards	QUANT_O_1 another among the poplar-lined watercourses of the village	1	1			
244268	244268	CapableOf	something	rake leaves	1.5849625007211563
2650720	The data mentioned in the review suggest that a large proportion of ' operable ' cases can be treated with breast conservation but details in the technique of breast conserving therapy are still under investigation.	suggest	The data mentioned in the review	that a large proportion of details in the technique of breast conserving therapy are still under investigation	1	1			
269899	269899	ReceivesAction	energy	stored as compressed air	1.5849625007211563
237103	237103	HasProperty	nickname for oklahoma	state	1.5849625007211563
249156	249156	UsedFor	answering questions	help desk personnel	1.5849625007211563
123306	123306	NotDesires	person	crash car	1.5849625007211563
168089	168089	PartOf	werder	football player	2.0
 42116	 42116	UsedFor	hanging out at the bar	people who want to socialize	1.5849625007211563
397016	397016	HasPrerequisite	take break	go on holiday	1.5849625007211563
249198	249198	CausesDesire	bad friend	play poker	1.5849625007211563
516534	516534	IsA	The highest peak in the world	Mount Everest	1.5849625007211563
 17489	You have to maintain the humidity at a steady level , and a level that would be uncomfortable when the auditorium is full of students , '' said Richard Seidell , the district 's assistant superintendent for business .	is the district 's assistant superintendent for	Richard Seidell	business	1	1			
358556	358556	ReceivesAction	fragile thing	break easily	1.5849625007211563
121502	121502	CapableOf	He	expect to fail	1.5849625007211563
 22554	He says the strength in Japan 's market stems in large part from rising financial stocks , which he attributes to new capital requirements , which will force banks in Japan to get new equity capital . ''	force	new capital requirements	banks	1	1			
165880	165880	UsedFor	nylon	man make material	1.5849625007211563
510868	510868	IsA	One impairment a person might have	an allergy	1.5849625007211563
 58582	 58582	HasPrerequisite	invest money or energy	DO SO	1.5849625007211563
 37610	 37610	HasProperty	watch	helpful for keep on schedule	1.5849625007211563
 28750	 28750	UsedFor	knit	make jumper	2.321928094887362
  6711	Annual pay of $ 56,000 , not unusual in suburban New Jersey , is about $ 15,000 above the national average for local officers and just $ 2,000 below the average salary of a full college professor nationally , according to the Census Bureau .	is about	Annual pay of $ QUANT_S_1	$ QUANT_O_1	1	1			
471206	471206	HasSubevent	study for subject	increase in your knowledge	1.5849625007211563
473534	473534	IsA	this	a happy dog	1.5849625007211563
113772	113772	HasPrerequisite	study	be awake	1.5849625007211563
268800	268800	CausesDesire	the possibility of profits	handle proposals	1.5849625007211563
 99940	 99940	IsA	peace	a goal worth striving for	1.5849625007211563
234637	234637	HasSubevent	go to bed	phone ring	1.5849625007211563
588543	588543	Causes	testing your strength	you pick up a weight	1.5849625007211563
503265	503265	HasProperty	intercourse	fun	1.5849625007211563
160665	160665	HasPrerequisite	watch the evening news	switch on the television	2.584962500721156
320801	320801	HasSubevent	play basketball	fool opponent	1.5849625007211563
294790	294790	Causes	going for a swim	wellbeing	1.5849625007211563
123043	123043	HasProperty	refuse	waste	1.5849625007211563
354390	354390	IsA	dream	thing you do when you sleep	2.0
276840	276840	HasPrerequisite	cross the street	open your eyes	1.5849625007211563
502701	502701	MotivatedByGoal	have a bath	it's warm and fun	1.5849625007211563
393799	393799	CapableOf	soldier	arm himself	1.5849625007211563
  2353	NYPD Blue '' was an early dramatic series to use brutal language and gritty cinematic visuals to heighten the realism of the storytelling .	was an early dramatic series to use	NYPD Blue	brutal language to heighten the realism of the storytelling	1	1			
329912	329912	IsA	Death	a consequence of being alive	1.5849625007211563
525395	525395	HasPrerequisite	give assistance	be clear about your task	1.5849625007211563
 27282	Giel was offered a job in the university 's development office , heading external relations and fund-raising for university athletic programs and facilities ... The Quebec Nordiques have acquired a veteran goaltender , Bob Mason , from the Chicago Blackhawks yesterday in exchange for a forward , Mike Eagles .	be heading fund-raising for	Giel	facilities	1	1			
299110	299110	HasPrerequisite	eat quickly	grab your food	1.5849625007211563
269360	269360	IsA	phobia	fear	1.5849625007211563
 17241	That 's a shame , because Queens loses out to Manhattan on tourism dollars .	loses out to	Queens	Manhattan	1	1			
310140	310140	IsA	earth	close to sun during february	1.5849625007211563
107845	107845	UsedFor	a saucepan	combine ingredients	1.5849625007211563
435864	435864	IsA	first know contraceptive	crocodile dung	1.5849625007211563
330835	330835	Causes	eating healthily	to live longer	3.0
361200	361200	HasA	Some beer mugs	glass bottoms	1.5849625007211563
347414	347414	MotivatedByGoal	see your idea become reality	compleat task at hand	1.5849625007211563
224729	224729	MotivatedByGoal	run	run after the ball	1.5849625007211563
305435	305435	HasProperty	summer in washington dc	torrid	1.5849625007211563
  9841	When I first got here , I thought it was the dumbest thing in the world , '' said Terry McLaughlin , librarian at the Joetian Public Library , who moved to Saipan last year . ''	moved to Saipan	the Joetian Public Library	last year	1	1			
 22677	 22677	IsA	there	safety in numbers	1.5849625007211563
 36699	 36699	UsedFor	answering questions	those taking an examination	1.5849625007211563
450287	450287	IsA	a mansion	home	2.0
540516	540516	UsedFor	address label	indicate destination of package	1.5849625007211563
250316	250316	HasProperty	Emu feathers	used in tribal cerimonies	1.5849625007211563
554273	554273	HasProperty	computers	fast	1.5849625007211563
475255	475255	HasPrerequisite	running a marathon	physical stamina	1.5849625007211563
360641	360641	Causes	hiking	sore legs	1.5849625007211563
302433	302433	HasProperty	hitting the bottle requires	upset, sad or depressed	1.5849625007211563
559166	559166	AtLocation	old irons	a museum	1.5849625007211563
433670	433670	UsedFor	remember	thinging about something that happen in past	1.5849625007211563
  5535	Old friends and comrades embraced in tearful reunions on the Mall and at gatherings Wednesday night .	embraced in tearful reunions on	comrades	the Mall	1	1			
256459	256459	AtLocation	a weight bench	the gym	2.321928094887362
113070	113070	IsA	books	about animals	1.5849625007211563
 79338	 79338	ReceivesAction	A moving walkway	found in an airport	1.5849625007211563
215124	215124	HasPrerequisite	learn about science	read a science book	2.0
316441	316441	HasA	this object	glass lens	1.5849625007211563
546201	546201	Causes	An injury that	bleeding	1.5849625007211563
413953	413953	HasPrerequisite	opening a business	capitol	1.5849625007211563
 23071	If you argue that Japan should increase defense spending because we have a big trade deficit with Japan , then it could be argued that defense spending should go down if the trade deficit goes down , '' Mr. Auer said .	increase	Japan	defense spending	1	1			
570633	570633	HasPrerequisite	go to the store	decide which store	1.5849625007211563
139991	139991	UsedFor	Social skills training	treat neurotic patients	1.5849625007211563
577555	577555	HasSubevent	having a shower	running out of hot water	2.584962500721156
 84506	 84506	HasSubevent	surprise someone	use ventriloquism	1.5849625007211563
110864	110864	IsA	some hotel	for cockroach	1.5849625007211563
416802	416802	MotivatedByGoal	fence	defend something	1.5849625007211563
512833	512833	AtLocation	space junk	space	2.321928094887362
175414	175414	CapableOf	Anything	be useless	1.5849625007211563
594685	594685	HasPrerequisite	visit art gallery	enjoy art	1.5849625007211563
351681	351681	UsedFor	a boarding pass	proof of ticket purchase	1.5849625007211563
279605	279605	HasProperty	Politicians	insincere	2.0
278499	278499	HasProperty	a wristwatch	digital or analog	1.5849625007211563
116869	116869	HasProperty	Some songs	harder to sing than others	1.5849625007211563
176997	176997	CapableOf	clog sink drain	cause sink to overflow	1.5849625007211563
210256	210256	AtLocation	someone	his best	1.5849625007211563
 22418	 22418	HasFirstSubevent	look good	appreciate your improve appearance	1.5849625007211563
451341	451341	HasSubevent	type	put in sheet of paper	1.5849625007211563
331229	331229	IsA	a sweater and a shoe	both articles of clothing	2.0
23967682	The gastric cancer risk can be diagnosed by the ABC classification consisted of a combination of serum Hp antibody and the pepsinogen ( PG ) method.	can be diagnosed	The gastric cancer risk	by the ABC classification	1	1			
120398	120398	HasProperty	portrait	do in oit	1.5849625007211563
 63033	 63033	AtLocation	pepper and salt	a kitchen cupboard	1.5849625007211563
367436	367436	HasProperty	music	distribute on album now cd	1.5849625007211563
398145	398145	CapableOf	teacher	mark homework	2.0
 58854	 58854	Causes	think	hurt your brain	1.5849625007211563
161973	161973	AtLocation	used in the army[	a military base	1.5849625007211563
317081	317081	CausesDesire	An historical event	tape a television show	1.5849625007211563
 89667	 89667	HasSubevent	learning about a subject	searching information about it	1.5849625007211563
 25261	 25261	NotDesires	person	be screw up	2.0
173901	173901	HasSubevent	learn about science	conduct experiment	1.5849625007211563
311120	311120	HasSubevent	bathe	use bubble	1.5849625007211563
  4891	Shirtless and Shoeless Near Wollman Rink , things were considerably quieter .	were	things	quieter Shirtless Near Wollman Rink	1	1			
 30991	 30991	CapableOf	wood	warp	1.5849625007211563
548419	548419	AtLocation	a beaver	a creek	2.321928094887362
308806	308806	HasPrerequisite	return to work	stand up from barstool	1.5849625007211563
 12281	In fact , said the people familiar with the case , who spoke on condition that they not be identified , Mr. Yousef indicated in one of his statements to the authorities that he had been disappointed because it was not spectacular enough .	is	Yousef	male	1	1			
412937	412937	CapableOf	the hardware store	supply the plumber	1.5849625007211563
 30907	Only a bobbled pass in the end zone by split end Craig Allen , two alert defensive stops by the Irish and a gang tackle on a fourth-down play prevented the shock of last week 's defeat from evolving into frothing disgust by Notre Dame 's fervent but impatient supporters .	has	last week	defeat	1	1			
270230	270230	CapableOf	child	tie shoelace	1.5849625007211563
372218	372218	DefinedAs	the koran	sacred text of islam, considered by muslims to contain the revelations of god to muhammad	1.5849625007211563
140439	140439	CausesDesire	escapism	watch television	1.5849625007211563
159274	159274	HasLastSubevent	stop stand in it	move on	1.5849625007211563
328507	328507	HasProperty	If you're tense you	more likely to feel pain	1.5849625007211563
350341	350341	Causes	fix computer	crash	1.5849625007211563
 33302	Organizations in the 33 states can use the grants announced today for both education and enforcement efforts -- including funding for enforcement , housing counseling and other activities that will promote fair housing , Clinton said .	be announced	the grants including funding for enforcement housing counseling and other activities	today	1	1			
 32874	The division maintained defensive positions until the offensive of 23 May , when it broke out of the beachhead , took Cisterna , and raced to Civitavecchia and Rome .	was on	the offensive	23 May	1	1			
140211	140211	CapableOf	man	name his dog	1.5849625007211563
468019	468019	HasSubevent	go on vacation	you make reservation	1.5849625007211563
104755	104755	UsedFor	fencing	keeping animals in a pound	1.5849625007211563
393901	393901	AtLocation	someone	ambulance	1.5849625007211563
445484	445484	UsedFor	chatting with friends	information and conding	1.5849625007211563
172977	172977	Causes	going to a laundromat	a one night stand	1.5849625007211563
103769	103769	HasPrerequisite	go into trance	relaxation and quiet	1.5849625007211563
552374	552374	UsedFor	harp	create music	1.5849625007211563
124357	124357	MotivatedByGoal	pass class	graduate	2.0
173925	173925	CausesDesire	Stupid people	give a clue	1.5849625007211563
 50372	 50372	IsA	octopus	incorrect plural of octopus	1.5849625007211563
370686	370686	HasPrerequisite	reading a newspaper	time to concentrate	1.5849625007211563
110282	110282	IsA	An end-table	often	1.5849625007211563
499914	499914	HasFirstSubevent	teach other people	prepare a syllabus	1.5849625007211563
235347	235347	CapableOf	dreamer	picture outcome	1.5849625007211563
307814	307814	AtLocation	water-supply tank	loft	1.5849625007211563
503167	503167	CapableOf	paint	coat wood	1.5849625007211563
205998	205998	HasPrerequisite	tape a television show	obtain a blank tape	1.5849625007211563
248121	248121	UsedFor	dine area	gather with family	1.5849625007211563
296424	296424	IsA	Having high ethical standards	important for IT professionals	1.5849625007211563
328247	328247	HasLastSubevent	run	bathe the sweat off your body	1.5849625007211563
411150	411150	HasProperty	Happiness	elusive and fleeting	1.5849625007211563
  4463	  4463	UsedFor	head	froth on beer	1.5849625007211563
437059	437059	AtLocation	motorway	any first world country	1.5849625007211563
596968	596968	IsA	makeup	paint for your face	1.5849625007211563
591067	591067	UsedFor	leader	lead	2.584962500721156
126506	126506	AtLocation	rabbi	synagogue	3.1699250014423126
 42761	 42761	CapableOf	clock	fail to work	1.5849625007211563
 17140	That these people will stay in teaching only a minimum of two years is not much below the average for all elementary and secondary school teachers , half of whom leave the profession after only five years .	is QUANT_R_1 below	only a minimum of QUANT_S_1 years	the average	1	1			
269586	269586	AtLocation	scrap paper	a desk	2.0
305633	305633	HasSubevent	taping a television show	watch something else	2.584962500721156
 71369	 71369	Causes	making a better world	resentment	1.5849625007211563
462857	462857	HasSubevent	clean house	use chemical	1.5849625007211563
176613	176613	IsA	catherine havasi	mit student	1.5849625007211563
 26795	Now some in the party fear that its base of female support could shrink further , a bare 15 weeks before a national election that already looks perilous .	is a bare QUANT_O_1 weeks before	QUANT_S_1 in the party fear that its base of female support could shrink further	a national election	1	1			
418394	418394	CapableOf	rule	govern behavior	1.5849625007211563
201620	201620	IsA	bagpipes	a traditional irish musical instrument	1.5849625007211563
 86771	 86771	AtLocation	entertainment	the movies	2.584962500721156
576143	576143	NotHasA	some poor people	homes	1.5849625007211563
333063	333063	HasSubevent	go see a play	stage actors	1.5849625007211563
523588	523588	Causes	use vcr	view record television program	1.5849625007211563
151200	151200	HasPrerequisite	get some physical activity	play tennis	1.5849625007211563
253157	253157	UsedFor	string	bind object together by tie	1.5849625007211563
488186	488186	UsedFor	a glue stick	paste construction paper together	1.5849625007211563
300550	300550	HasSubevent	give clue	answer be quessed	1.5849625007211563
389599	389599	Causes	taking a bath	osmosis	1.5849625007211563
105926	105926	Causes	applying for a job	frustration	1.5849625007211563
433288	433288	Desires	a person	action not luck	1.5849625007211563
30465238	Background : Immunotherapy focuses on selectively enhancing the host 's immune response against malignant disease.	focuses on selectively enhancing	Immunotherapy	the host 's immune response against malignant disease	1	1			
345785	345785	Causes	flying a kite	serenity and joy	1.5849625007211563
268473	268473	CapableOf	really smart kid	name all state capitol	1.5849625007211563
144737	144737	HasSubevent	drive	insect get into vehicle	1.5849625007211563
287784	287784	Causes	earning a living	being able to pay the rent	1.5849625007211563
214931	214931	UsedFor	give clue	facilitate insight	2.321928094887362
176082	176082	MotivatedByGoal	have party	win	1.5849625007211563
 75766	 75766	IsA	Clover mite	a pest	1.5849625007211563
583958	583958	AtLocation	and apple	apple orchard	2.0
113993	113993	CapableOf	Technicians	service machinery	1.5849625007211563
505609	505609	HasSubevent	communicating	distortion	1.5849625007211563
441061	441061	HasSubevent	buy something	go on shop spree	1.5849625007211563
434480	434480	NotDesires	teacher	to be found out a fool	2.0
162758	162758	Causes	illustrating a point	get you ass kicked	1.5849625007211563
508674	508674	UsedFor	computer	simulate sex	1.5849625007211563
310004	310004	AtLocation	green cheese	the moon	1.5849625007211563
291432	291432	CapableOf	chocolate	coat nut	1.5849625007211563
240898	240898	HasProperty	Without clothing, people	naked	1.5849625007211563
365636	365636	HasFirstSubevent	get in line	find back of line	1.5849625007211563
29227582	Agents that may affect the kidney in diabetes by virtue of an action on NHE include : ( 1 ) insulin and insulin sensitizers ; ( 2 ) incretin - based agents ; ( 3 ) sodium - glucose cotransporter 2 inhibitors ; ( 4 ) antagonists of the renin - angiotensin system ( angiotensin converting - enzyme inhibitors , angiotensin receptor blockers and angiotensin receptor neprilysin inhibitors ) ; and ( 5 ) inhibitors of aldosterone action and cholesterol synthesis ( spironolactone , amiloride and statins ).	include	Agents that may affect the kidney in diabetes by virtue of an action on NHE	1 ) ( 2 ) incretin - based agents ; ( 3 ) sodium - glucose cotransporter	1	1			
228796	228796	HasPrerequisite	view a film at home	buy a VCR	1.5849625007211563
581930	581930	HasA	evolve life on earth	many shape	1.5849625007211563
502942	502942	HasProperty	chair on wheel	movable	1.5849625007211563
499189	499189	CapableOf	serve cart	hold tea set	1.5849625007211563
342103	342103	CapableOf	dogs	run across the field	1.5849625007211563
 14218	 14218	Causes	bathing	your hygeine will improve	1.5849625007211563
521105	521105	HasPrerequisite	analysing something	thought	2.584962500721156
26003192	A multitude of mechanisms has been forwarded to exert this effect.	has been forwarded	A multitude of mechanisms	to exert this effect	1	1			
 50431	 50431	AtLocation	blue clue	television	1.5849625007211563
 56351	 56351	DefinedAs	t	in boston mass transportation system	1.5849625007211563
122257	122257	HasProperty	as technology advances it	useful to upgrade a computer	1.5849625007211563
 33974	That is likely to increase pressure on Congress not to vote any more money to supply food , medicine and nonmilitary equipment to the rebels .	be supply nonmilitary equipment to	not to vote QUANT_S_1 more money	the rebels	1	1			
357296	357296	HasSubevent	run	you get tire	1.5849625007211563
111797	111797	CapableOf	computer aid instruction system	teach	1.5849625007211563
371922	371922	CausesDesire	working hard for a long time	take a break	1.5849625007211563
463659	463659	AtLocation	wed chapel	church	2.0
473921	473921	HasFirstSubevent	jog	put on jogging clothes and shoes	1.5849625007211563
121084	121084	UsedFor	an advertisement	promiting a sale	1.5849625007211563
 25376	 25376	UsedFor	brass instrument	march band	2.321928094887362
584667	584667	Causes	releasing your energy	calming down later	1.5849625007211563
265805	265805	HasSubevent	cook	chop	2.0
 57456	 57456	PartOf	there	mississippi	1.5849625007211563
588635	588635	HasSubevent	play poker	keep your wits about you	1.5849625007211563
234736	234736	IsA	meerkat	mongoose	1.5849625007211563
31825540	Methods : The CHPCA Meeting is an annual conference held by the Prostate Cancer Foundation , that is uniquely structured to stimulate intense discussion surrounding topics most critical to accelerating prostate cancer research and the discovery of new life - extending treatments for patients.	surrounding	intense discussion	topics most critical to accelerating the discovery of new life - extending treatments for patients	1	1			
 19119	 19119	DefinedAs	Another name for Holland	Netherlands	1.5849625007211563
 36334	 36334	CapableOf	i	buy what i need to eat	1.5849625007211563
300306	300306	HasProperty	can	noisy	1.5849625007211563
121257	121257	HasProperty	We	characterized as conservative or liberal	1.5849625007211563
498562	498562	CausesDesire	trailer	watch tv show	1.5849625007211563
385024	385024	UsedFor	the Pacific Ocean	swim	1.5849625007211563
398905	398905	AtLocation	many different species	ducks	1.5849625007211563
415497	415497	HasProperty	artic	very cold	2.321928094887362
516987	516987	HasSubevent	get drunk	be hit by car	1.5849625007211563
 60310	 60310	IsA	most person think they	better-than average at most thing	1.5849625007211563
277168	277168	CapableOf	good student	master information	1.5849625007211563
25772641	Although evidence in younger patients suggest that blood glucose levels should not be above 180 mg / dl ( 10.0 mmol / l ) , there are many unanswered questions and controversies regarding the benefits and risks , methods to achieve and maintain these levels while avoiding hypoglycemia ( < 70 mg % ( 3.9 mmol / l ) ) in the older population.	maintain	the benefits	these levels	while avoiding hypoglycemia	1	1		
363202	363202	IsA	electron	small than proton	1.5849625007211563
460166	460166	UsedFor	win baseball game	advance to tournament	1.5849625007211563
581268	581268	UsedFor	a typewriter keyboard	type a letter	1.5849625007211563
 97995	 97995	HasFirstSubevent	choose a book	checking an author of the book	2.0
535404	535404	HasA	word	several mean	1.5849625007211563
224614	224614	Causes	determine truth	eliminate untruth	1.5849625007211563
519260	519260	HasA	sun	great mass	1.5849625007211563
 89652	 89652	HasSubevent	feeding your family	get out the napkins	1.5849625007211563
 59962	 59962	CapableOf	any person	cook food	2.0
168579	168579	HasProperty	Some felines	dangerous to man	1.5849625007211563
568364	568364	MotivatedByGoal	run	mean dog be chase you	1.5849625007211563
 10289	 10289	UsedFor	a crash cymbal	make music	1.5849625007211563
360341	360341	HasProperty	a hill	steep	1.5849625007211563
472193	472193	Causes	play baseball	you must hide your booze	1.5849625007211563
569882	569882	IsA	this guy	hitting a baseball	1.5849625007211563
 91072	 91072	Desires	person	lot of cheese on pizza	1.5849625007211563
135390	135390	HasProperty	not all latex	white	1.5849625007211563
164934	164934	CapableOf	A gun	hurry a captive	1.5849625007211563
 61963	 61963	HasLastSubevent	bring home some fish	eat them	1.5849625007211563
 76718	 76718	UsedFor	go see play	watch your child perform	2.584962500721156
473741	473741	CapableOf	A story	be about a submarine	1.5849625007211563
333136	333136	HasLastSubevent	express how funny something	is laugh tooo much	1.5849625007211563
221110	221110	Causes	watch tv	you get little dumb	1.5849625007211563
418953	418953	MotivatedByGoal	soak in a hotspring	it is soothing	2.321928094887362
495667	495667	AtLocation	a motorway	Europe	1.5849625007211563
115973	115973	AtLocation	dome arch	rome	1.5849625007211563
355634	355634	UsedFor	train station	rest while train arrive	1.5849625007211563
 29865	In reply to Dr. Rathjens and Mr. Seitz , Dr. Turco characterized them as '' nonspecialists with political axes to grind and who have no real technical background .	characterized them as	Dr. Turco	nonspecialists with political axes to grind	1	1			
388368	388368	HasA	all scientist	heart	1.5849625007211563
583680	583680	UsedFor	ride horse	compete in race	1.5849625007211563
116727	116727	HasSubevent	get divorce	find new place to live	1.5849625007211563
560150	560150	CapableOf	birdwatcher	watch bluejay	1.5849625007211563
305998	305998	CapableOf	someone	watching the stars	1.5849625007211563
198126	198126	IsA	like	find enjoyable or pleasurable	1.5849625007211563
22897868	Here , we discuss current and new immunotherapeutic strategies for the treatment of T2D , the need for stratification of patients based on immune and autoimmune status , and biomarkers for evaluating treatment efficiency.	based	patients	on autoimmune status	1	1			
358184	358184	ReceivesAction	these be item that might	find on desk	1.5849625007211563
492336	492336	HasProperty	This statement	true because I say so	1.5849625007211563
  5380	  5380	AtLocation	broke stuff	repair shop	1.5849625007211563
112666	112666	HasFirstSubevent	use vcr	put tape into it	1.5849625007211563
248583	248583	HasPrerequisite	wait in line	anger	1.5849625007211563
369727	369727	UsedFor	prove your physical endurance	show off	2.321928094887362
 13681	Wednesday at 8 is also opening night for the Hartt Music Theater 's production of the Broadway hit `` City of Angels , '' with subsequent performances scheduled for Friday , Saturday and next Sunday evenings at 8 , with an additional 3 o'clock matinee next Sunday .	is opening	Wednesday at QUANT_S_1	night	1	1			
17176121	Although much time and resources have been spent on generating potent immune therapies , none of the patients enrolled in these trials have achieved normoglycemia in the absence of insulin injections.	have been spent	resources	on generating potent immune therapies	1	1			
501452	501452	IsA	pebble	small than boulder	1.5849625007211563
194590	194590	DefinedAs	singular	same as one	1.5849625007211563
321636	321636	IsA	government	bloat of bureaucrat	1.5849625007211563
 56058	 56058	AtLocation	gazelle	dictionarry	1.5849625007211563
151337	151337	UsedFor	bridge	cross	1.5849625007211563
 63289	 63289	ReceivesAction	some star trek movie	make	1.5849625007211563
239165	239165	PartOf	bavaria	germany	2.584962500721156
449060	449060	UsedFor	making cookies	pleasing my loved ones	1.5849625007211563
360711	360711	HasSubevent	join the army	learning to shoot	2.0
335361	335361	UsedFor	room which	study	1.5849625007211563
591851	591851	UsedFor	communicating	expressing ideas	2.807354922057604
 11679	 11679	CapableOf	a child	miss a bus	1.5849625007211563
  5035	  5035	HasPrerequisite	working the box office	taking money	1.5849625007211563
 51896	 51896	IsA	before take off aeroplane	travel quickly	1.5849625007211563
363430	363430	HasSubevent	test your strength	punch bag	1.5849625007211563
525387	525387	CapableOf	person	shoulder blame	1.5849625007211563
380065	380065	AtLocation	photograph	love one in wallet	1.5849625007211563
 15219	 15219	CapableOf	person	go to mar	1.5849625007211563
165443	165443	CapableOf	someone	to skip	2.584962500721156
  9949	General Manager Brian Cashman , a much more objective source on Cone , did not harpoon the notion of Cone 's returning to the Yankees .	is	Brian Cashman	General Manager	1	1			
  7628	One of his early successes , in 1914 , was '' Carlotta , '' a romantic closeup of her as the widow of Maximilian , the Austrian archduke who briefly served as emperor of Mexico .	was	QUANT_S_1 of his early successes in 1914	Carlotta	1	1			
123357	123357	MotivatedByGoal	send e-mail	acquaint someone with a new development	1.5849625007211563
458632	458632	CapableOf	Words	convey emotion	1.5849625007211563
242826	242826	UsedFor	hearing singing	attending a concert	2.0
519830	519830	CapableOf	i	set cup on table	1.5849625007211563
411391	411391	AtLocation	heat to cook food	the oven	1.5849625007211563
231142	231142	Causes	diminishing your own hunger	a satiated feeling	1.5849625007211563
326954	326954	IsA	cnn	tv channel	1.5849625007211563
419101	419101	IsA	Korea	in asia	1.5849625007211563
461320	461320	MotivatedByGoal	get something	have something	1.5849625007211563
354972	354972	IsA	kiruna stamell	actor	1.5849625007211563
496801	496801	AtLocation	flower	state park	1.5849625007211563
21689660	Previous pre-clinical work and human association studies suggest that urocortins have potential to exert some beneficial and other detrimental effects on the heart and major blood vessels.	have	urocortins	potential to exert some beneficial detrimental effects on the major blood vessels	1	1			
313547	313547	IsA	person	give name accord to	1.5849625007211563
150775	150775	UsedFor	a bathroom	disposing of human waste in	1.5849625007211563
322704	322704	HasSubevent	start a flame or a fire	heat is produced	1.5849625007211563
212865	212865	UsedFor	finding information	writing news articles	1.5849625007211563
411686	411686	Causes	do crossword puzzle	strengthen of some verbal mental connection	2.0
137890	137890	AtLocation	a livingroom	a home	1.5849625007211563
229113	229113	HasFirstSubevent	play poker	arrange your card	1.5849625007211563
 10868	When Mr. Garre gave a hair-raising description of Mr. Harris 's behavior in trying to elude the police , Justice Stevens observed , '' Before being chased he had n't done any of this . ''	is	Garre	male	1	1			
216819	216819	CapableOf	policeman	watchout to catch crimnals	2.0
126195	126195	CausesDesire	bus break down	drive to work	1.5849625007211563
478639	478639	UsedFor	container cup	wear as hat	1.5849625007211563
478003	478003	DefinedAs	giant garter snake	Thamnophis gigas	1.5849625007211563
459003	459003	Causes	learning something new	a change in your outlook	1.5849625007211563
125834	125834	HasSubevent	cut your hair	listen to music	1.5849625007211563
502851	502851	HasA	coffee	caffine	2.321928094887362
516882	516882	AtLocation	a period	the end of a line	2.0
203542	203542	HasPrerequisite	go to performance	get in car	1.5849625007211563
352379	352379	IsA	books	an invaluable source of information	2.807354922057604
535170	535170	HasSubevent	going to the zoo	learn about animals	2.584962500721156
158522	158522	DefinedAs	Missouri is a state, and Independence	name of a city	2.0
 14836	Sixteen months ago , Mr. Grushow agreed to take over the programming arm of Tele-TV , a television joint venture owned by Bell Atlantic , Nynex and Pacific Telesis .	be owned by	a television joint venture	Pacific Telesis	1	1			
25249787	Multiple risk factors of diabetes , delayed diagnosis until micro - and macro-vascular complications arise , life - threatening complications , failure of the current therapies , and financial costs for the treatment of this disease , make it necessary to develop new efficient therapy strategies and appropriate prevention measures for the control of type 2 diabetes.	make	Multiple risk factors of diabetes , delayed diagnosis until micro - complications arise , life - threatening complications	it necessary to develop new efficient therapy strategies	1	1			
532993	532993	DefinedAs	The sailfish	fast fish in the world	1.5849625007211563
362719	362719	AtLocation	roller skate	sport good store	1.5849625007211563
315397	315397	UsedFor	a drawer	holding junk	1.5849625007211563
542969	542969	ReceivesAction	dust mite	see with naked eye	1.5849625007211563
288393	288393	AtLocation	a fungus	a fungus garden	1.5849625007211563
561223	561223	AtLocation	platform rail	close proximity to platform	1.5849625007211563
363606	363606	HasProperty	shortwave program	short	1.5849625007211563
184003	184003	HasA	white house	antique furniture	1.5849625007211563
400682	400682	Causes	communicate	person to think	1.5849625007211563
403728	403728	Desires	some people	surf waves	1.5849625007211563
478197	478197	AtLocation	snake	ground	1.5849625007211563
 37040	 37040	PartOf	misunderstanding	learning	1.5849625007211563
215325	215325	CapableOf	something	burst	1.5849625007211563
594907	594907	CapableOf	city	number house	1.5849625007211563
389865	389865	Causes	playing frisbee	back pain	1.5849625007211563
396502	396502	ReceivesAction	Light bulbs need to	replaced when they stop working	1.5849625007211563
 57846	 57846	UsedFor	Alcohol	sterilize instruments	2.0
521283	521283	CapableOf	a king	succeed in winning a war	1.5849625007211563
 43588	 43588	ReceivesAction	attach case	misspell	1.5849625007211563
590380	590380	Causes	see something new	become curious	1.5849625007211563
528981	528981	HasFirstSubevent	stop your bicycle	put on brake	1.5849625007211563
313110	313110	UsedFor	an egg	rolling on the white house lawn	2.321928094887362
103887	103887	UsedFor	past tense	imply passage of time	1.5849625007211563
596678	596678	IsA	This	a push pin	1.5849625007211563
 85990	 85990	HasPrerequisite	meet girls	buy some girlscout cookies	1.5849625007211563
287282	287282	CapableOf	Hot dogs are	called "wieners"	1.5849625007211563
230350	230350	IsA	Lifting weights	one way to get into shape	1.5849625007211563
128837	128837	Causes	becoming inebriated	talking nonsense	1.5849625007211563
257716	257716	HasPrerequisite	go on vacation	choose destination	1.5849625007211563
417691	417691	MotivatedByGoal	scuba dive	you wish to explore	1.5849625007211563
514764	514764	Causes	eat cookie	instant gratification	1.5849625007211563
212813	212813	AtLocation	an article	a magazine in Victoria	1.5849625007211563
418243	418243	CapableOf	People enjoy stargazing	it awes them	1.5849625007211563
510161	510161	IsA	"Kate must die"	a death threat	1.5849625007211563
126047	126047	UsedFor	a hole slot	drop a coin into	1.5849625007211563
443237	443237	CapableOf	person	surprise another person	2.807354922057604
459802	459802	HasProperty	consequence of war	suffer	1.5849625007211563
 88878	 88878	CausesDesire	have talent	go on stage	1.5849625007211563
528630	528630	HasPrerequisite	learn about science	study	2.584962500721156
317862	317862	IsA	Statistical multiplexing	a spatial aggregation mechanism	1.5849625007211563
420372	420372	Causes	kiss someone	get mono	1.5849625007211563
  1575	Mr. Bush , in formally announcing Mr. Kerik 's selection at a White House ceremony , described him as '' a dedicated , innovative reformer who insists on getting results . ''	is	Kerik	male	1	1			
186914	186914	MotivatedByGoal	go on strike	wage be not high enough	1.5849625007211563
125266	125266	CausesDesire	Work schedules	eat quickly	1.5849625007211563
 64174	 64174	HasA	swiss army knife	several attachment	1.5849625007211563
528522	528522	IsA	stacey	linda sister	1.5849625007211563
529765	529765	ReceivesAction	A cafe	situated at the atlantic coast	1.5849625007211563
508441	508441	MotivatedByGoal	play card	you like challenge	1.5849625007211563
436117	436117	DefinedAs	Absurdity	basis of some forms of humor	1.5849625007211563
129149	129149	CapableOf	A person	take notes	1.5849625007211563
410017	410017	HasA	old books	leather bindings	1.5849625007211563
172126	172126	CapableOf	drivers	back trailers	1.5849625007211563
110507	110507	AtLocation	rub	table	1.5849625007211563
543098	543098	HasPrerequisite	posting a message	writing skills	1.5849625007211563
 24161	 24161	CapableOf	My friend	captain this boat	1.5849625007211563
439586	439586	DefinedAs	drakes	Male ducks	3.1699250014423126
 59598	 59598	HasProperty	Nocturnal animals	more active at night	1.5849625007211563
565554	565554	HasProperty	Not all objects	tangible	1.5849625007211563
 27235	 27235	HasPrerequisite	read magazine	choose one you can understand	1.5849625007211563
229466	229466	HasSubevent	writing a program	computer crash	1.5849625007211563
335931	335931	MotivatedByGoal	shot yourself in the head with a loaded gun	commit suicide	1.5849625007211563
9894539	Methods : Personal characteristics of the principal operators ( POs ) such as age and cigarette smoking , in addition to selected farm characteristics and relevant medical and work history factors potentially associated with both exposure to respiratory irritants and subsequent respiratory symptoms were considered.	associated	relevant medical and work history factors	with both exposure to respiratory irritants and subsequent respiratory symptoms	1	1			
289182	289182	HasA	each cell on worksheet	absolute reference	1.5849625007211563
 32244	 32244	IsA	shoes	running shoes	2.0
455043	455043	CausesDesire	feel good	get fit	1.5849625007211563
575790	575790	HasSubevent	play frisbee	catches and throws	1.5849625007211563
177475	177475	HasProperty	state park ranger	helpful when you be lose	1.5849625007211563
286662	286662	Causes	cutting your hair	a loud electric razor	1.5849625007211563
208318	208318	UsedFor	a gymnasium	sports	1.5849625007211563
 11507	 11507	UsedFor	rug	protect floor	2.321928094887362
539234	539234	IsA	swim	fun sport	1.5849625007211563
 42203	 42203	HasPrerequisite	open a bag of chips	tear the bag of chips	1.5849625007211563
455517	455517	HasPrerequisite	staying healthy	constant awareness	1.5849625007211563
  9334	The protons in the huge Tevatron accelerator at the Fermi National Accelerator Laboratory in Batavia , Ill. , start out in a Cockcroft-Walton device , for example .	is in	Batavia	Ill.	1	1			
368451	368451	HasSubevent	have pet	fee them	1.5849625007211563
 27794	Rival warlords in Gardez say Mr. Zadran used his satellite phone to tell the Americans that the convoy was filled with Qaeda fighters .	used	Mr. Zadran	his satellite phone	1	1			
363924	363924	HasLastSubevent	awake	open your eye	2.0
539881	539881	CausesDesire	opportunity	go on vacation	1.5849625007211563
291192	291192	UsedFor	saw	make thing	2.584962500721156
 15522	Reno's supporters said today's decision demonstrated her willingness to go outside the Justice Department to investigate a high-ranking Clinton official when the facts justified it.	has	Reno	supporters	1	1			
 11479	The project has been organized by Creative Time , a nonprofit organization that presents public art around the city , as part of '' 59th Minute 	be ranging from William Wegman to	artists	Thomas Struth	1	1			
 22503	 22503	CapableOf	A dining table	seat a certain number of people	1.5849625007211563
345197	345197	HasSubevent	buy beer	give your credit card	1.5849625007211563
337800	337800	NotHasProperty	old map	accurate as new map	1.5849625007211563
133448	133448	AtLocation	moonshine	a jar	1.5849625007211563
256361	256361	IsA	there	news on tv at four oclock	1.5849625007211563
148363	148363	IsA	This	a typical advetising display	1.5849625007211563
207106	207106	IsA	yard	lawn surround house	1.5849625007211563
210929	210929	AtLocation	a pillow case	a bed	2.807354922057604
261791	261791	CapableOf	A person	dare to jump off a cliff	1.5849625007211563
567426	567426	AtLocation	in a city	the street	1.5849625007211563
584450	584450	HasSubevent	proving your physical endurance	lift weights	3.0
243323	243323	Causes	buying something	spending money for stuff	1.5849625007211563
282062	282062	AtLocation	a heifer	a barn	2.321928094887362
560410	560410	CapableOf	a television show	continue next week	1.5849625007211563
280263	280263	HasPrerequisite	institute civil action	altercation	1.5849625007211563
231037	231037	ReceivesAction	Laws	read by humans	1.5849625007211563
237004	237004	Causes	go outside for even	relaxation	1.5849625007211563
590080	590080	IsA	the light bulb	a great idea to use electricity	1.5849625007211563
462264	462264	DefinedAs	San Diego fairy shrimp	Branchinecta sandiegonensis	1.5849625007211563
380062	380062	HasPrerequisite	go to zoo	be interest in animal	1.5849625007211563
213171	213171	AtLocation	a boat	a lake	3.0
314188	314188	HasProperty	alaea salt	salt mixed with ferruginous red earth	1.5849625007211563
475269	475269	HasSubevent	you drop an apple	it gets bruised	1.5849625007211563
  5468	  5468	ReceivesAction	clothe	make to be wear	1.5849625007211563
401884	401884	HasSubevent	be in charge of project	screw everything up	1.5849625007211563
314380	314380	AtLocation	not monster	bed	1.5849625007211563
 13732	The Stars have a team incentive plan in place that awards bonuses on a years-played basis .	awards	a team incentive plan	bonuses	1	1			
443999	443999	Desires	A person might	take road trips	1.5849625007211563
394829	394829	HasProperty	tortilla	round	1.5849625007211563
111593	111593	NotCapableOf	lilac	drink tea	1.5849625007211563
343467	343467	IsA	cowboy boot	for redneck	1.5849625007211563
491361	491361	HasProperty	build	multilevel	1.5849625007211563
108234	108234	UsedFor	a hair dryer	drying hair	3.1699250014423126
 69201	 69201	IsA	literary character	it own story	1.5849625007211563
213346	213346	CapableOf	We	eat food	1.5849625007211563
 69518	 69518	MotivatedByGoal	knit	clothing	2.584962500721156
166648	166648	HasA	some newspaper	editorial section	2.0
521146	521146	HasPrerequisite	pass course	give apple to teacher	1.5849625007211563
411986	411986	Causes	seeing a movie	dependent on the type of movie	1.5849625007211563
357583	357583	AtLocation	Islam	Saudi Arabia	1.5849625007211563
24527480	Women and men with T2DM share many of the same risks and challenges in managing their disease , yet there are important differences between the genders that have been highlighted in this article.	have been highlighted	the genders	in this article	1	1			
193421	193421	AtLocation	a potato	iowa	1.5849625007211563
128495	128495	HasProperty	quiet sound	hard to hear	1.5849625007211563
388571	388571	HasProperty	window	open or close	1.5849625007211563
236841	236841	MotivatedByGoal	make good world	you care about humanity	1.5849625007211563
167712	167712	CapableOf	Too much tv	result in not enough exercise	1.5849625007211563
  4729	Organizations in the 33 states can use the grants announced today for both education and enforcement efforts -- including funding for enforcement , housing counseling and other activities that will promote fair housing , Clinton said .	can use	Organizations in the 33 states	the grants announced today for both education and enforcement efforts including funding for enforcement housing counseling and other activities	1	1			
466583	466583	MotivatedByGoal	examine thing	know what it be	1.5849625007211563
190984	190984	UsedFor	manila folder	keep paper straight	2.321928094887362
238277	238277	AtLocation	paper	a backpack	1.5849625007211563
553110	553110	HasPrerequisite	breathe some fresh air	go to mountain	1.5849625007211563
339473	339473	AtLocation	tune fork	piano tuner hand	1.5849625007211563
402264	402264	CapableOf	fists	break noses	1.5849625007211563
132136	132136	MotivatedByGoal	fight war	are forced	1.5849625007211563
24170484	Data sources : Pre - and post intervention data were abstracted from 50 medical records of patients with type 2 diabetes in a small primary care practice.	were abstracted	post intervention data	from 50 medical records of patients with type 2 diabetes in a small primary care practice	1	1			
423338	423338	IsA	thomas jefferson	white dude	1.5849625007211563
390211	390211	NotCapableOf	acoustic guitar	require electricity to produce pleasant music	1.5849625007211563
472902	472902	ReceivesAction	Radishes grow when they	planted in a garden	1.5849625007211563
131287	131287	UsedFor	going to get a haircut	feeling better about your appearance	1.5849625007211563
174988	174988	HasPrerequisite	chew your food	use your jaws	1.5849625007211563
233076	233076	HasPrerequisite	buy product	obtain money	1.5849625007211563
355313	355313	HasSubevent	buying something	get a two for one deal	1.5849625007211563
579758	579758	AtLocation	a human	outer space	1.5849625007211563
360985	360985	NotCapableOf	many person be insane and	even know it	1.5849625007211563
539424	539424	CapableOf	something	brake	1.5849625007211563
219350	219350	NotCapableOf	Most people	like standing in long lines	1.5849625007211563
378076	378076	HasSubevent	watch television show	laugh	2.584962500721156
284951	284951	HasPrerequisite	help someone	power	1.5849625007211563
 54588	 54588	CapableOf	restaurant	serve asian food	1.5849625007211563
 23307	In 1988 , USA Cafes had operating income of $ 9.22 million on total revenues of $ 25.1 million .	had operating income of	USA Cafes	$ QUANT_O_1	1	1			
382619	382619	HasPrerequisite	keep thing orderly and tidy	care	1.5849625007211563
228324	228324	CapableOf	People	sleep in church	1.5849625007211563
373104	373104	CapableOf	human	feel empathy for non-humans	1.5849625007211563
 46478	 46478	HasPrerequisite	have physical exam	kill yourself	1.5849625007211563
229532	229532	AtLocation	food crumbs	the back of the sofa	1.5849625007211563
342689	342689	HasA	bird	tail feather	1.5849625007211563
 24531	 24531	MotivatedByGoal	get warm	be more comfortable	1.5849625007211563
257039	257039	AtLocation	senior	hospital	1.5849625007211563
 40975	 40975	PartOf	jar	lid that can screw on or off	1.5849625007211563
558709	558709	UsedFor	window	let fresh air into room	2.584962500721156
249659	249659	IsA	this	orange ticket	2.0
 98319	 98319	HasSubevent	play poker	hold good hand	1.5849625007211563
472978	472978	IsA	One common emotion	exhaustion	1.5849625007211563
  9168	  9168	MotivatedByGoal	send e-mail	put in bid	1.5849625007211563
595775	595775	IsA	bob	individual	1.5849625007211563
136099	136099	UsedFor	bicycle	travel	1.5849625007211563
150995	150995	UsedFor	a classroom	Testing one's knowledge	1.5849625007211563
236008	236008	Desires	a saint	be good	1.5849625007211563
524385	524385	CapableOf	someone	find an answer	1.5849625007211563
479382	479382	Causes	attend school	you get student loan	1.5849625007211563
 93294	 93294	IsA	fionacat	alias	1.5849625007211563
288977	288977	NotIsA	E-mail	a good method for communicating concern	1.5849625007211563
209044	209044	NotDesires	person	be without job	1.5849625007211563
 80715	 80715	DefinedAs	Imitation--apparently paradoxically--turns out to	source of our amazing creativity	1.5849625007211563
403506	403506	UsedFor	wool	make yarn	2.321928094887362
529760	529760	IsA	Dogs	great companions for people	1.5849625007211563
533186	533186	NotIsA	monogomy	wood	1.5849625007211563
201784	201784	UsedFor	move sidewalk	go	1.5849625007211563
541772	541772	MadeOf	dart board may	rubber or plastic	1.5849625007211563
313104	313104	HasSubevent	examining a thing	check it out	1.5849625007211563
211012	211012	MotivatedByGoal	celebrate	something good happen	1.5849625007211563
463501	463501	ReceivesAction	some bicycle	steal	1.5849625007211563
249639	249639	HasProperty	Laughter with others	pleasing	1.5849625007211563
 29629	But , Reverend Milani acknowledged , it hardly means the cards are tickets to heaven .	is	Milani	Reverend	1	1			
368950	368950	Desires	a person	thick hair	1.5849625007211563
413793	413793	UsedFor	clothe	keep person warm	1.5849625007211563
 89566	 89566	NotCapableOf	people	sail when it's raining	1.5849625007211563
138510	138510	AtLocation	brain	skull	3.1699250014423126
294590	294590	IsA	basket ball	team sport	1.5849625007211563
396054	396054	IsA	amiga	terrible kind of computer	1.5849625007211563
207928	207928	UsedFor	a five and dime	buy tissue	1.5849625007211563
 11725	 11725	AtLocation	something	ice rink	1.5849625007211563
281151	281151	MotivatedByGoal	work box office	you have job at theater	1.5849625007211563
343364	343364	MotivatedByGoal	clean your clothe	they have stain on them	2.584962500721156
404209	404209	IsA	oxygen	a fuel	1.5849625007211563
217571	217571	UsedFor	pass class	get diploma	1.5849625007211563
165247	165247	HasSubevent	buying fresh fruits and vegetables	selecting the ripest ones	1.5849625007211563
25292298	Haze seems to have an additive effect , since the associations between haze and number of cases were stronger in the following month than in the preceding month.	were	the associations between haze and number of cases	stronger in the following month than in the preceding month	1	1			
512675	512675	UsedFor	gaining more land	becoming rich	2.321928094887362
 28642	 28642	IsA	A hang glider	a minimal aircraft	2.0
583410	583410	HasPrerequisite	please your parents	treat them nicely	1.5849625007211563
306751	306751	IsA	nissan	brand of car	1.5849625007211563
 85910	 85910	UsedFor	boat	go in water	1.5849625007211563
 29076	 29076	HasProperty	all form of malaria	life-threatening	1.5849625007211563
321659	321659	HasSubevent	tell a story	remember	2.0
186629	186629	HasSubevent	spending money	buy only what you need	1.5849625007211563
 13732	 13732	IsA	A society	a large group of people	2.0
551541	551541	NotCapableOf	something I	is unhealthy	1.5849625007211563
208131	208131	UsedFor	calculator	do mathematic configuations	1.5849625007211563
164617	164617	AtLocation	saltwater	sea	1.5849625007211563
 60421	 60421	Desires	a person	soft skin	2.0
303762	303762	UsedFor	run twenty six mile	horse	1.5849625007211563
329460	329460	CapableOf	cake	fall in oven	1.5849625007211563
351556	351556	AtLocation	pennies	a jar	2.807354922057604
334008	334008	HasSubevent	making friends	buy drinks	1.5849625007211563
213802	213802	HasPrerequisite	fiddling	dexterity	1.5849625007211563
 19488	 19488	HasProperty	this machine	weird	1.5849625007211563
550177	550177	CapableOf	A new broadcast	be covering a story	1.5849625007211563
 85570	 85570	Causes	listening to music	a smile	1.5849625007211563
243433	243433	MotivatedByGoal	carpool	go to work	1.5849625007211563
585002	585002	NotCapableOf	lion	buy meat in shop	1.5849625007211563
188789	188789	IsA	movie	way of	1.5849625007211563
241102	241102	IsA	a balloon	an envelope	1.5849625007211563
250272	250272	MotivatedByGoal	fly in an airplane	you need to go somewhere	1.5849625007211563
195017	195017	HasProperty	fire	red	2.584962500721156
571109	571109	HasPrerequisite	cooling off	getting anger under control	1.5849625007211563
317604	317604	HasPrerequisite	paint picture	use brush	1.5849625007211563
227756	227756	Causes	have conversation	intimacy	1.5849625007211563
554762	554762	HasLastSubevent	go to sleep	lose consciousness	2.0
 12690	The military regime led by Gen. Omar Hassan al-Bashir , which seized power in a coup in 1989 , has embarked on a ruthless campaign to depopulate the areas around oilfields and a pipeline in southern Sudan and to secure them from rebel attack .	be depopulate the areas around	a ruthless campaign to secure them from rebel attack	a pipeline	1	1			
199575	199575	IsA	it	eleven o-clock	1.5849625007211563
126473	126473	Causes	do housework	feel satisfy	1.5849625007211563
291354	291354	NotCapableOf	oil situation will	get good	1.5849625007211563
431793	431793	AtLocation	human	movie	2.584962500721156
199455	199455	CausesDesire	Loneliness	have a party	2.0
243324	243324	HasFirstSubevent	give a gift	purchase a gift	2.321928094887362
206446	206446	IsA	Anarchy	when nobody rules	1.5849625007211563
496767	496767	UsedFor	shop	determine price of product	2.321928094887362
 55484	 55484	HasSubevent	going to the pub	drive a card	1.5849625007211563
393398	393398	IsA	Lobster	often	1.5849625007211563
368056	368056	HasPrerequisite	pass sentence	approval by someone else	1.5849625007211563
438412	438412	NotHasProperty	soda	good for your teeth	1.5849625007211563
482901	482901	CapableOf	human	smell with their nose	1.5849625007211563
172080	172080	UsedFor	icebox	store fish	1.5849625007211563
598156	598156	IsA	chef special	not always on menu	2.321928094887362
372531	372531	IsA	a rook	piece of a chess set	3.1699250014423126
201143	201143	HasProperty	a flat space	hard to find	1.5849625007211563
492217	492217	IsA	park	plural of park	1.5849625007211563
357063	357063	CapableOf	thing	see in silhouette at sunset	1.5849625007211563
147674	147674	DefinedAs	Chatham Island robin	Petroica traversi	1.5849625007211563
484141	484141	HasPrerequisite	release your energy	do some sort of activity	1.5849625007211563
 72085	 72085	UsedFor	a sheet of paper	cutting and folding	1.5849625007211563
424338	424338	IsA	This tank	a powerful maching for making war	1.5849625007211563
274963	274963	IsA	Tomatoes	an ingredient in salsa	1.5849625007211563
300970	300970	AtLocation	platypus	australia	1.5849625007211563
254917	254917	CapableOf	someone	open car door	2.321928094887362
442152	442152	HasPrerequisite	commit suicide	talk to a psychologist	1.5849625007211563
302328	302328	AtLocation	mammoth	distant past	1.5849625007211563
559232	559232	IsA	lark	fun	2.0
597797	597797	HasPrerequisite	go jogging	to change your shoes	1.5849625007211563
 32158	 32158	CapableOf	children	bicycle to school	2.807354922057604
455297	455297	HasProperty	The four cardinal directions	North, South, east and west	1.5849625007211563
 40597	 40597	MotivatedByGoal	take finals	get into a good college	1.5849625007211563
128836	128836	IsA	bidet	french toilet for woman	1.5849625007211563
  2807	Since the Argentine economy was experiencing deflation in the 1990 's and the promise of reducing rates was also forgotten , the rate adjustment swelled profits enormously .	was experiencing	the Argentine economy	deflation	1	1			
204625	204625	HasSubevent	getting some money from someone	dropping the money	1.5849625007211563
562197	562197	UsedFor	a mayor	control a police chief	1.5849625007211563
350083	350083	CapableOf	a gorilla	learn sign language	1.5849625007211563
329241	329241	NotCapableOf	person	talk to cat	1.5849625007211563
 64900	 64900	UsedFor	glass roof	let in light	1.5849625007211563
15823385	Type 2 diabetes mellitus has become an epidemic , and virtually no physician is without patients who have the disease.	has become	Type 2 diabetes mellitus	an epidemic	1	1			
564363	564363	HasProperty	car seats	adjustable	3.0
465400	465400	HasSubevent	cars are bought	people sometimes replace the radio	1.5849625007211563
490645	490645	UsedFor	a pot	pissing in	2.584962500721156
216695	216695	IsA	petrel	bird	2.321928094887362
  1312	`` The younger population , the ones most likely to be renters , are moving to other areas of the country , like the South and the West , '' he said .	are moving to other areas of the country like	The younger population	the West	1	1			
373244	373244	CapableOf	bird	eat carrion	1.5849625007211563
134999	134999	CapableOf	president	govern nation	3.3219280948873626
 30959	 30959	HasProperty	basketball	cool	1.5849625007211563
245611	245611	IsA	a pill	oral medication	1.5849625007211563
241679	241679	AtLocation	gold	church	1.5849625007211563
297832	297832	HasPrerequisite	attend lecture	interest	1.5849625007211563
31490989	Information extracted included costs , source , study population , and costing perspective.	extracted included	Information	costing perspective	1	1			
484723	484723	ReceivesAction	music that be not classical	refer to as contemporary music	1.5849625007211563
446932	446932	IsA	cloth linen	fabric	2.584962500721156
135811	135811	UsedFor	making a shopping list	remembering everything you need to buy	1.5849625007211563
202276	202276	UsedFor	moon	lover to look at	1.5849625007211563
274028	274028	HasProperty	real estate	expensive in boston	1.5849625007211563
364806	364806	PartOf	The face	the body	1.5849625007211563
125257	125257	IsA	There	someone for everyone	1.5849625007211563
292301	292301	HasPrerequisite	flirting	skill	1.5849625007211563
  1703	But Lucas ' next big film is `` The Hulk , '' based on the comic book about Bruce Banner , who , when a scientific experiment goes wrong , is genetically afflicted with the ability to morph into a mammoth being .	has	Lucas	next big film	1	1			
 60211	 60211	IsA	human	security problem	1.5849625007211563
404446	404446	CapableOf	adaptable wrench fit	size of bolt	1.5849625007211563
518147	518147	HasPrerequisite	eat in a fast food restaurant	decide which one to go to	2.321928094887362
 54379	 54379	IsA	bacteria	prokaryote	1.5849625007211563
346482	346482	CapableOf	A proposal	advance an idea	1.5849625007211563
272211	272211	IsA	thomas crown affair	horrible movie	1.5849625007211563
425787	425787	Causes	having a bath	being clear	1.5849625007211563
436062	436062	HasProperty	some person	practical	1.5849625007211563
357020	357020	AtLocation	box of photograph	closet	1.5849625007211563
161006	161006	CapableOf	two mirror that face each other	form resonant cavity	1.5849625007211563
 63897	 63897	UsedFor	have heart attack	person who do not watch their diet	1.5849625007211563
133614	133614	IsA	wardi yew	plant	1.5849625007211563
524211	524211	IsA	offspring	product of sexual activity	1.5849625007211563
 37408	In the locker room , the players appeared unfazed by their lackluster performance , although Mark Messier did acknowledge the team 's seeming inability to maintain any sort of attack .	be maintain QUANT_O_1 sort of	the team 's seeming inability	attack	1	1			
280294	280294	HasSubevent	reading a book	sit	1.5849625007211563
577225	577225	AtLocation	a ball bearing	a wheel	2.584962500721156
 26582	 26582	CapableOf	elephant	lift log from grind	1.5849625007211563
260912	260912	HasSubevent	putting on the stand	delivering testimony	1.5849625007211563
 25735	Anticipating an unprecedented interest in their sport , the owners could n't wait to hammer boards across their windows .	be Anticipating an unprecedented interest in	the owners	their sport	1	1			
368802	368802	HasPrerequisite	learn a language	use memory techniques to learn vocabulary	1.5849625007211563
432620	432620	AtLocation	squash	farmer market	2.0
389902	389902	HasA	many person in africa	aid	1.5849625007211563
471159	471159	AtLocation	strange	paradise	1.5849625007211563
103596	103596	HasPrerequisite	attend a rock concert	get stoned	1.5849625007211563
157745	157745	MotivatedByGoal	go to school	learn	2.807354922057604
205190	205190	CapableOf	this machine	sell you soda pop	1.5849625007211563
201109	201109	CapableOf	something	mastrubating	1.5849625007211563
485162	485162	UsedFor	rabbit skin	make glue	1.5849625007211563
 19050	In it , he wrote , '' Suffering a great personal loss drove me in my obsession to save children . ''	be save	Suffering a great personal loss	children	1	1			
317710	317710	UsedFor	wait on table	woman	1.5849625007211563
307545	307545	CausesDesire	a good package	sign a contract	1.5849625007211563
258872	258872	HasPrerequisite	cogitate	avoid distraction	1.5849625007211563
131864	131864	CapableOf	a hermit	feel an affinity to a bear	1.5849625007211563
 49562	 49562	AtLocation	hockey puck	hockey game	3.4594316186372978
199400	199400	ReceivesAction	when bird	kill man be catch	1.5849625007211563
285799	285799	MotivatedByGoal	breathe some fresh air	fill your lungs	1.5849625007211563
24628439	Conclusion : Awareness and acquisition of the skills required to intervene will enable nurse practitioners to recognize clients at risk for disordered eating , gain appreciation of the motivation of female adolescents with type 1 diabetes mellitus towards disordered eating behaviours and give optimal opportunity for education , counselling and recovery.	will enable	Awareness of the skills	nurse practitioners	to recognize clients give optimal opportunity for counselling	1	1		
191197	191197	HasSubevent	do not go to school	you do not get a job	2.0
359970	359970	ReceivesAction	different pitched sounds	caused by differentt frequencies	1.5849625007211563
156635	156635	HasProperty	tool nut and bolt	compose of metal	1.5849625007211563
 12523	When your focus shifts from the offending actions of each of you to the soft spots that are bruised by these actions , you may come to a new understanding of each other , one that cuts angry arguments short and over time brings you closer together , '' the psychologists wrote .	are bruised by	the soft spots	these actions	1	1			
308728	308728	DefinedAs	woundfin	plagopterus argentissimus	1.5849625007211563
368691	368691	HasPrerequisite	go to sport event	wear your jersey	1.5849625007211563
575529	575529	UsedFor	a hoist	moving objects	1.5849625007211563
315834	315834	IsA	yemen	country	2.4594316186372973
 83441	 83441	IsA	illustrate	draw	1.5849625007211563
198006	198006	AtLocation	a telephone	the end of a line	1.5849625007211563
 63714	 63714	HasA	poeple	eyelashes	1.5849625007211563
515568	515568	HasSubevent	seeing a movie	falling asleep	1.5849625007211563
218772	218772	IsA	this man	technician look over chart	1.5849625007211563
415226	415226	UsedFor	binder	keep paper together	1.5849625007211563
447166	447166	IsA	When	hurts you scream out loudl	1.5849625007211563
 22245	 22245	AtLocation	box of chalk	school	1.5849625007211563
 64570	 64570	Causes	go somewhere	relaxation	1.5849625007211563
336823	336823	IsA	Algeria	an african country	1.5849625007211563
313423	313423	Causes	seeing a band	listening to music	1.5849625007211563
 72871	 72871	AtLocation	prostitute	any large city	2.0
440066	440066	IsA	phone	rotary phone.it be black	1.5849625007211563
 65903	 65903	AtLocation	girl	train station	1.5849625007211563
 16634	 16634	NotDesires	Helen Unger-Clark	be insulted	1.5849625007211563
429325	429325	IsA	stravinsky rite of spring	first	1.5849625007211563
430898	430898	UsedFor	valley	runoff of rain	1.5849625007211563
227816	227816	IsA	sorry my poor english,	it a barbecue	1.5849625007211563
225305	225305	UsedFor	wrestling	affectionate play	1.5849625007211563
340268	340268	Causes	starting a family	you will need more money	1.5849625007211563
286948	286948	CapableOf	hose	transport fluid	1.5849625007211563
438420	438420	IsA	bag and can	container	1.5849625007211563
591881	591881	UsedFor	doing a crossword puzzle	solving cryptic clues	2.321928094887362
  8159	  8159	CapableOf	Some old ladies walk their	dogs	1.5849625007211563
306870	306870	IsA	game of table tennis	call ping pong	1.5849625007211563
463854	463854	MotivatedByGoal	cash in	be successful	1.5849625007211563
189318	189318	MotivatedByGoal	surf	you need information	1.5849625007211563
470291	470291	HasA	some child will	no christmas	1.5849625007211563
274380	274380	ReceivesAction	wood	find in house	1.5849625007211563
328973	328973	HasProperty	Rotary phones	old	1.5849625007211563
258661	258661	Causes	laughing at a joke	stress releiving	1.5849625007211563
352310	352310	CapableOf	An injured hand	hurt for weeks	1.5849625007211563
426085	426085	CapableOf	person	gather berry	1.5849625007211563
420300	420300	Causes	dancing	meeting people	2.0
153030	153030	HasProperty	fruit	good for your body	1.5849625007211563
459371	459371	ReceivesAction	Paper	written on	3.4594316186372978
250721	250721	MotivatedByGoal	attend meet	you call meet	1.5849625007211563
 50412	 50412	CapableOf	something	add numbers	1.5849625007211563
353783	353783	PartOf	a volva	a plant	1.5849625007211563
402260	402260	IsA	hemophilia	noncontagious disease	1.5849625007211563
 58781	 58781	HasSubevent	go to sport event	catch fly ball	1.5849625007211563
 62426	 62426	UsedFor	mathematics	build a better gun	2.584962500721156
300906	300906	DefinedAs	ottawa	capital of canada	2.584962500721156
394954	394954	Causes	get some money from someone	have cash	1.5849625007211563
270962	270962	CapableOf	You	begin to sing along	1.5849625007211563
210555	210555	ReceivesAction	clothes	made from cloth	2.807354922057604
484109	484109	AtLocation	heat room	glass shop	1.5849625007211563
382113	382113	AtLocation	a bathroom	toilet in buildings	1.5849625007211563
125364	125364	HasProperty	Workaholics	well-suited for running turnaround situations	1.5849625007211563
343918	343918	UsedFor	go on vacation	regenerate your mental health	1.5849625007211563
274300	274300	CapableOf	Research	solve many of the worlds problems	1.5849625007211563
393933	393933	Causes	procreate	itch	1.5849625007211563
 58761	 58761	PartOf	a shower head	a shower	1.5849625007211563
 50790	 50790	CapableOf	scardy cats	duck and cover	1.5849625007211563
 14236	In 1970 , Arad moved to the United States and enrolled at Hofstra University to study industrial management .	moved to	Arad	the United States	In 1970	1	1		
  4342	He is survived by his life partner , Micki , sons Ross and Jesse and sisters Susan Tiffen and Isabel -LRB- Marty -RRB- Kellerman and many nieces/nephews .	is	his life partner	Jesse	1	1			
513010	513010	ReceivesAction	Heavy things	held up by something	1.5849625007211563
436861	436861	PartOf	introduction	story	2.0
567618	567618	IsA	oldies	music that some people listen to	2.0
320093	320093	IsA	One of the chemical elements	indium	1.5849625007211563
359276	359276	AtLocation	wiener dog	amusement park	1.5849625007211563
547736	547736	UsedFor	voice	commmunicating	1.5849625007211563
31348029	Only papers written in English were included.	written	Only papers	in English	1	1			
 62477	 62477	IsA	street	road	1.5849625007211563
194081	194081	AtLocation	Uranus	outerspace	2.0
294947	294947	UsedFor	cup	protect your junk	1.5849625007211563
363617	363617	AtLocation	forest	russia	1.5849625007211563
271656	271656	AtLocation	performance	circus	2.321928094887362
299561	299561	CausesDesire	taking the census	use a calculator	1.5849625007211563
 94731	 94731	UsedFor	washing clothes	removing dirt from clothes	1.5849625007211563
174037	174037	HasProperty	prove something mean show that it	true	1.5849625007211563
126649	126649	CapableOf	you	notice me	1.5849625007211563
543411	543411	HasProperty	violin	brown	1.5849625007211563
384653	384653	NotDesires	A farmer	spoiled fruit crops	1.5849625007211563
492314	492314	NotDesires	person	global warm to continue	1.5849625007211563
492224	492224	HasProperty	Prokaryotic cells	simple	1.5849625007211563
538777	538777	HasSubevent	riding a bicycle	ring the bell	1.5849625007211563
517986	517986	AtLocation	a beaver	a pond, lake or stream	1.5849625007211563
186261	186261	AtLocation	a dictionary	the shelf	1.5849625007211563
265467	265467	NotHasProperty	office build	pretty	1.5849625007211563
 57486	 57486	UsedFor	dress room	change into new costume	1.5849625007211563
 28770	 28770	IsA	hike	exercise too	2.321928094887362
311618	311618	UsedFor	running twenty six miles	horses	1.5849625007211563
567091	567091	HasPrerequisite	wait table	put your uniform on	2.0
 75837	 75837	HasA	most home	bathtub	1.5849625007211563
326337	326337	AtLocation	aisles	a theater	1.5849625007211563
385018	385018	CapableOf	fall on grind	hurt	1.5849625007211563
 30322	 30322	HasPrerequisite	flirt	go to art museum	1.5849625007211563
583614	583614	HasSubevent	dressing nice	attracting mates	1.5849625007211563
232003	232003	CausesDesire	poker	have party	1.5849625007211563
208007	208007	HasPrerequisite	wake up in morning	alarm to go off	1.5849625007211563
 24364	The nightly guest list at Marquee is a somewhat mysterious entity , the offspring of Mr. Tepperberg , his partner , Jason Strauss , and the party promoter du jour who is expected to bring in a fun-loving , free-spending crowd .	is	his partner	Jason Strauss	1	1			
 94761	 94761	HasPrerequisite	play frisbee	agility	2.321928094887362
 85502	 85502	IsA	a line	an imaginary connection between two points	2.0
320806	320806	Desires	i	stay home and be active	1.5849625007211563
461274	461274	HasA	fair vehicle	more promise in drag reduction	1.5849625007211563
477704	477704	HasSubevent	go on internet	visit open mind commonsense	1.5849625007211563
365891	365891	MotivatedByGoal	get in line	same thing as everybody else in line	1.5849625007211563
 77243	 77243	CapableOf	wine	be ingredient in recipe	1.5849625007211563
 38010	 38010	Causes	selling your new book	become very rich	1.5849625007211563
445886	445886	IsA	this	a steam engine	1.5849625007211563
498777	498777	CapableOf	ice	cause power line to break	1.5849625007211563
189701	189701	HasA	People	souls	1.5849625007211563
 38973	 38973	HasPrerequisite	talking to someone	looking at their eyes	1.5849625007211563
438494	438494	CapableOf	human	eat animal	2.0
496545	496545	IsA	room	interior	2.0
456772	456772	HasSubevent	a man isn't careful shaving	he can cut himself	1.5849625007211563
353347	353347	Causes	breathing	asthma attacks	1.5849625007211563
437939	437939	AtLocation	a shark	australia	2.0
513999	513999	Desires	people	meet a celebrity	1.5849625007211563
370992	370992	MotivatedByGoal	play soccer	you enjoy sport	2.807354922057604
365247	365247	IsA	Peguins look like they	wearing tuxedos	1.5849625007211563
570692	570692	ReceivesAction	laundromat need to	clean	1.5849625007211563
538860	538860	HasLastSubevent	want to live	kill yourself	1.5849625007211563
227674	227674	CausesDesire	train on strike	take bus	1.5849625007211563
 28133	This cultural complexity is marvelously conjured up for us 	is conjured up for	This cultural complexity	us	1	1			
325863	325863	HasSubevent	eating healthily	eat vegtables	1.5849625007211563
306201	306201	IsA	an ocean	a large open body of water	1.5849625007211563
558181	558181	AtLocation	passageway	cave	1.5849625007211563
137564	137564	UsedFor	spirit	heal	1.5849625007211563
 18057	Her new piece , '' Denise Stoklos Unearths Hamlet in Irati , '' is an autobiographical monologue , based partly on Shakespeare 's '' Hamlet '' and set in a small town in southern Brazil .	is	Her new piece	an autobiographical monologue	1	1			
574245	574245	UsedFor	bringing suit	supporting lawyers	2.321928094887362
257517	257517	HasA	most trucks	a diesel engine	1.5849625007211563
503912	503912	CapableOf	girl	finish last in race	1.5849625007211563
227996	227996	MotivatedByGoal	jump up and down	you be happy	1.5849625007211563
156817	156817	UsedFor	a computer	passing time	1.5849625007211563
499895	499895	HasSubevent	reach impasse	frustration	2.807354922057604
196651	196651	UsedFor	watching a musician perform	fun	1.5849625007211563
 25066	In a debate here Friday night , Mr. Bush said he resented assertions in the newspaper , The Des Moines Register , that he had not answered questions about the Iran affair .	is	Bush	male	1	1			
 35466	Contributions , in lieu of flowers , may be made in the name of Marjorie F. Iseman to The Writers Room , 740 Broadway , 12th floor , New York , New York 10003 ISEMAN-Marjorie F. Congregation Emanu-El of the City of New York records with deep sorrow the death of our cherished member , Marjorie F. Iseman .	is	The Writers Room	New York	1	1			
468554	468554	CapableOf	parent	name it child	1.5849625007211563
162144	162144	ReceivesAction	Pulp	made into paper	1.5849625007211563
 20632	Head injuries sometimes result in delayed effects like sleepiness , dizziness , headaches , fatigue , irritability and memory problems .	result sometimes in delayed effects like	Head injuries	headaches	1	1			
506598	506598	HasPrerequisite	make shop list	get pen and paper	2.321928094887362
123613	123613	UsedFor	ocean	boat on	1.5849625007211563
238214	238214	Causes	giving a clue	someone to guess the answer	1.5849625007211563
390457	390457	HasA	room	door and window	2.0
267120	267120	AtLocation	something	trunk of car	3.0
 75442	 75442	ReceivesAction	From food all things	born	1.5849625007211563
169630	169630	NotDesires	person	psychopathic child	1.5849625007211563
 18934	 18934	AtLocation	a bathroom	toilet in a hotel	1.5849625007211563
534737	534737	UsedFor	a mortar	crushing chemicals	1.5849625007211563
497123	497123	CapableOf	sergeant	ready troop	1.5849625007211563
370148	370148	HasPrerequisite	Shoveling snow	don't live in the tropics	1.5849625007211563
392456	392456	AtLocation	food	a relatives house	1.5849625007211563
442569	442569	UsedFor	walk	get where you want to go	1.5849625007211563
340873	340873	Desires	person	live free of worry	1.5849625007211563
392293	392293	UsedFor	a broadcast studio	making TV programs	1.5849625007211563
341255	341255	IsA	hand	hold dart	1.5849625007211563
567137	567137	IsA	salad bowl	dish	1.5849625007211563
515431	515431	CapableOf	a person	offer some money	1.5849625007211563
571579	571579	IsA	leaf	device for absorb light	1.5849625007211563
474112	474112	HasProperty	Conentrate is like condense becuase they	dry	1.5849625007211563
327587	327587	HasA	animal	bone	2.807354922057604
525405	525405	CapableOf	hunter	eye his prey	1.5849625007211563
428314	428314	HasSubevent	program a computer	chose symbolic names	1.5849625007211563
156549	156549	MotivatedByGoal	use a spoon to eat soup	soup is liquid	1.5849625007211563
270619	270619	AtLocation	a reception area	a receptionist	1.5849625007211563
 68456	 68456	ReceivesAction	Music	made to be enjoyed	1.5849625007211563
159440	159440	HasPrerequisite	lucid dream	try to doze lightly	1.5849625007211563
406316	406316	HasLastSubevent	go on stage	perform	2.321928094887362
 69485	 69485	HasPrerequisite	doing a crossword puzzle	working across and down	1.5849625007211563
488709	488709	AtLocation	plant life	waterfall	1.5849625007211563
102268	102268	UsedFor	a ballpoint pen	writing down a message	1.5849625007211563
203159	203159	IsA	earth	biosphere - a self-sustaining area where life exists	1.5849625007211563
200304	200304	HasProperty	apples	sweet and juicy	1.5849625007211563
444419	444419	AtLocation	old papers	a trunk	1.5849625007211563
170916	170916	CapableOf	multiplying two negative numbers	equal a positive number	1.5849625007211563
558059	558059	AtLocation	showroom	automobile distributorship	1.5849625007211563
483835	483835	HasPrerequisite	run twenty-six miles	enter a marathon	2.0
535376	535376	HasProperty	silicon device	very sensitive to heat	1.5849625007211563
139476	139476	HasSubevent	remember something	you smile	1.5849625007211563
450411	450411	NotDesires	person	bad weather	2.321928094887362
436764	436764	DefinedAs	acklins grind iguana	cyclura rileyi nuchalis	1.5849625007211563
267755	267755	CapableOf	bags of garbage	end up in a landfill	1.5849625007211563
213050	213050	UsedFor	get some physical activity	remain fit	1.5849625007211563
138136	138136	MadeOf	a stage curtain	velvet	2.321928094887362
 10812	Radio stations , along with newspapers and other media , have been hurt by a drop in advertising amid the recession .	is	newspapers	media	1	1			
272743	272743	UsedFor	a puzzle	enjoying	2.321928094887362
322337	322337	UsedFor	a neighborhood map	identifying place names	1.5849625007211563
 84336	 84336	CapableOf	vcr	play information record on video tape	1.5849625007211563
459437	459437	UsedFor	dress nice	impress someone	1.5849625007211563
560144	560144	IsA	dances	lap dance	2.0
586618	586618	UsedFor	planning a vacation	enjoying being pampered	1.5849625007211563
309538	309538	MotivatedByGoal	attend a rock concert	you like the music	1.5849625007211563
213248	213248	HasSubevent	contemplating	sitting	1.5849625007211563
 82983	 82983	HasPrerequisite	playing lacrosse	a field	1.5849625007211563
567402	567402	UsedFor	cover	make tent	1.5849625007211563
545434	545434	MotivatedByGoal	drive your car	get somewhere beyond walk distance	1.5849625007211563
261001	261001	DefinedAs	Spring Creek bladderpod	Lesquerella perforata	1.5849625007211563
 34228	 34228	CapableOf	one	attempt to bargain	1.5849625007211563
536876	536876	AtLocation	coffeemaker	motel	2.0
184742	184742	Desires	person	gratification	2.0
 94645	 94645	IsA	eifel tower in france	famous tourist attraction	1.5849625007211563
146549	146549	UsedFor	theatre	hold raffle	1.5849625007211563
113951	113951	AtLocation	wacked out salesmen	a demonstration	1.5849625007211563
 44861	 44861	HasSubevent	something is created	it s new	1.5849625007211563
 69023	 69023	UsedFor	see person play game	have fun	2.0
116733	116733	CapableOf	salepeople	price merchandise	1.5849625007211563
  7666	Pointing to Acceptable , as the colt munched on his hay rack in his stall , Zito said 	munched on	the colt	his hay rack	1	1			
352128	352128	UsedFor	reaching an impasse	assessing negotiation status	1.5849625007211563
582188	582188	NotDesires	a person	bloodshed	1.5849625007211563
176222	176222	AtLocation	a bald eagle	chemotherapy	1.5849625007211563
 53796	 53796	HasSubevent	meet friend	you happy	1.5849625007211563
466174	466174	CausesDesire	get your clothe dirty	wash your clothe	2.0
218380	218380	HasProperty	We may cry when we	hungry	1.5849625007211563
 18319	Because of an editing error , an article on Tuesday about an outbreak of food poisoning in Scotland referred incorrectly in some copies to the timing of a similar outbreak in Japan .	referred incorrectly in	an article on Tuesday about an outbreak of food poisoning in Scotland	QUANT_O_1 copies	1	1			
286214	286214	HasPrerequisite	think	study	1.5849625007211563
565387	565387	Causes	getting a job	being hired	2.321928094887362
378859	378859	IsA	another way to say mount whitney	mt	1.5849625007211563
152992	152992	UsedFor	playing lacrosse	kids	1.5849625007211563
 30042	 30042	UsedFor	a chess queen	play the game of chess	3.4594316186372978
142791	142791	IsA	jellyfish	animal that have sting tentacle	1.5849625007211563
 31683	In New York , the dollar settled at 106.04 yen , down from 106.10 .	settled at QUANT_R_1 yen In	the dollar	New York	1	1			
475282	475282	HasProperty	wine	good for romantic dinner	1.5849625007211563
284568	284568	HasSubevent	seeing your idea become reality	jump up and down in joy	1.5849625007211563
 15071	The State Department spokesman , Charles E. Redman , said Friday that the document , a cable sent to the American Embassy in Tokyo in 1966 , was authentic .	be sent to	a cable	the American Embassy	1	1			
429250	429250	AtLocation	dust bunny	fridge	2.321928094887362
597961	597961	MotivatedByGoal	ride a horse	you like horses	1.5849625007211563
137302	137302	CapableOf	drums produce a	sound when struck	1.5849625007211563
111246	111246	HasA	Some people	a boarder living in their home	1.5849625007211563
 38585	This approach '' eventizes '' shopping , said Seth Matlins , a brand agent at Creative Artists Agency in Los Angeles , which provides marketing advice to companies like Motorola , Coca-Cola and Procter & Gamble .	provides	Creative Artists Agency in Los Angeles	marketing advice	1	1			
 82910	 82910	IsA	human	breathe	1.5849625007211563
 16914	 16914	UsedFor	writing a story	expressing creativity	1.5849625007211563
457798	457798	CapableOf	a greenhouse	keep out snow	1.5849625007211563
116102	116102	CapableOf	Schoolchildren	read the newspaper	1.5849625007211563
 17751	The majority of the population of Leigh were born in England ; 2.10 % were born elsewhere within the United Kingdom , 0.95 % within the rest of the European Union , and 1.47 % elsewhere in the world .	were born	1.47 % of the population of Leigh	elsewhere in the world	1	1			
178834	178834	NotDesires	an employee	lose his job	2.321928094887362
131278	131278	Desires	person	get off merry-go-round	1.5849625007211563
266406	266406	HasProperty	soft music	easy on ear	1.5849625007211563
410308	410308	HasPrerequisite	fly in an airplane	file a flight plan	1.5849625007211563
391137	391137	HasSubevent	remembering something	it makes you happy	1.5849625007211563
 79366	 79366	HasSubevent	wrestle	get hurt	2.584962500721156
441673	441673	HasSubevent	go on vacation	enjoy outdoors	1.5849625007211563
255661	255661	IsA	hot air balloon	one way to fly	1.5849625007211563
 80676	 80676	UsedFor	run errand	accomplish small routine task	1.5849625007211563
 65777	 65777	HasPrerequisite	write	learn about writing	1.5849625007211563
513329	513329	HasPrerequisite	start flame or fire	call 911	1.5849625007211563
312030	312030	AtLocation	frustration	quandry	1.5849625007211563
395491	395491	UsedFor	literature	a teacher	1.5849625007211563
591841	591841	IsA	it	a discount store	1.5849625007211563
387050	387050	Causes	entertain someone	embarassment	1.5849625007211563
574220	574220	HasPrerequisite	move a car	release the emergency break	1.5849625007211563
336545	336545	UsedFor	think	learn	2.0
537956	537956	CapableOf	animal	carry infection	1.5849625007211563
407579	407579	HasLastSubevent	enjoy film	leave	1.5849625007211563
342996	342996	CapableOf	i	force open clam	1.5849625007211563
547884	547884	Causes	kissing someone	bad breathe	1.5849625007211563
244345	244345	HasSubevent	running a marathon	get very tired	1.5849625007211563
187964	187964	ReceivesAction	The insertion spot where something will	added	1.5849625007211563
291166	291166	UsedFor	a high rise	live in	1.5849625007211563
 86565	 86565	MotivatedByGoal	pretend	fool others	1.5849625007211563
103065	103065	HasPrerequisite	cool off	get rid of excess heat energy	1.5849625007211563
536549	536549	HasSubevent	knitting	follow a pattern	1.5849625007211563
 61952	 61952	HasA	Detainees labeled as terrorists,	their human rights denied	1.5849625007211563
 12685	 12685	CausesDesire	seeing someone is feeling sad	entertain someone	1.5849625007211563
588700	588700	CausesDesire	anger	kill person	2.584962500721156
502819	502819	HasPrerequisite	Winning most card games	both luck and strategy	1.5849625007211563
  4110	  4110	AtLocation	a snake	the garden of eden	1.5849625007211563
113054	113054	IsA	moving slowly	activity	2.0
 78670	 78670	UsedFor	a boundary	identifying property	1.5849625007211563
396437	396437	CapableOf	replace your leg	cost large amount of money	1.5849625007211563
259938	259938	AtLocation	showroom	electronics store	2.321928094887362
 79889	 79889	UsedFor	a heater	heat the room	1.5849625007211563
458343	458343	IsA	fin whale	very large baleen whale	1.5849625007211563
169692	169692	IsA	A duvet	something you sit on	1.5849625007211563
373642	373642	UsedFor	a sofa	sleep on	1.5849625007211563
 25743	Boruchin adds : `` The zealots who have been campaigning against cigarettes have trouble telling people that three cigars a week is dangerous to their health .	have been campaigning against	The zealots	cigarettes	1	1			
185548	185548	HasSubevent	be in charge of a project	delegate responsibilites to others	1.5849625007211563
517894	517894	UsedFor	pad	crash	2.0
249136	249136	AtLocation	something	it best	2.321928094887362
591741	591741	HasPrerequisite	water a plant	get a sprinkler	1.5849625007211563
 51923	 51923	AtLocation	nitroglycerin	medicine chest	1.5849625007211563
478188	478188	NotHasA	Losing a job causes one to	a salary	1.5849625007211563
459667	459667	CapableOf	Success	begins in failure	1.5849625007211563
234155	234155	AtLocation	a shopping basket	a store	2.0
523207	523207	HasProperty	sugar	one kind of carbohydrate	2.0
211929	211929	NotDesires	person	noisy neighbour	1.5849625007211563
  7676	It follows a demand made last Wednesday that the surveillance flights end and that all American arms inspectors based in Baghdad for the United Nations be withdrawn .	be made	a demand	last Wednesday	1	1			
572534	572534	HasSubevent	the restaurant	ask for more water	2.0
 30635	 30635	AtLocation	a receptionist	a desk	1.5849625007211563
574012	574012	HasPrerequisite	score homer	hit ball well	1.5849625007211563
442584	442584	IsA	kind	ruler and sometimes leader	1.5849625007211563
342230	342230	UsedFor	bishop	checkmate chess king	1.5849625007211563
465409	465409	HasSubevent	learn about the world	you experience awe	1.5849625007211563
525338	525338	UsedFor	a gourmet shop	customers who are knowlegeable about cooking	1.5849625007211563
535210	535210	HasProperty	stars	very huge	1.5849625007211563
 30555	 30555	HasSubevent	dream	you smile in your sleep	1.5849625007211563
 19676	 19676	DefinedAs	vendredi	word for friday in french	1.5849625007211563
 74903	 74903	HasSubevent	grow vegetable	plant garden	2.584962500721156
350786	350786	MotivatedByGoal	play	play	1.5849625007211563
480101	480101	UsedFor	listen	know how to reply	1.5849625007211563
454498	454498	IsA	This	a green apple	1.5849625007211563
216326	216326	NotDesires	person	be bodily harm	1.5849625007211563
187294	187294	IsA	they	both type of plant	1.5849625007211563
 52263	 52263	CausesDesire	bruce boxleitner	see your favorite show	1.5849625007211563
399682	399682	UsedFor	a double edged razor	getting hair off the face	2.321928094887362
 81338	 81338	HasPrerequisite	go off strike	negotiate a contract	1.5849625007211563
 15303	When speed is your life , the race never ends .	never ends	the race	When speed is your life	1	1			
290019	290019	IsA	energy	what make this light bulb work	1.5849625007211563
579727	579727	HasPrerequisite	write program	write procedure division	1.5849625007211563
 10543	 10543	CapableOf	A doctor	explain a disease	1.5849625007211563
499036	499036	Desires	person	a nice haircut	2.321928094887362
343071	343071	IsA	basketball	a competative game	1.5849625007211563
459874	459874	AtLocation	lecture theatre	school	1.5849625007211563
145828	145828	IsA	mouse	ball mouse	2.0
135689	135689	CapableOf	actor	enter scene	1.5849625007211563
456006	456006	CapableOf	cook	season meal with spice	2.0
23129495	Gastric cancer is a prevalent yet heterogeneous disease.	is	Gastric cancer	a prevalent disease	1	1			
440934	440934	CapableOf	robber	force door open	1.5849625007211563
403703	403703	IsA	This	a violin	2.584962500721156
390953	390953	Causes	jumping up and down	your calves become sore	1.5849625007211563
217917	217917	HasSubevent	attend classical concert	you have fun	1.5849625007211563
176511	176511	IsA	Dream interpretation	an extremely subjective process	1.5849625007211563
124623	124623	HasSubevent	eat quickly	stomach pain	1.5849625007211563
504241	504241	HasProperty	industrial process	fascinate	1.5849625007211563
354461	354461	DefinedAs	geology	science of origin history and structure of earth	1.5849625007211563
469430	469430	ReceivesAction	neurotransmitter	find in brain	1.5849625007211563
484408	484408	IsA	fatigue	important factor in crash	1.5849625007211563
 82450	 82450	HasProperty	Every behavior	useful in some context	1.5849625007211563
191861	191861	ReceivesAction	map	reproduce on sheet of paper	1.5849625007211563
101180	101180	IsA	latin name of lemongrass	cymbopogon flexuosus	1.5849625007211563
 60460	 60460	AtLocation	ten federal holiday set	law	1.5849625007211563
22308553	Whilst research into symptoms has enormous potential for the management of symptom clusters , it needs to move away from the essentially reductionist stance which currently dominates and broaden its scope to one that acknowledges the complexity of the experience of symptom clusters from the perspective of the patient and their informal carer.	broaden	the essentially reductionist stance	its scope	to one	1	1		
 24348	 24348	Desires	person	three day weekend	1.5849625007211563
  6535	An exception at Goldman Sachs is for companies it invested in before they were publicly traded and has maintained an interest in .	is for	An exception at Goldman Sachs	companies	1	1			
392082	392082	CapableOf	a teacher	group readers	1.5849625007211563
476074	476074	AtLocation	a slave	ancient Rome	1.5849625007211563
304695	304695	AtLocation	wisdom	the Bible	1.5849625007211563
449988	449988	DefinedAs	this	baseball playser hank aaron break babe ruth home run record	1.5849625007211563
 32083	 32083	UsedFor	neck	kiss	1.5849625007211563
590034	590034	HasSubevent	person goal succeed	person be happy	1.5849625007211563
190255	190255	CapableOf	A chairperson	head a committee	1.5849625007211563
143619	143619	MadeOf	axe handle	wood	1.5849625007211563
132766	132766	AtLocation	sofa	reception area	1.5849625007211563
308893	308893	HasSubevent	watch horror film	you have nightmare	1.5849625007211563
368905	368905	HasPrerequisite	hang out at the bar	enter a bar	1.5849625007211563
389569	389569	NotDesires	person	have possesions steal	2.321928094887362
380559	380559	UsedFor	think	make right decision	1.5849625007211563
472817	472817	HasFirstSubevent	awake	notice that you be awake	1.5849625007211563
142779	142779	DefinedAs	Red Planet	title of a movie	1.5849625007211563
261918	261918	AtLocation	a desisel engine	a boat	1.5849625007211563
301319	301319	AtLocation	reception area	doctor office	1.5849625007211563
598819	598819	HasA	candles	wicks in the center	1.5849625007211563
501267	501267	UsedFor	a front room	viewing the deceased	2.321928094887362
  7029	Dr. Leo Lutwak , a biochemist and nutritionist who raised early concerns about health risks from the diet aid fen-phen while he was a medical officer for the Food and Drug Administration , died on Feb. 23 at a hospital in Maryland .	is	Dr. Leo Lutwak	nutritionist	1	1			
572636	572636	Causes	buy shirt	own too many shirt	1.5849625007211563
 54705	 54705	HasProperty	paper	inanimate	2.321928094887362
31605233	Colorectal cancer is one of the leading cause of death by cancer worldwide in both men and women.	is	Colorectal cancer	one of the leading cause of death by cancer worldwide in both men	1	1			
474324	474324	HasProperty	some person	more sensitive than others	1.5849625007211563
20554175	Differences in methodological approaches make it difficult to compare studies and health statistics across countries in the region.	make	Differences in methodological approaches	it difficult to compare health statistics across countries in the region	1	1			
221232	221232	DefinedAs	our world	planet earth	1.5849625007211563
326802	326802	HasPrerequisite	fee your family	grow organic garden	1.5849625007211563
565005	565005	IsA	computers	mostly squares	1.5849625007211563
393569	393569	AtLocation	geology	a University	1.5849625007211563
373480	373480	HasA	normal human hand	five finger	1.5849625007211563
 64871	 64871	ReceivesAction	alarm clock	design to wake you up	1.5849625007211563
237981	237981	UsedFor	hear music	get rile up	1.5849625007211563
129540	129540	UsedFor	union	keep employment practice fair	1.5849625007211563
496579	496579	IsA	Kissing	an accepted form of displaying affection	1.5849625007211563
 78657	 78657	UsedFor	spending money	buying happiness	2.321928094887362
532102	532102	HasPrerequisite	going to a film	time	1.5849625007211563
352116	352116	IsA	The capital of Indonesia	Jakarta	1.5849625007211563
328711	328711	UsedFor	a can	beer	1.5849625007211563
127177	127177	UsedFor	seeing your favorite show	the hell of it	2.0
272108	272108	HasProperty	14	fourteen	1.5849625007211563
325417	325417	CapableOf	a driver	change lanes	1.5849625007211563
 35028	Coinciding with the award , nine former Peace Prize laureates called on Myanmar 's military rulers to let Mrs. Aung San Suu Kyi go .	is	the award	QUANT_O_1 former Peace Prize	1	1			
185157	185157	CausesDesire	Simple living	see art	1.5849625007211563
136986	136986	MotivatedByGoal	embroider	it gives you pleasure	1.5849625007211563
 87476	 87476	UsedFor	soap	clean themselves	1.5849625007211563
546940	546940	HasA	some people	three car garages	1.5849625007211563
504799	504799	AtLocation	a hairdresser chair	a beauty parlor	1.5849625007211563
 36722	 36722	HasSubevent	play game	get excite	1.5849625007211563
400277	400277	CapableOf	young bird exercise it wing	fall	1.5849625007211563
143305	143305	AtLocation	a cat	a paper bag	1.5849625007211563
426169	426169	AtLocation	a fox	Pennslyvania	1.5849625007211563
 49263	 49263	IsA	object	thing	2.584962500721156
543615	543615	Causes	change your appearance	look different	2.807354922057604
353074	353074	HasSubevent	live a life	divorce	1.5849625007211563
133211	133211	AtLocation	staple	store	1.5849625007211563
 81499	 81499	HasPrerequisite	fly in airplane	recieve atc clearance	1.5849625007211563
128626	128626	AtLocation	four time zone	continental unite state	1.5849625007211563
127307	127307	AtLocation	chair	you	1.5849625007211563
 19785	Netscape is aiming to distribute 100 million copies of Navigator over the next year through partners , including Internet service providers and U.S. Robotics , a division of 3Com Corp. Wide familiarity with Navigator helps Netscape sell its higher-end Internet software packages , especially to large companies .	is aiming	Netscape	to distribute 100 million copies of Navigator through partners	1	1			
383207	383207	CausesDesire	Questions	find the truth	1.5849625007211563
 68448	 68448	AtLocation	someone	god	1.5849625007211563
585088	585088	AtLocation	handle	door	2.584962500721156
522953	522953	HasA	One impairment a person might	is paraplegia	1.5849625007211563
331592	331592	HasSubevent	mail letter	post office deliver it	1.5849625007211563
407744	407744	HasProperty	A food store	owned by someone	1.5849625007211563
183206	183206	IsA	train ticket	something you purchase	1.5849625007211563
  5459	Tom Pernice Jr. , a two-time PGA Tour winner , noted that Major League Baseball ran into trouble by delaying testing until steroid use was already a problem . ''	is	Tom Pernice Jr.	a two-time PGA Tour winner	1	1			
445891	445891	IsA	Balloons in the sky	gorgeous, especially when unexpected	1.5849625007211563
502919	502919	AtLocation	shade	mall	1.5849625007211563
148035	148035	NotDesires	a person	rotten eggs	1.5849625007211563
 27020	 27020	HasPrerequisite	reading a book	own it	1.5849625007211563
184821	184821	IsA	when hive	in danger be will attack	1.5849625007211563
 38810	A16 Strike Cripples France French public sector workers walked off their jobs to protest the center-right government 's plan to overhaul the country 's pension system .	walked off their jobs to protest	France French public sector workers	the center-right government 's plan to overhaul the country 's pension system	1	1			
346928	346928	UsedFor	gas heater	warm up cold room	2.321928094887362
 11220	Mr. Dinkins also expanded the Police Department under the program known as Safe Streets , Safe City , which was followed by the steep reduction in crime during the Giuliani era .	be known as	the program	Safe Streets	1	1			
 37181	The President , Board of Trustees , staff , and extended family of Dana-Farber Cancer Institute mourn the passing on August 25 of our esteemed friend , colleague , and benefactor , Alexander Abraham .	is	extended family of Dana-Farber Cancer Institute mourn the passing on August 25 of our esteemed friend	Board of Trustees	1	1			
125501	125501	MotivatedByGoal	find someone to kiss	kiss	1.5849625007211563
563937	563937	IsA	some plant	unwanted weed	1.5849625007211563
283000	283000	HasPrerequisite	fly in airplane	skill	1.5849625007211563
552040	552040	CapableOf	child	make mess	1.5849625007211563
 20822	are referred to a panel that considers several factors , including whether the prosecutor who has constitutional jurisdiction , such as a district attorney , should not be allowed to proceed because of a conflict of interest or other reasons .	has constitutional jurisdiction such as	the prosecutor	a district attorney	1	1			
359998	359998	AtLocation	attache case	lawyer office	1.5849625007211563
411151	411151	UsedFor	a paper sign	read about something	1.5849625007211563
386102	386102	UsedFor	a parking structure	parking cars	1.5849625007211563
447874	447874	HasProperty	'Internet Service Provider'	abbreviated to'ISP'	1.5849625007211563
120187	120187	HasSubevent	breathe some fresh air	inhale deeply	1.5849625007211563
 35770	But on Capitol Hill and elsewhere in the United States , those matters pale into insignificance .	pale into insignificance on	those matters	Capitol Hill	1	1			
578857	578857	UsedFor	a desk tray	paperclip storage	1.5849625007211563
174573	174573	HasSubevent	you hear high pressure system	the topic is probably weather	1.5849625007211563
 12293	The BSA suit , filed on behalf of Microsoft Corp. , Autodesk Inc. and Adobe Systems Inc. , alleged SM Summit committed software piracy .	be filed	The BSA suit	on behalf of Adobe Systems Inc.	1	1			
434044	434044	HasPrerequisite	eat in restaurant	be polite	1.5849625007211563
242880	242880	UsedFor	A rollercoaster	fun	1.5849625007211563
 78826	 78826	AtLocation	a launching platform	aircraft carrier	1.5849625007211563
 56621	 56621	CapableOf	You	continue driving if you want	1.5849625007211563
524103	524103	HasSubevent	buy house	examine poorch	1.5849625007211563
599029	599029	Causes	getting a divorce	you walk away from problems	1.5849625007211563
364440	364440	HasProperty	only 3 dimension	visible	1.5849625007211563
377538	377538	HasSubevent	lighting a fire	having som elight	1.5849625007211563
147014	147014	HasSubevent	eat cookie	ruin your appetite for dinner	1.5849625007211563
30219316	Methods : Using all accessible data from multiple sources , we estimated the prevalence of major chronic respiratory diseases and the deaths and disability - adjusted life - years ( DALYs ) caused by them for every state of India from 1990 to 2016 as part of the Global Burden of Diseases , Injuries , and Risk Factors Study ( GBD ) 2016.	caused	major chronic respiratory diseases	by them	as part of the Global Burden of Risk Factors Study	1	1		
475158	475158	ReceivesAction	belief in flat earth	find in humankind old write	1.5849625007211563
 72198	 72198	CausesDesire	desire to burn something	start a fire	1.5849625007211563
375223	375223	CapableOf	runner	race in marathon	1.5849625007211563
211937	211937	HasProperty	a plate	flat	2.0
 73557	 73557	AtLocation	old key	junk drawer	1.5849625007211563
215315	215315	UsedFor	a gate	locking	1.5849625007211563
481366	481366	SymbolOf	19	r rated movies	2.0
561136	561136	UsedFor	fight war	soldier	1.5849625007211563
300456	300456	CapableOf	Cat's eyes	shine in dark	1.5849625007211563
508639	508639	MotivatedByGoal	have a garden	grow vegetables	1.5849625007211563
305715	305715	HasPrerequisite	watch movie	time	2.584962500721156
240353	240353	HasSubevent	hair loses its pigment	it turns white	1.5849625007211563
171132	171132	HasSubevent	go on a vacation	you get some sun	1.5849625007211563
461986	461986	AtLocation	something	the post office	2.584962500721156
  7073	  7073	HasSubevent	write story	get inspire	1.5849625007211563
226246	226246	IsA	landmass	body of land	1.5849625007211563
448858	448858	DefinedAs	mississippi	third long river on earth	1.5849625007211563
29927203	Objective : To identify the prevalence , clinical characteristics , disease severity , and correlations of major chronic respiratory diseases ( CRDs ) among the adult population living in Chiang Mai.	living	the adult population	in Chiang Mai	1	1			
445423	445423	UsedFor	walk	get somewhere eventually	1.5849625007211563
 30810	 30810	MotivatedByGoal	stay in bed	i feel sick	1.5849625007211563
201336	201336	UsedFor	go on strike	take advantage of company	1.5849625007211563
  7015	  7015	UsedFor	a club	getting drunk at	1.5849625007211563
413648	413648	AtLocation	mexican restaurant	san diego	1.5849625007211563
 16278	Why was my sister , age 2 , drinking out of some redneck 's beer at a dune buggy race ?	be drinking out of QUANT_R_1 redneck 's beer at	my sister	a dune buggy race	1	1			
28213714	Current molecular genetic data show that gastric cancer , as other solid tumors as well , is not a single entity but consists of several molecular subtypes of gastric cancer with diverse biology.	is not	gastric cancer	a single entity	1	1			
207231	207231	IsA	uranus	gas giant planet	1.5849625007211563
256196	256196	IsA	A necklace	jewelrey	1.5849625007211563
 12002	 12002	HasPrerequisite	go on strike	reason	2.0
466668	466668	NotDesires	person	be call name	2.807354922057604
281240	281240	CapableOf	A person	journey afar	1.5849625007211563
317627	317627	IsA	lemons	sower	1.5849625007211563
254099	254099	AtLocation	trace amounts of industrial chemicals	the water	2.0
551521	551521	HasPrerequisite	giving a gift	generousity	2.0
576963	576963	UsedFor	prove your physical endurance	meet challenge	2.321928094887362
 20511	 20511	AtLocation	someone	arcade	2.321928094887362
426406	426406	UsedFor	escalator	move person vertically	1.5849625007211563
435017	435017	NotDesires	a person	extra homework	1.5849625007211563
278993	278993	CapableOf	Yuo	order chicken in a restaurant	1.5849625007211563
262273	262273	HasProperty	glass	often transparent	1.5849625007211563
481007	481007	AtLocation	bubblegum	the supermarket	2.0
312531	312531	MotivatedByGoal	get onto the web	do some research	1.5849625007211563
314374	314374	AtLocation	eraser holder	class room	1.5849625007211563
342598	342598	HasSubevent	spend money	you could go broke	2.0
495309	495309	UsedFor	an underground area	walking under the main ground	2.321928094887362
109983	109983	IsA	An equilateral triangle's angles	all sixty degrees	1.5849625007211563
 78680	 78680	NotDesires	person	be catch do illegal act	2.321928094887362
535045	535045	Causes	run twenty six mile	exhaustion but sense of pride	1.5849625007211563
532674	532674	IsA	A rocking chair	commonly	1.5849625007211563
 46102	 46102	UsedFor	socialising	getting information	1.5849625007211563
503668	503668	UsedFor	A hammer	pound nails in	1.5849625007211563
321685	321685	AtLocation	high temperature	a plasma	1.5849625007211563
368663	368663	CapableOf	compass needle	point to north	1.5849625007211563
 72192	 72192	IsA	something	at odds with something	1.5849625007211563
 97546	 97546	HasA	A triangle	three vertices	1.5849625007211563
483943	483943	IsA	moon	satellite of the planet earth	2.321928094887362
253648	253648	CausesDesire	batter	get divorce	1.5849625007211563
237030	237030	AtLocation	a lizard	Earth	1.5849625007211563
181032	181032	AtLocation	someone	new mexico	1.5849625007211563
425369	425369	HasPrerequisite	buying a hamburger	have a few dollars	1.5849625007211563
517301	517301	HasSubevent	go to the hairdresser	you get a shampoo	1.5849625007211563
 77005	 77005	HasPrerequisite	love another	let them know how you feel	1.5849625007211563
594215	594215	CapableOf	you	learn new ideas	1.5849625007211563
216982	216982	Desires	person	avoid pain	2.584962500721156
19202959	Large group of these tumors are at least initially sensitive to hormonal therapy.	are	Large group of these tumors	at least initially sensitive to hormonal therapy	1	1			
411718	411718	MotivatedByGoal	go to laundromat	meet cash-girl	1.5849625007211563
481268	481268	HasSubevent	grow vegetables	pride	2.0
 63974	 63974	MotivatedByGoal	win a baseball game	be the best	1.5849625007211563
216918	216918	AtLocation	speaker	desktop	1.5849625007211563
 36457	All 55 Republican senators favor it , and the Republican Party 's leaders made it the first important matter to come to a vote in the 105th Congress .	has	the Republican Party	leaders	1	1			
276200	276200	HasSubevent	bring in verdict	go into courtroom	1.5849625007211563
   762	Mr. Littlefield , the successor to NBC 's enormously successful programmer , Brandon Tartikoff , has been under great pressure to pull the network out of its three-year-long ratings slide .	is	Littlefield	male	1	1			
293007	293007	Causes	play poker	use of card deck	2.0
375166	375166	HasProperty	some fish	pretty	2.0
170968	170968	Causes	going into a trance	slowing down your metabolism	1.5849625007211563
373502	373502	HasSubevent	eat cookie	put cookie in my mouth	1.5849625007211563
539967	539967	UsedFor	play sport	pleasure	1.5849625007211563
 74832	 74832	NotCapableOf	insects	wear clothing	1.5849625007211563
  6713	LEAD 	were changed little	Prices of Treasury securities	yesterday	1	1			
222919	222919	AtLocation	a club chair	the captains cabin	1.5849625007211563
115674	115674	HasSubevent	stay healthy	you would live longer	2.321928094887362
589029	589029	IsA	stephen hawk	physicist	1.5849625007211563
110353	110353	HasFirstSubevent	play football	become part of football team	1.5849625007211563
 72681	 72681	HasSubevent	go for a swim	skinny dipping	1.5849625007211563
438136	438136	HasProperty	if something be hot it	very warm	1.5849625007211563
421501	421501	HasProperty	File allocation table	abbreviated to'FAT'	1.5849625007211563
468594	468594	AtLocation	envelope	cabinet	1.5849625007211563
301469	301469	UsedFor	going to work	being useful	1.5849625007211563
 58899	 58899	HasLastSubevent	get a good grade	writing	1.5849625007211563
344544	344544	UsedFor	a courtyard	play basketball	1.5849625007211563
269387	269387	AtLocation	a general store	dress material	1.5849625007211563
372092	372092	HasSubevent	cooking	sing	1.5849625007211563
169272	169272	CapableOf	the surgeon	have to operate on his patient	2.0
  1248	Most of us wo n't release a computer virus , but this is something people would use , particularly if a service started offering it , '' Mr. Smith said . ''	is	Smith	male	1	1			
135016	135016	UsedFor	glass front cupboard	store dish	1.5849625007211563
129011	129011	HasPrerequisite	receive degree	money	1.5849625007211563
525516	525516	AtLocation	keepsakes	a box	2.0
 26723	`` What these boil down to , of course , is a climate of corruption that has persisted in Essex County for some time -- a climate that we are determined to dispel , '' Mr. Chertoff said .	has persisted in Essex County for	What these boil down to of course a climate of corruption	QUANT_O_1 time	1	1			
 28643	Ms. Tortonello said that the quartet 's members know one another 's playing so well that '' when we start a new piece it 's automatically in tune and the sounds blend . ''	be playing	another 's	well	1	1			
319552	319552	AtLocation	happy person	greedy	1.5849625007211563
571016	571016	UsedFor	a compact disk	store information	2.321928094887362
365681	365681	HasPrerequisite	run errand	ample time to perform these errand	1.5849625007211563
 71994	 71994	AtLocation	suitcase	cargo hold	2.321928094887362
366919	366919	HasA	cold	effect of freeze	1.5849625007211563
578977	578977	HasSubevent	write letter	sign your signature	1.5849625007211563
287279	287279	HasSubevent	analyse something	learn something new	1.5849625007211563
  6970	  6970	ReceivesAction	donor ligament and tissue	need	1.5849625007211563
324455	324455	HasLastSubevent	score a homer	walk across home plate	1.5849625007211563
220669	220669	ReceivesAction	some goods	recycled	1.5849625007211563
   553	   553	AtLocation	tar paper	a roof	1.5849625007211563
527072	527072	DefinedAs	One part of history	narration of past events	1.5849625007211563
194220	194220	AtLocation	lose time	work	1.5849625007211563
576106	576106	HasProperty	person	disappoint when child be kill	1.5849625007211563
469989	469989	CapableOf	water	short the electricity	1.5849625007211563
190504	190504	Causes	flying in an airplane	ear problems	1.5849625007211563
28095710	This article aims to cover the role of chemotherapy in prostate cancer and the latest developments.	aims to cover	This article	the role of chemotherapy in prostate cancer	1	1			
334009	334009	HasProperty	steaks	high in protein	1.5849625007211563
226177	226177	AtLocation	a toothpick	a box	1.5849625007211563
466559	466559	HasA	One impairment a person might	is arrhythmia	1.5849625007211563
144566	144566	UsedFor	checkbook	documentation of deposit	1.5849625007211563
329092	329092	CapableOf	I	figupon that you don't like me	1.5849625007211563
149481	149481	AtLocation	checkbook cover	your next order of check	1.5849625007211563
574792	574792	HasPrerequisite	buying a house	money	3.3219280948873626
534575	534575	CapableOf	Children	trade baseball cards	1.5849625007211563
116842	116842	NotDesires	a person	have to go to the hospital	2.0
196232	196232	CapableOf	person read word	be in book	1.5849625007211563
468288	468288	UsedFor	coil	hose	1.5849625007211563
283562	283562	UsedFor	word	give comfort	1.5849625007211563
404507	404507	HasPrerequisite	think	meditate first	1.5849625007211563
457912	457912	CapableOf	you	fill bucket with water	1.5849625007211563
245324	245324	IsA	Holidays	special events	1.5849625007211563
261562	261562	CapableOf	speed	result in accident	1.5849625007211563
216588	216588	Causes	going on the stage	fear	2.0
499326	499326	CapableOf	someone	teach	1.5849625007211563
454610	454610	AtLocation	the ocean	the	1.5849625007211563
 45702	 45702	CausesDesire	be cold	light fire	2.321928094887362
503338	503338	IsA	People coming to the IT industry	men	1.5849625007211563
223060	223060	MotivatedByGoal	see art	stimulate your brain	1.5849625007211563
 68556	 68556	Causes	lose weight	you become thin	1.5849625007211563
100476	100476	DefinedAs	seychelles magpie-robin	copsychus sechellarum	1.5849625007211563
  7481	  7481	CapableOf	A man	walk across the street	1.5849625007211563
185646	185646	UsedFor	card	give person your phone number	2.321928094887362
279222	279222	HasSubevent	take a course	having to attend classes	1.5849625007211563
169655	169655	AtLocation	soap	liquid form	1.5849625007211563
131878	131878	UsedFor	move car	accelerate it	1.5849625007211563
171374	171374	UsedFor	bottle of vodka	entertain guest	1.5849625007211563
593036	593036	AtLocation	organisms	Ecology	2.0
 18050	 18050	HasPrerequisite	understand something good	get involve with it	1.5849625007211563
  4254	The alliance aided Cortes in his eventual conquest of the Aztec capital , Tenochitlan , now Mexico City .	aided Cortes in his eventual conquest of	The alliance	the Aztec capital	1	1			
251601	251601	MotivatedByGoal	receive a degree	studied and passed the exams	2.321928094887362
298160	298160	IsA	The White House	located in Washington DC	1.5849625007211563
112059	112059	Causes	get clean	smell nice	1.5849625007211563
578175	578175	Causes	hiking	a physical exertion	1.5849625007211563
565423	565423	UsedFor	a watch	measure the passage of time	1.5849625007211563
219322	219322	ReceivesAction	Pet birds	kept in cages	1.5849625007211563
185303	185303	NotDesires	a person	look dumb	1.5849625007211563
 68534	 68534	HasProperty	Vegetables	good for you	1.5849625007211563
 91257	 91257	HasLastSubevent	fart	wave the air and laugh	1.5849625007211563
588417	588417	HasProperty	national radiological protection board	abbreviate to'nrpb	1.5849625007211563
497659	497659	CausesDesire	Shopping	buy something	1.5849625007211563
 62089	 62089	ReceivesAction	Words	interpreted in different ways	1.5849625007211563
391729	391729	HasPrerequisite	entertain person	be clown	1.5849625007211563
185264	185264	HasProperty	thirst	uncomfortable	1.5849625007211563
144910	144910	HasPrerequisite	fishing	water	2.0
190068	190068	UsedFor	steak house	serve steak to person	2.321928094887362
411703	411703	HasSubevent	see people play a game	cheating	1.5849625007211563
 30725	 30725	MotivatedByGoal	go to the mall	eat	1.5849625007211563
429005	429005	UsedFor	Drapes	decorate a room	1.5849625007211563
194648	194648	NotCapableOf	i be gland i	have to use laundromat	1.5849625007211563
256434	256434	CapableOf	You	surf because it's exhilarating	1.5849625007211563
312894	312894	HasA	sudan	65 airport	1.5849625007211563
203133	203133	MotivatedByGoal	improve your image	you think you be ugly	2.321928094887362
390048	390048	CapableOf	opinion	separate group	2.0
 17109	While much of the money is going to meet the huge expenses of the Persian Gulf war and rebuilding in the aftermath of the country 's occupation by Iraq , billions of dollars are committed to programs that critics are calling unwise .	meet	QUANT_S_1 of the money	the huge expenses of rebuilding in the aftermath of the country 's occupation by Iraq	1	1			
 31431	 31431	Causes	olympics	you read the newspaper	2.0
510052	510052	UsedFor	party	celebrate positive event	1.5849625007211563
193991	193991	HasPrerequisite	punish someone	ask them to join your religion	1.5849625007211563
415357	415357	HasPrerequisite	read to your child	learn to read first	1.5849625007211563
138289	138289	AtLocation	custom officer	airport	2.0
150351	150351	CapableOf	soldier	guard bank	1.5849625007211563
136653	136653	CapableOf	trucks	move heavy loads	1.5849625007211563
296413	296413	HasSubevent	pretending	you lose touch with reality	2.0
409440	409440	IsA	grand canyon national park in arizona	world heritage site	1.5849625007211563
593928	593928	Causes	weeding the garden	the plants will grow better	1.5849625007211563
343016	343016	IsA	this	part of guitar	1.5849625007211563
389118	389118	Causes	wait on line	be serve	1.5849625007211563
348710	348710	UsedFor	Linoleum	make floors	1.5849625007211563
293400	293400	UsedFor	arm	hold someone during dance	1.5849625007211563
451352	451352	MotivatedByGoal	tape a television show	like the television show	2.0
 14682	 14682	HasLastSubevent	eat	wipe your mouth	1.5849625007211563
448459	448459	HasSubevent	go for a drive	get into an accident	1.5849625007211563
337849	337849	UsedFor	go to bed	have massage do	2.321928094887362
18257608	In the setting of metastatic gastric cancer , the development of new cytotoxic regimens must consider the balance between efficacy and toxicity in patients whose overall prognosis is poor.	must consider	the development of new cytotoxic regimens	the balance between efficacy and toxicity in patients	In the setting of metastatic gastric cancer	1	1		
368225	368225	IsA	Some medical scopes	endoscopes	1.5849625007211563
556511	556511	UsedFor	carpet	create indoor air pollution	1.5849625007211563
 69374	 69374	HasA	Communal sex	never caught on	1.5849625007211563
 26570	 26570	CapableOf	machine	ball cotton	1.5849625007211563
324108	324108	HasPrerequisite	love another	want to be love back	1.5849625007211563
543141	543141	DefinedAs	sometimes neptune	ninth planet from sun	1.5849625007211563
568108	568108	UsedFor	an eat meal	nourishment	1.5849625007211563
443869	443869	HasProperty	some people	allergic to chalk dust	1.5849625007211563
 32435	The state-run English-language Teheran Times reported that Parliament would begin debate on the Cabinet on Tuesday , with `` two weeks to complete discussions and vote . ''	begin debate on the Cabinet with	Parliament	two weeks to complete discussions	1	1			
262454	262454	HasSubevent	remember phone number	remember number	1.5849625007211563
253377	253377	MotivatedByGoal	clean your clothe	stay healthy	1.5849625007211563
343440	343440	AtLocation	a pan	the pantry	2.584962500721156
273046	273046	HasPrerequisite	take course	apply	1.5849625007211563
  4807	  4807	CapableOf	something	be in new environment	1.5849625007211563
583695	583695	HasSubevent	setting a cup on a table	be careful	2.584962500721156
200226	200226	AtLocation	castle	germany	2.584962500721156
535995	535995	Causes	think	understand world	2.0
219018	219018	AtLocation	something	the consession stand	1.5849625007211563
267605	267605	UsedFor	a book	reading on a bus	1.5849625007211563
476625	476625	Desires	I	saw through flesh	1.5849625007211563
368561	368561	HasSubevent	going to a restaurant	ordering a meal	2.807354922057604
 22452	 22452	Causes	eat cookie	your tooth to hurt	1.5849625007211563
513302	513302	HasProperty	beef	delicious	2.0
 25820	 25820	UsedFor	discover truth	put stop to lie	1.5849625007211563
557981	557981	CapableOf	if you beat your fish it	die	1.5849625007211563
 36120	 36120	ReceivesAction	place where chess peices	move about	1.5849625007211563
125742	125742	UsedFor	learning	money	2.321928094887362
405030	405030	IsA	world	oblate spheroid	1.5849625007211563
 56642	 56642	CausesDesire	Seeing someone else who is sick	stay healthy	1.5849625007211563
440335	440335	AtLocation	astronomer	in observatory	2.0
189049	189049	HasPrerequisite	drink alcohol	show id	1.5849625007211563
 36289	But Uganda also promotes condom usage and has been able to make condoms available to those who need them .	promotes also	Uganda	condom usage	1	1			
249267	249267	HasPrerequisite	do housework	pick up garbage	1.5849625007211563
567495	567495	Causes	laugh at joke	good feel	2.0
502802	502802	HasProperty	sky	black in outer space	1.5849625007211563
194886	194886	CapableOf	A company	bottle beer	1.5849625007211563
251052	251052	Causes	eat ice cream	person to gain weight	1.5849625007211563
110309	110309	CapableOf	something	execute convict murderer	1.5849625007211563
312604	312604	UsedFor	a flute	create music	2.584962500721156
406608	406608	HasSubevent	dressing nice	you feel good about yourself	1.5849625007211563
120850	120850	IsA	eiffel tower	in paris france	3.4594316186372978
598916	598916	CapableOf	Ali	take a course	1.5849625007211563
566048	566048	HasLastSubevent	holiday shop	go postal	1.5849625007211563
593933	593933	IsA	Golf	often	1.5849625007211563
370922	370922	HasA	most american	social security card	1.5849625007211563
221202	221202	UsedFor	getting some physical activity	getting in shape	1.5849625007211563
595483	595483	HasSubevent	have an examination	that you fail	1.5849625007211563
346837	346837	HasSubevent	prepare for vote	you inform voter	1.5849625007211563
131888	131888	HasSubevent	driving	sing	1.5849625007211563
  8140	  8140	IsA	moby dick	famous novel	1.5849625007211563
122238	122238	HasSubevent	do some exercise	become wind	1.5849625007211563
    51	    51	IsA	highway	wide road for cars	2.321928094887362
233445	233445	IsA	a shoe	what people wear on their feet	1.5849625007211563
482796	482796	HasPrerequisite	play frisbee	go to the beach	2.0
559933	559933	IsA	some roof	more energy efficient than others	1.5849625007211563
 91699	 91699	ReceivesAction	phone numbers	found at offices	1.5849625007211563
 55242	 55242	MotivatedByGoal	express how funny something be	everyone be laugh	2.321928094887362
178690	178690	NotIsA	i	wear watch	1.5849625007211563
351113	351113	AtLocation	a window tab	Windows OS	1.5849625007211563
599537	599537	NotDesires	a person	government	1.5849625007211563
 78523	 78523	AtLocation	volcano	surface of earth	1.5849625007211563
536567	536567	HasProperty	common cold	very contagious	1.5849625007211563
 18874	`` My Classical Way '' was released on 21 September 2010 on Marc 's own label , Frazzy Frog Music .	was released on	`` My Classical Way ''	on Marc 's own label , Frazzy Frog Music	21 September 2010	1	1		
213301	213301	IsA	Art deco	a decorative style	1.5849625007211563
258101	258101	UsedFor	umbrella	protection from sun	2.321928094887362
 25253	The officials expressed concern that security problems might be magnified because the Iraqi military forces seized tens of thousands of Kuwaiti passports and other travel documents during the invasion in August .	seized tens of thousands of other travel documents during the invasion in	the Iraqi military forces	August	1	1			
 33903	 33903	HasProperty	flower	solid	1.5849625007211563
596039	596039	Desires	a person	mail	1.5849625007211563
467772	467772	HasPrerequisite	go to sport event	sport wear	1.5849625007211563
245008	245008	AtLocation	shark	quarium	2.321928094887362
457371	457371	IsA	Liberal - conservative	a political dimension	1.5849625007211563
485261	485261	UsedFor	thinking	imaginging	1.5849625007211563
111322	111322	CapableOf	brakes	stop vehicles	1.5849625007211563
427133	427133	HasProperty	sleeping on a bare floor	unhealthy	2.0
239625	239625	AtLocation	animal	den	1.5849625007211563
442535	442535	HasPrerequisite	climb	buy climbing equipment	1.5849625007211563
129230	129230	CapableOf	carpenter	perfect their craft	1.5849625007211563
545248	545248	HasPrerequisite	have a bath	use water	1.5849625007211563
503045	503045	AtLocation	someone	a parkinglot of a stripmall	1.5849625007211563
342746	342746	HasSubevent	act in play	you might forget your line	1.5849625007211563
 22661	 22661	IsA	Earth, Sun and Moon	spheres	1.5849625007211563
417130	417130	UsedFor	vinyl	listening to	1.5849625007211563
 45710	 45710	UsedFor	seeing a movie	romance	1.5849625007211563
192055	192055	Causes	flirting	making a new friend	1.5849625007211563
183831	183831	IsA	School buses	very noisy places	1.5849625007211563
193275	193275	UsedFor	match	light candle	2.584962500721156
464015	464015	HasProperty	electricity supply	interrupt during snowstorm	1.5849625007211563
546395	546395	IsA	Chips	thick fingers of potatoe	1.5849625007211563
 39891	 39891	IsA	biped	two-legged	2.321928094887362
211406	211406	CapableOf	A tall person	reach higher than a short person	1.5849625007211563
  1181	But against the backdrop of political change in the region , which has begun to unlock borders and new economic opportunities , the rich farmland that once nourished ancient civilizations is now giving root to the expectations and hopes of investors and business people who are beginning to eye Syria as the potential breadbasket of the region .	are beginning to	investors	eye Syria	1	1			
338153	338153	AtLocation	carpet or rug	floor	1.5849625007211563
485544	485544	CausesDesire	Having someone you care about	go to a film	1.5849625007211563
 98609	 98609	IsA	This	an UGLY old woman	1.5849625007211563
 55031	 55031	HasA	heifer	beautiful eye with lovely eyelash	1.5849625007211563
135575	135575	MotivatedByGoal	start a flame or a fire	be hot	1.5849625007211563
560923	560923	Causes	driving a car	travel	1.5849625007211563
163631	163631	DefinedAs	loose change	stake for small wager	1.5849625007211563
339043	339043	HasPrerequisite	maintaining muscle strength	effort	1.5849625007211563
499984	499984	HasLastSubevent	play basketball	drink	1.5849625007211563
563399	563399	HasProperty	Lighting	electrical	1.5849625007211563
591701	591701	HasProperty	Africa	made up of Savanna	1.5849625007211563
442662	442662	IsA	This	a plant with magenta flowers	1.5849625007211563
 44759	 44759	HasSubevent	open your email	you get spam	1.5849625007211563
210491	210491	UsedFor	a home	escaping the world	1.5849625007211563
321176	321176	HasProperty	Mistrust and love	exclusive	1.5849625007211563
  5332	In 1891 , the academy moved to the German-English Academy Building in downtown Milwaukee .	moved to	the academy	the German-English Academy Building in downtown Milwaukee	In 1891	1	1		
  5159	  5159	ReceivesAction	The power of motors	measured in horsepower	1.5849625007211563
102177	102177	Causes	go outside for even	sense of joy	1.5849625007211563
407151	407151	UsedFor	pass your university exam	receive your diploma	1.5849625007211563
160713	160713	UsedFor	bowl	have athletic event	2.0
130683	130683	DefinedAs	long-tailed langur	presbytis potenziani	1.5849625007211563
250094	250094	HasSubevent	writing a poem	imaginating things	1.5849625007211563
221629	221629	HasPrerequisite	taste something sweet	tastebud	1.5849625007211563
226357	226357	HasSubevent	standing up	you get dizzy	1.5849625007211563
510682	510682	CapableOf	ball	roll and also bounce	1.5849625007211563
491335	491335	UsedFor	theater seat	watch play	1.5849625007211563
585374	585374	HasProperty	Mice	small	2.584962500721156
255693	255693	HasSubevent	writing	think ahead	1.5849625007211563
415440	415440	Causes	shopping until you drop	debt, consumerism, and environmental pollution	1.5849625007211563
101082	101082	HasSubevent	dreaming	snoring	2.584962500721156
 24835	To the Editor 	has	Academy	Tradition	1	1			
108077	108077	AtLocation	crab	seafood restaurant	2.321928094887362
 21281	 21281	CapableOf	when men dress nice they	wear tie	1.5849625007211563
261932	261932	DefinedAs	prison	penalty for a crime	1.5849625007211563
  2700	The late-night fire forced tenants to scramble for an alternative place to set up shop , just as companies and firms in Lower Manhattan are racing to find space , particularly space that is already built so they can move in furniture , hook up telephones and get back to work . ''	forced tenants to scramble for	The late-night fire	an alternative place to set up shop just as firms are racing to find space particularly space	1	1			
332508	332508	HasFirstSubevent	know how the stock market performed	listen to your broker	1.5849625007211563
292758	292758	AtLocation	someone	their grandmother farm	1.5849625007211563
130790	130790	UsedFor	prison	keep criminal for long time	1.5849625007211563
227845	227845	HasProperty	An ass	round	1.5849625007211563
121275	121275	AtLocation	water droplet	waterfall	1.5849625007211563
232746	232746	HasProperty	many freshwater lake	full of fish	1.5849625007211563
32139199	Conclusion : Raising awareness , prevention , early detection , and good management as well as monitoring and reporting of risk factors are the key components to controlling cardiovascular diseases in refugees.	are	Conclusion : Raising early detection	the key components to controlling cardiovascular diseases in refugees	1	1			
 74902	 74902	Causes	stop be marry to someone	end relationship	1.5849625007211563
382356	382356	AtLocation	something	a stomach	1.5849625007211563
373741	373741	IsA	orange	orange fruit	1.5849625007211563
457680	457680	AtLocation	ficus	lobby	2.0
28618420	Indeed , GC is a highly heterogeneous disease from morphological and molecular standpoints.	is	GC	a highly heterogeneous disease from molecular standpoints	1	1			
574715	574715	AtLocation	ocean in	continent	2.0
349606	349606	Causes	meeting girls	having fun	1.5849625007211563
107863	107863	AtLocation	picnic tables	a park	3.3219280948873626
209803	209803	UsedFor	a knob	opening a mailbox	1.5849625007211563
407325	407325	CapableOf	decreasing txes	increase the deficit	1.5849625007211563
232928	232928	ReceivesAction	Medals	given to heroes	1.5849625007211563
263323	263323	HasSubevent	conquering your opponent	fight hard	1.5849625007211563
254544	254544	AtLocation	someone	odds	1.5849625007211563
 24903	 24903	UsedFor	a wardrobe	keep your clothing in	1.5849625007211563
 51150	 51150	AtLocation	tools	at the repair shop	1.5849625007211563
 13663	For 40 minutes , the guests lay there with bullets flying over their heads .	lay there For	the guests	QUANT_O_1 minutes	1	1			
208827	208827	HasSubevent	play basketball	set up play	1.5849625007211563
515478	515478	HasA	some person	light skin color	1.5849625007211563
 83827	 83827	ReceivesAction	myrrh oil	extract from gum oleoresin	1.5849625007211563
335033	335033	HasProperty	The layout of a spreadsheet	important	1.5849625007211563
178814	178814	HasSubevent	making a better world	speak out	1.5849625007211563
430146	430146	CausesDesire	suspicious nature	determine truth	1.5849625007211563
 61544	 61544	CapableOf	Tides	drop quickly	1.5849625007211563
244003	244003	IsA	this	umbrealla	1.5849625007211563
332189	332189	IsA	part of history	important event	1.5849625007211563
204072	204072	UsedFor	A pin	mark a location on a map	1.5849625007211563
278159	278159	CapableOf	a person	labor for hours	1.5849625007211563
514640	514640	IsA	mask	disguise	3.0
 62633	 62633	CapableOf	An engine	power an automobile	1.5849625007211563
240871	240871	HasProperty	carnation	red	2.807354922057604
30135724	Although there is accumulating evidence that these pathways are involved in the link between type 2 diabetes and depression , direct evidence of their temporal associations is lacking because of a paucity of longitudinal studies that focus on the pathobiology of both type 2 diabetes and depression.	focus	longitudinal studies	on the pathobiology of both depression	1	1			
 12203	 12203	HasSubevent	examining a thing	wear protective gear	1.5849625007211563
227765	227765	NotIsA	Atheism	a religion	2.807354922057604
154714	154714	AtLocation	shower curtain	hotel	1.5849625007211563
148395	148395	UsedFor	score homer	baseball game	2.807354922057604
477339	477339	UsedFor	tape television show	save it	1.5849625007211563
 66579	 66579	CapableOf	i	win lot of money	1.5849625007211563
418860	418860	CapableOf	postal service	be weapon	1.5849625007211563
385343	385343	HasSubevent	going for a walk	tie your shoes	1.5849625007211563
 39914	 39914	HasSubevent	punch someone	you would hurt them	2.321928094887362
 59900	 59900	HasProperty	Some women	HOT	2.584962500721156
327861	327861	UsedFor	going somewhere	leaving where you are	1.5849625007211563
141090	141090	AtLocation	menu	cafe	3.0
590150	590150	MotivatedByGoal	answer questions	you felt like it	1.5849625007211563
309866	309866	IsA	sake	kind of alcohol	2.0
227123	227123	IsA	clean	chore	1.5849625007211563
396040	396040	CapableOf	Exercise helps old people	better	1.5849625007211563
453500	453500	AtLocation	something	ride train	1.5849625007211563
 12296	 12296	UsedFor	pretending	stretching the imagination	1.5849625007211563
115710	115710	CausesDesire	see dust bunny	do housework	1.5849625007211563
404700	404700	HasProperty	human and reptile	both alive	1.5849625007211563
103674	103674	UsedFor	picture	explain thing	1.5849625007211563
395267	395267	CapableOf	you	go up	1.5849625007211563
359429	359429	HasPrerequisite	go to movie	look for movie theater	1.5849625007211563
500210	500210	HasSubevent	wait for someone	talk	1.5849625007211563
319595	319595	HasProperty	daytime	bright	2.0
472437	472437	UsedFor	train station	sit	1.5849625007211563
227627	227627	AtLocation	white house	america	1.5849625007211563
496906	496906	IsA	overpopulation mean there	many person	1.5849625007211563
157577	157577	AtLocation	a marmot	the ground	1.5849625007211563
185444	185444	MotivatedByGoal	earn live	need money	2.807354922057604
180369	180369	HasA	barbiturate	hypnotic effect	1.5849625007211563
276575	276575	HasPrerequisite	run after ball	keep your eye on it	1.5849625007211563
236686	236686	HasProperty	tobacco	smoke	1.5849625007211563
402150	402150	UsedFor	run	get away from something	1.5849625007211563
415433	415433	HasFirstSubevent	run after ball	look where ball be go	1.5849625007211563
 15040	 15040	UsedFor	lose weight	good health	2.321928094887362
239881	239881	UsedFor	Schools	teach people	1.5849625007211563
531810	531810	HasProperty	highways	ugly	1.5849625007211563
527925	527925	IsA	favini prisma	high quality paper	1.5849625007211563
505512	505512	UsedFor	read to your child	introduce them to canon	1.5849625007211563
577185	577185	HasSubevent	scoring a home run	a scramble in the stands	1.5849625007211563
127541	127541	HasProperty	Land mines	prevalent throughout the countryside in Afghanistan	1.5849625007211563
 83696	 83696	Causes	kill person	few person	1.5849625007211563
434198	434198	UsedFor	machine	generate electricity	2.0
408632	408632	AtLocation	cadavers	a war	1.5849625007211563
363858	363858	HasProperty	half a dozen	6	1.5849625007211563
488704	488704	CapableOf	kiss someone	be romantic event	1.5849625007211563
162678	162678	HasSubevent	writing	add an ending	1.5849625007211563
152979	152979	AtLocation	debris	under a bridge	1.5849625007211563
248309	248309	UsedFor	satisfying appetites with minimum effort	microwave meals	2.321928094887362
560738	560738	UsedFor	a finger	a thousand everyday things	1.5849625007211563
553886	553886	HasSubevent	reaching an advantage	thank your opponent	1.5849625007211563
353816	353816	Causes	going for a drive	arriving somewhere	1.5849625007211563
558345	558345	IsA	It	important to teach others	1.5849625007211563
195022	195022	HasProperty	three primary color of light	red green and blue	1.5849625007211563
 23285	 23285	HasProperty	speedboat	very fast	1.5849625007211563
 17183	Joe Namath , the former Jet quarterback , is host of the vintage football shows , with Tom Brookshier , the former Philadelphia Eagle .	is host with	Joe Namath	Tom Brookshier	1	1			
314152	314152	IsA	fish	fun sport	1.5849625007211563
552446	552446	HasProperty	space	very big	2.321928094887362
 28824	 28824	UsedFor	a pond	have a water garden	1.5849625007211563
315682	315682	HasFirstSubevent	see a band	cheer	1.5849625007211563
 79344	 79344	UsedFor	a soccer field	playing soccer	3.4594316186372978
 63948	 63948	Causes	buying presents	spending your money	2.0
 58734	 58734	MotivatedByGoal	know how to program	program	1.5849625007211563
174590	174590	CapableOf	person	eat breakfast	2.807354922057604
270539	270539	IsA	Sousa	a famous band director and musician	1.5849625007211563
142528	142528	IsA	yellow and blue	colours	1.5849625007211563
457138	457138	IsA	This	a fire engine	1.5849625007211563
544381	544381	Causes	have bath	drown	1.5849625007211563
332251	332251	IsA	hats	warming your head	2.0
503529	503529	UsedFor	Specialization	insects	1.5849625007211563
115654	115654	Causes	entertaining someone	making them laugh	1.5849625007211563
228501	228501	HasSubevent	make sure you're healthy	eat better	1.5849625007211563
237516	237516	HasPrerequisite	make quilt by hand	great patience	1.5849625007211563
189702	189702	UsedFor	tub	take shower	1.5849625007211563
316832	316832	HasProperty	camp	do in wilderness	1.5849625007211563
159447	159447	HasProperty	san francisco	west of texas	1.5849625007211563
 20074	The shootings were carried out while some 50 inmates were watching a Saturday afternoon football game -- a playoff between the Washington Redskins and the Minnesota Vikings -- on television in an indoor recreation room .	were watching	QUANT_S_1 inmates	a Saturday afternoon football game	1	1			
546355	546355	IsA	silk	expensive fabric	1.5849625007211563
143520	143520	UsedFor	elastic band	hold two or more object together	2.321928094887362
 39951	 39951	DefinedAs	California tiger salamander	Ambystoma californiense	1.5849625007211563
 13782	Like other large firms that are positioning themselves to be strong throughout the world , CS First Boston , whose American division is the First Boston Corporation , has been provided a strong capital base by its parent , CS Holding Inc. .	has been provided a strong capital base by	CS First Boston	its parent	1	1			
355884	355884	HasPrerequisite	go to the store	wear shoes	1.5849625007211563
 78898	 78898	HasA	Parking lots	parking spaces reserved for disabled people	1.5849625007211563
287660	287660	MotivatedByGoal	pour the cereal	eat breakfast	1.5849625007211563
488425	488425	NotCapableOf	bob dylan	sing very well	1.5849625007211563
 74528	 74528	IsA	let there	peace on earth	1.5849625007211563
403187	403187	AtLocation	someone	ease	2.0
 65308	 65308	CausesDesire	needing to pass	take a midterm	1.5849625007211563
522190	522190	HasSubevent	satisfy appetite with minimum effort	pick blueberry	1.5849625007211563
468784	468784	ReceivesAction	flashlite	find at campsite	1.5849625007211563
539753	539753	UsedFor	lips	communicate	2.321928094887362
394439	394439	ReceivesAction	polo	played by the rich	1.5849625007211563
 29238	Suspended From Shearson Mr. DaPuzzo 's career path has been a bit jagged for more than a year .	has been jagged for	Suspended From Shearson Mr. DaPuzzo 's career path	more than a year	1	1			
506439	506439	CapableOf	cat	be very good companion	1.5849625007211563
251423	251423	AtLocation	christmas ornament	hang from tree	1.5849625007211563
517616	517616	CapableOf	You	wash a glass after using it	1.5849625007211563
261999	261999	UsedFor	an airplane	imitating birds	1.5849625007211563
234645	234645	AtLocation	checkbook	oyrse	1.5849625007211563
142115	142115	CapableOf	you	jog after work	1.5849625007211563
229657	229657	CapableOf	It takes	work to learn to play music	1.5849625007211563
496922	496922	CapableOf	Cities	flood	1.5849625007211563
412815	412815	HasSubevent	buy house	test plumb	2.321928094887362
  7232	3Com 's success at integrating U.S. Robotics and the introduction of a large number of new networking products will boost 3Com 's sales and profit margins , said Paul Meeks , director of research at Jurika &AMP ; Voyles LP , which owned 3.7 million 3Com shares at the end of June .	has	3Com	success at integrating U.S. Robotics and the introduction of a large number of new networking products	1	1			
274276	274276	UsedFor	looking through a telescope	looking for UFOs	1.5849625007211563
190737	190737	AtLocation	toothbrush and toothpaste	suitcase	1.5849625007211563
277678	277678	Desires	Some people	have a tail	1.5849625007211563
248842	248842	AtLocation	a road	North America	2.0
123610	123610	ReceivesAction	The fact "bicycle pump"	illustrated with the story:1	1.5849625007211563
491059	491059	HasFirstSubevent	tell story	yjoml	1.5849625007211563
594466	594466	MotivatedByGoal	have examination	new qualification	1.5849625007211563
500743	500743	HasSubevent	think about sentence pattern	go crazy	1.5849625007211563
 35896	Mayor Michael Bloomberg should start cheerleading for the memorial , not complaining about the cost .	start cheerleading for	Mayor Michael Bloomberg	the memorial	1	1			
 50505	 50505	AtLocation	a human	the theatre	1.5849625007211563
 81750	 81750	CapableOf	a camper	pack his or her bag	1.5849625007211563
358718	358718	AtLocation	a pebble	a riverbed	1.5849625007211563
17432554	Potentially difficult decisions that may arise about using treatments that are associated with considerable morbidity and uncertain benefits ( at the time ) if cancer is discovered We should identify a future path that is evidence - based , focused on the issues that make a difference to patients , and results in better and longer lives of those with the disease and those who are at risk of getting it.	are associated	treatments	with considerable morbidity ( at the time	1	1			
 16831	 16831	HasSubevent	talk	a dry mouth	1.5849625007211563
407679	407679	ReceivesAction	farm raise cattle to	slaughter for food	1.5849625007211563
582404	582404	MotivatedByGoal	laugh	someone tell joke	1.5849625007211563
365523	365523	HasProperty	Loss	losing or being lost	1.5849625007211563
599884	599884	UsedFor	go for walk	enjoy surround	1.5849625007211563
 17621	Mr. Van Starrenburg , a native of the Netherlands , said that as a child he loved trees and built countless tree houses in various parts of the world where his father was posted .	is	Van Starrenburg	male	1	1			
319765	319765	UsedFor	bathtub	bath	1.5849625007211563
28176656	Consequently , gastric cancer poses a major health burden worldwide due to high mortality rates.	poses worldwide	gastric cancer	a major health burden	1	1			
 17010	Almost every Pirate was shut down this weekend , as the team managed paltry totals of 10 hits and 6 runs .	managed paltry totals of	the team	QUANT_O_1 hits	1	1			
286693	286693	Causes	viewing a film at home	lower non-family socilization	2.321928094887362
352797	352797	CapableOf	A doctor will	specialize	1.5849625007211563
326413	326413	ReceivesAction	soap	use in clean	1.5849625007211563
476840	476840	HasSubevent	watch tv	nibble	1.5849625007211563
300665	300665	MotivatedByGoal	go to sport event	you like to see sport	1.5849625007211563
347319	347319	ReceivesAction	drugs	found in a hospital	1.5849625007211563
188069	188069	AtLocation	around 30 parasuicides	australia for every complete suicide	1.5849625007211563
252070	252070	PartOf	frame	picture	2.0
289668	289668	CausesDesire	get overweight	maintain good health	1.5849625007211563
597412	597412	HasPrerequisite	prepare for a vote	get out of Florida	1.5849625007211563
376515	376515	HasPrerequisite	cash in	object to sell	1.5849625007211563
277357	277357	HasProperty	Corn, grain, and maise	for eating	1.5849625007211563
360288	360288	Causes	sending e-mail	an email being sent	1.5849625007211563
567131	567131	CapableOf	Allergies	produce cold-like symptons or hives	1.5849625007211563
 62124	 62124	HasPrerequisite	move car	step on accelerator	1.5849625007211563
253466	253466	CapableOf	Starting a fire	take practice too	1.5849625007211563
476076	476076	HasPrerequisite	create art	paint on canvass	1.5849625007211563
340837	340837	AtLocation	rosebush	traditional garden	1.5849625007211563
 53674	 53674	Causes	training for a marathon	get fit	1.5849625007211563
349457	349457	IsA	curry	spice from asia	1.5849625007211563
  9159	  9159	UsedFor	a mug	drink beer	2.584962500721156
157259	157259	CapableOf	Clergymen	doubt scripture	1.5849625007211563
500458	500458	UsedFor	meeting girls	Finding a spouse	1.5849625007211563
554577	554577	UsedFor	a baseball ticket	going to a baseball game	1.5849625007211563
539112	539112	HasProperty	icicle	cold	1.5849625007211563
470460	470460	UsedFor	drinking	health and vitality	1.5849625007211563
482368	482368	NotDesires	a person	physical pain	1.5849625007211563
29196150	Empagliflozin also reduced cardiovascular deaths and improved renal outcomes.	improved	Empagliflozin	renal outcomes	1	1			
544951	544951	IsA	one person noise	another person sound	1.5849625007211563
155042	155042	CapableOf	person	shoe fly	1.5849625007211563
444048	444048	AtLocation	a heifer	a corral	2.0
473440	473440	UsedFor	it	mix drink	1.5849625007211563
152456	152456	CapableOf	humans	take revenge	1.5849625007211563
263853	263853	CapableOf	rope	be sex toy	1.5849625007211563
127881	127881	HasPrerequisite	conquer nation	be mad bastard	1.5849625007211563
406797	406797	HasSubevent	playing a game of chess	move a piece	2.584962500721156
525584	525584	IsA	court	not proactive	1.5849625007211563
369447	369447	HasPrerequisite	determine truth	consider fact	2.0
411534	411534	CapableOf	adults	own autos	1.5849625007211563
304469	304469	HasProperty	Too much Alcahol	bad for you	1.5849625007211563
249537	249537	HasPrerequisite	eat a cookie	buy one at the bakery	1.5849625007211563
 64633	 64633	UsedFor	committing to memory	revising for an exam	2.321928094887362
113063	113063	UsedFor	see old thing	learn about history	2.0
531418	531418	AtLocation	toothbrush	grocery store	1.5849625007211563
375803	375803	CapableOf	a woman	be flying a plane	1.5849625007211563
 11564	 11564	CausesDesire	Feeling fat	get some physical activity	1.5849625007211563
 68999	 68999	HasA	Gifted adults	passionate, intense feelings	1.5849625007211563
133177	133177	IsA	This	a Japanese food item called sushi	1.5849625007211563
562380	562380	DefinedAs	speed of light	fast know speed	1.5849625007211563
 26075	 26075	CapableOf	They	list five reasons why you should	1.5849625007211563
478254	478254	HasSubevent	scoring a home run	your heart will beat faster	1.5849625007211563
253969	253969	CapableOf	hot oil	brown meat	1.5849625007211563
 41746	 41746	CapableOf	person	touch object	1.5849625007211563
275455	275455	PartOf	napoli	italy	2.0
 21807	 21807	CapableOf	convict person	go to prison	1.5849625007211563
533105	533105	DefinedAs	A Ground Floor	first floor in a building	1.5849625007211563
163800	163800	UsedFor	go for haircut	change your hair	1.5849625007211563
  8298	  8298	IsA	ducks	common fowl in North America	1.5849625007211563
242482	242482	ReceivesAction	in some culture special mushroom	eat as spiritual ritual	1.5849625007211563
189659	189659	IsA	feel	bless and curse	1.5849625007211563
333722	333722	HasProperty	alarm clock	noisy	1.5849625007211563
 15593	 15593	CapableOf	city child	wonder at endless meadow	1.5849625007211563
536139	536139	HasProperty	undrinkable water	filter to make it drinkable	1.5849625007211563
419132	419132	Causes	make patchwork quilt	pride	1.5849625007211563
120584	120584	AtLocation	restaurant entrance	front of restaurant	1.5849625007211563
 47898	 47898	CapableOf	You	report that everything is ok	1.5849625007211563
 32549	Similarly , one gets the sense that the rituals of consumerism are being both unmasked and elevated in Mr. Bickerton 's `` Tormented Self-Portrait -LRB- Susie at Arles -RRB- No. 2 , '' a high-tech black metal relief that pokes more than a little fun at Minimalism while sporting over two dozen brand names that reduce the artist to the sum of the products he consumes .	reduce	QUANT_S_1 dozen brand names	the artist	1	1			
399555	399555	UsedFor	a Chinese restaurant	going out for dinner	1.5849625007211563
379172	379172	AtLocation	a mailbox	a downtown area	1.5849625007211563
192160	192160	AtLocation	a hot tap	a sink	2.807354922057604
513313	513313	HasPrerequisite	attend a rock concert	get good and buzzed first	1.5849625007211563
257617	257617	AtLocation	gasoline	boat	1.5849625007211563
 83792	 83792	AtLocation	quite few book	library	1.5849625007211563
  2125	The issue is rated A1 by Moody 's Investors Service and A by the Standard & Poor 's Corp. * Fannie Mae is selling $ 175 million of medium-term notes due in 2002 through J. P. Morgan Securities .	is selling	A by the Standard & Poor 's Corp. Fannie Mae	$ QUANT_O_1 of medium-term notes due in 2002 through J. P. Morgan Securities	1	1			
599322	599322	MotivatedByGoal	view a film at home	eat popcorn in your pajamas	1.5849625007211563
537447	537447	DefinedAs	queen	ruler of england	2.0
508909	508909	UsedFor	a clothing closet	hiding dirty clothes	1.5849625007211563
430685	430685	IsA	paying taxes	a burden	1.5849625007211563
 69567	 69567	HasSubevent	it very cold	your toe go numb	1.5849625007211563
102828	102828	Causes	buying something	you now own it	1.5849625007211563
430930	430930	HasPrerequisite	go to sleep	do it by all mean	1.5849625007211563
283164	283164	HasSubevent	have a physical exam	they draw blood	1.5849625007211563
287251	287251	IsA	rome	where roman live	1.5849625007211563
358195	358195	AtLocation	bowl	apartment	1.5849625007211563
425145	425145	CapableOf	someone	bird watch	1.5849625007211563
224014	224014	MotivatedByGoal	comfort friend	their pet be hurt or die	1.5849625007211563
147058	147058	CapableOf	person with gun	wear camoflage	1.5849625007211563
436669	436669	ReceivesAction	All of Jupiter's Moons	named after Greek deities	1.5849625007211563
408933	408933	HasProperty	if they	over 18	1.5849625007211563
 20320	A vastly different tack is evident at the Max Protetch Gallery in SoHo , where `` Stubborn Painting 	is	Mike Metz	a private dealer	1	1			
212100	212100	UsedFor	pike	keep one bear in mountain	1.5849625007211563
224842	224842	Causes	going for a haircut	an itchy feeling	1.5849625007211563
387090	387090	IsA	The first animals	simple radially symmetric blobs	1.5849625007211563
579644	579644	UsedFor	communicate	negotiation	2.321928094887362
402831	402831	UsedFor	a bed sheet	escape out the window	1.5849625007211563
  8555	  8555	HasProperty	political leader	wise	1.5849625007211563
192645	192645	UsedFor	write term paper	show what you know	1.5849625007211563
 89351	 89351	AtLocation	ketchup packets	a fast-food restaurant	1.5849625007211563
165931	165931	HasA	a garden	flowers	3.4594316186372978
188099	188099	CapableOf	something	bind a book	1.5849625007211563
536519	536519	HasPrerequisite	visit museum	find interest museum	1.5849625007211563
246048	246048	HasSubevent	travel	explore new path	1.5849625007211563
220828	220828	CapableOf	frustration	anger person	1.5849625007211563
175866	175866	HasPrerequisite	give assistance	offer	1.5849625007211563
452554	452554	IsA	There	a high school shooting	1.5849625007211563
301480	301480	UsedFor	Papers	make busy work	1.5849625007211563
 29928	In several scenes, the film's Bulgarian locale is given away as signs in Cyrillic are visible.	is given	the film 's Bulgarian locale	away	1	1			
498340	498340	IsA	mountain climb	skill	1.5849625007211563
 11524	Native Inspiration , '' the museum 's current show , is therefore a departure since it incorporates artists from movements preceding , paralleling and following Impressionism .	has	the museum	current show	1	1			
 34396	Something of a Folk Hero Mr. Dallas , 37 years old , became a folk hero to some who saw him as a modern-day version of the rugged individuals of the Old West .	became	Something of a Folk Hero Mr. Dallas QUANT_S_1 years old	a folk hero to QUANT_O_1	1	1			
164060	164060	AtLocation	a seat	on the subway	2.321928094887362
 61829	 61829	AtLocation	something	a parking lot	2.807354922057604
191746	191746	HasPrerequisite	surf	catch wave	1.5849625007211563
331239	331239	Causes	cook	you get something to eat	2.0
371159	371159	UsedFor	ride bicycle	get to school	1.5849625007211563
409688	409688	HasSubevent	commit to memory	gain knowledge	1.5849625007211563
 13131	 13131	HasProperty	A mark form a permanent marker	very hard to wash off	1.5849625007211563
312782	312782	HasPrerequisite	buy a shirt	have money	2.321928094887362
533010	533010	CausesDesire	Deciding to die	jump out of a window	1.5849625007211563
175033	175033	UsedFor	a zoom lens	seeing a distant object more closely	1.5849625007211563
367624	367624	DefinedAs	African wild ass	Equus asinus	1.5849625007211563
237822	237822	UsedFor	reading the newspaper	a quick fix on bad news	1.5849625007211563
513646	513646	ReceivesAction	shoe	wear by person	1.5849625007211563
248570	248570	HasPrerequisite	punish someone	spank them	1.5849625007211563
163932	163932	IsA	central new jersey	get over populate	1.5849625007211563
485721	485721	HasSubevent	remembering	imagining past situations	1.5849625007211563
 67201	 67201	AtLocation	something	under water	2.321928094887362
450703	450703	IsA	The lowest point in Guatemala	Pacific Ocean 0 m	1.5849625007211563
 58955	 58955	CapableOf	sky	storm over with dark thunderhead	1.5849625007211563
172497	172497	AtLocation	a skin care article	a health magazine	1.5849625007211563
301437	301437	CapableOf	child	clear table	1.5849625007211563
 77820	 77820	CapableOf	someone	air his bedding	2.321928094887362
518900	518900	AtLocation	a swamp cooler	the roof	1.5849625007211563
100652	100652	UsedFor	a card	introduce yourself or your business	1.5849625007211563
 10794	 10794	UsedFor	be involve in accident	person that be negligent	1.5849625007211563
355279	355279	AtLocation	burger	fast-food restaurant	1.5849625007211563
308462	308462	IsA	we	all	2.321928094887362
 65706	 65706	CapableOf	waves	move rocks	1.5849625007211563
476198	476198	HasPrerequisite	painting	a little skill	1.5849625007211563
102313	102313	HasA	One impairment a person might	is epilepsy	1.5849625007211563
241913	241913	MotivatedByGoal	talk to lawyer	get divorce	1.5849625007211563
 23592	 23592	HasPrerequisite	go dancing	find out what clubs are open	1.5849625007211563
283569	283569	UsedFor	a book	learning things	2.807354922057604
236534	236534	AtLocation	rock	top of mountain	2.0
413246	413246	Desires	a person	find a four leaf clover	1.5849625007211563
591389	591389	Causes	making it grow	money from selling drugs	1.5849625007211563
355868	355868	UsedFor	paint	make money	1.5849625007211563
114289	114289	CapableOf	A quarterback	throw a spiral pass	1.5849625007211563
503847	503847	CapableOf	animals	drink wine	1.5849625007211563
219026	219026	NotCapableOf	person	listen to each other enough	1.5849625007211563
150541	150541	HasA	a shopping bag	purchased items	1.5849625007211563
514830	514830	HasPrerequisite	playing basketball	coordination	1.5849625007211563
322819	322819	HasA	Orange juice	alot of vitamin C	1.5849625007211563
 37741	After the Muslim victory at the Battle of Sagrajas -LRB- 1086 -RRB- put at temporary stop to Christian expansion , the Almoravid dynasty constructed a unified Al-Andalus with its capital in Granada , ruling until mid-12th century .	put at temporary stop to	the Muslim victory at the Battle of Sagrajas	Christian expansion	1	1			
574974	574974	CapableOf	swimmer	backstroke	2.321928094887362
103832	103832	HasSubevent	tasting something sweet	getting a sensation	1.5849625007211563
 93593	 93593	HasSubevent	you have free time	chat with a friend	2.0
202051	202051	IsA	{a}	set containing one element	2.0
559653	559653	IsA	9	a number	2.0
545748	545748	HasLastSubevent	drill a hole	clean the hole	1.5849625007211563
237141	237141	AtLocation	someone	state of bliss	1.5849625007211563
222333	222333	Causes	thanking someone	a smila	1.5849625007211563
 21533	"""""""Outpost Harry was a remote Korean War station located on a tiny hilltop in what was commonly referred to as the """"""""Iron Triangle"""""""" on the Korean Peninsula."""""""	be located on	a remote Korean War station	a tiny hilltop	1	1			
 69613	 69613	CapableOf	religion	appear to be something real	1.5849625007211563
528363	528363	UsedFor	gathering energy for tomorrow	a great plan	1.5849625007211563
494663	494663	UsedFor	an arch	load bearing	1.5849625007211563
138928	138928	CapableOf	A geologist	use formation dip information	1.5849625007211563
140254	140254	CausesDesire	extreme poverty	wait table	1.5849625007211563
352500	352500	IsA	low point in world	dead sea m	1.5849625007211563
536293	536293	PartOf	a story	an end	2.0
411036	411036	HasProperty	lemon juice	very tart	1.5849625007211563
271385	271385	HasA	townhouse	more than one story	1.5849625007211563
 25171	In a nutshell : Weird mix of redneck humor , girly fantasy and the occasional moment of reality make this Reese Witherspoon vehicle for starry-eyed romantics only .	make	the occasional moment of reality	this Reese Witherspoon vehicle for starry-eyed romantics only	1	1			
201922	201922	HasSubevent	run	get blister on your foot	1.5849625007211563
 78731	 78731	HasPrerequisite	see your idea become reality	do it	1.5849625007211563
280775	280775	UsedFor	bringing suit	getting a fair shake	1.5849625007211563
268793	268793	CapableOf	Lemon	make my lips pucker	1.5849625007211563
515378	515378	CapableOf	a trucker	join a union	1.5849625007211563
 36343	 36343	IsA	apple juice	beverage	2.321928094887362
549721	549721	HasA	Water	the density of 1gram/cm^3	1.5849625007211563
554198	554198	HasLastSubevent	change clothes	get dressed	2.0
388101	388101	Causes	waiting your turn	delayed gratification	1.5849625007211563
514591	514591	HasProperty	sidewalk	pave with concrete	1.5849625007211563
120293	120293	CapableOf	singer	record record	1.5849625007211563
303961	303961	UsedFor	express how funny something be	smile	1.5849625007211563
137397	137397	CausesDesire	music	have fun	2.0
428820	428820	IsA	Flattery	used to get what you want	1.5849625007211563
240232	240232	ReceivesAction	The newly wedded couple	announced to the guets	1.5849625007211563
 33877	 33877	AtLocation	koala	austraila in tree eatin bamboo	1.5849625007211563
187727	187727	HasSubevent	eat in fast food restaurant	carry tray	1.5849625007211563
337890	337890	CapableOf	A doctor	think he's God	1.5849625007211563
453184	453184	CausesDesire	Greed	invest money or energy	1.5849625007211563
378357	378357	UsedFor	jog	exercise heart	1.5849625007211563
566891	566891	UsedFor	take exam	advance to next level	2.321928094887362
 29899	 29899	IsA	roses	plants	2.4594316186372973
392034	392034	HasSubevent	playing cards	drink alcohol and smoke pot	1.5849625007211563
318795	318795	CapableOf	A puppy	become a dog	1.5849625007211563
 38544	Dr. Jagan himself was personally involved in the organization of the strike , and helped to raise funds across the country to it .	helped to raise	Dr. Jagan	funds across the country	1	1			
 12549	The money losing airline offered discount prices between western Canadian destinations .	offered	airline	discount prices	1	1			
135271	135271	IsA	today	christmas	1.5849625007211563
376275	376275	PartOf	freesia	flower	2.0
383398	383398	ReceivesAction	person like	compliment	1.5849625007211563
 86625	 86625	IsA	if mary	dead then she	1.5849625007211563
328949	328949	NotDesires	person	hard work	2.321928094887362
 57802	 57802	AtLocation	a luggage carrier	hotels	1.5849625007211563
 40710	 40710	IsA	sugar	chemical	2.0
404173	404173	IsA	some trouble	just adventure	1.5849625007211563
428652	428652	AtLocation	a court	a courthouse	3.1699250014423126
456896	456896	Causes	having a physical exam	discomfort	2.0
 25141	Five bombs landed between the Bosnian Government building , which had been set ablaze in fierce fighting on Thursday , and the city 's central market .	had been set ablaze in fierce fighting on	the Bosnian Government building and the city 's central market	Thursday	1	1			
500968	500968	IsA	gina	murderer	1.5849625007211563
498781	498781	AtLocation	banks all	the world	1.5849625007211563
396519	396519	HasProperty	The European Central Bank	abbreviated to "ECB"	1.5849625007211563
190770	190770	DefinedAs	rarebird	this	1.5849625007211563
349923	349923	DefinedAs	male	opposite of female	2.0
  7486	  7486	AtLocation	a mammoth	a COLD climate	1.5849625007211563
365515	365515	HasLastSubevent	enjoy film	watch credit	1.5849625007211563
110584	110584	IsA	free methane gas	pollutant	1.5849625007211563
 37867	 37867	IsA	Some people	circus workers	1.5849625007211563
167190	167190	CapableOf	duct tape	fix everything	1.5849625007211563
509352	509352	UsedFor	go to baseball game	eat hotdog and popcorn	1.5849625007211563
220672	220672	AtLocation	crab	sponge bob cartoon	1.5849625007211563
249746	249746	UsedFor	a knife	slashing	1.5849625007211563
217756	217756	NotCapableOf	You	shake hands with a clenched fist	1.5849625007211563
175758	175758	UsedFor	bed	rest and feel good	1.5849625007211563
581135	581135	UsedFor	laugh at joke	tension release	1.5849625007211563
27531538	Screening of patients with autoimmune thyroid disease by means of pepsinogen ( PG ) I and PG I / II detected autoimmune gastritis with oxyntic gastric atrophy in one of four patients and may be recommended for GC prevention purposes.	detected	PG ) PG I / II	autoimmune gastritis	in one of four patients	1	1		
311762	311762	UsedFor	garage	keep freezer in	2.321928094887362
364096	364096	HasSubevent	attend rock concert	pass of joint	1.5849625007211563
403045	403045	AtLocation	ticket slot	movie theatre	1.5849625007211563
494574	494574	IsA	dream interpretation	fun but mostly useless activity	1.5849625007211563
391548	391548	DefinedAs	eastern puma	Puma concolor couguar	1.5849625007211563
440416	440416	CapableOf	doctor	speak to patient	1.5849625007211563
 43637	 43637	AtLocation	a briefcase	bag store	1.5849625007211563
395469	395469	HasProperty	steel	hard than iron	1.5849625007211563
205592	205592	CausesDesire	question	give clue	1.5849625007211563
 23393	-------------------- U.S.-Led Force Would Replace U.N. BRUSSELS , Sept. 29 -LRB- By The New York Times -RRB- -- NATO decided today that a heavily armed , American-led peacekeeping force backed by tanks , artillery and air power should replace United Nations `` blue helmets '' in Bosnia for a year after a peace settlement is reached .	replace United Nations blue helmets in	American-led peacekeeping force backed by air power	Bosnia	1	1			
 36800	 36800	Causes	ride bicycle	get fit	1.5849625007211563
541013	541013	NotDesires	person	have gangreen	2.0
172026	172026	AtLocation	igneous rock	the moon	2.321928094887362
359672	359672	CapableOf	conflict	arise between human	1.5849625007211563
478558	478558	UsedFor	a psychiatrist	writing medico-legal reports	2.321928094887362
406274	406274	ReceivesAction	education	carried out mainly by teachers	1.5849625007211563
118531	118531	CapableOf	human	make wine	1.5849625007211563
456268	456268	HasSubevent	go jog	tie your shoe	1.5849625007211563
113499	113499	CapableOf	fear	change person greatly	1.5849625007211563
 81140	 81140	HasA	One impairment a person might	is esophageal ulcer	1.5849625007211563
182216	182216	IsA	Pepsi and Coke	both Colas	1.5849625007211563
496634	496634	CapableOf	One	meditate while viewing clouds	1.5849625007211563
194245	194245	UsedFor	a trash	disposal	1.5849625007211563
127246	127246	NotDesires	a person	scabbies	1.5849625007211563
455628	455628	IsA	dramaturge	someone who produce theatrical drama	1.5849625007211563
304708	304708	HasSubevent	use vcr	record program to watch late	1.5849625007211563
440307	440307	Causes	buy present	you make someone happy	1.5849625007211563
380499	380499	CapableOf	supporter	back proposal	1.5849625007211563
289935	289935	HasA	Temperature and air	a lot in common	1.5849625007211563
417504	417504	UsedFor	a porch	sit on with neighbors	1.5849625007211563
583739	583739	ReceivesAction	english book	read from leave to right	1.5849625007211563
385506	385506	CapableOf	a parent	experience fear	1.5849625007211563
191058	191058	AtLocation	a handkerchief	the purse	1.5849625007211563
448062	448062	IsA	it	instrument	2.0
 89931	 89931	IsA	hard hat	protective head gear	1.5849625007211563
531478	531478	IsA	eye	organ	2.807354922057604
189155	189155	IsA	thomas	tank engine	1.5849625007211563
171271	171271	CapableOf	a chess player	study strategy	1.5849625007211563
128801	128801	HasA	one impairment person might	be esophageal varix	1.5849625007211563
510151	510151	HasSubevent	buy shirt	go into fit room	1.5849625007211563
296283	296283	CapableOf	A plane	near an airport	1.5849625007211563
595310	595310	UsedFor	getting up early	enjoying quiet	1.5849625007211563
 24767	He returned from practice in his dark red Ford Bronco , toting a half-dozen of his properties from the dry cleaner , wearing a denim shirt and denim pants with a slight fringe at the bottoms .	be wearing a denim shirt with a slight fringe at	his dark red Ford Bronco toting a half-dozen of his properties from the dry cleaner	the bottoms	1	1			
222040	222040	HasPrerequisite	tell a story	speak clearly	1.5849625007211563
278267	278267	IsA	this	man comb	1.5849625007211563
519355	519355	CapableOf	A plane	arrive late after a rainstorm	1.5849625007211563
 86991	 86991	CapableOf	Hot air	set objects on fire	1.5849625007211563
581613	581613	AtLocation	sideshow	carnival	1.5849625007211563
552191	552191	UsedFor	a grid object	plan	1.5849625007211563
 82986	 82986	CapableOf	Men	hunt animals	1.5849625007211563
187417	187417	HasA	pushpin	sharp point	1.5849625007211563
 96751	 96751	MotivatedByGoal	think	answer question	1.5849625007211563
381836	381836	CapableOf	car	race motorcycle	1.5849625007211563
 20073	It 's an added expense and will waste valuable time , '' said Jim Morrison , vice president of the West Gulf Maritime Association , a regional trade group representing shipping lines , stevedores and terminal operators .	be representing	a regional trade group	stevedores	1	1			
366796	366796	CausesDesire	entice travel video	visit other country	1.5849625007211563
396759	396759	AtLocation	reception desk	lobby	1.5849625007211563
473349	473349	IsA	molotov cocktail	firebomb	1.5849625007211563
 20604	Mexican reporters staked out meetings of the board of Dow Jones & Company , where Mr. Salinas is a member , but caught just a brief glimpse of him on the 43d floor of the World Trade Center .	is	Salinas	male	1	1			
125780	125780	UsedFor	shampoo	curing your dandruff	1.5849625007211563
251664	251664	CapableOf	we	reach for the stars	1.5849625007211563
336990	336990	AtLocation	stadium seat	race track	1.5849625007211563
487865	487865	AtLocation	mailman	post office	3.1699250014423126
371780	371780	HasSubevent	get paid	thanks to god	1.5849625007211563
202376	202376	AtLocation	water	fridge	1.5849625007211563
141058	141058	CapableOf	anyone	cross the street	1.5849625007211563
534806	534806	AtLocation	rockets	outer space	1.5849625007211563
295279	295279	CapableOf	children	believe teachers	1.5849625007211563
264527	264527	HasPrerequisite	go for a run	go to the park	3.0
109776	109776	AtLocation	magic	the air	1.5849625007211563
  1599	The Russian Parliament voted Wednesday to contribute only 23.4 billion rubles for the coming year , less than a 10th of the total budget for the year .	voted to contribute only 23.4 billion rubles for the coming year	The Russian Parliament	less than a 10th of the total budget for the year	1	1			
137430	137430	CapableOf	there no way i	stand to listen to her	1.5849625007211563
402650	402650	HasProperty	miniature	small	1.5849625007211563
466246	466246	IsA	US and Japan	both voracious oil importers	1.5849625007211563
 11073	The public will get a glimpse of the 41 young men and women in blue , led by Mr. Randall , in a `` Salute to Broadway '' at 10:30 A.M. in Times Square at 46th Street .	get	The public	a glimpse of the QUANT_O_1 young men in blue led by Mr. Randall in a Salute to Broadway at 10:30 A.M. in Times Square at 46th Street	1	1			
389649	389649	IsA	bedroom	room in house	1.5849625007211563
9047087	Acute hypoglycaemia induces changes in mood which result in a transient state of ' tense tiredness ' , a decrease in happiness , an increase in tense arousal , and decreased energetic arousal.	induces	Acute hypoglycaemia	changes in mood which result in a transient state of ' tense tiredness '	1	1			
205238	205238	HasPrerequisite	do a crossword puzzle	buy a crossword puzzle book	2.0
262589	262589	AtLocation	a gas chromatograph	an analytical lab	1.5849625007211563
  8570	  8570	IsA	regatta	boat race	2.321928094887362
 18446	 18446	ReceivesAction	A hairbrush	used to	1.5849625007211563
214364	214364	UsedFor	token slot	pay for subway ride	1.5849625007211563
160356	160356	HasPrerequisite	see old things	goto a museum	1.5849625007211563
 43511	 43511	AtLocation	egg	shop	1.5849625007211563
495032	495032	UsedFor	mouse	interacting with computer	2.321928094887362
348056	348056	Causes	going to a concert	bad hearing	1.5849625007211563
244876	244876	UsedFor	football field	have kinky sex on	1.5849625007211563
109321	109321	IsA	This	a single seat, two wheeled bicycle	1.5849625007211563
 44167	 44167	AtLocation	a lead pencil	a SAT test takers hand	1.5849625007211563
250535	250535	CapableOf	trainer	time horse	1.5849625007211563
225478	225478	AtLocation	a shore	a beach	2.0
 17686	As the hero 's crusty old father , Mr. Newman steals what 's left of the show -LRB- Maslin -RRB- . ''	is	Maslin	the show	1	1			
467172	467172	AtLocation	something	the New York Stock Exchange	1.5849625007211563
223254	223254	IsA	magma	ver hot	1.5849625007211563
507222	507222	Desires	person	decide what he want	1.5849625007211563
101488	101488	Causes	act in play	muscle	1.5849625007211563
269729	269729	AtLocation	cars	the driveway	2.584962500721156
191458	191458	HasSubevent	talk with someone far away	say hello	1.5849625007211563
551791	551791	AtLocation	cobwebs	the refrigerator	2.0
 10748	It 's an advantage to hear another line in the music and be able to play with it .	be hear	an advantage	able to play with it	1	1			
181703	181703	Causes	go on internet	high phone bill	1.5849625007211563
 81639	 81639	UsedFor	have shower	remove dry perspiration	1.5849625007211563
588791	588791	NotCapableOf	Perfectionists	experience satisfaction	1.5849625007211563
220084	220084	UsedFor	a folding chair	make extra seating	1.5849625007211563
342836	342836	AtLocation	dark glass	movie studio	1.5849625007211563
157065	157065	AtLocation	a mouse	basements or cellars	1.5849625007211563
 16360	 16360	HasPrerequisite	create something to help other person	invent it	2.584962500721156
337735	337735	HasSubevent	change your appearance	get new haircut	1.5849625007211563
236819	236819	IsA	The major constituent of a bone	calcium	1.5849625007211563
509283	509283	AtLocation	a kitten	a cartoon	1.5849625007211563
17940453	Purpose of review : Type 1 diabetes ( T1D ) is characterized by autoimmune - mediated destruction of pancreatic beta cells culminating in absolute insulin deficiency.	is characterized	Purpose of review	by autoimmune - mediated destruction of pancreatic beta cells	1	1			
 24200	 24200	AtLocation	substantial difference	sperm whale clan	1.5849625007211563
121774	121774	AtLocation	marmoset	national park	1.5849625007211563
 31120	THREE GOSPELS 	is	The Good News According to Mark	The Good News According to John	1	1			
194430	194430	HasSubevent	use computer	forward e-mail to someone	1.5849625007211563
175573	175573	HasSubevent	an athlete gets older	he loses ability gradually	1.5849625007211563
567614	567614	UsedFor	a calculator	doing arithmetic calculations accurately	1.5849625007211563
348649	348649	Causes	having a physical examination	you get a retal exam	1.5849625007211563
422140	422140	IsA	cut in front	essential maneuver for freeway drive	1.5849625007211563
223226	223226	HasProperty	submarines	very complicated machines	1.5849625007211563
20554175	More systematic and sustained efforts for research , education , surveillance , prevention , early detection and affordable treatment are required across all Latin American countries to improve health conditions for adult population and particularly for women , who are more affected by obesity and diabetes.	are required	More systematic efforts for affordable treatment	across all Latin American countries	to improve health conditions for adult population	1	1		
28460155	Lipid peroxidation is a major causative factor for the development of oxidative stress that leads to overt T2DM and its associated micro - and macro-vascular complications.	leads	oxidative stress	to its associated micro - complications	1	1			
487141	487141	ReceivesAction	A baseball bat	used as a weapon	2.321928094887362
353271	353271	HasProperty	horse	graceful	3.0
536379	536379	Desires	person	plenty of rest	1.5849625007211563
291601	291601	CapableOf	warrior	dream	1.5849625007211563
285523	285523	IsA	medals	rewards	1.5849625007211563
590026	590026	DefinedAs	A Peanuts character	dog, Snoopy	1.5849625007211563
487157	487157	IsA	A cartoon	a picture	2.0
175718	175718	CapableOf	A city	develop a plan for recycling garbage	1.5849625007211563
489246	489246	HasSubevent	wait on tables	you spill food on another person	1.5849625007211563
270813	270813	Causes	having a conversation	agreement	1.5849625007211563
111055	111055	IsA	our sun	name sol	1.5849625007211563
476801	476801	IsA	capital of aruba	oranjestad	1.5849625007211563
187601	187601	Desires	person	french food	1.5849625007211563
24447429	However , the many epidemiological studies that have shown an association between low vitamin D levels and a higher risk of developing various respiratory diseases or a poorer prognosis if they do appear , were unable to show causality.	were	the many epidemiological studies that have shown an association between low vitamin D levels and a higher risk of developing various respiratory diseases or a poorer prognosis	unable to show causality	1	1			
343842	343842	HasPrerequisite	go to a play	go to a theatre	1.5849625007211563
543355	543355	HasSubevent	have party	person drink beer	1.5849625007211563
490733	490733	HasProperty	unlike hypochondriac valetudinarian symptom	real	1.5849625007211563
 26581	 26581	CapableOf	someone	shine their shoes	1.5849625007211563
190386	190386	CapableOf	human	vomit	1.5849625007211563
260851	260851	UsedFor	writing	relaxation	2.321928094887362
 86781	 86781	IsA	Popeye	a cartoon	2.0
430075	430075	MotivatedByGoal	carve a niche	you are an individual	1.5849625007211563
332512	332512	HasSubevent	attend a lecture	get a copy of the program	1.5849625007211563
332739	332739	HasPrerequisite	clean house	broomstick	1.5849625007211563
 38727	The 2000 pageant had the lowest ratings in the event 's 43 years on television 	had	The 2000 pageant	the lowest ratings in the event 's QUANT_O_1 years on television	1	1			
 67800	 67800	HasPrerequisite	tie your shoelace	use your finger	2.0
598037	598037	DefinedAs	soccer	main sport of mexico	2.321928094887362
449153	449153	UsedFor	a hardhat	protecting one's head from injury	2.321928094887362
 91643	 91643	CapableOf	girl	win championship	1.5849625007211563
371504	371504	HasProperty	tornadoes	terrifying	1.5849625007211563
 93677	 93677	AtLocation	cookbook	shelf	1.5849625007211563
399049	399049	MotivatedByGoal	apply	mortgage	2.0
165087	165087	IsA	Worms	not insects	1.5849625007211563
 18095	 18095	NotCapableOf	You	pronounce a hyphen (- )	1.5849625007211563
143365	143365	HasPrerequisite	hear news	listen carefully	1.5849625007211563
406180	406180	Causes	play frisbee	minute of fun and exercise	1.5849625007211563
290551	290551	IsA	gold	heavy yellow metal	1.5849625007211563
228732	228732	CapableOf	orchestra	play symphony	1.5849625007211563
140665	140665	AtLocation	a contraceptive	a drawer	1.5849625007211563
 29596	 29596	ReceivesAction	if a window	slammed then its glass might break	1.5849625007211563
570861	570861	NotCapableOf	Ostriches	fly	3.1699250014423126
 74342	 74342	IsA	A German submarine	a U-Boat	2.0
12116172	The critical period of immune activation is probably short and the process leading to diabetes probably has a long prodrome but of variable duration that determines the age at presentation with clinical disease.	leading	the process	to diabetes	1	1			
353987	353987	CapableOf	sun	heat up room	1.5849625007211563
  2405	  2405	HasProperty	it	very hard	1.5849625007211563
193130	193130	CapableOf	i	back winner	1.5849625007211563
 97018	 97018	UsedFor	feed your family	make child grow	1.5849625007211563
385946	385946	Causes	test your strength	get hurt	1.5849625007211563
 68307	 68307	HasPrerequisite	examine thing	isolate it	1.5849625007211563
18319102	The cardiac complications of cancer therapy will be discussed according to common syndromes : left ventricular dysfunction , myocardial ischemia , blood pressure changes , thromboembolism , bradyarrhythmias , and prolonged QT interval.	will be discussed	The cardiac complications of cancer therapy	according to common syndromes thromboembolism	1	1			
24237065	This patent review aims to establish an overview of recent patents disclosing new therapeutic opportunities targeting peripheral , as well as central targets for the treatment of T2D.	disclosing	recent patents	new therapeutic opportunities targeting peripheral , as well as central targets for the treatment of T2D	1	1			
147110	147110	CapableOf	someone	type letter	2.321928094887362
474018	474018	HasPrerequisite	go for swim	bathingsuit	1.5849625007211563
185169	185169	CapableOf	person	dream about haircut	1.5849625007211563
462372	462372	Causes	analysing something	to find out more about it	1.5849625007211563
579541	579541	HasProperty	cattle	farm to be slaughter	1.5849625007211563
503397	503397	CapableOf	some lizard	change colour	2.321928094887362
175707	175707	IsA	This	a baby's pacifier	2.321928094887362
122714	122714	UsedFor	verb	make sentence go	1.5849625007211563
327307	327307	IsA	wark	activity	2.0
227505	227505	HasSubevent	drinking at the bar	take shots	1.5849625007211563
114427	114427	HasA	Astronauts	gone to the moon	1.5849625007211563
136652	136652	ReceivesAction	A knob generally	pulled	1.5849625007211563
310563	310563	UsedFor	maintaining good health	people of all ages	1.5849625007211563
 99179	 99179	UsedFor	machine	shave wood	1.5849625007211563
338631	338631	CapableOf	A chef	season food	3.0
545959	545959	UsedFor	observation	psychoanalyze	1.5849625007211563
317897	317897	HasPrerequisite	attend classical concert	dress appropriatly	1.5849625007211563
434784	434784	Causes	going to a performance	feeling happy	1.5849625007211563
208989	208989	HasPrerequisite	hurt someone else	say something that hurt their feel	1.5849625007211563
431869	431869	UsedFor	get away with crime	rebel	1.5849625007211563
107900	107900	IsA	leadership	release of human possibility	1.5849625007211563
587674	587674	HasProperty	This dog	alert	1.5849625007211563
573645	573645	HasA	Many religions	an extreme approach	2.0
304841	304841	HasSubevent	test the car	you crash into a tree	2.0
420426	420426	UsedFor	money	pay one rent	1.5849625007211563
318107	318107	IsA	gene	window on past	1.5849625007211563
390540	390540	HasFirstSubevent	walk dog	decide to walk dog	1.5849625007211563
295474	295474	IsA	while teacher	explain	1.5849625007211563
572887	572887	AtLocation	telephone index	telephone booth	1.5849625007211563
366081	366081	HasA	a highlighter	different colors	1.5849625007211563
121470	121470	PartOf	toilet bowl	toilet	2.0
417220	417220	AtLocation	grief	war	1.5849625007211563
453467	453467	AtLocation	ring	finger	3.3219280948873626
202250	202250	Causes	reaching an impasse	nobody to win	1.5849625007211563
 25140	 25140	UsedFor	dress nice	go on date	2.584962500721156
 75394	 75394	HasPrerequisite	an education	the reading of many books	1.5849625007211563
524299	524299	IsA	a garden	20 feet tall or long	1.5849625007211563
164606	164606	Desires	If you	talk you should think first	1.5849625007211563
404527	404527	AtLocation	someone	relative house	1.5849625007211563
421218	421218	MotivatedByGoal	weed garden	plant to flourish	1.5849625007211563
242487	242487	UsedFor	nuts and screws	put things together	1.5849625007211563
311747	311747	CapableOf	everyone	number a list	1.5849625007211563
158313	158313	HasPrerequisite	cleaning your room	motivation	1.5849625007211563
 73216	 73216	CapableOf	philanthropist	give money to person	1.5849625007211563
249534	249534	ReceivesAction	black boards	used in schools	1.5849625007211563
539672	539672	IsA	you take class if you	at school	1.5849625007211563
228898	228898	IsA	Drawings	visual representations of ideas	1.5849625007211563
 38323	Three years ago , management at the Harron Communications Corporation , a cable television company in Frazer , Pa. , drafted a personnel handbook replete with '' thou shalt nots '' governing numerous facets of employee behavior . ''	drafted	management at the Harron Communications Corporation	a personnel handbook replete	1	1			
280252	280252	Desires	i	eat fresh fruit	1.5849625007211563
502946	502946	HasFirstSubevent	stand up	straighten your body	1.5849625007211563
250008	250008	HasSubevent	howl with laughter	jiggle	1.5849625007211563
384342	384342	CapableOf	let	go to movie	1.5849625007211563
359745	359745	MotivatedByGoal	spit	remove salaiva from your mouth	1.5849625007211563
 29719	 29719	HasA	Ultrasound	a shorter range than audible sound	1.5849625007211563
294539	294539	HasSubevent	passing your university exams	finally getting some sleep	1.5849625007211563
267391	267391	IsA	Human cells	biological cells	1.5849625007211563
448488	448488	HasA	ocean water	magnesium	1.5849625007211563
335725	335725	CapableOf	A person	judge the taste of something	1.5849625007211563
 20453	 20453	DefinedAs	in china primary personal vehicle	bicycle	1.5849625007211563
23618694	Identification of these pitfalls is expected to improve prognostic and predictive marker assessment.	to improve	Identification of these pitfalls	predictive marker assessment	1	1			
139907	139907	IsA	it	small than mall	1.5849625007211563
318145	318145	HasFirstSubevent	get some physical activity	stretch	1.5849625007211563
428804	428804	CapableOf	person	notice problem	1.5849625007211563
554235	554235	CapableOf	Arms dealers	arm rebels	1.5849625007211563
587036	587036	AtLocation	a tack	a bulletin board	1.5849625007211563
522962	522962	NotDesires	person	be punished	3.1699250014423126
288681	288681	IsA	This	a very steep hill	1.5849625007211563
 44471	 44471	CapableOf	helicopters	land anywhere	1.5849625007211563
584872	584872	HasSubevent	reproduce	lawsuit	1.5849625007211563
125040	125040	MotivatedByGoal	do housework	someone have to do it	1.5849625007211563
109718	109718	CapableOf	order	be pay for by credit card	1.5849625007211563
 33320	States Desperate No one suggests incentives account for the bulk of the South 's economic success .	account for the bulk of	incentives	the South 's economic success	1	1			
 10558	 10558	UsedFor	an underground area	hiding	3.1699250014423126
384034	384034	UsedFor	a master bedroom	the parents	1.5849625007211563
344068	344068	HasPrerequisite	become inebriated	drink alchol	1.5849625007211563
411149	411149	AtLocation	a pulpit	in church	1.5849625007211563
548102	548102	IsA	Sunglasses	eye protection	1.5849625007211563
421160	421160	HasPrerequisite	join army	leave your dwell	1.5849625007211563
284154	284154	NotIsA	puerto rico	state	1.5849625007211563
311758	311758	HasProperty	dogs	loyal	3.3219280948873626
567312	567312	UsedFor	a refrigerator freezer	storing food for long periods	2.584962500721156
195879	195879	DefinedAs	organize	American spelling of organise	1.5849625007211563
 20680	Michael P. Daly , an economist for the Cigna Corporation , a large insurance company , estimated after seeing today 's numbers that the gross national product would drop in the current quarter at a rate of 4 percent .	drop in	the gross national product	the current quarter	1	1			
 62294	 62294	HasProperty	an arch	strong in compression	1.5849625007211563
319139	319139	NotDesires	person	get sick	2.807354922057604
402586	402586	UsedFor	a lip	getting in trouble	1.5849625007211563
2317086	Only 1 subject had precipitins to Penicillium and Monocillium species isolated from the peat moss plant.	had	Only 1 subject	precipitins	1	1			
374257	374257	IsA	john deere	tractor manufacturer	1.5849625007211563
 69845	 69845	MotivatedByGoal	flirt	get someone in bed	1.5849625007211563
338320	338320	HasPrerequisite	wash your car	get some soap and water ready	1.5849625007211563
561427	561427	IsA	keep stuff	desire	1.5849625007211563
 43518	 43518	AtLocation	student	homeschool	2.0
338207	338207	IsA	spaceship	among new vehicle	1.5849625007211563
302130	302130	HasPrerequisite	enjoy company of your friend	you to have friend	1.5849625007211563
319738	319738	CapableOf	humans	be intolerant 	1.5849625007211563
 55575	 55575	HasProperty	registrar of encumber vehicle	abbreviate to'revs	1.5849625007211563
154719	154719	AtLocation	someone	front of build	1.5849625007211563
 92275	 92275	CapableOf	everyone	get dressed-up for their family picture	1.5849625007211563
119893	119893	HasPrerequisite	attending a classical concert	knowlegde about music	1.5849625007211563
499285	499285	UsedFor	piece of food	share with someone else	1.5849625007211563
516678	516678	CausesDesire	recieving e-mail	send e-mail	1.5849625007211563
294741	294741	HasPrerequisite	cool off	turn on the air conditioning	1.5849625007211563
305409	305409	MotivatedByGoal	add up column of number	result	1.5849625007211563
421006	421006	DefinedAs	The Pennsylvania state tree	hemlock	1.5849625007211563
548182	548182	MotivatedByGoal	illustrate a point	some people just don't get it	1.5849625007211563
 79371	 79371	MotivatedByGoal	move car	it out of way	1.5849625007211563
241810	241810	HasA	old house	funny look key	1.5849625007211563
261867	261867	MotivatedByGoal	commit to memory	something be useful	1.5849625007211563
17084482	Recent data on the epidemiological aspects of lung cancer in women , lung tumor biology , and emerging trends in clinical research were presented at a thought leaders ' roundtable hosted by the Society for Women 's Health Research.	were presented	lung tumor biology	at a thought leaders ' roundtable	1	1			
 60976	 60976	AtLocation	fresh vegetables	the fridge	1.5849625007211563
548209	548209	NotDesires	person	bad smells	1.5849625007211563
 15700	 15700	UsedFor	machine	pop popcorn	2.0
178033	178033	HasSubevent	clean house	create light and space	1.5849625007211563
105218	105218	CapableOf	oh	come before hello	1.5849625007211563
101567	101567	HasSubevent	celebrating	picking up the pieces	1.5849625007211563
254542	254542	CapableOf	She	explain all the details	1.5849625007211563
576300	576300	IsA	garbage truck	special type of truck	1.5849625007211563
  2563	  2563	HasPrerequisite	go to play	have partner	1.5849625007211563
183434	183434	UsedFor	a cocktail cabinet	storing liquors	1.5849625007211563
 30309	Nordstrom Inc., the retail chain based on the West Coast, said today that it had created an office of the president to strengthen its executive management team.	said	Nordstrom Inc.	today that it had created an office of the president to strengthen its executive management team	1	1			
385000	385000	CapableOf	A teacher	row her class across the lake	1.5849625007211563
430732	430732	HasPrerequisite	go for a swim	take of your clothes	2.0
194531	194531	HasProperty	muscles	very durable	1.5849625007211563
137588	137588	CausesDesire	short lunch hour	eat in fast food restaurant	1.5849625007211563
447720	447720	Causes	feed your family	good behave child	1.5849625007211563
239557	239557	CapableOf	judge	wave fine	1.5849625007211563
523421	523421	AtLocation	adhesive bandage	drug store	1.5849625007211563
370284	370284	AtLocation	weasel	canada	1.5849625007211563
238576	238576	CapableOf	A person	learn how to play the piano	1.5849625007211563
189742	189742	UsedFor	mobile phone	make call from remote place	1.5849625007211563
577562	577562	AtLocation	timetable	bus depot	1.5849625007211563
577417	577417	IsA	dirt	a word	1.5849625007211563
352687	352687	IsA	both compost and burn firewood	two sustainable way of live	1.5849625007211563
229246	229246	DefinedAs	laysan duck	ana laysanensis	1.5849625007211563
220031	220031	AtLocation	parishners	church	1.5849625007211563
571737	571737	AtLocation	disco	city	1.5849625007211563
464437	464437	ReceivesAction	horse	use in kentucky derby	1.5849625007211563
353391	353391	Causes	take examination	you might get good grade	1.5849625007211563
584284	584284	AtLocation	an instrument	music hall	1.5849625007211563
117630	117630	HasSubevent	meet people	recognize their faces	1.5849625007211563
298817	298817	AtLocation	a forest	a national park	1.5849625007211563
238267	238267	HasPrerequisite	strive to succeed	overcome obstacle	1.5849625007211563
155456	155456	HasLastSubevent	go to the pub	vomit on your shoes	1.5849625007211563
276754	276754	AtLocation	further ways to delude yourself	confession	1.5849625007211563
116289	116289	ReceivesAction	shampoo and conditioner	use on your hair	1.5849625007211563
594061	594061	IsA	one book of bible	hosea	1.5849625007211563
384899	384899	IsA	a swimming pool	a pond	1.5849625007211563
448190	448190	ReceivesAction	The arabic language	derived from hebrew	1.5849625007211563
118823	118823	HasPrerequisite	go into a coma	hit your head very hard	1.5849625007211563
359068	359068	Causes	cashing in	gettin' paid	1.5849625007211563
182206	182206	AtLocation	something	the subway station	2.321928094887362
102408	102408	IsA	michio kaku	physicist	1.5849625007211563
548277	548277	AtLocation	statement	english 101 book	1.5849625007211563
281215	281215	IsA	billboard	road side advertisement	1.5849625007211563
495735	495735	UsedFor	business card	write thing	1.5849625007211563
 22760	 22760	IsA	C	a procedural programming lanuage	2.0
272735	272735	CausesDesire	sex	smoke	1.5849625007211563
3792384	Although patients with symptomatic GER differed significantly from the asymptomatic ones for 27 variables examined , 6 variables emerged as having the highest value for discrimination ( overlap score 0 - 1 ).	emerged	6 variables	as having the highest value for discrimination	1	1			
536111	536111	NotCapableOf	most person	resist puppy	1.5849625007211563
165874	165874	HasPrerequisite	kill someone	buy a gun	2.0
385155	385155	IsA	a highway	a large road	1.5849625007211563
397583	397583	IsA	Behavior therapy	called behavioral psychotherapy	1.5849625007211563
478013	478013	UsedFor	contraceptive	prevent lawsuit	1.5849625007211563
214553	214553	HasSubevent	falling	utter sounds	1.5849625007211563
244923	244923	AtLocation	container	food	1.5849625007211563
266609	266609	DefinedAs	mars	fourth planet from the sun	1.5849625007211563
524059	524059	HasSubevent	fight the enemy	look at him in their eyes	1.5849625007211563
 23138	 23138	HasSubevent	find information	look through index	1.5849625007211563
570267	570267	CreatedBy	genocide	killing a specific group	2.321928094887362
515640	515640	HasProperty	some person	smart that their dumb	1.5849625007211563
480447	480447	HasSubevent	wrestle	pull muscle	1.5849625007211563
157057	157057	HasSubevent	view film at home	rewind it when do	1.5849625007211563
302228	302228	HasSubevent	mail a letter	affix a postage stamp	1.5849625007211563
104284	104284	CapableOf	friend	visit patient in hospital	1.5849625007211563
294286	294286	HasA	football	offside rule	1.5849625007211563
 19494	In the most world-renowned episode , seven frantic photographers on motorbikes chased Princess Diana and her companion , Dodi al-Fayed , after leaving the Ritz hotel in Paris .	is	her companion	Dodi al-Fayed	1	1			
353484	353484	Causes	working the box office	suicide	1.5849625007211563
437358	437358	HasPrerequisite	attend class	you pay attention	1.5849625007211563
382895	382895	MotivatedByGoal	read the employment section of the newspaper	get a job	1.5849625007211563
396162	396162	HasSubevent	playing cards	the dealer distributes cards	1.5849625007211563
566845	566845	IsA	hot dogs	food	1.8073549220576042
598053	598053	AtLocation	a dry storage	the warehouse	2.584962500721156
224610	224610	HasPrerequisite	have checkup	take off your clothe	1.5849625007211563
162648	162648	IsA	IT	A REPTILE	1.5849625007211563
 99864	 99864	CapableOf	A bookstore	gift you with a discount certificate	1.5849625007211563
318819	318819	HasProperty	karate	one of martial art	1.5849625007211563
446574	446574	HasPrerequisite	eat healthily	eat lot of vegetable	1.5849625007211563
223028	223028	HasSubevent	examine thing	gather information	1.5849625007211563
393016	393016	HasProperty	mouse	destructive	1.5849625007211563
261821	261821	Causes	get away with crime	not get catch	1.5849625007211563
250750	250750	IsA	there	art to lose at sport	1.5849625007211563
 82349	 82349	HasSubevent	enjoy film	eat pizza	1.5849625007211563
525164	525164	AtLocation	grandmother	relative house	2.321928094887362
 51930	 51930	IsA	this	human hand hold cigarette	1.5849625007211563
 98059	 98059	IsA	this	foliage	1.5849625007211563
190742	190742	CapableOf	comedy	delight watchers	1.5849625007211563
396616	396616	AtLocation	an army	a fort	1.5849625007211563
30830168	Embracing the mechanistic connection and transcending traditional barriers between disciplines offers immense opportunities for speeding innovative research that can address the growing burden of both cancer and cardiovascular disease.	offers	transcending traditional barriers between disciplines	immense opportunities for speeding innovative research	1	1			
278793	278793	CapableOf	something	eat dog food	2.321928094887362
294078	294078	Causes	look through telescope	view of mercury	1.5849625007211563
449127	449127	UsedFor	a slave	forced labor	2.0
322251	322251	IsA	some person agree that they	friend	1.5849625007211563
354588	354588	AtLocation	a cat	a pet store	2.321928094887362
 23765	 23765	IsA	playroom	where child play	1.5849625007211563
 34844	 34844	IsA	Bob Dylan	a hippie drug addict	1.5849625007211563
 37187	 37187	HasA	garden	lawn	1.5849625007211563
151605	151605	Causes	love	death	2.0
 35514	Mark McGwire might get two more at-bats in the eighth and ninth inning , '' he said . ''	get QUANT_O_1 more at-bats in	Mark McGwire	the eighth inning	1	1			
 85683	 85683	AtLocation	old newspaper	trash	1.5849625007211563
237032	237032	DefinedAs	a subway	because it is underground, it	1.5849625007211563
 43681	 43681	UsedFor	write brush	write chinese and japanese	1.5849625007211563
558863	558863	PartOf	Two hands	a normal human body	1.5849625007211563
235478	235478	CapableOf	maestro	direct orchestra	1.5849625007211563
 36262	 36262	IsA	plates and silverware	tools for eating	1.5849625007211563
 56370	 56370	HasLastSubevent	express how funny something	is finally stop laughing about it	1.5849625007211563
 16859	In the past she was quoted as saying that Mr. McNamara `` does his homework , '' adding , `` He goes into the community with his lawyers and gets the community on his side . ''	is	McNamara	male	1	1			
 95437	 95437	AtLocation	a crab in	a net	1.5849625007211563
29284222	Objective : The aim of this study paper is to review current knowledge and reports regarding primary and secondary prevention of breast cancer.	is	The aim of this study paper	to review current knowledge	1	1			
 13926	 13926	AtLocation	really excellent restaurant	san francisco	1.5849625007211563
409818	409818	HasProperty	things that are played	enjoyed	1.5849625007211563
568032	568032	HasSubevent	run after the ball	get tired	1.5849625007211563
211990	211990	UsedFor	talking	communicating thoughts	1.5849625007211563
   524	   524	CapableOf	fungus	grow on food	1.5849625007211563
159590	159590	CapableOf	A plane	land on the ground	1.5849625007211563
507911	507911	MotivatedByGoal	go to film	see film	1.5849625007211563
147554	147554	ReceivesAction	Health habits	linked to longevity	1.5849625007211563
562180	562180	IsA	Venture capital	money	1.5849625007211563
 37702	Their sister , Louise , who leads a hectic , sophisticated life in London with her husband and two children , looks down on them as faintly pathetic creatures who allowed their mother to turn them into passive victims . ''	looks down on them as	Their sister	faintly pathetic creatures	1	1			
568936	568936	HasProperty	water	able to turn in to ice	2.0
455682	455682	ReceivesAction	film projector have	replace by vcr	1.5849625007211563
419024	419024	NotDesires	person who life alone	clean house	2.0
224564	224564	UsedFor	a chain	lock a bike	1.5849625007211563
192438	192438	HasSubevent	go into coma	you be place in bed	1.5849625007211563
439073	439073	AtLocation	a neighborhood map	a store	1.5849625007211563
426193	426193	UsedFor	Paint	make objects different colors	1.5849625007211563
  2144	Their mistrust of government authority may lack a well-defined political orientation , fascist or otherwise , but in a broad survey of fascism today , Lee would be remiss not to underscore the fact that many militia members and even a few candidates for high office are prepared to glorify violence and exploit irrational fears about foreigners , two elements of fascism 's appeal that are not unfamiliar on the American political landscape .	are prepared exploit irrational fears about	even a QUANT_S_1 candidates for high office	foreigners	1	1			
 29217	 29217	AtLocation	a subway platform	a city	1.5849625007211563
462619	462619	CapableOf	pilot	direct his plane	1.5849625007211563
573604	573604	Causes	open gift	elation	2.0
 99888	 99888	IsA	person who	hurt might cry	1.5849625007211563
366491	366491	HasProperty	sex	pleasant	2.0
314785	314785	HasA	humans	always yearned to travel in space	1.5849625007211563
 65167	 65167	HasPrerequisite	find lose item	ask others	1.5849625007211563
359643	359643	MotivatedByGoal	know if you're healthy	you feel fine	1.5849625007211563
402842	402842	CapableOf	Ali	delight over the gift	1.5849625007211563
 55250	 55250	CapableOf	your smile	light up a room	1.5849625007211563
548979	548979	CapableOf	a person	see colors	1.5849625007211563
245417	245417	AtLocation	rotary file	tool box	1.5849625007211563
233857	233857	CapableOf	i	tear you a new asshole	1.5849625007211563
204456	204456	IsA	stupidity	asset	1.5849625007211563
124733	124733	HasProperty	large machine	color for safety	1.5849625007211563
426921	426921	AtLocation	i-beam	new construction	1.5849625007211563
465322	465322	UsedFor	a check in desk	check in	1.5849625007211563
  7974	There are permits for everything , '' said Colleen Lacter of Waggener Edstrom , a public relations firm representing Microsoft , emerging from a tent at Wollman Rink in Central Park after an MSN 8 promotional event . ''	be emerging from a tent at Wollman Rink in	representing Microsoft	Central Park	1	1			
188459	188459	Causes	print on printer	run out of paper	2.807354922057604
361560	361560	AtLocation	theater	shop mall	2.321928094887362
174158	174158	AtLocation	cricket	in zimbabwe	1.5849625007211563
 35626	 35626	UsedFor	see artifact	exhibition	1.5849625007211563
370591	370591	PartOf	military	government	2.0
 23607	 23607	HasA	account book	record of transaction	1.5849625007211563
406042	406042	UsedFor	working	creating something	2.584962500721156
543222	543222	NotCapableOf	supersonics	rhyme with hanukah	1.5849625007211563
20412756	The known functions of these genes indicate the primary etiological pathways of this disease , including HLA class II and I molecules binding to preproinsulin peptides and T cell receptors , T and B cell activation , innate pathogen - viral responses , chemokine and cytokine signaling , and T regulatory and antigen - presenting cell functions.	binding	HLA class II molecules	to B cell activation	1	1			
212737	212737	HasSubevent	yell	hurt your throat	1.5849625007211563
538379	538379	IsA	aunt	your parent sister	2.0
526783	526783	AtLocation	my daughter	my house	2.0
124435	124435	ReceivesAction	The watch	set at 0	1.5849625007211563
313543	313543	Causes	have asthma attack	death	2.0
212259	212259	IsA	A person who sells cars	a dealer	1.5849625007211563
 85668	 85668	IsA	cucumber	plant	1.8073549220576042
385665	385665	DefinedAs	fat three-ridge	Amblema neislerii	1.5849625007211563
498795	498795	DefinedAs	smith blue butterfly	euphilotes enoptes smithi	1.5849625007211563
132338	132338	Desires	person	watch sunset for it beauty	1.5849625007211563
362760	362760	HasPrerequisite	take finals	revise	1.5849625007211563
227888	227888	HasProperty	Dribbling	important in soccer and basketball	1.5849625007211563
  4178	Imports surged by 27.3 percent on a dollar basis from the previous year 's level , to a record $ 15.86 billion for August , the ministry said .	has	the previous year	level	1	1			
 78215	 78215	HasPrerequisite	stand in line	stand	2.584962500721156
304261	304261	UsedFor	canoe	relaxation	1.5849625007211563
 24128	 24128	AtLocation	something	laundry	2.321928094887362
489824	489824	DefinedAs	indian	person from country of india	1.5849625007211563
476365	476365	UsedFor	a foot	Putting socks on	1.5849625007211563
307540	307540	AtLocation	bicycle storage area	school lot	1.5849625007211563
24216523	As social patterns changed around World War II and women began to smoke more , the epidemiology of lung cancer has changed.	changed	social patterns	around World War II	1	1			
472030	472030	HasPrerequisite	turn on the TV	pick up the remote control	1.5849625007211563
187896	187896	Desires	no one	war	1.5849625007211563
32139297	Antiandrogen therapies are part of the standard of therapeutic regimen for advanced or metastatic prostate cancers ; however , patients who receive these treatments are more likely to develop castration - resistant prostate cancer ( CRPC ) or neuroendocrine prostate cancer ( NEPC ).	receive	patients	these treatments	1	1			
 38200	Twenty-five Navy divers , volunteers from a salvage ship docked in New Haven , arrived at the beach this afternoon to relieve 10 weary state and local police divers , The Associated Press reported .	arrived to relieve	QUANT_S_1 Navy divers	local police divers	1	1			
186195	186195	AtLocation	a closet	a house	2.0
390807	390807	NotDesires	People	play games with people who cheat	1.5849625007211563
295272	295272	UsedFor	a subway map	plot out your trip	1.5849625007211563
411519	411519	CapableOf	human	care deeply	1.5849625007211563
524795	524795	CapableOf	elvis	sing to angel	1.5849625007211563
211180	211180	Causes	discover new partical	change way we live	1.5849625007211563
177704	177704	MotivatedByGoal	reach a tentative agreement	harmony in relationships	1.5849625007211563
 68890	 68890	UsedFor	getting a good grade	increasing self esteem	2.321928094887362
173275	173275	MotivatedByGoal	knit	you have nothing to do	2.0
453240	453240	UsedFor	a highway	crossing the country	2.321928094887362
209376	209376	HasPrerequisite	chop firewood	ax	1.5849625007211563
364201	364201	Causes	eating lunch	your hunger to go away	1.5849625007211563
 90314	 90314	HasSubevent	go on vacation	update passport	1.5849625007211563
169652	169652	HasPrerequisite	buy something for a loved one	have loved ones	1.5849625007211563
 82026	 82026	HasPrerequisite	give assistance	determine a need and meet it	1.5849625007211563
162182	162182	AtLocation	garden hose	hardware store	1.5849625007211563
106142	106142	CapableOf	even fish	drink water	1.5849625007211563
342604	342604	UsedFor	pot	keep plant in	1.5849625007211563
167443	167443	MotivatedByGoal	scuba dive	explore	1.5849625007211563
  6820	The second session , taking place on November 12 , 1960 , produced Joe Primrose 's `` St. James Infirmary '' and the sad and mood `` I 've Just Got to Forget You '' .	were produced	`` St. James Infirmary '' and the sad and mood `` I 've Just Got to Forget You ''	on November 12 , 1960	1	1			
23817677	Results : Respiratory symptoms were common among men , women , and children.	were	Respiratory symptoms	common among men , women , and children	1	1			
490996	490996	CapableOf	animal	sense their owner feel	1.5849625007211563
348797	348797	UsedFor	a trash can	store garbage	2.321928094887362
383638	383638	CapableOf	A decorator	use a paper punch	1.5849625007211563
213952	213952	HasSubevent	reach tentative agreement	settlement	1.5849625007211563
168976	168976	AtLocation	beanbag	room	2.0
128654	128654	AtLocation	wife	person home	1.5849625007211563
467449	467449	Desires	Someone might	shoot a jellyfish	1.5849625007211563
266812	266812	UsedFor	going for a drive	getting from one place to another	2.321928094887362
239116	239116	AtLocation	beaver	hut	1.5849625007211563
558427	558427	HasSubevent	having a physical exam	think about your body	1.5849625007211563
572604	572604	AtLocation	lizard	arid region	2.584962500721156
 37413	The group , the nonpartisan Committee for the Study of the American Electorate , used final unofficial returns to estimate that 91.3 million Americans , about half the population that is of voting age , exercised the right to vote .	exercised	QUANT_S_1 Americans	the right to vote	1	1			
459408	459408	Desires	person	be successful in life	2.321928094887362
176234	176234	IsA	put person in jail	way to punish them	1.5849625007211563
449938	449938	PartOf	Death	war	1.5849625007211563
336974	336974	IsA	npr	radio station that broadcast news	1.5849625007211563
586906	586906	UsedFor	playing sports	satisfying competitive urges	1.5849625007211563
414172	414172	HasProperty	gloves keep hands warm when it	cold	1.5849625007211563
 85299	 85299	HasProperty	stop sign	red	1.5849625007211563
524133	524133	HasPrerequisite	watch the evening news	switch on the TV	2.0
228513	228513	HasA	a mother	a daugther or a son	1.5849625007211563
591507	591507	CapableOf	woman	butter toast	1.5849625007211563
374073	374073	HasSubevent	use television	change channel with channel changer	1.5849625007211563
327788	327788	UsedFor	a studio control room	a sound engineer	1.5849625007211563
 27126	Chancellor Helmut Kohl reiterated these assurances in Paris , and Foreign Minister Hans-Dietrich Genscher will presumably make a similar case when he travels to Washington this week .	is	Helmut Kohl	Chancellor	1	1			
539449	539449	HasLastSubevent	see band	go home	1.5849625007211563
25280546	In fact , only 290 ( 9.1 % ) participants had performed the colorectal cancer screening tests.	had performed	participants	the colorectal cancer screening tests	1	1			
189588	189588	AtLocation	water	drip	2.321928094887362
461449	461449	ReceivesAction	music	found in special plays called musicals	1.5849625007211563
100060	100060	CapableOf	a scientist	discover a new planet	1.5849625007211563
 61977	 61977	HasPrerequisite	go to bed	ask your lover to join you	1.5849625007211563
186460	186460	HasSubevent	impanel jury	elect them	1.5849625007211563
497316	497316	HasPrerequisite	attend a classical concert	rent a tux	1.5849625007211563
440101	440101	Causes	making sure you re healthy	having peace of mind	1.5849625007211563
487641	487641	AtLocation	noodle	plate	1.5849625007211563
455142	455142	UsedFor	pool	have water fight	1.5849625007211563
10647627	This molecular classification is discussed in relation to morphogenesis , histopathology , behaviour and investigation of prognostic biomarkers in colorectal cancer.	is discussed	This molecular classification	in relation to investigation of prognostic biomarkers in colorectal cancer	1	1			
 42533	 42533	CapableOf	I	school your sorry ass	1.5849625007211563
576157	576157	UsedFor	watch even news	hear about tragedy	1.5849625007211563
195838	195838	HasProperty	baseball	round and white	1.5849625007211563
141899	141899	IsA	comcast	cable television company	2.0
141551	141551	HasPrerequisite	go to baseball game	find little leaque game	1.5849625007211563
114995	114995	UsedFor	a cheque book holder	organizing checks and associated materials	1.5849625007211563
24026917	Type 2 diabetes mellitus ( T2DM ) is a chronic progressive disease with high morbidity and mortality rates.	is	Type 2 diabetes mellitus	a chronic progressive disease with high morbidity	1	1			
550211	550211	CapableOf	Mary	will money to her family	1.5849625007211563
 35151	READING AT GRADE LEVEL -- Percentage of third grders reading at or above grade level in tests given in spring 1996 .	be given in	tests	spring 1996	1	1			
128204	128204	HasSubevent	give clue	help solve puzzle	1.5849625007211563
 46338	 46338	Causes	cutting your hair	look more attractive	1.5849625007211563
471828	471828	HasSubevent	you are in a boat	safety is important	1.5849625007211563
260076	260076	IsA	Chicken breast	white meat	1.5849625007211563
177532	177532	MotivatedByGoal	drink	hang out at the bar	1.5849625007211563
285860	285860	HasProperty	Saudi Arabia	suppressed and increasingly unstable	1.5849625007211563
528913	528913	UsedFor	tickle	tease someone	2.321928094887362
592669	592669	HasA	A great jazz quartet	at least one trumpet player	1.5849625007211563
128350	128350	CapableOf	someone	go out on the balcony	1.5849625007211563
 15453	 15453	AtLocation	someone	astro dome	1.5849625007211563
234247	234247	HasProperty	Suits	uncomfortable	1.5849625007211563
 98371	 98371	Desires	person	clean apartment	1.5849625007211563
145587	145587	IsA	book	good tool for learn	1.5849625007211563
201955	201955	NotCapableOf	you	pick your friend nose	1.5849625007211563
524167	524167	HasPrerequisite	get paid	work for an employer	1.5849625007211563
125419	125419	Desires	a person	stop answering this question	1.5849625007211563
502575	502575	UsedFor	examine thing	evaluate thing	1.5849625007211563
321387	321387	Causes	write term paper	work hard	1.5849625007211563
495748	495748	CausesDesire	desire to see tropical fish	become scuba diver	1.5849625007211563
129043	129043	DefinedAs	cork	bark of tree	1.5849625007211563
  9837	With Kansas City 's hiring of Gunther Cunningham and Detroit 's hiring yesterday of Dick Jauron , who had been dismissed as the Chicago Bears ' head coach , the Jets have lost six potential candidates for their defensive coordinator job after they fired Ted Cottrell .	has hiring of	Kansas City	Gunther Cunningham	1	1			
331032	331032	HasProperty	they	wet	1.5849625007211563
359288	359288	Desires	children	pretend	1.5849625007211563
309907	309907	HasSubevent	breathing	intake oxygen	1.5849625007211563
334474	334474	AtLocation	an opera glasses	a theater	1.5849625007211563
172641	172641	UsedFor	tv	watch film	2.584962500721156
331385	331385	Causes	work out	you sweat	2.0
132969	132969	IsA	rain be to idea thunderstorm	brainstorm	1.5849625007211563
 82445	 82445	HasSubevent	thing be heat	they expand	1.5849625007211563
479018	479018	CapableOf	you	eat fajitas when have barbecue	1.5849625007211563
321178	321178	HasSubevent	play piano	press down on ivory key	1.5849625007211563
152373	152373	IsA	these people	in love	1.5849625007211563
242517	242517	HasSubevent	follow recipe	ingredient spill	1.5849625007211563
 87281	 87281	HasA	many insect	larval stage	1.5849625007211563
436609	436609	CapableOf	you	find a mammoth in a museum	1.5849625007211563
396389	396389	HasPrerequisite	knit	yarn	2.0
 50084	 50084	Causes	cooking a meal	dinner	2.0
330691	330691	IsA	hospital	large build	1.5849625007211563
30925537	Finally , individualized therapies directed at specific genomic aberrations , a radiopharmaceutical targeting prostate - specific membrane antigen , and immune therapy combinations are providing potentially additional treatment options for patients with refractory disease.	are providing	individualized therapies directed at specific genomic aberrations	potentially additional treatment options	Finally	1	1		
483050	483050	IsA	violin	portable musical istrument	1.5849625007211563
381268	381268	CapableOf	person	shine shoe	1.5849625007211563
 35016	Dr. Benjamin Dean Merritt , emeritus professor of Greek epigraphy at the Institute for Advanced Study , Princeton , N.J. , died yesterday at his home in Austin , Texas .	died at his home in	Dr. Benjamin Dean Merritt	Austin	1	1			
 41298	 41298	HasA	meat	lot of protein	2.321928094887362
491583	491583	HasSubevent	use a computer	energy consumption	1.5849625007211563
344599	344599	UsedFor	seat	fart on	1.5849625007211563
390009	390009	IsA	candle	stick of wax	1.5849625007211563
126183	126183	NotHasA	You	to wind electric clocks	1.5849625007211563
362774	362774	MotivatedByGoal	visit a museum	you are curious about the past	1.5849625007211563
 78760	 78760	DefinedAs	king of wand	aggressive father	1.5849625007211563
258934	258934	AtLocation	temple	china	2.321928094887362
375103	375103	Causes	dust in the atmosphere	sunsets to be red	1.5849625007211563
19393195	Many theories , ranging from direct cytolysis of pancreatic islet cells to immunological processes such as antigen mimicry and polyclonal lymphocyte activation , tried to explain the epidemiological correlation between infections and diabetes , supported by information from human and animal studies.	tried to explain	Many theories	the epidemiological correlation between infections and diabetes , supported by information from animal studies	1	1			
434114	434114	MotivatedByGoal	buy christmas present	feel good	1.5849625007211563
481980	481980	UsedFor	ophthalmoscope	inspection of eye	1.5849625007211563
  2276	  2276	IsA	Daly city	in california	1.5849625007211563
 62830	 62830	Causes	please your parent	happy parent	2.321928094887362
255219	255219	IsA	Industrial processes	energy intensive	1.5849625007211563
410528	410528	DefinedAs	Cameroon clawless otter	Aonyx congicus microdon	1.5849625007211563
244126	244126	AtLocation	a song	a songbook	1.5849625007211563
250537	250537	HasSubevent	leave line	line get short	1.5849625007211563
308988	308988	ReceivesAction	bicycle	build for one person	1.5849625007211563
584336	584336	HasFirstSubevent	get a good grade	feel great	1.5849625007211563
206601	206601	AtLocation	a moon bounce	a fair	1.5849625007211563
497706	497706	Causes	running out of steam	someone to stop an activity	1.5849625007211563
148241	148241	CapableOf	both mechanically and chemically rain	weather rick	1.5849625007211563
596027	596027	HasSubevent	taking an exam	chew on your pencil	1.5849625007211563
 35778	 35778	HasFirstSubevent	knit	breathe	1.5849625007211563
477466	477466	ReceivesAction	usually area where something	find	1.5849625007211563
416867	416867	IsA	theory	body of principle	1.5849625007211563
536185	536185	CapableOf	friend	come over for dinner	1.5849625007211563
495889	495889	HasProperty	car	front of wagon	1.5849625007211563
267225	267225	CapableOf	monkey	throw thing	2.0
157539	157539	AtLocation	a monkey	thailand	1.5849625007211563
270212	270212	MadeOf	page	paper with word on it	2.584962500721156
102912	102912	HasPrerequisite	give a clue	have one	1.5849625007211563
533737	533737	ReceivesAction	a candle	extinguished	1.5849625007211563
 32550	At the Wednesday meeting , Mr. Kim will also have to step lightly around another conflict with Washington , over national and regional missile defense systems .	have to step lightly over	Mr. Kim	national missile defense systems	1	1			
412814	412814	HasSubevent	you push on a soft object	it flattens	1.5849625007211563
209231	209231	HasSubevent	decide a criminal's fate	send somebody to jail	1.5849625007211563
 12025	A bomb exploded at a leftist union hall in San Salvador , killing at least eight people and injuring about 30 others , including two Americans , authorities said .	at least eight people	A bomb exploded at a leftist union hall in San Salvador, killing	authorities said	1	1			
467426	467426	IsA	latin name of vetiver	vetiveria zizanoides	1.5849625007211563
 92231	 92231	CapableOf	coyote	fail from cliff	1.5849625007211563
528047	528047	ReceivesAction	people	made out of meat	1.5849625007211563
 14349	 14349	MotivatedByGoal	wake up in morning	morning cup of coffee	1.5849625007211563
  7755	The 12-member committee of scientists , doctors and other experts said its biggest concern about the new technology was the potential of certain genetically engineered organisms to escape and reproduce in the natural environment .	be escape in	the potential of certain genetically engineered organisms reproduce	the natural environment	1	1			
453464	453464	IsA	egoistic person	person	2.0
480191	480191	UsedFor	teakettle	boil water to make instant soup	1.5849625007211563
205138	205138	Causes	eat hamburger	big hip	1.5849625007211563
563477	563477	HasProperty	honey	very sweet	1.5849625007211563
292082	292082	CapableOf	a child	succeed at school	1.5849625007211563
354615	354615	HasPrerequisite	remember	scratch your head	1.5849625007211563
379987	379987	UsedFor	broadcast studio	make radio program	1.5849625007211563
16208307	Because of the morbidity and mortality associated with the disease , it is becoming a major burden for the health care system.	associated	the morbidity	with the disease	1	1			
440880	440880	CapableOf	I can lie or I	tell the truth	1.5849625007211563
 64923	 64923	ReceivesAction	catheter	insert into body channel	1.5849625007211563
313251	313251	HasProperty	term anarchist and libertarian	interchangeable	1.5849625007211563
566327	566327	UsedFor	a coffee table	hold cool art books	1.5849625007211563
350449	350449	HasA	someone	something	1.5849625007211563
 80413	 80413	HasA	Some people	learned to live independently	1.5849625007211563
232881	232881	UsedFor	seeing a band	hearing music	1.5849625007211563
353125	353125	HasPrerequisite	lucid dream	relax your body not your brain	1.5849625007211563
463140	463140	HasPrerequisite	sit on a chair	lower your backside down on one	1.5849625007211563
505424	505424	CapableOf	Books	the recorded history of humanity	1.5849625007211563
388082	388082	MotivatedByGoal	kiss someone	express that you love them	2.584962500721156
382004	382004	HasPrerequisite	eat lunch	go to deli	1.5849625007211563
519414	519414	HasSubevent	eat in restaurant	refill coffee	1.5849625007211563
500328	500328	HasA	magazines	recipes	1.5849625007211563
  5080	  5080	HasProperty	lovemaking	more fun than attend church	1.5849625007211563
553440	553440	UsedFor	howl with laughter	express amusement	2.321928094887362
258650	258650	CapableOf	you	eat certain flowers	1.5849625007211563
503648	503648	AtLocation	a tip	a resturant	1.5849625007211563
185277	185277	UsedFor	glass case	hold eyeglass	2.321928094887362
453048	453048	UsedFor	telling a story	explaining the events of a day	1.5849625007211563
414261	414261	IsA	Eagles	an endangered species	1.5849625007211563
  3377	A model inmate , E. B. was released from prison in New Jersey in 1979 and sent to Virginia to serve out his murder sentence .	sent to serve out	E. B.	his murder sentence	1	1			
482922	482922	HasProperty	A ring binder	used to file reference material	1.5849625007211563
 67346	 67346	IsA	Plaid	a pattern	2.321928094887362
197064	197064	CapableOf	person	last for more than 100 year	1.5849625007211563
  9294	Mr. Gonzalez said that despite his two meetings with the trafficker after 1990 , Mr. Garcia Abrego refused to turn himself in .	Abrego refused to turn himself in despite	Mr. Garcia	his QUANT_O_1 meetings with the trafficker after 1990	1	1			
 94501	 94501	AtLocation	different shape and size	pan for cook different item	1.5849625007211563
166190	166190	IsA	vacuum and empty space	synonym	1.5849625007211563
571191	571191	Desires	old man	retire	1.5849625007211563
563496	563496	CapableOf	stripper	know how to shake their butt	1.5849625007211563
416707	416707	UsedFor	pool	cool off in	1.5849625007211563
19696534	Accurate diagnosis and staging evaluation is important for proper management and prediction of a patients prognosis.	is	Accurate diagnosis	important for prediction of a patients prognosis	1	1			
575452	575452	HasSubevent	go to mall	buy something	2.807354922057604
 36499	 36499	Causes	die	you might be bury	1.5849625007211563
 15716	And an Alabama lawyer sued the state of Alabama on behalf of two welfare recipients , asking that the state be ordered to set aside money to upgrade its computer systems to insure that benefits will be delivered without interruption .	sued the state of Alabama on behalf of	an Alabama lawyer	QUANT_O_1 welfare recipients	1	1			
 62684	 62684	NotDesires	person	need without reason	1.5849625007211563
 76073	 76073	UsedFor	knight	joust	3.1699250014423126
311563	311563	HasPrerequisite	go to film	purchase ticket	1.5849625007211563
 50274	 50274	HasPrerequisite	take car for drive	have gas	2.0
590679	590679	IsA	One method of hunting	to shoot animals with guns	1.5849625007211563
   153	So the Yankees took the plunge , renting the career save leader -LRB- 398 -RRB- and this season 's save leader -LRB- 43 -RRB- for the duration .	took the plunge	the Yankees	renting this season 's	1	1			
284849	284849	IsA	Nevada	a state in america	1.5849625007211563
414184	414184	HasPrerequisite	get in line	i never do	1.5849625007211563
443923	443923	MotivatedByGoal	visit a museum	see culture	1.5849625007211563
517259	517259	CapableOf	angry people	fire up	1.5849625007211563
298671	298671	IsA	This	a house with a green lawn	1.5849625007211563
 67469	 67469	UsedFor	fall	jump off cliff	1.5849625007211563
379851	379851	HasSubevent	play basketball	play as team	1.5849625007211563
 75465	 75465	UsedFor	a pool	relax	1.5849625007211563
  9936	With many states raising tuition and slashing their budgets for higher education , legislators are showing increasing discomfort about the rising pay for college presidents .	are showing	legislators	increasing discomfort about the rising pay for college presidents	1	1			
 99540	 99540	MotivatedByGoal	shop	more stuff	2.321928094887362
548077	548077	HasPrerequisite	stop be marry to someone	kill them	1.5849625007211563
264478	264478	HasSubevent	go to work	leave home	1.5849625007211563
553220	553220	Causes	passing a course	getting a certificat	1.5849625007211563
550144	550144	IsA	Coffee	a liquid	1.5849625007211563
 17006	As a result , a series of important singers , charmed by the easy , unthreatening flow of his music , not to mention his considerable personal appeal , have carried the Heggie name to the public in their concerts .	have carried	a series of important singers charmed by the easy unthreatening flow of his music not to mention his considerable personal appeal	the Heggie name	1	1			
 17690	Nevertheless , Dr. Loveday , Dr. Schooley and other experts at the meeting said that many questions remained about when to begin prescribing the drug combination for individuals infected with H.I.V. , for how long the effect would last and how the AZT and 3TC combination compares with other drug combinations .	last how	the effect	long	1	1			
 83165	 83165	Desires	there is usually everything you	there	1.5849625007211563
136668	136668	Causes	make patchwork quilt	bleed finger	1.5849625007211563
508701	508701	NotCapableOf	undercover police	wear uniform	1.5849625007211563
240793	240793	ReceivesAction	retirement home	build to house elderly	1.5849625007211563
279577	279577	HasSubevent	stand on line	sing little song	1.5849625007211563
 77465	 77465	HasProperty	peace	preferable to war	1.5849625007211563
386937	386937	UsedFor	book end	keep book from fall over	2.807354922057604
 29685	 29685	CapableOf	Unix	be a very intimidating operating system	1.5849625007211563
591115	591115	UsedFor	a shoulder bag	carrying items	2.584962500721156
312936	312936	IsA	marriage	special bond between two person	1.5849625007211563
430999	430999	HasPrerequisite	have a heart attack	take an aspirin	3.3219280948873626
573419	573419	CapableOf	destroyer	defend	2.0
413102	413102	AtLocation	skylight	roof	3.4594316186372978
533329	533329	CapableOf	you	store bread in bread basket	1.5849625007211563
 39112	 39112	Causes	dressing nice	feeling good	1.5849625007211563
298668	298668	AtLocation	a heifer in a group	cows	1.5849625007211563
  5495	The body of Ms. Stinnett , who was eight months pregnant , was discovered on Thursday , her stomach slashed open and the baby removed .	was pregnant	The body of Ms. Stinnett	QUANT_O_1 months	1	1			
380611	380611	AtLocation	a rocket	a transport trailer	1.5849625007211563
366488	366488	HasProperty	chalk board	good for draw on	1.5849625007211563
448106	448106	Causes	getting in line	have to wait for something	2.807354922057604
 20870	 20870	IsA	No novel	longer than 10000000 page	1.5849625007211563
389891	389891	PartOf	cockroach	eyes	2.0
281968	281968	HasPrerequisite	eat apple	core it	1.5849625007211563
213574	213574	IsA	A nickname for Maryland	Free State or Old Line State	2.0
 41097	 41097	IsA	change tire	hard work	2.807354922057604
 95462	 95462	HasSubevent	attending a classical concert	dream a story with the music	1.5849625007211563
263880	263880	UsedFor	shower	shave	1.5849625007211563
286809	286809	IsA	pets	domesticated to be companions for people	1.5849625007211563
194843	194843	AtLocation	a monkey	a curious george book	1.5849625007211563
15822487	In a vast majority of patients , however , lung cancer presents at an advanced stage and a cure is not possible with currently available therapeutic strategies.	presents	lung cancer	at an advanced stage	In a vast majority of patients	1	1		
382819	382819	HasPrerequisite	go see a play	get in the car	1.5849625007211563
427292	427292	CapableOf	a crane	lower it's load	1.5849625007211563
551850	551850	UsedFor	an office building	house businesses	1.5849625007211563
216104	216104	CapableOf	brother	fight	1.5849625007211563
 96992	 96992	MotivatedByGoal	have a checkup	see if anything is wrong	1.5849625007211563
506029	506029	MotivatedByGoal	take walk	it nice day	1.5849625007211563
469926	469926	MadeOf	ice shave	ice	2.0
106457	106457	MotivatedByGoal	fall	avoid steppin	1.5849625007211563
501337	501337	IsA	Oaks	deciduous trees	1.5849625007211563
109912	109912	CapableOf	woman	wear jean and blouse	1.5849625007211563
385887	385887	UsedFor	a battle	compitition and for winning	1.5849625007211563
350518	350518	UsedFor	a soccer field	Dads to watch kids play	1.5849625007211563
522518	522518	AtLocation	egg	your table	1.5849625007211563
378007	378007	MotivatedByGoal	attend a rock concert	break your ears	1.5849625007211563
238789	238789	AtLocation	a kitten	its owner's arms	1.5849625007211563
528428	528428	AtLocation	your butt	the end of a line	1.5849625007211563
134007	134007	Causes	advancing into battle	die	2.584962500721156
  5785	  5785	IsA	morphine	opiate	1.5849625007211563
 13705	But it 's a sign of this novel 's winnowed concerns that the only noted impact of the Tressalians ' hoax is '' the creation of an unprecedented number of Web sites . ''	is the creation of an unprecedented number of	it 's a sign of this novel 's winnowed concerns that the noted impact of the Tressalians ' hoax	Web sites	1	1			
589942	589942	CapableOf	horse	jump over obstacle	1.5849625007211563
148449	148449	DefinedAs	aluninum	light metal	2.321928094887362
15297947	In patients with lymph node metastases in the resected specimen , the relapse and death rates from recurrent cancer are at least 70 % to 80 %.	are	the death rates from recurrent cancer	at least 70 % to 80 %	In patients with lymph node metastases in the resected specimen	1	1		
355004	355004	CapableOf	idiot	drive me up wall	1.5849625007211563
597253	597253	UsedFor	A shed may be found	storage in some backyards	1.5849625007211563
368160	368160	PartOf	There	Wallis and Futuna	1.5849625007211563
 38951	Salomon 's Loss , Merrill 's Gain Sheldon Epstein , who invented the indexed-amortizing swap , is leaving Salomon after less than a month to rejoin Merrill Lynch .	is	Sheldon Epstein	Gain	1	1			
546105	546105	HasSubevent	holidaying shop	you buy something	1.5849625007211563
399155	399155	NotDesires	a person	be diagnosed with Parkinson's disease	1.5849625007211563
 12292	 12292	MotivatedByGoal	see people play a game	know the result	1.5849625007211563
598763	598763	Causes	getting paid	a	1.5849625007211563
266914	266914	HasFirstSubevent	meet person	tell them your name	1.5849625007211563
323864	323864	CapableOf	a driver	turn a key	1.5849625007211563
286605	286605	HasA	house	window to admit air and sunlight	1.5849625007211563
 43080	 43080	HasLastSubevent	post a message	press the post button	1.5849625007211563
158820	158820	MotivatedByGoal	play hockey	compete	1.5849625007211563
  1410	  1410	UsedFor	garage	woodworking	1.5849625007211563
255076	255076	UsedFor	a swimming pool	spash around	1.5849625007211563
123923	123923	UsedFor	manila folder	organize thing to be file	1.5849625007211563
321999	321999	Causes	eat lunch	end hunger	1.5849625007211563
562995	562995	Desires	a person	impress smart people	1.5849625007211563
588379	588379	HasProperty	Washington	famous for apples	1.5849625007211563
124680	124680	HasPrerequisite	commit to memory	repeat	1.5849625007211563
594636	594636	HasPrerequisite	sit down	squat on your haunch	1.5849625007211563
246581	246581	HasProperty	duck	swim on water	2.0
27881264	Timely and effective management of these diseases has the potential to reduce disease burden and health care costs and improve work productivity and HRQOL.	has	Timely management of these diseases	the potential to improve work productivity	1	1			
 20161	The house was empty of every other living thing except the plants and the dogs , and they would n't laugh at the one who fed them , so I was safe .	was empty except	The house	the plants	1	1			
156533	156533	HasLastSubevent	go to bed	turn off light s	1.5849625007211563
337062	337062	UsedFor	eat lunch	have energy to rest of day	1.5849625007211563
579147	579147	AtLocation	a wall	a labyrinth	1.5849625007211563
119446	119446	HasProperty	soy sauce	salty	2.0
 34074	The package made no mention of criminalizing adultery , a proposal that Prime Minister Recep Tayyip Erdogan had initially supported but put aside after it appeared to undermine Turkey 's longstanding efforts to enter the union .	made mention of criminalizing adultery	The package	a proposal	1	1			
495000	495000	IsA	latte	good coffe	1.5849625007211563
297346	297346	IsA	twin cake	cosmetic	2.0
306179	306179	CapableOf	a jury	send someone to a penitentiary	1.5849625007211563
338741	338741	HasSubevent	bring suit	lawyers get involved	1.5849625007211563
581073	581073	Causes	writing a story	showing the story to someone	1.5849625007211563
285365	285365	MotivatedByGoal	get newspaper	read newspaper	1.5849625007211563
233102	233102	AtLocation	luggage	closet	1.5849625007211563
209436	209436	HasSubevent	go on a vacation	you sleep late	1.5849625007211563
380823	380823	HasProperty	In the United States, it	illegal to marry two people	1.5849625007211563
307220	307220	HasPrerequisite	get fit	go to the gym	2.807354922057604
385599	385599	UsedFor	read to your child	increase their vocabulary	1.5849625007211563
349785	349785	CapableOf	a fridge	cool food	1.5849625007211563
233181	233181	Causes	ski	cold nose	1.5849625007211563
333296	333296	HasProperty	ski boot	yellow	1.5849625007211563
 22859	Instead , as much as through her voice , the story is told through her austerely beautiful face and hands .	is told Instead through	the story	her austerely beautiful face	1	1			
30873760	More importantly , most of these eleven cytokines , including IFNGR1 , TNFRSF19L , GHR , SLAMF8 , FR - beta , and integrin alpha 5 were discovered to be elevated in gastric cancer serum samples for the first time in this study , suggesting that these proteins may serve as novel biomarkers for the early diagnosis and prognosis determination of gastric cancer.	to be elevated	most of these eleven cytokines , including FR - beta	in gastric cancer serum samples	for the first time in this study	1	1		
 34133	 34133	NotCapableOf	muslim	believe that jesus be god	1.5849625007211563
409029	409029	IsA	person who disobey law	call outlaw	1.5849625007211563
530194	530194	UsedFor	ball	hit	1.5849625007211563
302848	302848	HasSubevent	celebrating	eating sweet foods	1.5849625007211563
243441	243441	UsedFor	jean	cover leg and groin	2.321928094887362
   466	   466	CapableOf	A guest	trip on toys on the carpet	1.5849625007211563
412419	412419	HasProperty	mayor	require to travel by car	1.5849625007211563
18806081	The serious complications associated with type 2 diabetes mellitus make it essential for physicians to be aware of risk factors and screening guidelines , allowing for earlier patient diagnosis and treatment.	make	The serious complications associated with type 2 diabetes mellitus	it essential for physicians to be aware of risk screening guidelines	allowing for earlier patient diagnosis	1	1		
499545	499545	MotivatedByGoal	skateboard	it lot of fun	1.5849625007211563
532535	532535	CapableOf	a knife	kill	1.5849625007211563
429956	429956	HasPrerequisite	breathe some fresh air	you to inhale	1.5849625007211563
508011	508011	Causes	buy beer	break law	2.321928094887362
  6628	  6628	ReceivesAction	Gain	known as a increase in equity	1.5849625007211563
 60686	 60686	MotivatedByGoal	clean your clothes	the clothes are dirty	2.0
453183	453183	CapableOf	A person	shoulder the blame	1.5849625007211563
417250	417250	HasA	Ears	attatched or unattachet earlobes	1.5849625007211563
518914	518914	CapableOf	a parent	give a present	1.5849625007211563
 16172	 16172	IsA	Nirvana	Band	3.1699250014423126
   155	   155	IsA	undines	faerie spirits of the water	2.321928094887362
279501	279501	HasProperty	some statement	generic	1.5849625007211563
576159	576159	AtLocation	write instrument	school	1.5849625007211563
 99160	 99160	CapableOf	A trustworthy person	keep a secret	1.5849625007211563
497345	497345	Causes	eating an apple	you are no longer hungry	1.5849625007211563
240708	240708	NotCapableOf	Sometimes we	listen	1.5849625007211563
414921	414921	CapableOf	A master mariner	captain a ship	1.5849625007211563
101127	101127	UsedFor	toilet paper	cleaning up liquids	2.584962500721156
272372	272372	IsA	an amphitheatre	a theatre	1.5849625007211563
522492	522492	ReceivesAction	sunlight	filter by cloud	1.5849625007211563
 27492	A mile long and a half-mile wide with beckoning beaches , Buck Island Reef National Monument , six miles off Christiansted , has a barrier reef comprised mostly of elkhorn coral , a peaceful lagoon and a 120-yard-long snorkeling trail with underwater signs explaining the ecology .	has	Buck Island Reef National Monument QUANT_S_1 miles off Christiansted	a barrier reef comprised mostly of a 120-yard-long snorkeling trail with underwater signs explaining the ecology	1	1			
463087	463087	Causes	forgive someone	repair relationship	1.5849625007211563
333471	333471	IsA	american	person from unite state	1.5849625007211563
16898876	The reporting of the results of the Diabetes Control and Complications Trial in 1993 has led to a major reappraisal of management practices and outcomes in type 1 diabetes in children and adolescents.	has led	The reporting of the results of the Diabetes Complications Trial in 1993	to a major reappraisal of management outcomes in type 1 diabetes in children	1	1			
313508	313508	ReceivesAction	arabic language	derive from hebrew	1.5849625007211563
208066	208066	HasProperty	have friend	important for people	1.5849625007211563
424405	424405	HasProperty	table tennis	fun	2.0
 69635	 69635	MotivatedByGoal	stand in line	be patient	1.5849625007211563
353178	353178	HasProperty	some woman have nipple that	stiff	1.5849625007211563
248832	248832	AtLocation	lips	the Halloween costume store	1.5849625007211563
405811	405811	HasSubevent	drive	put on right turn blinker	1.5849625007211563
 41228	 41228	ReceivesAction	Success	measured in many different ways	1.5849625007211563
510225	510225	IsA	there	only one trophy	1.5849625007211563
150244	150244	AtLocation	lot	rectangle on that build	1.5849625007211563
153071	153071	CapableOf	your smile	warm my heart	1.5849625007211563
591192	591192	UsedFor	playing	children	2.0
 80429	 80429	UsedFor	serving justice	defending the weak	2.321928094887362
578177	578177	AtLocation	a snack bar	a race track	1.5849625007211563
102556	102556	UsedFor	a studio control room	sound control in recording	1.5849625007211563
116069	116069	UsedFor	nylon	make panty hose	2.321928094887362
556617	556617	CapableOf	A fan	side with the other team	1.5849625007211563
525632	525632	IsA	les miserables	french musical	2.321928094887362
418079	418079	HasSubevent	examining a thing	brush it off	1.5849625007211563
203597	203597	CapableOf	A third grader	divide and multiply	1.5849625007211563
 38786	The foreword to the book , written by Joy Bauer , a registered dietitian who provided the nutritional analysis for the recipes , offers sage advice for using them 	offers sage advice for	The foreword to the book written by Joy Bauer	using them Approach these nutritional analyses through the filter of common sense	1	1			
 88664	 88664	HasProperty	long haired man	sing	1.5849625007211563
516537	516537	HasPrerequisite	run	breathe	1.5849625007211563
577376	577376	UsedFor	a book	obtain knowledge	1.5849625007211563
360135	360135	AtLocation	mammoth	kid picture book	1.5849625007211563
 12414	Still , the agent said he advises clients who are at fault in minor fender benders where there are no personal injuries to inquire whether a private resolution is possible .	said	the agent	he advises clients	1	1			
  9259	Organizations in the 33 states can use the grants announced today for both education and enforcement efforts -- including funding for enforcement , housing counseling and other activities that will promote fair housing , Clinton said .	can use	Organizations	the grants	1	1			
111116	111116	ReceivesAction	Iodine	used as an antiseptic	1.5849625007211563
502840	502840	Causes	play tennis	your coordination will improve	1.5849625007211563
211608	211608	CapableOf	fire	burn cloth	2.0
305375	305375	AtLocation	hypodermic needles	on the beach	1.5849625007211563
179442	179442	MotivatedByGoal	have lunch	meet with someone important	1.5849625007211563
26341316	In the setting of established systolic heart failure , serum uric acid is positively associated with disease severity and mortality risk.	is positively associated	serum uric acid	with disease severity	In the setting of established systolic heart failure	1	1		
312478	312478	HasPrerequisite	get in line	be prepare to wait patiently	1.5849625007211563
574566	574566	HasPrerequisite	howl with laughter	see something funny	1.5849625007211563
 40152	 40152	UsedFor	solder wick	remove solder	1.5849625007211563
 33378	During several weeks of intense re-engineering , a way was found to lower Greenwich Street to elevation 314 feet by reconfiguring the underground ducts and reducing their size , changing the thickness of structural slabs , moving utilities and altering the slope of the street .	was found to lower Greenwich Street by	a way	reducing their size	1	1			
 30041	That 's when a supplier sets up his own retail price list and enforces it by selling only to retailers who will follow that list .	enforces it by	a supplier	selling only to retailers	1	1			
144685	144685	Desires	person	eat sweet	1.5849625007211563
363556	363556	HasProperty	live in unhabited island	very peaceful	1.5849625007211563
580701	580701	HasProperty	television	black and white or color	1.5849625007211563
546108	546108	MotivatedByGoal	visit art gallery	see art	3.1699250014423126
403664	403664	CapableOf	person	state fact	2.584962500721156
 97869	 97869	IsA	twig	small tree branch	1.5849625007211563
 48431	 48431	HasSubevent	have lunch	use check	1.5849625007211563
337307	337307	CapableOf	A postman	return an undelivered letter	1.5849625007211563
 28573	 28573	UsedFor	improve your image	improve health	2.321928094887362
 20207	While Krajicek and other crime reporters '' were sitting in vans counting arrests , '' he writes , '' we missed the most important story on the crime beat 	were sitting in vans	Krajicek	counting arrests	1	1			
379007	379007	HasPrerequisite	play game with your friend	get your friend gather up	1.5849625007211563
339857	339857	UsedFor	letter	communication	3.4594316186372978
474663	474663	AtLocation	azote	in air	2.0
314592	314592	UsedFor	watch	tell date	2.321928094887362
540275	540275	IsA	black people	a different race than white people	2.321928094887362
535791	535791	UsedFor	A movie	beings to watch and see	1.5849625007211563
 56938	 56938	HasPrerequisite	earn a living	go work	2.321928094887362
256374	256374	CapableOf	study	far knowledge	1.5849625007211563
231233	231233	UsedFor	writing a story	expression	1.5849625007211563
410492	410492	IsA	steak and tortilla	food	1.5849625007211563
339920	339920	IsA	A projectile	an object	1.5849625007211563
592410	592410	UsedFor	a mayor	confuse the issue	1.5849625007211563
204275	204275	MadeOf	whorehouse	room	2.0
508480	508480	HasProperty	A scooter	cheap to run	1.5849625007211563
127759	127759	CapableOf	A manager	plan to expand a company	1.5849625007211563
 13555	Several series get under way to introduce audiences to new work from the Far East , old work about the Far West , a German emigre 's view of South America and a collection of experimental films that look inward to see outward .	has view of	a German emigre	South America	1	1			
334011	334011	AtLocation	human	on earth	2.0
554861	554861	HasPrerequisite	play	learn rule	1.5849625007211563
 43945	 43945	HasPrerequisite	play soccer	try out for a team	1.5849625007211563
121282	121282	MotivatedByGoal	think of an example that demonstrates your point	illustrate a point	1.5849625007211563
 66202	 66202	UsedFor	find information	raise your earn power	2.321928094887362
335461	335461	HasPrerequisite	wait in line	go to a cinema	1.5849625007211563
240726	240726	AtLocation	fresh air	a park	1.5849625007211563
 30186	Later , referring to the House Republicans ' six-seat majority , Mr. Clinton added , '' You vote for Joe Courtney , and we 're only five votes away from being able to stop them . ''	has	the House Republicans	six-seat majority	1	1			
272023	272023	AtLocation	a superhighway	Texas	1.5849625007211563
456929	456929	HasSubevent	go on a vacation	you go sailing	1.5849625007211563
167325	167325	Causes	create idea	realization	1.5849625007211563
  2104	With a steady eighth-note pulse , uninflected drumbeats and layers of guitars entwined around Mr. Berninger 's midtempo melodies , its song structures revive the 1980s mope-rock of New Order and the Cure .	revive the Cure With	its song structures	a steady eighth-note pulse	1	1			
539450	539450	CapableOf	a farmer	grow plants	1.5849625007211563
462548	462548	HasA	vanderbilt	engineer school	1.5849625007211563
585551	585551	DefinedAs	ash meadow speckle dace	rhinichthys osculus nevadensis	1.5849625007211563
496304	496304	UsedFor	Gas	making engines run	1.5849625007211563
384139	384139	CapableOf	A car	back up	1.5849625007211563
 10856	* Sandia National Laboratories , which develops nuclear weapons systems and military programs , announced that Albert Narath will be succeeding Irwin Welber , who is retiring as president , effective April 1 .	develops	Sandia National Laboratories	military programs	1	1			
268082	268082	ReceivesAction	Coloring	done with crayons	1.5849625007211563
553026	553026	CapableOf	We	fish from our dingy	1.5849625007211563
241443	241443	HasPrerequisite	lose consciousness	drink a lot of alcohol	1.5849625007211563
 97665	 97665	IsA	corn	new world grain	1.5849625007211563
497737	497737	HasA	priest can say that i	soul to save	1.5849625007211563
150799	150799	AtLocation	a cashier	the supermarket	2.321928094887362
155521	155521	Causes	get away with crime	guilty conscience	1.5849625007211563
329033	329033	ReceivesAction	The game of chess	played between two opponents	1.5849625007211563
393077	393077	AtLocation	a sedative	a medicine chest	1.5849625007211563
 90041	 90041	HasProperty	child and adolescent with ocd	isolate	1.5849625007211563
177647	177647	HasLastSubevent	grocery shop	pay for grocery	1.5849625007211563
437380	437380	DefinedAs	state nickname for colorado	centennial state	1.5849625007211563
520590	520590	UsedFor	listen to music	relax	2.807354922057604
  7634	  7634	HasProperty	computer	full of information	1.5849625007211563
  4414	Bob CBS , tonight at 8:30 -LRB- Channel 2 in New York -RRB- Produced by Steinkellners & Sutton Productions in association with Paramount Television ; written by Cheri Steinkellner , Bill Steinkellner and Phoef Sutton , creators and executive producers ; Andrew D. Weyman , director ; Don Seigel , Jerry Perzigian , supervising producers ; Stephen C. Grossman , producer ; Thomas G. Lofaro , co-producer ; Michael R. Cannata , associate producer .	is	Michael R. Cannata	associate producer	1	1			
 47207	 47207	ReceivesAction	bird	descend from dinosaur	1.5849625007211563
300993	300993	AtLocation	lizard	masonry	2.321928094887362
442768	442768	ReceivesAction	most disagreement	cause by subconsious false premise	1.5849625007211563
533930	533930	NotCapableOf	a rocket	carry a ship	1.5849625007211563
264687	264687	Causes	learn about world	become jade	1.5849625007211563
456570	456570	CapableOf	A baker	box up a dozen	1.5849625007211563
275225	275225	HasSubevent	do crossword puzzle	success	1.5849625007211563
197059	197059	HasProperty	toilet seat	white	1.5849625007211563
283894	283894	HasPrerequisite	drink	not drive	1.5849625007211563
 14926	As a woodworker , he recently spent many hours working on a batch of 1,000 toys - doll houses , toy trains , doll cradles and '' any type of toy you can imagine , '' he said - which was shipped out for delivery at Christmas to a Cheyenne Indian reservation out West .	was shipped out for delivery at	doll cradles	Christmas	1	1			
228140	228140	AtLocation	ax	a toolbox	2.0
130784	130784	UsedFor	pen	hold chicken	1.5849625007211563
177152	177152	HasPrerequisite	see art	try art	1.5849625007211563
 28500	 28500	CapableOf	a man	borrow some money	1.5849625007211563
132751	132751	CapableOf	person with dye blonde hair	wear makeup	1.5849625007211563
 79278	 79278	AtLocation	checkbook cover	checkbook	2.0
417070	417070	AtLocation	old stuff	a trunk	1.5849625007211563
245583	245583	HasSubevent	test your strength	you fail	1.5849625007211563
156254	156254	DefinedAs	animate flesh of dead person	goal of some mad scientist	2.0
256116	256116	CausesDesire	a nice scene	paint a picture	1.5849625007211563
  6655	Nations likely to be denied access to the imagery include Iraq , Libya , Cuba and North Korea .	include	access to the imagery	North Korea	1	1			
 19749	 19749	UsedFor	a balcony seat	watching a play from far away	1.5849625007211563
151554	151554	IsA	right handness	prevelent	2.0
223453	223453	UsedFor	a fountain	providing water for birds	1.5849625007211563
 75644	 75644	HasProperty	water	boil	3.1699250014423126
216713	216713	HasPrerequisite	punch someone	want to fight	1.5849625007211563
250926	250926	UsedFor	returning to work	getting things done	1.5849625007211563
147690	147690	NotDesires	a person	idle, meaningless conversation	1.5849625007211563
174604	174604	CapableOf	soot	coat inside of chimney	1.5849625007211563
349556	349556	CapableOf	a security guard	man his post	1.5849625007211563
315286	315286	AtLocation	pamplets	bookstore	1.5849625007211563
309303	309303	UsedFor	tell story	grandparent	1.5849625007211563
374341	374341	CapableOf	whale	dive	2.0
 15583	 15583	UsedFor	upright piano	play music to entertain person	1.5849625007211563
438661	438661	IsA	fortune cookie	crunchy	1.5849625007211563
562834	562834	HasA	A jigsaw puzle	many small pieces	1.5849625007211563
506685	506685	ReceivesAction	We may cry when we	relieved	1.5849625007211563
100345	100345	HasSubevent	earn live	stop	1.5849625007211563
248050	248050	HasPrerequisite	join army	go to army recruitment center	1.5849625007211563
260843	260843	AtLocation	bicycle storage area	garage	2.321928094887362
30741763	While interventions for type 2 diabetes include modifying diet and exercise , pharmacologic therapy is a mainstay in diabetes treatment.	include	interventions for type 2 diabetes	modifying exercise	1	1			
 44327	 44327	CapableOf	something	emit radiation	1.5849625007211563
134739	134739	HasPrerequisite	have nervous breakdown	do stressful job	1.5849625007211563
526998	526998	CapableOf	a person	step on insects	1.5849625007211563
 99093	 99093	CapableOf	people	send confusing messages to each other	1.5849625007211563
 49774	 49774	HasPrerequisite	get something	produce	1.5849625007211563
403544	403544	IsA	lions	fierce animals	1.5849625007211563
498246	498246	Causes	buying a beer	arrest or death	1.5849625007211563
 88752	 88752	UsedFor	tell many person about something	proselytize	1.5849625007211563
236247	236247	IsA	Joan Campbell	a potter	1.5849625007211563
252653	252653	AtLocation	something	a worms belly, being composted	1.5849625007211563
599064	599064	PartOf	guyana	south america	1.5849625007211563
346530	346530	HasFirstSubevent	design software	create a prototype	2.0
193172	193172	IsA	a committe	a group of people	1.5849625007211563
507796	507796	CapableOf	owl	spot mouse	2.0
386445	386445	MadeOf	team	person	2.321928094887362
244446	244446	AtLocation	a glass of water	a table	2.584962500721156
 10045	 10045	IsA	this	picture of duck	1.5849625007211563
273482	273482	Desires	sometimes hunter	walk in forest	1.5849625007211563
348278	348278	MotivatedByGoal	write poem	impress girl	1.5849625007211563
365936	365936	CapableOf	A lobbyist	push to get a bill passed	1.5849625007211563
197217	197217	IsA	PMS	no fun at all	1.5849625007211563
 99783	 99783	HasSubevent	watching a movie	eye movement	1.5849625007211563
511550	511550	UsedFor	kitchen utensil	stir stew	1.5849625007211563
500118	500118	IsA	dinner party	good way to bring friends together	1.5849625007211563
145010	145010	UsedFor	mother	babysit	1.5849625007211563
28552218	Type 1 diabetes ( T1D ) is an irreversible degenerative disease with severe complications such as heart disease , nephropathy , neuropathy , and retinopathy.	is	Type 1 diabetes	an irreversible degenerative disease with severe complications such as retinopathy	1	1			
120890	120890	HasPrerequisite	sit quietly	close your eye	1.5849625007211563
110525	110525	CausesDesire	A desire to watch television	tape a television show	1.5849625007211563
483628	483628	HasProperty	modern life	frantic hectic and harry	1.5849625007211563
574519	574519	Causes	competing	hatred	2.0
 17972	 17972	CapableOf	a child	throw a small television	1.5849625007211563
101372	101372	IsA	something you find downtown	build	3.0
224705	224705	HasSubevent	stay healthy	physical fitness	1.5849625007211563
180539	180539	UsedFor	towel rack	hang clothe	1.5849625007211563
286388	286388	AtLocation	a mouse	a place were no cats are	1.5849625007211563
 10575	 10575	CapableOf	true believer	pray	1.5849625007211563
414985	414985	IsA	farmer	his own handy man	1.5849625007211563
 54854	 54854	IsA	A cipher	text	1.5849625007211563
349846	349846	CapableOf	a wife	close the door	2.0
204860	204860	IsA	There	a wooden cross on the right	1.5849625007211563
213936	213936	ReceivesAction	movie	store on strip of film	1.5849625007211563
553135	553135	IsA	tennis	activity person participate in	1.5849625007211563
515654	515654	CapableOf	A person	let the dogs out	1.5849625007211563
353424	353424	ReceivesAction	Talking snakes and talking donkeys	found in the Bible	1.5849625007211563
535893	535893	ReceivesAction	fact child love puppy	illustrate with story:1	1.5849625007211563
  1600	George fumbled the ball away on Ohio State 's next possession .	fumbled	George	the ball	1	1			
579124	579124	UsedFor	pass your university exam	get degree	2.584962500721156
285149	285149	IsA	elementary school	school for young child	2.321928094887362
556624	556624	ReceivesAction	red station wagon be	drive down road	1.5849625007211563
544619	544619	HasPrerequisite	go to get a haircut	decide on a style	1.5849625007211563
267992	267992	MotivatedByGoal	splurge	mood strike you	1.5849625007211563
206718	206718	IsA	Bob	an artist	1.5849625007211563
432407	432407	CapableOf	Concrete	weight a trashcan down	1.5849625007211563
571445	571445	AtLocation	music hall	town	2.0
455442	455442	MotivatedByGoal	have an examination	know your current state	1.5849625007211563
167559	167559	HasLastSubevent	watch a movie	read the credits	1.5849625007211563
139943	139943	CapableOf	a person	dare someone to do something naughty	1.5849625007211563
595301	595301	HasPrerequisite	love someone else	open your heart and mind	1.5849625007211563
 87638	 87638	HasPrerequisite	do some exercise	get membership at gym	1.5849625007211563
144835	144835	UsedFor	seeing a band	being in with the in crowd	1.5849625007211563
438334	438334	AtLocation	junk mail	mail box	2.321928094887362
 72114	 72114	IsA	music	a good hobbie	1.5849625007211563
270688	270688	HasPrerequisite	drink alcohol	buy your booze first	1.5849625007211563
596095	596095	HasSubevent	write story	not know what to write next	1.5849625007211563
327955	327955	ReceivesAction	he	pull off air	1.5849625007211563
 28803	 28803	ReceivesAction	A corn borer	found on tomato plants	1.5849625007211563
179483	179483	CapableOf	person	look angry	1.5849625007211563
338016	338016	UsedFor	a book	recording bets	1.5849625007211563
292250	292250	CausesDesire	Wanting information	read a newspaper	1.5849625007211563
 47327	 47327	ReceivesAction	The closed herblands and grasslands	dominated by non-woody plants or herbs	1.5849625007211563
 31435	And primary voters gambled that Weld 's liberal social views -- arising from his distaste for bigotry or any other limit to individual expression and potential -- gave him a better chance against the eventual Democratic nominee than Pierce had .	has	Weld	liberal social views	1	1			
 20758	 20758	IsA	red rose	symbol for passion	2.321928094887362
405513	405513	CapableOf	painter	thin paint with turpentine	1.5849625007211563
189292	189292	AtLocation	a clothing shelf	an apartment	1.5849625007211563
582248	582248	HasSubevent	find lose item	search for it	2.0
25280546	This study provides data that will help colorectal cancer prevention and treatment programs and may enhance the efficiency of colorectal cancer - controlling programs.	provides	This study	data that will help colorectal cancer treatment programs	1	1			
 90676	 90676	UsedFor	telephone kiosk	call someone	1.5849625007211563
483648	483648	IsA	An item of clothes to wash	pajamas	1.5849625007211563
189130	189130	AtLocation	water spray	a waterfall	1.5849625007211563
549290	549290	HasPrerequisite	bake cake	prepare batter	1.5849625007211563
 65022	 65022	IsA	cats	sleeping most of the time	1.5849625007211563
308721	308721	AtLocation	food scrap	table	1.5849625007211563
165221	165221	UsedFor	thumb tacks	put posters on a wall	1.5849625007211563
 77201	 77201	HasPrerequisite	stop stand in it	step aside	1.5849625007211563
229743	229743	HasPrerequisite	waiting in line	anger	1.5849625007211563
 92806	 92806	HasProperty	many area of saudi arabia	off-limits to non-muslims	1.5849625007211563
290303	290303	CapableOf	someone	dance like an idiot	1.5849625007211563
567666	567666	HasProperty	It	early in the morning	1.5849625007211563
449781	449781	HasProperty	freeway over passes	complex	1.5849625007211563
409327	409327	ReceivesAction	Uterine bleeding	caused by a menstrual disorder	1.5849625007211563
571142	571142	NotCapableOf	computer	believe in jesus	1.5849625007211563
229836	229836	HasProperty	The stain	dark	1.5849625007211563
556884	556884	MotivatedByGoal	go to school	hemorage money	1.5849625007211563
510188	510188	UsedFor	a calendar	obtain a pretty picture	1.5849625007211563
489664	489664	IsA	Vietnam	in Asia	2.0
396744	396744	IsA	A wagon	a classic transportation machine	1.5849625007211563
113660	113660	HasSubevent	sending a criminal to prison	laugh	1.5849625007211563
561796	561796	Causes	fight enemy	hatred	1.5849625007211563
367984	367984	Desires	human	change flavor of their food	1.5849625007211563
560223	560223	DefinedAs	the president	leader of the executive branch	1.5849625007211563
411565	411565	IsA	Bender	a character on the cartoon Futurama	1.5849625007211563
272441	272441	CapableOf	i	market myself	1.5849625007211563
141738	141738	UsedFor	pay cash	person without credit card	1.5849625007211563
260503	260503	HasSubevent	listen music	have fun	1.5849625007211563
539541	539541	AtLocation	mountain	colorado usa	1.5849625007211563
392172	392172	UsedFor	stop your bicycle	safety	2.0
473272	473272	UsedFor	writing a term paper	impressing a professor	1.5849625007211563
 16418	 16418	IsA	fish and chip	usually	1.5849625007211563
302773	302773	IsA	Box office	an office at a theater	1.5849625007211563
 29263	`` Small net inflows into stock and bond funds were offset by slight declines in the value of mutual fund stock and bond portfolios '' stemming from falling prices , said Jacob Dreyer , the institute 's chief economist .	into	Small net inflows	stock and bond funds were offset by slight declines in the value of mutual fund stock and bond portfolios stemming from falling prices	Jacob Dreyer said	1	1		
481448	481448	UsedFor	punishing someone	vengeance	1.5849625007211563
366945	366945	IsA	A wind	a movement of air	1.5849625007211563
443401	443401	AtLocation	glue	office	1.5849625007211563
403163	403163	HasProperty	Exercise	important before, during, and after pregnancy	1.5849625007211563
 16416	 16416	UsedFor	a chair	play game	2.0
217402	217402	AtLocation	paint	school	1.5849625007211563
572872	572872	MotivatedByGoal	earn live	pull your weight	1.5849625007211563
440053	440053	HasProperty	God's universe	magnificent	1.5849625007211563
413684	413684	UsedFor	go fish	pass time quietly	1.5849625007211563
268158	268158	CapableOf	One	put books on a bookshelf	1.5849625007211563
24268601	Whether control of blood pressure in the pregnancy per se is of any longer term benefit is also yet to be determined.	is yet	Whether control of blood pressure in the pregnancy per se is of any longer term benefit	to be determined	1	1			
 22431	 22431	PartOf	a machine	bearings	2.0
262030	262030	HasProperty	Landing zone	abbreviated to'LZ'	1.5849625007211563
284025	284025	ReceivesAction	a seed	found in a pod	1.5849625007211563
571174	571174	UsedFor	linen	sleep on	1.5849625007211563
 56929	 56929	HasLastSubevent	understand something better	associate it with other ideas	1.5849625007211563
454066	454066	IsA	A dining table	an indoor object	1.5849625007211563
528912	528912	AtLocation	a human	our solar system	2.321928094887362
448202	448202	MotivatedByGoal	sleigh ride	like sleigh ride	1.5849625007211563
299876	299876	HasSubevent	driving	altering the radio volume	1.5849625007211563
  7460	Gooden 's numbers are numbing and negative 	are	Gooden 's numbers	negative	1	1			
302705	302705	UsedFor	factory	lot of same thing	1.5849625007211563
 16476	Three sociologists at the University of Arizona and Duke University found that from 1985 to 2004 Americans reported a marked decline in the number of people with whom they discussed meaningful matters .	found that from	QUANT_S_1 sociologists at the University of Arizona	1985 to 2004 Americans reported a marked decline in the number of people	1	1			
 92466	 92466	ReceivesAction	real ducks	fooled by decoys	1.5849625007211563
145521	145521	UsedFor	hotel room	person have clandestine affair	1.5849625007211563
321730	321730	UsedFor	gain more land	expand area of control	2.321928094887362
478448	478448	AtLocation	can of soup	market	1.5849625007211563
109695	109695	CapableOf	Friends	count on friends	1.5849625007211563
591207	591207	Desires	a person	many lovers	1.5849625007211563
181185	181185	Causes	running in a marathon	dehydration	3.1699250014423126
378187	378187	IsA	basketballs	hard, round rubber balls	2.321928094887362
259399	259399	CapableOf	A good feeling	accompany a sincere gift	1.5849625007211563
  4136	  4136	Causes	designing software	madness	1.5849625007211563
342636	342636	HasProperty	Other peoples dogs	more annoying than yours	1.5849625007211563
550407	550407	MotivatedByGoal	tear the wrapping paper first	open a gift	1.5849625007211563
481048	481048	CapableOf	mathematician	add number	2.584962500721156
591046	591046	UsedFor	pins	hold two pieces of cloth together	2.321928094887362
356729	356729	UsedFor	sword	make war	1.5849625007211563
189215	189215	AtLocation	coin	pocket	2.321928094887362
208215	208215	NotCapableOf	cindy	like her job	2.321928094887362
319805	319805	CapableOf	chef	cook food	2.584962500721156
158058	158058	HasSubevent	run	increase metabolism	1.5849625007211563
215653	215653	MadeOf	fabric	fiber	2.0
 12307	 12307	CausesDesire	realize your ignorance	read book	1.5849625007211563
318480	318480	CausesDesire	travel information	go somewhere	1.5849625007211563
538465	538465	NotDesires	person	her computer to lock up	1.5849625007211563
 47363	 47363	CapableOf	postman	mis-deliver mail	2.0
264400	264400	AtLocation	planet earth	universe	1.5849625007211563
442579	442579	CapableOf	at lightning ridge you	tour underground mine	1.5849625007211563
156325	156325	HasProperty	there	material below grind	1.5849625007211563
198599	198599	Causes	watching a musician perform	boredom	1.5849625007211563
239933	239933	IsA	aeroplanes	devices	1.5849625007211563
317230	317230	IsA	it	long block of wood	1.5849625007211563
367100	367100	UsedFor	writing	authors	1.5849625007211563
592474	592474	IsA	Iron	an element	3.0
329850	329850	HasSubevent	score home run	baseball player run base	1.5849625007211563
 82382	 82382	Causes	urinating	a feeling of physical relief	1.5849625007211563
351231	351231	HasProperty	food	cook on grill	1.5849625007211563
345367	345367	HasSubevent	go to performance	listen	1.5849625007211563
409568	409568	CapableOf	police officers	fire tear gas	1.5849625007211563
378196	378196	UsedFor	a pocket sized notebook	keeping track of information	1.5849625007211563
 81408	 81408	HasPrerequisite	taste something sweet	taste something with sugar in it	1.5849625007211563
101360	101360	HasA	Somthing sweet	a sweet flavour	1.5849625007211563
162581	162581	ReceivesAction	time once go	retrieve	1.5849625007211563
520603	520603	UsedFor	start fire	bad person	1.5849625007211563
346809	346809	HasSubevent	wake up in morning	make love to your spouse	1.5849625007211563
194639	194639	UsedFor	silver	candlesticks	1.5849625007211563
467804	467804	UsedFor	pleasing your parents	love	1.5849625007211563
441785	441785	HasSubevent	seeing a particular program	to learn about a specific topic	1.5849625007211563
311232	311232	IsA	A suspension bridge	a man made thing of beauty	1.5849625007211563
353407	353407	HasProperty	the world	wide	2.0
 48928	 48928	IsA	a ballot box	a container	1.5849625007211563
32090295	In recent years , accumulating evidence indicates that H2S can up - or downregulate autophagy in many pathological processes , thereby switching from a harmful to a beneficial role.	downregulate autophagy switching	H2S	from a harmful to a beneficial role	1	1			
593981	593981	CapableOf	a child	wind a toy	1.5849625007211563
447576	447576	CapableOf	A factory machine	can juice	1.5849625007211563
341154	341154	HasSubevent	celebrate	balloon be release	1.5849625007211563
207456	207456	UsedFor	backyard	garden	1.5849625007211563
130514	130514	Causes	get pay	have money to buy thing	1.5849625007211563
304881	304881	DefinedAs	the city of lights	Paris	1.5849625007211563
324458	324458	HasProperty	vote	unanimous	1.5849625007211563
296716	296716	HasPrerequisite	take a break	relax	2.0
154786	154786	MotivatedByGoal	act in play	perform in front of audience	1.5849625007211563
594416	594416	UsedFor	can	tie a package	1.5849625007211563
342308	342308	UsedFor	propaganda	confuse and steer the populace	1.5849625007211563
 92176	 92176	HasA	a pocket notebook	a spiral binding	1.5849625007211563
23921082	Other factors reported are infections ( HPV and Mycobacterium tuberculosis ) , hormonal and diatery factors and diabetes mellitus.	are	Other factors	infections diatery	1	1			
212861	212861	HasProperty	exercise	good	1.5849625007211563
542804	542804	NotDesires	many person	peace	1.5849625007211563
310347	310347	HasSubevent	falling	fear	1.5849625007211563
595032	595032	HasLastSubevent	write program	test program	1.5849625007211563
270719	270719	HasPrerequisite	give assistance	donate help	1.5849625007211563
 45479	 45479	CapableOf	road signs	guide a traveler	1.5849625007211563
444407	444407	HasFirstSubevent	hear crowd go mad	wave	1.5849625007211563
114392	114392	CapableOf	You	break a leg while sking	1.5849625007211563
170234	170234	PartOf	Christmas	the December spendy frenzy	1.5849625007211563
436587	436587	PartOf	corona	california	1.5849625007211563
251454	251454	CapableOf	good student	understand his or her homework	1.5849625007211563
517028	517028	Desires	a person	a pool on a hot dat	1.5849625007211563
408171	408171	CapableOf	a lovers' hand	cup a persons' face	1.5849625007211563
461130	461130	Causes	going to a restaurant	you could taste new unfamiliar foods	1.5849625007211563
564573	564573	CapableOf	a student	complete their homework	2.321928094887362
334796	334796	HasProperty	fork lift truck	very powerful	1.5849625007211563
526767	526767	HasSubevent	soaking in a hotspring	you relax	1.5849625007211563
 41395	 41395	HasSubevent	drilling a hole	you plug in the drill	1.5849625007211563
556975	556975	IsA	landmark	connection to history	2.0
515993	515993	Desires	a person	do his own thing	1.5849625007211563
208056	208056	CapableOf	something you	make be time	1.5849625007211563
517605	517605	HasSubevent	print on printer	something be print	1.5849625007211563
445733	445733	CausesDesire	anger over unfairness	reach impasse	1.5849625007211563
247504	247504	IsA	salad bowl	large than soup bowl	1.5849625007211563
 49084	 49084	IsA	hardware store	place to buy tool	1.5849625007211563
  8732	Representative Ralph M. Hall of Texas , ranking Democrat on the House Science Committee , said the leader of the board , Adm. Harold W. Gehman Jr. , told him today in a meeting on Capitol Hill that the board might release interim findings in 30 to 60 days . ''	release	the board	interim findings	1	1			
 12661	The mayor also repeated his long-standing proposal for a stadium complex on the West Side with only slight revisions , saying that the project would now cost an estimated $ 2 billion , and could provide a home for both the New York Jets and the 2012 Olympics .	repeated	The mayor	his long-standing proposal for a stadium complex on the West Side with only slight revisions	1	1			
263007	263007	IsA	eye blind	rock band	1.5849625007211563
516299	516299	MotivatedByGoal	go to the zoo	you're curious	1.5849625007211563
 80051	 80051	HasA	san francisco	many swim pool	1.5849625007211563
505072	505072	HasPrerequisite	go to store	money usually	2.0
543800	543800	HasPrerequisite	love another	have sex	1.5849625007211563
424029	424029	HasSubevent	attend a classical concert	a trumpet concerto	1.5849625007211563
436944	436944	HasSubevent	stand up	look around	1.5849625007211563
 53673	 53673	HasProperty	Wide streams	ideal for canoeing and fishing	1.5849625007211563
367074	367074	CapableOf	something	blow	1.5849625007211563
354770	354770	UsedFor	chatting with friends	catching up with each other	2.0
15099898	There are many sex and gender differences in lung cancer presentation , including a greater proportion of adenocarcinoma among women , a greater representation of women in cohorts of younger patients who have lung cancer , and women who do not smoke are more likely to be diagnosed with lung cancer than men.	have	younger patients	lung cancer	1	1			
10492269	Conclusion : NPPV acutely and chronically improves gas exchange and functional status in patients with chronic respiratory failure , but a significant number of patients do not tolerate NPPV on a chronic basis.	acutely improves	NPPV	functional status	1	1			
407665	407665	HasA	Everyday items	muliple uses	1.5849625007211563
159178	159178	ReceivesAction	mental health service	increase	1.5849625007211563
113133	113133	HasPrerequisite	play poker	have deck of card	2.0
290283	290283	HasPrerequisite	go to party	be invite	2.0
512563	512563	CapableOf	A cook	separate the yolk from an egg	1.5849625007211563
202548	202548	Desires	person	something	2.584962500721156
399404	399404	NotCapableOf	Someone with an open mind	make assumptions	1.5849625007211563
 95623	 95623	HasSubevent	go for walk	observe nature	1.5849625007211563
242516	242516	AtLocation	someone	recycle depot	1.5849625007211563
438359	438359	HasProperty	A tennis ball	yellow	1.5849625007211563
131074	131074	UsedFor	playing basketball	team playing	1.5849625007211563
 33727	With a nod to the thousands of Puerto Rican fans who feted their native son Trinidad with flags and drums at the Garden , Hopkins , whose nickname is the Executioner , said 	has	the Garden	nickname	1	1			
282683	282683	HasPrerequisite	chat with friend	gather them together	1.5849625007211563
585846	585846	UsedFor	a stick	helping to build a campfire	1.5849625007211563
276092	276092	HasPrerequisite	performing	skill	1.5849625007211563
515614	515614	IsA	books	a form of communication	1.5849625007211563
 35076	 35076	HasSubevent	have a heart attack	sudden chest pain	1.5849625007211563
276888	276888	HasSubevent	learning about a subject	read about the subject	1.5849625007211563
257694	257694	HasSubevent	fall	utter sound	1.5849625007211563
266495	266495	MotivatedByGoal	express how funny something is	convey happiness	1.5849625007211563
158107	158107	UsedFor	a book	deepening understanding	1.5849625007211563
 30592	 30592	UsedFor	a microphone boom	sound	1.5849625007211563
429997	429997	NotIsA	earth	same thing as earth	1.5849625007211563
192958	192958	UsedFor	have heart attack	give yourself pain	1.5849625007211563
28728958	Results : Overall the available evidence came from a very low quality of evidence and there was an increase in Maximal oxygen consumption ( mean difference : -2.86 ; 95 % CI : -3.90 to -1.81 ; random effect ) for the resistance exercise and no difference was found in Glycated hemoglobin , Body mass index , High - density lipoprotein cholesterol , Low - density lipoprotein cholesterol , triglycerides , and total cholesterol.	came	the available evidence	from a very low quality of evidence	Overall	1	1		
535061	535061	IsA	Seventh grade	mid-high school	1.5849625007211563
130428	130428	NotIsA	groundhog	type of pig	1.5849625007211563
208160	208160	NotHasProperty	if butter	kept cold then it goes bad	1.5849625007211563
482572	482572	ReceivesAction	coffee and spice have to	ground up before use	1.5849625007211563
122148	122148	HasProperty	Lasagna pans	hard to clean	1.5849625007211563
403849	403849	ReceivesAction	Playing cards	bought at the market	1.5849625007211563
103796	103796	HasPrerequisite	spend money	get out your wallet	1.5849625007211563
 30444	As part of a 22-day package , including round-trip air fare and hotel accommodations and sightseeing in Anchorage , Nome , Pusan and Seoul , fares begin at $ 8,200 a person , but discounts of up to $ 1,650 a person are available for those who make reservations by July 31 .	is	round-trip air fare	a 22-day package	1	1			
 10080	 10080	IsA	A good conscience	a soft pillow	1.5849625007211563
 34545	 34545	HasFirstSubevent	return to work	enter workplace	1.5849625007211563
155485	155485	NotDesires	parents	unhappiness for their children	2.0
357362	357362	DefinedAs	'charges'	plural of word'charge	1.5849625007211563
 89614	 89614	CapableOf	worker	gain money from his boss	1.5849625007211563
147105	147105	HasPrerequisite	wash your car	get some soap and sponges	1.5849625007211563
270835	270835	Causes	comfort friend	pay attention to friend	1.5849625007211563
495428	495428	HasSubevent	examine thing	decode it	1.5849625007211563
384990	384990	CapableOf	something	burp	2.807354922057604
 34023	The alliance aided Cortes in his eventual conquest of the Aztec capital , Tenochitlan , now Mexico City .	aided	The alliance	Cortes	1	1			
294071	294071	HasSubevent	go for run	monitor your heart rate	1.5849625007211563
303790	303790	AtLocation	tax form	library	1.5849625007211563
322340	322340	IsA	Something you find underwater	junk	1.5849625007211563
350811	350811	HasA	riddle	error	1.5849625007211563
441474	441474	IsA	group of rhino	crash	1.5849625007211563
368475	368475	NotHasProperty	Lizards and snakes skins	slimy	1.5849625007211563
245764	245764	UsedFor	person	fight with	2.321928094887362
232254	232254	AtLocation	someone	his wit's end	1.5849625007211563
407271	407271	HasPrerequisite	start a flame or a fire	light a match	2.584962500721156
402848	402848	MotivatedByGoal	fight inflation	save your money	1.5849625007211563
339307	339307	IsA	green pea	food	1.5849625007211563
277036	277036	AtLocation	someone	dog	1.5849625007211563
481744	481744	HasSubevent	adding up a column of numbers	making a mistake	2.321928094887362
480242	480242	CapableOf	dog	require water	1.5849625007211563
 72573	 72573	CausesDesire	injury	bring suit	1.5849625007211563
479345	479345	IsA	wed guest	serve slice of wed cake	1.5849625007211563
 35080	People used to believe that what we spent came back to us as a sort of energy transference ; now they 're more concerned about ` What do I get ? ' ''	came	what we spent	back	1	1			
312659	312659	HasA	a saw	many shrp teeth	1.5849625007211563
409919	409919	ReceivesAction	some car door	open with remote control	1.5849625007211563
249670	249670	IsA	Shellfish	n't really fish	1.5849625007211563
124400	124400	HasProperty	A knive	sharp	2.807354922057604
468116	468116	HasLastSubevent	have haircut	tip barber	1.5849625007211563
31092319	Receiver operating characteristic analysis revealed that a 4MGS < 1.07 m / s was the optimal cutoff for predicting an inactive PAL ( area under the curve , 0.728 ; 95 % confidence interval , 0.589 - 0.866 ).	revealed	Receiver operating characteristic analysis	that a 4MGS < 1.07 m / s was the optimal cutoff for predicting an inactive PAL	1	1			
350010	350010	CapableOf	People	feel guilty about the silliest things	1.5849625007211563
233757	233757	HasA	poker hand	five card	1.5849625007211563
158637	158637	UsedFor	showroom	display new car	1.5849625007211563
338625	338625	HasPrerequisite	having a rest	sleepiness	1.5849625007211563
588670	588670	UsedFor	a decanter	serve wine	1.5849625007211563
453007	453007	IsA	wheel	color brown	1.5849625007211563
325320	325320	IsA	gymnasium	room	2.321928094887362
196844	196844	HasSubevent	get up early	get to work early	1.5849625007211563
576185	576185	HasSubevent	create idea	close your eye	1.5849625007211563
 25342	Central Association -- Lake Superior State , a fourth-place team at the end of the regular season but 14-1-1 in its last 16 games , eliminated No. 1 Michigan in the tournament 's opener before 12,478 at Detroit 's Joe Louis Arena and then beat Michigan State for the championship .	be eliminated No. QUANT_R_1 Michigan in	Central Association	the tournament 's opener	1	1			
182453	182453	AtLocation	rifle	redneck truck	1.5849625007211563
284818	284818	IsA	tortilla	ancient form of food	1.5849625007211563
482201	482201	UsedFor	start fire	destroy property	1.5849625007211563
327982	327982	UsedFor	buying a beer	quenching thirst	1.5849625007211563
210973	210973	HasLastSubevent	bungee jump from high bridge	scream	1.5849625007211563
521118	521118	IsA	berries	seeds of a plant	1.5849625007211563
144323	144323	AtLocation	ball	soccer field	2.0
375572	375572	CapableOf	Severe asthma attacks	kill	1.5849625007211563
161566	161566	IsA	play	dramtic composition	1.5849625007211563
 48473	 48473	IsA	Atomic bombs	nuclear weapon	1.5849625007211563
578923	578923	HasLastSubevent	agree with someone	reach concensus	1.5849625007211563
409648	409648	HasPrerequisite	contemplate	gather fact	1.5849625007211563
204830	204830	DefinedAs	an odd number	any number that ends in 1, 3, 5, 7, or 9	2.0
584305	584305	MotivatedByGoal	destroy your enemy	you be mean	1.5849625007211563
207886	207886	HasProperty	middle management	responsible for execution	1.5849625007211563
481378	481378	PartOf	fire	the four elements	2.0
 98613	 98613	UsedFor	a helium balloon	send a message in the air	1.5849625007211563
252708	252708	UsedFor	taking a course	learning the subject of the course	2.321928094887362
 85269	 85269	UsedFor	tear off calendar	coordinate with others	1.5849625007211563
   928	Finally , the failed coup did nothing to alleviate the global shortage of capital .	did Finally	the failed coup	nothing to alleviate the global shortage of capital	1	1			
283526	283526	HasA	different type of plant	different shape leave	1.5849625007211563
460227	460227	IsA	A necklace	a piece of jewelry	2.807354922057604
470280	470280	Causes	test your strength	feel weak	1.5849625007211563
486044	486044	PartOf	sun	of universe	2.321928094887362
386942	386942	UsedFor	library	hold many book	2.321928094887362
 75615	 75615	HasPrerequisite	buy presents	go to store and shop	1.5849625007211563
 60055	 60055	MotivatedByGoal	clean the house	ot was a wreck	1.5849625007211563
317544	317544	AtLocation	a creek	a park	1.5849625007211563
292438	292438	UsedFor	a safety	defend in a football backfield	1.5849625007211563
478524	478524	HasProperty	rich	sleepy	1.5849625007211563
340968	340968	HasSubevent	tell story	include prince and princess	2.0
434782	434782	IsA	When water	heated it becomes water vapor	1.5849625007211563
235435	235435	AtLocation	flea	cat	2.807354922057604
521202	521202	UsedFor	gel toothpaste	clean tooth	1.5849625007211563
542103	542103	AtLocation	someone	a package store	1.5849625007211563
135876	135876	HasLastSubevent	clean	put away clean supply	1.5849625007211563
165424	165424	HasProperty	in general store you	likely to find dress material	1.5849625007211563
252578	252578	HasPrerequisite	buy a house	look for a "for sale" sign	1.5849625007211563
517996	517996	AtLocation	a lion tamer	the circus	1.5849625007211563
551736	551736	UsedFor	condom	sex	3.0
 79980	 79980	CapableOf	you	catch bus at bus station	1.5849625007211563
186666	186666	AtLocation	something	under rock	1.5849625007211563
274332	274332	UsedFor	play ball	exercise	1.5849625007211563
582259	582259	HasLastSubevent	tell many person about something	tell last person	1.5849625007211563
235751	235751	UsedFor	urinating	expelling liquid waste	1.5849625007211563
 68461	 68461	UsedFor	passing sentence	Punishing someone convicted of a crime	1.5849625007211563
206283	206283	HasA	you	your eye examine every year	1.5849625007211563
560306	560306	CapableOf	a person	fear revenge	1.5849625007211563
254337	254337	HasSubevent	examining a thing	compare it with pictures	1.5849625007211563
549348	549348	CapableOf	you	vcr to watch video	1.5849625007211563
149432	149432	CapableOf	One	state their opinion	1.5849625007211563
169238	169238	ReceivesAction	object	drop up	1.5849625007211563
 85134	 85134	Desires	a person	friends who understand her	1.5849625007211563
180468	180468	CapableOf	A young child	fall down	1.5849625007211563
240281	240281	AtLocation	someone	drunk	2.321928094887362
151238	151238	HasProperty	clear title	essential to every graph	1.5849625007211563
342241	342241	CapableOf	grandchildren	visit grandmothers	1.5849625007211563
393593	393593	NotCapableOf	Mother nature	displays emotions	1.5849625007211563
108249	108249	Desires	A barber shop	present its services on the web	1.5849625007211563
566516	566516	NotHasProperty	after it rain street	dry	1.5849625007211563
19811232	From a public health viewpoint , morbidity might be even more important , given the fact that therapeutic strategies have improved in the last decades , and disease fatality has been decreasing.	might be	morbidity	even more important	given the fact that therapeutic strategies have improved in the last decades	1	1		
557119	557119	CapableOf	when writing, people	work at a desk	1.5849625007211563
361604	361604	CapableOf	more flexible work location option	help reduce operate expense	1.5849625007211563
269149	269149	IsA	another way to say very safe	say greatly safe	1.5849625007211563
 81693	 81693	HasSubevent	wait on tables	take orders from resturaunt patrons	1.5849625007211563
144267	144267	HasProperty	many more child	abuse than be report to authority	1.5849625007211563
597398	597398	HasSubevent	hike mountain	have sense of accomplishment	1.5849625007211563
290566	290566	UsedFor	an aerial bomb	advancing position in a war	1.5849625007211563
336231	336231	AtLocation	farmland	farming areas	1.5849625007211563
103297	103297	HasProperty	many animals	nocturnal	1.5849625007211563
32198647	This urges for clinical studies looking at novel biomarkers related to the different metabolic pathways of T2D and able to inform about the therapeutic cluster of each patient.	related	novel biomarkers	to the different metabolic pathways of T2 D	1	1			
 59214	 59214	HasSubevent	illustrate a point	a diagram lights the bulb	1.5849625007211563
306091	306091	MotivatedByGoal	go to a doctor	make sure you're healthy	1.5849625007211563
540060	540060	ReceivesAction	net	make from string or rope	1.5849625007211563
385803	385803	ReceivesAction	often times people	judged by their appenence	1.5849625007211563
 36703	"""""""Regardless of earlier inventions, the innovative Dempster–Laird–Rubin paper in the Journal of the Royal Statistical Society received an enthusiastic discussion at the Royal Statistical Society meeting with Sundberg calling the paper """"""""brilliant""""""""."""""""	received	The Dempster–Laird–Rubin paper	an enthusiastic discussion	at the Royal Statistical Society meeting	1	1		
170828	170828	HasPrerequisite	Counting	a numerical system	2.0
433313	433313	AtLocation	calendar	dayplanner	1.5849625007211563
571222	571222	HasA	many people in texas	a car	1.5849625007211563
549772	549772	UsedFor	thumb tack	alternative to staple	1.5849625007211563
209327	209327	CapableOf	you	spread your wing	1.5849625007211563
  9666	As a result , said the Manhattan District Attorney , Robert M. Morgenthau , some traffickers have gone back to `` bulking out '' drug profits by hiding the cash inside objects like wire spools and bowling balls .	is	Robert M. Morgenthau	the Manhattan District Attorney	1	1			
 28137	 28137	NotCapableOf	She	feel well	1.5849625007211563
307249	307249	HasSubevent	making a shopping list	writing	2.0
324266	324266	CapableOf	person	exaggerate to be admire	1.5849625007211563
205989	205989	AtLocation	ticket booth	a train station	3.1699250014423126
151829	151829	CapableOf	mechanical energy	be used many ways	1.5849625007211563
140546	140546	HasProperty	bach	beautiful	1.5849625007211563
115064	115064	CapableOf	wealthy people	afford nicer homes	1.5849625007211563
331217	331217	IsA	spring	a time when storms happen frequently	1.5849625007211563
 22495	`` You always try to project what they would be like at the major league level , '' Mazzone remembered before last night 's game against the Mets .	has game against	last night	the Mets	1	1			
434308	434308	UsedFor	hold point	collect person wait to get in	1.5849625007211563
399968	399968	UsedFor	help someone	make god please with your action	1.5849625007211563
 51856	 51856	HasSubevent	drive	press accelerator pedal	1.5849625007211563
295159	295159	DefinedAs	nihoa millerbird	acrocephalus familiaris kingi	1.5849625007211563
  1478	Mr. Anderson calls his former power-hitting , base-stealing second baseman Joe Morgan '' the greatest all around offensive player I ever managed . ''	is	base-stealing second baseman Joe Morgan the greatest	his former power-hitting	1	1			
  3534	  3534	IsA	dances	ballroom dance	2.0
 23638	The owners say those elements were simply the result of bargaining and the type of tradeoffs that occur in any negotiations .	were the result of the type of	those elements	tradeoffs	1	1			
570055	570055	IsA	"time (clock of the heart )"	a song	1.5849625007211563
 33047	After the end of political career, Akhundov served as the Vice President of the Azerbaijan National Academy of Sciences until 1972.	served	Akhundov	as the Vice President of the Azerbaijan National Academy of Sciences until 1972	1	1			
 56391	 56391	CapableOf	i	prepare later	1.5849625007211563
505686	505686	CapableOf	bus rider	rush to catch bus	1.5849625007211563
519980	519980	IsA	coal	dirty rock that burn	1.5849625007211563
285150	285150	CapableOf	an engineer	bring a drawing	1.5849625007211563
297523	297523	HasA	many guitarist	their instrument hand make	1.5849625007211563
560399	560399	HasProperty	coffee make in press pot	very french	1.5849625007211563
 51827	 51827	UsedFor	machine	create electricity	2.0
 30600	 30600	UsedFor	going on a vacation	having a good time	1.5849625007211563
475763	475763	CausesDesire	a need to get somewhere else	walk	1.5849625007211563
300508	300508	HasSubevent	sleeping at night	a rested mind	1.5849625007211563
237641	237641	HasSubevent	celebrating	spring break	1.5849625007211563
476797	476797	NotDesires	person	splinter in their finger	1.5849625007211563
437539	437539	MotivatedByGoal	prepare for vote	elect president	1.5849625007211563
577759	577759	CapableOf	someone	contemplate mean of life	1.5849625007211563
556216	556216	AtLocation	an LED	an electrical machine	1.5849625007211563
229636	229636	HasProperty	carpet	similar to rug	1.5849625007211563
101796	101796	AtLocation	tooth decay	your mouth	1.5849625007211563
377535	377535	Causes	jump rope	become tire	2.321928094887362
150030	150030	IsA	Some prehistoric organisms	fish	1.5849625007211563
 18541	You have a political operation that is sort of out on its own . '' ''	is sort of out on	a political operation	its own	1	1			
274926	274926	Causes	writing a program	a written program	1.5849625007211563
135292	135292	IsA	dna	nature way of program live creature	2.0
508720	508720	AtLocation	a bullet	a wounded gang member's body	1.5849625007211563
161751	161751	HasA	mirage often	invert reflection	1.5849625007211563
330222	330222	HasPrerequisite	teach other people	be patient	2.584962500721156
 76116	 76116	IsA	Doppler	an Austrian physicist	1.5849625007211563
573295	573295	AtLocation	an infinite number	other places in the universe	1.5849625007211563
226651	226651	HasSubevent	investing money or energy	you may lose some	1.5849625007211563
399443	399443	UsedFor	a trumpet	fanfare	1.5849625007211563
 38345	Mr. Lee , 36 , has long , thinning hair and a conversational style that is both effusive and perpetually wary , a combination that often loops back on itself to recalibrate his positions .	is	thinning hair	a combination	1	1			
171503	171503	UsedFor	an index card drawer	filing recipes	1.5849625007211563
  6669	  6669	UsedFor	an iron	get out wrinkels in clothes	2.321928094887362
301337	301337	HasPrerequisite	go into a trance	relxa	1.5849625007211563
390973	390973	IsA	cardinal	number	2.0
495141	495141	MotivatedByGoal	cook dinner	feed your son	1.5849625007211563
 18382	 18382	HasPrerequisite	clean your room	make a mess	1.5849625007211563
273338	273338	Causes	emptying your bladder	releif	2.321928094887362
516370	516370	HasSubevent	eat a cookie	bite off some	1.5849625007211563
552030	552030	HasPrerequisite	visit a museum	obey the rules	1.5849625007211563
599989	599989	HasPrerequisite	have a rest	lie down	2.584962500721156
282744	282744	IsA	a car	faster than a ship	1.5849625007211563
576936	576936	DefinedAs	nordmann greenshank	tringa guttifer	1.5849625007211563
159205	159205	CapableOf	wommen	milk a penis	1.5849625007211563
  3920	  3920	HasSubevent	seeing a particular program	practice speaking during a language program	1.5849625007211563
358913	358913	HasPrerequisite	take the car for a drive	fasten seat belts	1.5849625007211563
284550	284550	UsedFor	a mirror	look at your hair	1.5849625007211563
525769	525769	HasProperty	The eight-hour work day	common in the United States	1.5849625007211563
255936	255936	IsA	A hematocrit test	a medical test	1.5849625007211563
 24930	Highway 43 , a well-maintained two-lane road , parallels the Big Hole from Divide west to Wisdom , and Highway 278 continues along the river to Jackson .	is	Highway QUANT_S_1	a well-maintained two-lane road	1	1			
282400	282400	ReceivesAction	Earthquakes	caused by tectonic movement	1.5849625007211563
167415	167415	IsA	baby	orally	1.5849625007211563
 13072	The 35-year-old assistant manager could n't shake the thought that bad luck was on his trail .	shake	The 35-year-old assistant manager	the thought	1	1			
137504	137504	ReceivesAction	Bracelets	worn around people's wrists and ankles	1.5849625007211563
 13796	Usually , the surprising resurgence of hunger in a heat wave sends hosts scurrying to the stove .	sends Usually	the surprising resurgence of hunger in a heat wave	hosts scurrying to the stove	1	1			
 32218	The State Department spokesman , Charles E. Redman , said today that the charges were '' simply false . ''	is	The State Department spokesman	Charles E. Redman	1	1			
 35540	 35540	AtLocation	seat	bus stop	1.5849625007211563
388049	388049	IsA	The most common compulsions	washing and checking	1.5849625007211563
247491	247491	AtLocation	passageway	maze	1.5849625007211563
565703	565703	AtLocation	an ear	a person's head	2.321928094887362
 19509	Mr. Miranda was convicted of kidnapping and rape because of a written confession .	was convicted of	Mr. Miranda	kidnapping	1	1			
304504	304504	Causes	watch movie	have good time	2.0
 78284	 78284	UsedFor	hang out at bar	place to listen to music	1.5849625007211563
575681	575681	PartOf	neighborhood	city	1.5849625007211563
 16019	The department , the park and the county had sought compensatory and punitive damages from Mr. Krieger .	had sought	The department	punitive damages	1	1			
  6932	Linda A. Suydam , president of the Consumer Healthcare Products Association , a trade group of companies that market over-the-counter cold remedies , said the remedies had been approved by the F.D.A. and had been used for decades by millions of Americans .	is a trade group of	the Consumer Healthcare Products Association	companies	1	1			
338190	338190	HasA	food may	water	1.5849625007211563
 61139	 61139	AtLocation	rides	a theme park	1.5849625007211563
102825	102825	IsA	this	gold bone	1.5849625007211563
293804	293804	HasA	if someone raise their salary they	more sex	1.5849625007211563
154443	154443	Causes	dive	go somewhere	2.321928094887362
348774	348774	CausesDesire	receive gift	open gift	1.5849625007211563
101907	101907	IsA	yard	little short than meter	1.5849625007211563
  5131	  5131	IsA	This	a small cat	1.5849625007211563
513422	513422	CapableOf	housewife	garden flowerbed	1.5849625007211563
 69022	 69022	AtLocation	chess piece	game room	1.5849625007211563
555977	555977	HasPrerequisite	pay by check	fill it in	1.5849625007211563
152114	152114	CapableOf	browser	search internet	2.321928094887362
165390	165390	HasSubevent	write	use worksheet	1.5849625007211563
 22237	As more doctors and other health workers are being called upon to treat gun injuries , seminars on treating them have become more common and are well attended at meetings of the American College of Emergency Physicians , the American Association for the Surgery of Trauma and other medical groups .	is	more doctors	health worker	1	1			
 32669	 32669	Causes	acting in a play	you fall	1.5849625007211563
162056	162056	Causes	drink alcohol	get drunk	3.3219280948873626
 34337	 34337	HasSubevent	surf web	you would type on keyboard	1.5849625007211563
346734	346734	HasProperty	ball game	fun	1.5849625007211563
433137	433137	UsedFor	getting in shape	your own good health	2.0
 79860	 79860	HasPrerequisite	light fire	dry wood and match	1.5849625007211563
 37180	 37180	Desires	person	extra toe and finger	1.5849625007211563
249376	249376	MotivatedByGoal	breathe some fresh air	it nice than dirty air	1.5849625007211563
453053	453053	HasProperty	one purpose for container	storage	1.5849625007211563
529526	529526	UsedFor	using a television	knowledge	1.5849625007211563
579399	579399	MotivatedByGoal	take a walk	spend time with a loved one	1.5849625007211563
123075	123075	AtLocation	fat sing lady	opera	2.321928094887362
 20444	A Cornucopia of Talk A cornucopia of food and talk spilled through the city market , redolent with tubs of pickled garlics , vivid with the thwack of the butcher 's ax .	has	the butcher	ax	1	1			
581389	581389	ReceivesAction	swim pool	find in most hotel	1.5849625007211563
341226	341226	UsedFor	hair shaping gel	give style to thier hair	1.5849625007211563
492549	492549	HasProperty	simple tool	more useful than one might suspect	1.5849625007211563
456571	456571	CausesDesire	be hungry	cook dinner	2.321928094887362
430599	430599	Causes	die	pain	2.0
 13470	Based on interviews with scores of Srebrenica refugees over the last week by a team from the United Nations High Commissioner for Human Rights , Mr. Mazowiecki said that civilians had been killed and raped and that people had had their noses and ears cut off .	said	Mr. Mazowiecki	raped Based on interviews with scores of Srebrenica refugees over the last week by a team from the United Nations High Commissioner for Human Rights	1	1			
467337	467337	HasPrerequisite	dance	get onto your feet	1.5849625007211563
596136	596136	HasSubevent	living a life	you will catch a few colds	1.5849625007211563
392004	392004	CapableOf	consultant	explain that mishap	1.5849625007211563
391138	391138	HasPrerequisite	have examination	get naked	1.5849625007211563
 32886	Though it was too early to tell if the refugee crisis had ended , the return of so many Kurds raised the hopes of allied commanders .	raised the hopes of	the return of QUANT_S_1 Kurds	allied commanders	1	1			
589883	589883	HasProperty	law	oppressive	1.5849625007211563
  5850	  5850	NotHasA	People	wheels	1.5849625007211563
116047	116047	CapableOf	a thief	surprise a homeowner	1.5849625007211563
144331	144331	ReceivesAction	This navigation aid	automated	1.5849625007211563
462272	462272	Desires	I	watch television	1.5849625007211563
173782	173782	AtLocation	a marmoset	a book about animals	2.321928094887362
487737	487737	UsedFor	watching a film	make out	2.321928094887362
489368	489368	CausesDesire	cash	return to work	1.5849625007211563
 79635	 79635	HasA	both	letter d	1.5849625007211563
354968	354968	AtLocation	a wing	a large building	2.584962500721156
 11978	 11978	CapableOf	person	voice disgust	1.5849625007211563
  8474	  8474	CapableOf	person	live with one kidney	1.5849625007211563
138439	138439	HasSubevent	surf web	look at pornography	1.5849625007211563
354381	354381	CapableOf	customer	demand satisfaction	1.5849625007211563
394119	394119	UsedFor	committing perjury	criminals	1.5849625007211563
282526	282526	IsA	pen and pencil	write implement	1.5849625007211563
261729	261729	Causes	paying by check	bouncing a check	2.321928094887362
 35335	I Sound Like a Bureaucrat ' Mr. Taylor said that years ago , his shoeshine operation had the blessing of Judge Sherwin Lester -LRB- now retired -RRB- , Sheriff Joseph Job -LRB- now retired -RRB- and Prosecutor Joseph Woodcock -LRB- also now retired -RRB- .	is	Joseph Job	Sheriff	1	1			
316355	316355	HasSubevent	examining a thing	look for fingerprints	1.5849625007211563
 58244	 58244	IsA	whale shark	shark, not a whale	2.321928094887362
493311	493311	IsA	A computer	a complex tool	1.5849625007211563
499086	499086	HasPrerequisite	talk with someone far away	speak loudly	2.0
224472	224472	IsA	Passports	paper documents	1.5849625007211563
141053	141053	IsA	horseshoes	considered good luck by some people	1.5849625007211563
246576	246576	IsA	password	secret	1.5849625007211563
412585	412585	AtLocation	rodent	meadow	1.5849625007211563
 85729	 85729	IsA	morgan	variety of horse	1.5849625007211563
261478	261478	ReceivesAction	Luxury	earned	1.5849625007211563
377216	377216	HasSubevent	eat quickly	stack	1.5849625007211563
 16546	"""""""""""""""Casanova Brown"""""""" is a 1944 film starring Gary Cooper, Teresa Wright, and Frank Morgan."""""""	is	Casanova Brown	a 1944 film starring Frank Morgan	1	1			
329939	329939	HasSubevent	fuck a girl	splooge	1.5849625007211563
 52954	 52954	DefinedAs	a couch	A sofa	1.5849625007211563
205078	205078	ReceivesAction	truth	find in instant	1.5849625007211563
237353	237353	UsedFor	eat dinner	become less hungry	1.5849625007211563
 41111	 41111	HasSubevent	Typing the keyboard	looking at the monitor screen	1.5849625007211563
528050	528050	HasSubevent	examine thing	wait in line	1.5849625007211563
 59075	 59075	AtLocation	rock	the surface of the earth	2.807354922057604
469176	469176	CapableOf	ring bearer	hold ring	2.321928094887362
278312	278312	UsedFor	get good grade	get into college	2.321928094887362
112976	112976	AtLocation	beaver	forrest	1.5849625007211563
435908	435908	UsedFor	graphite pencil	sketch	1.5849625007211563
30278883	Gene mutations involved in DNA repair mechanisms can promote this genetic instability and participate in oncogenesis and metastatic progression.	can promote	Gene mutations involved in DNA repair mechanisms	this genetic instability	1	1			
301278	301278	CapableOf	you	buy food in shop	1.5849625007211563
480438	480438	CapableOf	we	hope for peace	1.5849625007211563
 10154	But they warned that virtually all of them would have to decide for Mr. Clinton , which is considered unlikely .	is considered	Mr. Clinton	unlikely	1	1			
113684	113684	CapableOf	Not	countries celebrate Christmas	1.5849625007211563
358385	358385	MotivatedByGoal	use vcr	it let you watch movie	1.5849625007211563
528336	528336	CapableOf	person	can vegetable	1.5849625007211563
391917	391917	IsA	the warmest tempurature on mars	75 degrees F	1.5849625007211563
222396	222396	CapableOf	grass	stain your pant	1.5849625007211563
530149	530149	HasSubevent	go for haircut	drive to barber	1.5849625007211563
   730	As for labeling the products flops as Pecoriello did , Reilly said : `` It 's very early days to count on the success of brands that were launched just this summer .	said	Reilly	It 's very early days to count on the success of brands	1	1			
126140	126140	HasSubevent	tree fall	it make loud noise	1.5849625007211563
248370	248370	Causes	weeding the garden	cutting weeds down	1.5849625007211563
  3562	Peg and Henry were strong supporters of the Buffalo Bill Historical Center -LRB- BBHC -RRB- in Wyoming .	is	the Buffalo Bill Historical Center in Wyoming	BBHC	1	1			
296990	296990	CapableOf	something	dampen	1.5849625007211563
586086	586086	AtLocation	clock	department store	1.5849625007211563
297296	297296	CapableOf	A team	win or lose a game	1.5849625007211563
253921	253921	MotivatedByGoal	stab to death	i am evil	1.5849625007211563
 15197	 15197	CapableOf	Witnesses	answer questions from the barristers	1.5849625007211563
531093	531093	CapableOf	a physician	doctor a wound	1.5849625007211563
490237	490237	IsA	This	a leader	1.5849625007211563
143126	143126	HasFirstSubevent	get clean	be dirty	1.5849625007211563
283815	283815	HasSubevent	watch tv	munch on snack food	1.5849625007211563
362976	362976	CapableOf	cancer	rob body of it resource	1.5849625007211563
341211	341211	AtLocation	graphite pencil	desk	2.321928094887362
365443	365443	UsedFor	bedroom	read	1.5849625007211563
 60069	 60069	CapableOf	self-reliant person	cook over open fire	1.5849625007211563
354426	354426	MotivatedByGoal	open your leg	have sex	2.0
567329	567329	CapableOf	car	back up	1.5849625007211563
103594	103594	HasSubevent	paper is crumpled	it becomes a ball	1.5849625007211563
 99438	 99438	HasA	shop complex	large carpark	1.5849625007211563
  4428	  4428	IsA	mound	pile of earth or sand	1.5849625007211563
 23877	Charles E. Cobb , a former Ambassador to Iceland and Under Secretary at the Commerce Department , is expected to be the chairman .	is a former Ambassador to	Charles E. Cobb	Iceland	1	1			
573765	573765	ReceivesAction	Meditation	invented by Buddah	1.5849625007211563
249331	249331	AtLocation	something	santa grotto	1.5849625007211563
163286	163286	IsA	football	sport for male	1.5849625007211563
442933	442933	IsA	this	an old map of the world	2.584962500721156
560814	560814	HasProperty	Going to the movies alone	lonely	2.321928094887362
 17010	 17010	CapableOf	you	realise it is late	1.5849625007211563
374647	374647	CapableOf	religion	divide world	1.5849625007211563
371102	371102	AtLocation	meteor	space	3.1699250014423126
 12182	 12182	HasFirstSubevent	sit quietly	bend your knees	1.5849625007211563
 80776	 80776	HasSubevent	viewing a film at home	orgasm	1.5849625007211563
385814	385814	UsedFor	a student	a classroom	1.5849625007211563
 96372	 96372	IsA	This	a Schwinn bicycle with hand brakes	1.5849625007211563
 21592	 21592	HasLastSubevent	meet person	good bye kiss	1.5849625007211563
276059	276059	HasProperty	large construction machinery	yellow	1.5849625007211563
246635	246635	UsedFor	a cardboard box	separate loose materials	1.5849625007211563
506257	506257	CapableOf	person	leave place	3.1699250014423126
250304	250304	Causes	eat breakfast in bed	breakfast on bed	1.5849625007211563
157333	157333	UsedFor	advancing into battle	going to war	2.0
 25814	 25814	MotivatedByGoal	run in marathon	glory	1.5849625007211563
33157114	Data were extracted on sleep recommendations , themes were generated from the extracted data and narrative syntheses were created.	were extracted	Data	on sleep recommendations	1	1			
338773	338773	UsedFor	grocery store	sell grocery	1.5849625007211563
414069	414069	NotCapableOf	person	like cubicle	1.5849625007211563
409162	409162	HasProperty	A person can reply that they	good	1.5849625007211563
302489	302489	UsedFor	desk tray	keyboard	1.5849625007211563
478016	478016	IsA	this	picture of two person hug	1.5849625007211563
 60694	 60694	AtLocation	a bottle of tequila	the refrigerator	1.5849625007211563
237755	237755	HasPrerequisite	win a baseball game	score at least one run	1.5849625007211563
409165	409165	AtLocation	an apartment building	Indiana	1.5849625007211563
528864	528864	IsA	ten of sword	gain through partnership	1.5849625007211563
172833	172833	CapableOf	Sick people	get well	1.5849625007211563
142395	142395	MotivatedByGoal	eat	it tastes good	1.5849625007211563
162979	162979	UsedFor	self adhesive label	label item	1.5849625007211563
320383	320383	MotivatedByGoal	make person laugh	feel happy with them	1.5849625007211563
 26074	LEAD 	saves	John Franco	last season	1	1			
 31922	 31922	UsedFor	a wing	supporting an aircraft	2.321928094887362
498086	498086	IsA	A nickname for Texas	Lone Star State	1.5849625007211563
 76397	 76397	NotCapableOf	most ants	fly	1.5849625007211563
337073	337073	HasProperty	paris	very romantic	2.0
538356	538356	Desires	person	live evil life	1.5849625007211563
170917	170917	HasPrerequisite	pass sentence	judge	2.807354922057604
350445	350445	Causes	bringing home some fish	a smell in the house	1.5849625007211563
 93146	 93146	UsedFor	article in magazine	review debate	1.5849625007211563
142271	142271	HasProperty	The iris of an eye	colored	1.5849625007211563
30122917	PR offers a major new option for treatment of a neglected group of patients.	offers	PR	a major new option for treatment of a neglected group of patients	1	1			
 50009	 50009	DefinedAs	a "still-life"	A group of fruit may	1.5849625007211563
312149	312149	CapableOf	old person	become far sight	1.5849625007211563
 42832	 42832	CapableOf	waiter	clear table	1.5849625007211563
274362	274362	HasPrerequisite	get exercise	perform some vigorous physical activity	1.5849625007211563
277166	277166	NotDesires	person	job that suck	1.5849625007211563
332937	332937	CapableOf	i think therefore i	be	1.5849625007211563
242295	242295	AtLocation	someone	the upper deck	1.5849625007211563
160009	160009	NotCapableOf	people	touch fear	1.5849625007211563
577264	577264	AtLocation	plumb	bathroom	2.807354922057604
 57141	 57141	IsA	maine state song	state of maine song	1.5849625007211563
 28089	 28089	Causes	living	becoming dead	1.5849625007211563
190461	190461	HasSubevent	travel	buy meal	2.0
360607	360607	AtLocation	plain	mid-west	1.5849625007211563
547603	547603	HasSubevent	find truth	read	1.5849625007211563
246402	246402	AtLocation	souviners	hockey game	1.5849625007211563
462170	462170	IsA	Some people	psychologists	1.5849625007211563
374676	374676	AtLocation	someone	cocktail bar	1.5849625007211563
230231	230231	IsA	shop centre	busy during shop season	1.5849625007211563
260133	260133	MotivatedByGoal	entertain people	make them think	1.5849625007211563
404892	404892	HasSubevent	have lunch	wipe your face with a napkin	1.5849625007211563
  8712	And with an American Presidential election on the horizon , there is concern that the Clinton Administration , seen by Syrians as a vital peace broker , will be distracted by domestic politics .	be seen by Syrians as	the Clinton Administration	a vital peace broker	1	1			
 19336	Dr. Pradit , Mahidol 's rector and the head of the Government 's investigation , accepts the higher figure .	accepts	Dr. Pradit	the higher figure	1	1			
344715	344715	IsA	Radical people	effective problem-solvers	1.5849625007211563
 75773	 75773	ReceivesAction	Technical theater	done by the tech crew	1.5849625007211563
594072	594072	HasPrerequisite	tell story	know story to tell	1.5849625007211563
383110	383110	HasPrerequisite	light fire	flammable material	1.5849625007211563
566778	566778	HasA	Hell	frozen over	1.5849625007211563
578824	578824	AtLocation	night table	hallway	1.5849625007211563
364369	364369	UsedFor	a minibar	get drunk	1.5849625007211563
357181	357181	HasProperty	Smaller units of government tend to	more responsive	1.5849625007211563
 13793	 13793	UsedFor	industry	specialization of skill	1.5849625007211563
 43172	 43172	CapableOf	juror	give verdict	1.5849625007211563
401393	401393	CapableOf	flower	grow in shrub	1.5849625007211563
220508	220508	HasPrerequisite	compete	know the rules inside and out	1.5849625007211563
245360	245360	UsedFor	eating in a fast food restaurant	wasting money	2.321928094887362
388627	388627	AtLocation	a bottle	something to drink	1.5849625007211563
340156	340156	CapableOf	voters	supply politicians with a mandate	1.5849625007211563
438327	438327	HasProperty	this need ink pad to	useful	1.5849625007211563
331768	331768	CapableOf	You	butter a slice of bread	1.5849625007211563
 81517	 81517	CapableOf	People	snore in a bed	1.5849625007211563
252131	252131	UsedFor	a Phillips screwdriver	tighten a Phillips-head screw	1.5849625007211563
162763	162763	IsA	baseball	athletic sport	1.5849625007211563
445602	445602	HasPrerequisite	get a job	go to the job centre	1.5849625007211563
  8586	  8586	IsA	redbook	magazine	2.4594316186372973
407903	407903	IsA	it	almost 4:20	1.5849625007211563
109269	109269	ReceivesAction	lunch	eat at midday	1.5849625007211563
490222	490222	HasSubevent	giving a clue	explain something	1.5849625007211563
379729	379729	CapableOf	A coffee cup	be resting on the desk	1.5849625007211563
353505	353505	HasPrerequisite	remember phone number	memorize digit	1.5849625007211563
256072	256072	HasFirstSubevent	prepare for a vote	learn about the candidates	2.321928094887362
557402	557402	Causes	kill person	go to jail	2.584962500721156
281730	281730	HasSubevent	stop your car	use brake pedal	1.5849625007211563
378545	378545	CapableOf	People	form emotional bonds	1.5849625007211563
263775	263775	HasSubevent	catching mumps	being with people	1.5849625007211563
408852	408852	ReceivesAction	Another community service	supplied by community kitchens	1.5849625007211563
202899	202899	IsA	time	money	2.807354922057604
169222	169222	HasSubevent	playing basketball	play a position of shooting guard	1.5849625007211563
419250	419250	MotivatedByGoal	make bread	it tastes better than storebought	1.5849625007211563
 17023	All three had been photography students at The Art Center College of Design in Pasadena , California in 1979 when they became Newton 's longtime assistants , and all three went on to independent careers . 	 went on to 	all three 	 independent careers	1	1			
459438	459438	HasA	october	thirty one day	1.5849625007211563
318574	318574	Causes	create idea	fame	1.5849625007211563
 52471	 52471	UsedFor	index card cabinet	collect information over time	2.584962500721156
132423	132423	AtLocation	pain pills	a backpack	1.5849625007211563
568577	568577	CapableOf	some movies	win awards	1.5849625007211563
468189	468189	CapableOf	salesman	book appointment	1.5849625007211563
588141	588141	HasA	cat	soft fur	1.5849625007211563
227161	227161	HasSubevent	taste something sweet	you want more of it	1.5849625007211563
30515958	It is possible then to anticipate that when the clinical practice will take advantage of the genetic information of the diabetic patients , this will provide a useful resource for the prevention of T2DM progression , enabling the identification of the precise drug that is most likely to be effective and safe for each patient and the reduction of the economic impact on a global scale.	is	the precise drug	most likely to be safe for each patient	1	1			
268299	268299	NotIsA	This sentence	a pipe	1.5849625007211563
434271	434271	UsedFor	box office	sell ticket to show	1.5849625007211563
446806	446806	IsA	This	an address book	1.5849625007211563
 47632	 47632	UsedFor	become more clean	be wash	1.5849625007211563
418573	418573	NotHasProperty	alto clef	use	1.5849625007211563
540686	540686	HasA	most person	two lung	1.5849625007211563
 58178	 58178	UsedFor	a place	an event	1.5849625007211563
487888	487888	NotHasA	month	more than 31 day	1.5849625007211563
253968	253968	AtLocation	stream	bridge	1.5849625007211563
163343	163343	CausesDesire	be shaggy	go to hairdresser	1.5849625007211563
571073	571073	HasA	Sunglasses	plastic lenses	1.5849625007211563
  9584	The school 's 140 computer terminals are now partially linked to the Internet .	has	The school	QUANT_O_1 computer terminals	1	1			
107329	107329	DefinedAs	iridium and osmium	dense element	1.5849625007211563
396443	396443	UsedFor	a bicycle	welding	1.5849625007211563
165360	165360	IsA	it	enable technology	1.5849625007211563
168710	168710	UsedFor	card	express feel	2.321928094887362
598784	598784	UsedFor	a bean bag chair	take a nap at work	1.5849625007211563
512276	512276	HasProperty	it	standard throughout our offices	1.5849625007211563
115604	115604	CapableOf	a satalite	near a planet	1.5849625007211563
174645	174645	UsedFor	mug	drink tea	2.584962500721156
 64793	 64793	MotivatedByGoal	read a good book or newspaper, or ask people who know more about something than you do	learn something new	1.5849625007211563
222796	222796	AtLocation	hairbrush	hairdressing salon	1.5849625007211563
 25251	But the horrible television images passed by many Masai , who got electricity in their village only shortly before the attacks .	be passed by	the horrible television images	QUANT_O_1 Masai	1	1			
435517	435517	HasProperty	Robin eggshells	blue	1.5849625007211563
 29463	 29463	Causes	score homer	your team get another point	1.5849625007211563
 79828	 79828	ReceivesAction	curl iron	use as lift weight	1.5849625007211563
598382	598382	ReceivesAction	Rubber stamps	used in the post office	1.5849625007211563
315175	315175	HasProperty	payments	made once a month	1.5849625007211563
129384	129384	IsA	low point in glorioso island	indian ocean 0 m	1.5849625007211563
 99151	 99151	NotCapableOf	you	call your child stupid	1.5849625007211563
294497	294497	Causes	dressing nice	recieve compliments	1.5849625007211563
192077	192077	AtLocation	a kitten	a basket with it's mother	1.5849625007211563
234907	234907	HasSubevent	go to gym	remove clothe	1.5849625007211563
133984	133984	Causes	taking a bath	smelling god	1.5849625007211563
 93699	 93699	CausesDesire	having a lunch date	eat lunch	1.5849625007211563
 40115	 40115	HasPrerequisite	eat vegetable	buy some vegetable and wash them	1.5849625007211563
 96345	 96345	HasProperty	comsuper invalidity retirement pension	subject to annual cost-of-living adjustment	1.5849625007211563
195179	195179	HasFirstSubevent	plan a vacation	decide where to go	1.5849625007211563
571933	571933	UsedFor	a computer	acces the Internet	1.5849625007211563
201326	201326	CausesDesire	spill on your skirt	wash your clothe	1.5849625007211563
353377	353377	AtLocation	holy water	church	2.584962500721156
334927	334927	CapableOf	A family	be arriving at home	1.5849625007211563
 19910	But while it may surprise anyone who has been stung by them, yellow jackets actually have a reason for existing and a place in the universe.	have	yellow jackets	a reason for existing actually	1	1			
 67855	 67855	PartOf	alphabet	a capital u	2.0
548905	548905	IsA	Pneumonia	infected lungs	1.5849625007211563
529710	529710	HasPrerequisite	get some physical activity	move your rear	1.5849625007211563
311199	311199	AtLocation	plankten	in the belly of a whale	1.5849625007211563
135253	135253	HasProperty	dog may get flea when they	outside	1.5849625007211563
234643	234643	IsA	beverage	vodca	2.0
364255	364255	PartOf	learn	grow up	1.5849625007211563
30912245	Multivariable regression models were applied to analyze the association of SES and outcomes adjusted for age , sex , diabetes duration , and migration status.	adjusted	the association of SES	for migration status	1	1			
 55718	 55718	PartOf	south georgia and south sandwich island	south america	1.5849625007211563
590739	590739	Causes	sell your new book	book tour	1.5849625007211563
299069	299069	IsA	A delusion	a false belief	1.5849625007211563
322094	322094	DefinedAs	Food	priority industry	1.5849625007211563
234556	234556	IsA	think	easy when someone help you	1.5849625007211563
172335	172335	CapableOf	Job hunting	take you to tall buildings	1.5849625007211563
 67794	 67794	MotivatedByGoal	use your imagination	create idea	1.5849625007211563
159700	159700	HasProperty	The inside of a refrigerator	kept cold	1.5849625007211563
455512	455512	IsA	TV shows	not real life	1.5849625007211563
32918127	Purpose : Natural Killer ( NK ) cells are a vital part of immune surveillance and have been implicated in colorectal cancer development and prognosis.	are	cells	a vital part of immune surveillance	1	1			
 73851	 73851	IsA	christophe	name	1.5849625007211563
493998	493998	UsedFor	losing weight	better health	2.321928094887362
185528	185528	IsA	durian	fruit	2.0
581800	581800	ReceivesAction	pedal	attach to bike	1.5849625007211563
  8850	The issue arose last winter , when Kenneth and Maryanne Garrow asked the Mendon board and then the state Board of Education to pay tuition for their daughter to attend Mount St. Joseph Academy here , a 206-student Catholic school noted regionally for its academic program .	to pay	the state Board of Education	tuition	1	1			
369454	369454	CapableOf	exterminator	clean house of pest	1.5849625007211563
227330	227330	Desires	signal be what we	communicate	1.5849625007211563
353252	353252	Causes	comforting a friend	the friend feels better	1.5849625007211563
553072	553072	Desires	person	sweet taste	1.5849625007211563
475881	475881	AtLocation	an orchestra pit	the Hollywood Bowl	1.5849625007211563
585368	585368	HasSubevent	watch even news	that you get update	1.5849625007211563
 38656	The entire Olympia & York empire , which is owned by the Reichmann family of Toronto , has debts in excess of $ 18.5 billion and has been trying to restructure about $ 12 billion of debt .	has	The entire Olympia & York empire	debts	1	1			
29744010	Traditionally , the enrollment of women in clinical trials has been minimal , resulting in a lack of gender - specific analysis of clinical trial data and , therefore , the absence of concrete risk factor assessment among women.	resulting	the enrollment of women in clinical trials	in a lack of gender - specific analysis of clinical trial data and , therefore , the absence of concrete risk factor assessment among women	1	1			
570445	570445	ReceivesAction	wave	form in any liquid	1.5849625007211563
144008	144008	CapableOf	men	remove their hat in church	1.5849625007211563
   542	   542	HasProperty	one coat for glass	silver	1.5849625007211563
457509	457509	UsedFor	tickle	drive someone crazy	2.321928094887362
407493	407493	AtLocation	trash container	reataurant	1.5849625007211563
365701	365701	CapableOf	One	open a door	1.5849625007211563
187135	187135	IsA	street dance	dance	2.0
  9152	The foreword to the book , written by Joy Bauer , a registered dietitian who provided the nutritional analysis for the recipes , offers sage advice for using them 	provided the nutritional analysis for	a registered dietitian	the recipes	1	1			
383781	383781	AtLocation	fire	the forest	2.0
 12139	 12139	HasSubevent	go to sleep	masturbate	2.584962500721156
153882	153882	UsedFor	duplex	family	1.5849625007211563
18035959	The Diabetes Prevention Program revealed that metformin 850 mg b.i.d. reduced the risk of diabetes by 31 %.	reduced	metformin 850 mg b.i.d.	the risk of diabetes	by 31 %	1	1		
115924	115924	MotivatedByGoal	write	put your thought on paper	1.5849625007211563
140717	140717	HasSubevent	use a television	you listen to the news	1.5849625007211563
 79536	 79536	MotivatedByGoal	discover truth	honesty	2.0
302116	302116	AtLocation	inflatable floating toys	a swimming pool	1.5849625007211563
  8965	In early 1981 , with Governor du Pont safely re-elected and the future tax cuts therefore assured , the Legislature passed a remarkable law called the Financial Center Development Act .	is	du Pont	Governor	1	1			
358653	358653	MotivatedByGoal	agree with someone	something from them	1.5849625007211563
243112	243112	CausesDesire	own boat	fish	2.0
396253	396253	IsA	Something you find outside	grass	2.0
259045	259045	CapableOf	a fighter	lose the bout to his opponent	1.5849625007211563
 19031	 19031	HasSubevent	play cards	pass a card	1.5849625007211563
231996	231996	MotivatedByGoal	post a message	it to be read by everyone	1.5849625007211563
259396	259396	AtLocation	an apartment	a complex	1.5849625007211563
561957	561957	HasA	each government	policy on illegal drug	1.5849625007211563
420625	420625	HasProperty	swallow live gold fish	popular	1.5849625007211563
546112	546112	HasSubevent	get service	ring bell	1.5849625007211563
 97351	 97351	MotivatedByGoal	play soccer	please your mother	1.5849625007211563
166105	166105	HasPrerequisite	weed garden	know which plant be weed	1.5849625007211563
156436	156436	HasSubevent	climb	you get higher	2.0
180885	180885	HasSubevent	go to hairdresser	read	1.5849625007211563
570711	570711	HasProperty	not all object	tangible	1.5849625007211563
348754	348754	HasPrerequisite	fight war	be strong and well arm	1.5849625007211563
204279	204279	Causes	learn language	headache	1.5849625007211563
594242	594242	HasSubevent	spend money	purchase something	1.5849625007211563
442261	442261	IsA	a poodle	a pet	2.0
167246	167246	HasSubevent	give a plug	praise a business or businessperson	1.5849625007211563
  5750	  5750	CapableOf	A woman	run for a mile or more	1.5849625007211563
345260	345260	CapableOf	player	master video game	1.5849625007211563
119114	119114	MotivatedByGoal	fly in an airplane	travel quickly	2.0
 40013	 40013	MotivatedByGoal	sleep	your be tire	2.584962500721156
436677	436677	UsedFor	contraceptive device	avoid pregnancy	3.0
 68458	 68458	IsA	ocean	large body of water	2.321928094887362
418216	418216	UsedFor	remember	sadness	1.5849625007211563
391135	391135	ReceivesAction	inside church person	bore	1.5849625007211563
480867	480867	UsedFor	peanut oil	lowfat cook	2.0
138365	138365	IsA	Poplar Grove	a national cemetery in Virginia	1.5849625007211563
434981	434981	UsedFor	meat	clothing	1.5849625007211563
581914	581914	UsedFor	milk	baby	1.5849625007211563
564009	564009	UsedFor	study for subject	learn subject	2.584962500721156
146492	146492	UsedFor	a fork	eating vegetables	2.584962500721156
561368	561368	CapableOf	person	heat food	1.5849625007211563
495130	495130	IsA	A coffee table	place in front of a couch	1.5849625007211563
241484	241484	HasA	hebrew calendar year	any one of six length	1.5849625007211563
200448	200448	HasProperty	if human lie they	be unreliable	1.5849625007211563
134864	134864	AtLocation	human	red wing jersey	1.5849625007211563
102763	102763	UsedFor	a toothpaste	freshen breath	2.0
357054	357054	MadeOf	beverage coffee	grind coffee bean and boil water	2.321928094887362
457077	457077	CapableOf	A dacer	step dance	1.5849625007211563
340443	340443	AtLocation	hill	park	1.5849625007211563
237563	237563	HasProperty	A eight ball	good	1.5849625007211563
314084	314084	AtLocation	paper	in a waste bin	1.5849625007211563
16154715	Thorough understanding of the changes in gene expression occurring during gastric carcinogenesis may help to develop targeted therapies and improve the treatment of this disease.	may help	Thorough understanding of the changes in gene expression	to develop targeted therapies	1	1			
271210	271210	HasPrerequisite	listen to radio	you to hear	2.0
324861	324861	IsA	key element of jazz	improvisation	1.5849625007211563
594482	594482	HasPrerequisite	cook curry	strong stomach	1.5849625007211563
144978	144978	MotivatedByGoal	do housework	have comfortable house	1.5849625007211563
197893	197893	Desires	person	financial safety	1.5849625007211563
338528	338528	HasPrerequisite	celebrate	gather with friends	1.5849625007211563
179969	179969	CapableOf	you	store pencil in desk drawer	1.5849625007211563
 22038	There is a good chance that it 's Janet Albright , a Virginia composer who has been hired to bare the musical soul of these two neighboring towns .	is	that it 's Janet Albright	a Virginia composer	1	1			
 11397	Last week , Doskocil said it would consider lowering its bid if Wilson 's management did not agree to meet .	did agree to	Wilson 's management	meet	1	1			
348637	348637	HasPrerequisite	take phone call	find phone	1.5849625007211563
118663	118663	UsedFor	a lock	secure your valuables	2.584962500721156
404111	404111	IsA	In psychiatry, a delusion	a pathological belief	1.5849625007211563
408449	408449	AtLocation	a snake	a mountain	1.5849625007211563
448441	448441	UsedFor	hair conditioner	make hair soft	2.321928094887362
146305	146305	UsedFor	a store shelf	display items	2.807354922057604
297510	297510	MotivatedByGoal	teach other person	them to learn	2.321928094887362
379877	379877	NotCapableOf	Most non-Australians	like Vegemite	1.5849625007211563
258728	258728	UsedFor	run errand	finish up odd item	1.5849625007211563
277034	277034	HasSubevent	jump rope	sing	1.5849625007211563
165868	165868	CapableOf	someone	fly	2.807354922057604
 54395	 54395	HasPrerequisite	listen to music	speaker to produce musical sound	1.5849625007211563
129869	129869	HasPrerequisite	have a rest	take a nap	2.0
352846	352846	CapableOf	we	belong to human race	1.5849625007211563
387556	387556	CapableOf	pet owner	walk dog	2.807354922057604
478124	478124	CapableOf	bachelors	marry bachelorettes	1.5849625007211563
234737	234737	NotIsA	car	animal	2.0
365432	365432	AtLocation	food	neighbor house	1.5849625007211563
279643	279643	UsedFor	baking a cake	celebrating weddings	2.321928094887362
549301	549301	AtLocation	a decanter	a restaurant	1.5849625007211563
 57142	 57142	CapableOf	something	intoxicate someone	1.5849625007211563
243389	243389	CapableOf	market	be target audience	1.5849625007211563
340686	340686	HasProperty	The appearance of foods	important to their enjoyment	1.5849625007211563
 33305	The account of the meeting is reportedly contained in '' Veil 	is contained in	The account of the meeting	Veil	1	1			
237561	237561	UsedFor	doing housework	cleaning the house	3.3219280948873626
 15708	In the fourth set Haarhuis led , 4-0 , before Wheaton broke his serve to win the fifth game .	led	Haarhuis	the fourth set	1	1			
450199	450199	IsA	The myth of Gilgamesh	Babylonia	1.5849625007211563
186298	186298	CausesDesire	frustration	release your energy	1.5849625007211563
460443	460443	ReceivesAction	pit	find in peach	1.5849625007211563
 89568	 89568	UsedFor	finger	create shape for visual communication	1.5849625007211563
 49003	 49003	IsA	limitation	self impose	1.5849625007211563
165518	165518	UsedFor	resting	reading a book	1.5849625007211563
314439	314439	HasProperty	horse	consider to be beautiful animal	1.5849625007211563
  5816	But the new test results , returned yesterday from a Federal Centers for Disease Control laboratory in Fort Collins , Colo. , confirmed that a 72-year-old woman from Douglaston , Queens , a 75-year-old man from Hillcrest , Queens , and an 80-year-old man who lives just south of Greenwood Cemetery in Sunset Park , Brooklyn , have the disease , which can cause fatal swelling of the brain .	returned	the new test results	yesterday	1	1			
433086	433086	AtLocation	hair	hairbrush	2.584962500721156
 49694	 49694	Causes	dressing nice	you become the cynosure of everybody	1.5849625007211563
 41201	 41201	HasA	trojan horse	hide function	1.5849625007211563
490796	490796	CausesDesire	want to meet person	have party	1.5849625007211563
342915	342915	HasSubevent	move a car	produce pollutants	1.5849625007211563
252304	252304	HasSubevent	buying something small	look for change	1.5849625007211563
316532	316532	UsedFor	a hairdryer	drying clothes	1.5849625007211563
30320989	Survival will be different regarding the subtype and stage at diagnosis.	will be	Survival	different	regarding the subtype at diagnosis	1	1		
549450	549450	Causes	acting in a play	illogical	1.5849625007211563
291819	291819	UsedFor	train seat	teach	1.5849625007211563
113354	113354	HasProperty	jockey	lightweight	1.5849625007211563
494586	494586	HasProperty	backhoe	make of metal	2.0
274946	274946	UsedFor	hear music	enjoyment of experience	1.5849625007211563
 86598	 86598	CapableOf	you	swim in most river	1.5849625007211563
 57815	 57815	HasPrerequisite	meet interest person	take class	1.5849625007211563
150782	150782	HasFirstSubevent	play ball	gather up a team	1.5849625007211563
213661	213661	AtLocation	japanese restaurant	downtown	1.5849625007211563
533092	533092	IsA	Objects	weightless in space	1.5849625007211563
226456	226456	CapableOf	frog	jump in pond	1.5849625007211563
 23076	I quickly learned that if the O'Neal of NBA 2K1 was standing near the basket and received the ball , then he would sink it , a discovery that ended my 50-point losing streaks .	ended	a discovery	my 50-point losing streaks	1	1			
213989	213989	IsA	fortune cookies	a fun treat	1.5849625007211563
180443	180443	AtLocation	hamster	house	1.5849625007211563
568768	568768	HasPrerequisite	go for a drive	first have a car	1.5849625007211563
446673	446673	UsedFor	fight war	kill	2.0
528735	528735	HasPrerequisite	eat ice cream	go to 31 Flavors	1.5849625007211563
 89599	 89599	UsedFor	surfing the net	gathering information	2.321928094887362
187776	187776	CapableOf	Being in a car accident	cause amnesia	1.5849625007211563
545446	545446	UsedFor	bookcase	keep your notebook in	2.321928094887362
494375	494375	AtLocation	a mammoth	the Smithsonian Institution	1.5849625007211563
540573	540573	CapableOf	acrylic	rapidly	1.5849625007211563
287563	287563	HasPrerequisite	watch a film	figure out what movie to see	1.5849625007211563
194348	194348	CapableOf	a postman	ring a doorbell	2.584962500721156
158525	158525	IsA	bob dylan	musician	1.5849625007211563
477919	477919	AtLocation	a small dog	pet store window	1.5849625007211563
564892	564892	UsedFor	nut	bolt	2.0
576076	576076	HasSubevent	playing chess	play strategically	1.5849625007211563
314293	314293	AtLocation	hair	my head	3.0
310245	310245	AtLocation	a crabby boss	the office	1.5849625007211563
570951	570951	HasSubevent	jump at the chance	you seize an opportunity	1.5849625007211563
537186	537186	CapableOf	sick people	go to hospitals to revcover	1.5849625007211563
462898	462898	HasPrerequisite	record somethign be make sure it	cue up	1.5849625007211563
557695	557695	CapableOf	tall person	reach that height	1.5849625007211563
274401	274401	CapableOf	some parking zones appear	appear at hospitals	1.5849625007211563
257509	257509	UsedFor	a washcloth	cleaning your body	1.5849625007211563
 10038	 10038	AtLocation	ear	each side of person head	1.5849625007211563
545106	545106	IsA	denver	in colorado	1.5849625007211563
230044	230044	HasProperty	cross country ski	different from downhill ski	1.5849625007211563
240648	240648	UsedFor	orchestra pit	orchestra to sit in	3.4594316186372978
155974	155974	CapableOf	you	wrong somebody	1.5849625007211563
 23302	 23302	HasFirstSubevent	teach other person	tell	1.5849625007211563
452318	452318	IsA	Music	a universal language	1.5849625007211563
346735	346735	HasFirstSubevent	score homer	walk to home plate	1.5849625007211563
540882	540882	HasPrerequisite	communicate	send smoke signale	1.5849625007211563
308463	308463	IsA	a bike	a clean method of transportation	1.5849625007211563
181996	181996	UsedFor	a stick of butter	making food taste better	1.5849625007211563
154158	154158	IsA	japanese beetle	insect	2.1699250014423126
581017	581017	AtLocation	religious tract	airport	1.5849625007211563
 20331	 20331	HasA	all animal with ear	two ear	1.5849625007211563
139924	139924	CapableOf	Refracting telescopes use lenses	mirrors	1.5849625007211563
349553	349553	CapableOf	dog	be bread to all size	1.5849625007211563
27518283	Seventeen cohort or prospective matched case - control studies were finally included.	were included	Seventeen cohort or prospective matched case - control studies	finally	1	1			
  3699	But more than 25 years later his idea is slowly gaining currency as consumers and regulators struggle to deal with an increasing annoyance of modern life - the sudden telephone ring that turns out to be a call from a salesman , a poll taker or , perhaps most irritating of all , a machine .	turns out to be	the sudden telephone ring	a call	1	1			
 31473	`` The latex , which is like rubber , serves a lot of functions , '' Mr. Brunner continued , `` but one of the things it does is to gum up the mouth parts of any insect that sticks its beak in there .	sticks	QUANT_S_1 insect	its beak	1	1			
 94600	 94600	Causes	buying a beer	you end up poorer	1.5849625007211563
 37381	The most pressing need , as Iraqi Scud missile attacks showed during the Persian Gulf war , is to improve defenses against short - and intermediate-range missiles .	showed during	Iraqi Scud missile attacks	the Persian Gulf war	1	1			
188605	188605	AtLocation	a sunglasses	an eyeglass store	1.5849625007211563
289423	289423	HasSubevent	go to performance	spectate	1.5849625007211563
 31193	She added that the current law `` is costing us a lot , is providing us with a lot of information on the kinds of medical waste and who is generating them in what quantities . ''	is costing us	the current law	a lot	1	1			
207019	207019	CapableOf	a bird with a worm	be feeding itself	1.5849625007211563
597162	597162	HasPrerequisite	open bag of chip	use knife	1.5849625007211563
221844	221844	IsA	heat	energy	3.1699250014423126
107852	107852	CapableOf	someone	chat	3.0
282139	282139	IsA	There	a shortage of IT leadership	1.5849625007211563
409137	409137	AtLocation	grease	a resturant	1.5849625007211563
561887	561887	CapableOf	Some people let go	get mellow as they age	1.5849625007211563
223145	223145	AtLocation	wiener dog	detroit	1.5849625007211563
288779	288779	UsedFor	go to zoo	something to pass time	1.5849625007211563
287745	287745	HasSubevent	chat with friends	avoid points of conflict	2.0
2240880	Distal tumors show evidence of greater genetic instability and may develop through the same mechanisms that underlie polyposis - associated colorectal cancer syndromes.	show	Distal tumors	evidence of greater genetic instability	1	1			
 60373	 60373	Desires	a person	a new bicycle	2.0
574992	574992	CapableOf	I	buy what I need to eat	1.5849625007211563
 26545	On July 25 voters elected a National Constituent Assembly in which Chavez supporters hold 121 of the 131 seats , a result that Mr. Marquez promises will produce a raft of new jokes and banter in the script .	promises	Mr. Marquez	will produce a raft of banter in the script	1	1			
337537	337537	AtLocation	fungus	your basement	2.0
278625	278625	HasProperty	cabinets	made from oak	1.5849625007211563
 13432	Soon afterwards , Davis switched to the major Columbia record label and recorded seven albums over the next five years with producer Leo Graham and arranger James Mack who had collaborated with him for `` Turning Point '' .	had collaborated with Davis for	arranger James Mack	`` Turning Point ''	1	1			
 51295	 51295	UsedFor	bandage	cover wind	1.5849625007211563
589340	589340	Causes	going on strike	a rise in a worker's wages	1.5849625007211563
396813	396813	Causes	a germ	a disease	1.5849625007211563
472036	472036	HasA	This bagel	cream cheese on it	1.5849625007211563
151166	151166	CapableOf	a lawyer	object to a statement	2.0
146519	146519	IsA	A carol	a song often	1.5849625007211563
501842	501842	AtLocation	a cat	the humane society	3.1699250014423126
533825	533825	HasPrerequisite	climb	leg or arm	1.5849625007211563
350342	350342	AtLocation	friend	at school	2.0
546964	546964	UsedFor	read newspaper	get business news	1.5849625007211563
109724	109724	IsA	New movies is what	happening in movie theaters	1.5849625007211563
289851	289851	HasSubevent	chat with friend	use nickname	1.5849625007211563
499341	499341	CapableOf	someone	plan a vacation	1.5849625007211563
217423	217423	UsedFor	learning about science	understsanding natural laws	1.5849625007211563
452096	452096	IsA	statement be good insect for garden help answer question	good insect to have in garden	1.5849625007211563
 18861	 18861	Causes	playing ball	sweating	1.5849625007211563
109329	109329	ReceivesAction	Space and time	linked	1.5849625007211563
588380	588380	CapableOf	A tree	grow leaves	3.3219280948873626
178658	178658	UsedFor	commit to memory	study for test	1.5849625007211563
 45203	 45203	Desires	person	grow yarrow	1.5849625007211563
447891	447891	CapableOf	person	drive a car	3.0
526196	526196	HasProperty	card game	addictive	2.321928094887362
267990	267990	Causes	wash dirt from between your toe	get gross out	1.5849625007211563
236527	236527	CapableOf	Running	increase heart rate	1.5849625007211563
 37944	A. For the first two seasons of the expansion franchise , which joined the American Football League in 1968 , home for the Bengals of Paul Brown was Nippert Stadium , where the University of Cincinnati played its games .	is home for the Bengals of	the expansion franchise	Paul Brown	1	1			
137687	137687	UsedFor	a check	see your progress	1.5849625007211563
 47696	 47696	IsA	something you find downtown	shop	1.5849625007211563
 10316	Despite the tough talk , the council faces an inherent conflict of interest .	faces an inherent conflict of	the council	interest	1	1			
470008	470008	HasSubevent	winning a baseball game	jump with joy	1.5849625007211563
264540	264540	CapableOf	Mustaches and sunglasses	fool face recognition software	1.5849625007211563
598436	598436	UsedFor	Fingers	operate keyboards	1.5849625007211563
343767	343767	CapableOf	employee	ask for raise	1.5849625007211563
515694	515694	NotCapableOf	curtain	close all way	1.5849625007211563
207315	207315	HasSubevent	eating lunch	you would satisfy your hunger	1.5849625007211563
578740	578740	HasA	humans	one brain	1.5849625007211563
430916	430916	HasProperty	mayonnaise	high in cholesterol	1.5849625007211563
 37386	The entertainment consists of games and activities that are engaging and at least arguably educational , even though an animated Furby appears frequently .	appears	an animated Furby	frequently	1	1			
286794	286794	MotivatedByGoal	lie to jury	commit perjury	1.5849625007211563
452355	452355	UsedFor	playing a game with your friends	social bonding	1.5849625007211563
537156	537156	HasProperty	live thing	not dead	1.5849625007211563
308092	308092	UsedFor	buying something for a loved one	brownie points	1.5849625007211563
242933	242933	HasSubevent	create idea	share it with others	1.5849625007211563
130968	130968	HasProperty	cars	evil	1.5849625007211563
533698	533698	HasSubevent	pass sentence	imprisonment	1.5849625007211563
231760	231760	UsedFor	gun	die	1.5849625007211563
 94219	 94219	IsA	Another way to say "Germany	a country	1.5849625007211563
186647	186647	UsedFor	taking the car for a drive	testing the car	1.5849625007211563
346863	346863	AtLocation	flashlight	backpack	2.584962500721156
154871	154871	HasSubevent	contemplate	sit	1.5849625007211563
368360	368360	UsedFor	a cable	connect to a TV station	1.5849625007211563
293917	293917	ReceivesAction	a floor	found in a house	2.321928094887362
548480	548480	CapableOf	praise	please ego	1.5849625007211563
175738	175738	Causes	knowing how the stock market performed	getting arrested	1.5849625007211563
  9520	  9520	IsA	Term papers	a part of university life	1.5849625007211563
 52427	 52427	IsA	insomnia	sleep disorder	2.0
375373	375373	Causes	examine thing	it become contaminate	1.5849625007211563
 54194	 54194	Causes	wait table	receive tip	2.0
111311	111311	CapableOf	A person	press a doorbell	1.5849625007211563
178852	178852	AtLocation	mouthwash	drugstore	1.5849625007211563
228428	228428	IsA	pitcher mound	dirty place	1.5849625007211563
 55421	 55421	HasProperty	cry	soothe	1.5849625007211563
318939	318939	AtLocation	muzak	airport	1.5849625007211563
479032	479032	AtLocation	razor	barber shop	1.5849625007211563
327083	327083	AtLocation	filthy	the drain	1.5849625007211563
444812	444812	AtLocation	an eyeglasses	Michigan	1.5849625007211563
 25786	 25786	HasSubevent	finding information	check the TV guide	1.5849625007211563
292342	292342	AtLocation	paper	stock certificate	2.321928094887362
406610	406610	HasA	meet friend require that one	friend	1.5849625007211563
329294	329294	IsA	A zither	a musical instrument	2.0
419953	419953	HasProperty	Some humans	male	2.0
316060	316060	IsA	steel	lighter than mercury	1.5849625007211563
247860	247860	CapableOf	person	sleep sit up on aircraft	1.5849625007211563
415112	415112	UsedFor	chair	study	2.0
479601	479601	AtLocation	family member	relative house	2.321928094887362
 62499	 62499	IsA	this	mountain or trail bicycle	1.5849625007211563
532537	532537	UsedFor	electronic appliance	do your work easy	1.5849625007211563
  5521	  5521	UsedFor	a sky	the atmosphere	1.5849625007211563
413889	413889	HasSubevent	go see a film	a emotional responce	1.5849625007211563
206144	206144	HasSubevent	testing your strength	giving up	1.5849625007211563
  1443	He either handles directly , or is involved in , areas like the competition committee , instant replay , youth football , N.F.L. Europe and the league 's attempt to reduce player concussions .	has	the league	attempt to reduce player concussions	1	1			
436525	436525	CausesDesire	see you friend	go to pub	1.5849625007211563
302071	302071	HasA	Dogs	a litter of offspring	1.5849625007211563
298572	298572	IsA	side dish	food	2.0
336533	336533	HasSubevent	play card	detect deception	1.5849625007211563
175235	175235	CausesDesire	be hungery	eat cookie	1.5849625007211563
480649	480649	AtLocation	a snake	a cage	2.807354922057604
233198	233198	ReceivesAction	Atoms	made from electrons, protons and neutrons	1.5849625007211563
475291	475291	AtLocation	Numerous household an commercial products	the market today	1.5849625007211563
163459	163459	UsedFor	take bus	use mass transportation	1.5849625007211563
109518	109518	CapableOf	prisoner	dream of freedom	1.5849625007211563
593261	593261	Causes	chew your food	not choke	1.5849625007211563
535513	535513	HasSubevent	play ball	throw the ball to another player	1.5849625007211563
576744	576744	HasPrerequisite	fight war	combatant	1.5849625007211563
299576	299576	HasProperty	champagne tastes bad when it	warm	1.5849625007211563
325512	325512	HasPrerequisite	jump at the chance	take the chance	1.5849625007211563
375754	375754	HasPrerequisite	jump up and down	get fight mad	1.5849625007211563
512116	512116	Causes	jogging	being tired	1.5849625007211563
533682	533682	UsedFor	write term paper	meet course requirement	2.321928094887362
547315	547315	AtLocation	a population	Michigan	1.5849625007211563
492831	492831	NotDesires	person	friend to die	2.321928094887362
474120	474120	HasPrerequisite	waiting on line	time	2.321928094887362
407319	407319	AtLocation	physic	classroom	1.5849625007211563
200835	200835	UsedFor	A nail	hold things together	2.0
558330	558330	IsA	high point in armenia	aragats lerr 4,095 m	1.5849625007211563
504316	504316	NotDesires	a person	watch someone die	1.5849625007211563
249879	249879	UsedFor	triangle	music	1.5849625007211563
400500	400500	UsedFor	hang picture	decorate wall	1.5849625007211563
321191	321191	Desires	person	mother	2.321928094887362
462270	462270	CapableOf	computers	multitask	1.5849625007211563
 16340	`` Divertimento '' from `` Le Baiser de la Fee , '' presented by the New York City Ballet on Wednesday night at the New York State Theater , is one of George Balanchine 's odder ballets .	be presented by	Divertimento from Le Baiser de la Fee	the New York City Ballet	1	1			
475231	475231	UsedFor	release your energy	exercise	1.5849625007211563
225790	225790	NotHasProperty	some trip	complete	1.5849625007211563
494446	494446	HasPrerequisite	watching a musician perform	no skill what so ever	1.5849625007211563
157087	157087	IsA	some men	good kisser than others	1.5849625007211563
183226	183226	HasA	The story "Fighting Inflation"	the step "''	1.5849625007211563
376239	376239	MotivatedByGoal	soak in hotspring	it be relax	2.584962500721156
 96239	 96239	AtLocation	a highlighter pen	office max	1.5849625007211563
438020	438020	DefinedAs	small kauai thrush	myadestes palmeri	1.5849625007211563
  5639	Scene 12 , Lower Concourse , Outside Squad Room - Sergeant DeClara , wearing only his hat , tie , holster and shoes , is approached by Sergeant Prisco and an unidentified man .	be wearing	Outside Squad Room	only his hat	1	1			
593941	593941	CapableOf	health insurance	cover charge for pregnancy and childbirth	1.5849625007211563
105502	105502	HasSubevent	sleep	geeting old	2.0
327775	327775	HasSubevent	have a party	guests open party favors	2.0
 31287	`` Communism will reach its final stage of development in a feckless Russo -- corporation - socialist in form , nationalistic in content and Oriental in style -- that will puzzle the world with alternating feats of realism and recklessness ... . ''	is	feckless Russo corporation	socialist in form	1	1			
487593	487593	UsedFor	a musical instrument which	make musical sound	2.584962500721156
298917	298917	Causes	writing a poem	use of creativity	1.5849625007211563
116609	116609	AtLocation	a parking area in front	a mall	1.5849625007211563
 24333	"""""""Fred Kohler (April 20, 1888 - October 28, 1938) was an American actor known for his """"""""heavy"""""""" style of character."""""""	be style of	heavy	character	1	1			
316257	316257	Causes	improve your image	improve self-confidence	1.5849625007211563
257954	257954	HasSubevent	you throw yoyo right	it come back up to you	1.5849625007211563
 66861	 66861	MotivatedByGoal	go on vacation	break	1.5849625007211563
211029	211029	HasPrerequisite	fish	buy hook	1.5849625007211563
299285	299285	HasProperty	lighten	scary	1.5849625007211563
407801	407801	IsA	Iraq	a country in the middle east	2.321928094887362
482890	482890	HasSubevent	have haircut	you dont like it	1.5849625007211563
200374	200374	HasSubevent	sleeping at night	sleep apnea	1.5849625007211563
268685	268685	UsedFor	laughing at a joke	health	1.5849625007211563
558916	558916	CausesDesire	job routine	play sport	1.5849625007211563
241013	241013	AtLocation	a hair	your bed	1.5849625007211563
477126	477126	IsA	thousand mile	sixteen hundred kilometer	1.5849625007211563
257823	257823	HasProperty	a life preserver floats because it	less dense than water	1.5849625007211563
 19601	Those children , who had been exposed to drugs , alcohol and violence throughout their lives , were now scattered throughout foster-care homes and prison .	had been exposed to	Those children	drugs	1	1			
396282	396282	IsA	bicycle	tool for explore	2.0
204418	204418	CapableOf	A car	pull a car	1.5849625007211563
589562	589562	HasA	some person	strange fashion sense	1.5849625007211563
395391	395391	MotivatedByGoal	breathe some fresh air	relex	1.5849625007211563
 65829	 65829	IsA	bris	ceromony of circumcision	1.5849625007211563
 17172	The Brazilian company Embraer , which builds commuter jetliners , is servicing airplanes in Nashville .	builds	Embraer	commuter jetliners	1	1			
299477	299477	Causes	attending a meeting	sharing information	1.5849625007211563
161090	161090	HasSubevent	using a computer	keep a calendar of events	1.5849625007211563
 50543	 50543	AtLocation	horse	john wayne movie	1.5849625007211563
313731	313731	CapableOf	tape recorder	record that conversation	2.0
 54954	 54954	AtLocation	system	computer store	1.5849625007211563
 23328	 23328	UsedFor	calendar book	keep track of meet	1.5849625007211563
500406	500406	AtLocation	humans	a water fountain	1.5849625007211563
110159	110159	HasSubevent	going to market	writing a list	1.5849625007211563
430263	430263	HasPrerequisite	hurt someone else	help them	1.5849625007211563
403324	403324	PartOf	michigan	kalamazoo county	2.0
 84667	 84667	CausesDesire	being addicted to nicotine	smoke	1.5849625007211563
283481	283481	AtLocation	jewish	synagogue	1.5849625007211563
425218	425218	AtLocation	paint	gallery open	2.0
482212	482212	HasA	read newspaper	effect of learn about event	1.5849625007211563
291771	291771	HasPrerequisite	get drunk	drink lot of alcohool product	1.5849625007211563
 63363	 63363	AtLocation	someone	some place quiet	1.5849625007211563
412720	412720	NotCapableOf	The airplanes I've been on	serve hamburgers	1.5849625007211563
228093	228093	NotCapableOf	Most public buildings	allow people to smoke inside	1.5849625007211563
281800	281800	HasProperty	the colour of hay	yellow	1.5849625007211563
 16844	He says his life has been threatened at home in Romania .	has been threatened at home in	his life	Romania	1	1			
490397	490397	CapableOf	If you drink alcoholic beverages, you	fall	1.5849625007211563
316255	316255	MotivatedByGoal	socialize	make friends	2.0
462298	462298	IsA	food	nessecary to live	1.5849625007211563
263617	263617	HasProperty	The surface of some objects	rough	1.5849625007211563
383038	383038	HasPrerequisite	water plant	water and plant	2.321928094887362
117683	117683	IsA	Some products	food	1.5849625007211563
567398	567398	HasLastSubevent	drive	buckle up	1.5849625007211563
  6440	Aca Joe , which emerged last year from Chapter 11 bankruptcy protection , issued a brief statement earlier this week saying Mr. Shulman had been dismissed and that his duties would be assumed by the company 's executive and management committees until a replacement was found .	be assumed by	his duties	the company 's executive	1	1			
572397	572397	AtLocation	a gazelle	Liberia	1.5849625007211563
213741	213741	CapableOf	reality be what we	measure	1.5849625007211563
339945	339945	Causes	go to restaurant	you could meet v.i.p	1.5849625007211563
445805	445805	ReceivesAction	while mow grass you	sting by hornet	1.5849625007211563
474189	474189	AtLocation	i	oregon	2.321928094887362
169332	169332	CapableOf	Dried rice	cook for at least an hour	1.5849625007211563
504409	504409	Desires	a person	have a tax refund	1.5849625007211563
504434	504434	CapableOf	something	heat up	2.584962500721156
167768	167768	AtLocation	a library	at a university	2.321928094887362
581990	581990	HasSubevent	think	you worry	1.5849625007211563
593158	593158	UsedFor	chatting with friends	spending family time together	2.321928094887362
 56547	 56547	UsedFor	moon	light at night	1.5849625007211563
566515	566515	AtLocation	marmoset	monkey cage	1.5849625007211563
517648	517648	CapableOf	we use light	enter our eye to see	1.5849625007211563
499401	499401	IsA	A drug	either brand name or generic	1.5849625007211563
122821	122821	CapableOf	Life preservers	look like donuts	1.5849625007211563
184166	184166	HasProperty	flora in kakadu	one of rich in australia	1.5849625007211563
414159	414159	ReceivesAction	car	drive by human	1.5849625007211563
508225	508225	AtLocation	i	colorado	2.321928094887362
138053	138053	UsedFor	a pub	meeting friends	2.0
339187	339187	IsA	soda	carbonate beverage	2.584962500721156
396013	396013	AtLocation	someone	Pakistan	1.5849625007211563
492672	492672	HasProperty	babies	fragile	3.0
 77692	 77692	IsA	climate change	affect world river	1.5849625007211563
 88099	 88099	HasProperty	The porch	open	1.5849625007211563
436159	436159	AtLocation	store refrigerator	deli	2.0
  8347	  8347	UsedFor	waiting on tables	representing the restaurant	1.5849625007211563
  1172	  1172	IsA	lemmings	small, short-tailed rodents	1.5849625007211563
181611	181611	Causes	finding information	realizing that you are ignorant	1.5849625007211563
556815	556815	HasProperty	sometimes outside	humid	1.5849625007211563
356602	356602	CapableOf	man	paint wall	1.5849625007211563
243666	243666	CapableOf	A fool	suffer gladly	1.5849625007211563
386073	386073	AtLocation	schoolwork	in a backpack	1.5849625007211563
166760	166760	HasProperty	mexican food	very tasty	1.5849625007211563
240121	240121	UsedFor	taking an exam	giving fair grades	2.321928094887362
582516	582516	AtLocation	viola	orchestra	2.321928094887362
 17493	Within the company , the younger Roy has always been viewed as an oddly nonchalant heir , indifferent to the seductions of power , content to spend his days tinkering with films and keeping court with the old-time animators whom he had watched , in his privileged boyhood , sketching scenes for '' Pinocchio '' and '' Fantasia '' on their storyboards . ''	is content in	an oddly nonchalant heir indifferent to the seductions of power	his privileged boyhood	1	1			
106052	106052	CapableOf	only person	change light bulb	1.5849625007211563
226469	226469	Desires	a person	understand the cause of an action	1.5849625007211563
306786	306786	HasSubevent	find information	use internet link	1.5849625007211563
532498	532498	MotivatedByGoal	illustrate point	convey idea	1.5849625007211563
208675	208675	CausesDesire	A raise	go off strike	1.5849625007211563
  6913	One family event had not happened when the cards were mailed -- '' the wedding of Aunt Cristina and Uncle Chris , '' otherwise known as Andrew Cuomo 's brother , CHRIS CUOMO , a correspondent for ABC News , and CRISTINA GREEVEN , the editor in chief of Manhattan File magazine .	known otherwise as	the wedding of Aunt Cristina	CRISTINA GREEVEN	1	1			
217118	217118	AtLocation	passage	bible	2.584962500721156
189464	189464	NotCapableOf	old person	use beanbag chair	1.5849625007211563
302940	302940	UsedFor	test your strength	have fun	1.5849625007211563
376339	376339	HasSubevent	drive	get into storm	1.5849625007211563
302195	302195	PartOf	turner syndrome	genetic disorder	2.0
458243	458243	HasSubevent	have rest	die of heart attack	1.5849625007211563
103066	103066	HasSubevent	play violin	it sound terrible	1.5849625007211563
253581	253581	AtLocation	sports equipment	sears	2.321928094887362
320752	320752	Desires	People	relevance in their conversations	1.5849625007211563
 57455	 57455	CapableOf	an eductation	further a career	1.5849625007211563
542236	542236	IsA	Beethoven	a very creative person	1.5849625007211563
127791	127791	IsA	Taps	softer than raps	1.5849625007211563
354408	354408	HasPrerequisite	go to work	shave	1.5849625007211563
266222	266222	IsA	apple juice	juice	2.321928094887362
139142	139142	AtLocation	post office	city	2.321928094887362
588631	588631	HasPrerequisite	buy house	survey opportunity	1.5849625007211563
 16368	 16368	IsA	xbox360	game machine	2.0
386645	386645	CapableOf	A smart person	set a VCR	1.5849625007211563
248235	248235	HasPrerequisite	meet girls	set a place and time	1.5849625007211563
29470788	Hypertensive patients have diverse CV abnormalities that can be quantified by impedance cardiography.	have	Hypertensive patients	diverse CV abnormalities	1	1			
 52658	 52658	HasPrerequisite	bungee jump from high bridge	check knot	1.5849625007211563
292282	292282	MotivatedByGoal	impanel jury	decide legal matter	1.5849625007211563
501928	501928	DefinedAs	Differing beliefs about God	cause of much conflict between humans	1.5849625007211563
123509	123509	Causes	have heart attack	you die	1.5849625007211563
549394	549394	CapableOf	kid	count on their finger	1.5849625007211563
238744	238744	UsedFor	a ball bearing	allow movement	1.5849625007211563
 11519	Mr. Steinmeier rejected Mr. Larijani 's request that the two sides announce publicly that '' progress '' had been made .	is	Steinmeier	male	1	1			
357851	357851	AtLocation	human	new jersey	1.5849625007211563
273479	273479	AtLocation	cold faucet	kitchen	2.321928094887362
146417	146417	ReceivesAction	glove	wear on person hand	1.5849625007211563
217823	217823	HasSubevent	teaching other people	you may be asked a question	1.5849625007211563
 63435	 63435	AtLocation	bench to sit upon while wait	train station	1.5849625007211563
325997	325997	Causes	making people laugh	the laughter is contagious	1.5849625007211563
 87788	 87788	UsedFor	a dish	transporting food	1.5849625007211563
  3093	  3093	UsedFor	mechanical pencil	draw	1.5849625007211563
409780	409780	CausesDesire	insanity or adventurous spirit	climb mountain	1.5849625007211563
270049	270049	HasPrerequisite	avoid paperwork	not become insurance agent	1.5849625007211563
423059	423059	CapableOf	chef	cook thai food	1.5849625007211563
440081	440081	CausesDesire	finish your work	get pay	1.5849625007211563
525692	525692	UsedFor	discovering the truth	discovering lies	1.5849625007211563
 12988	For example , an investor who purchases a 100-year bond issued by the Coca-Cola Company is rewarded with a minuscule yield bonus of 80 basis points , or four-fifths of a percent , above the yield on a 30-year bond issued by the Federal Government .	is rewarded with a minuscule yield bonus of QUANT_R_1 basis points above the yield on a 30-year bond issued by the Federal Government For	an investor	example	1	1			
 86052	 86052	NotDesires	person	age ungracefully	1.5849625007211563
430376	430376	HasSubevent	go on a vacation	you go diving	1.5849625007211563
140845	140845	HasSubevent	make compost	a great garden next year	1.5849625007211563
 10487	 10487	HasPrerequisite	have a conversation	choose a topic	1.5849625007211563
135418	135418	CausesDesire	romance	cook dinner	1.5849625007211563
352767	352767	Causes	clean clothe	wear and tear	1.5849625007211563
194019	194019	HasSubevent	gain more land	pay more property taxes	1.5849625007211563
175191	175191	UsedFor	water plant	it growth	2.0
255598	255598	HasSubevent	go somewhere	to leave your current location	1.5849625007211563
 25851	Shares of Lucent declined 18 cents , or 5.5 percent , to close at $ 3.10 yesterday .	declined	Shares of Lucent	QUANT_O_1	1	1			
338951	338951	Desires	a person	a trophy wife	1.5849625007211563
114724	114724	AtLocation	old clothes	a box	1.5849625007211563
390109	390109	ReceivesAction	Money	exchanged for goods and services	3.0
328158	328158	HasSubevent	record somethign	make cd	1.5849625007211563
 25135	The weakness of the Iraqi security forces has been an issue across Iraq , but it was a particularly crucial factor in the Hilla region , where in April 2004 the main insurgency broke out and the Iraqi forces retreated in disarray .	retreated in	the Iraqi forces	disarray	1	1			
293143	293143	HasSubevent	have an examination	you get the results	2.0
280255	280255	HasPrerequisite	climb	get equipment	1.5849625007211563
426157	426157	IsA	Unbounding the Future	an excellent book on Nanotechnology	1.5849625007211563
  7450	If that 's the case , then the 1914 B. & O. Freight Warehouse a the southwest corner of 26th Street and 11th Avenue will soon be lost as New York City wraps a tall Department of Sanitation repair shop around the older building , erasing the last vestiges of the railroad 's great two-square-block rail yard .	wraps a tall Department of Sanitation repair shop around	New York City	the older building	1	1			
 42155	 42155	IsA	park car	example of waste resource	1.5849625007211563
308318	308318	HasFirstSubevent	shop	go to the mall	1.5849625007211563
526649	526649	AtLocation	italian restaurant	city	3.3219280948873626
553279	553279	AtLocation	fungus	humid climate	2.584962500721156
367420	367420	AtLocation	a kitten	a cage	2.0
480366	480366	ReceivesAction	many school	find in single district	1.5849625007211563
 36010	 36010	AtLocation	violent fan	soccer game	2.0
523095	523095	PartOf	jackson county	michigan	2.0
346784	346784	HasPrerequisite	talk with someone far away	use instant messenger	1.5849625007211563
589623	589623	IsA	lion is lying in the first plan. an elephant, a girafe and a cow are standing behind him. there is a baobab on the right. and there	sunset on the left	1.5849625007211563
 21172	 21172	UsedFor	doing housework	pleasing your mate	2.321928094887362
144753	144753	AtLocation	a small dog	a groomer's salon	1.5849625007211563
449508	449508	CapableOf	Managers	promote business	1.5849625007211563
194943	194943	UsedFor	get up early	prepare family breakfast	1.5849625007211563
449845	449845	ReceivesAction	pigs	killed for food	1.5849625007211563
340066	340066	UsedFor	using a television	porn	1.5849625007211563
587636	587636	HasSubevent	breathing some fresh air	inhaling some pollen	1.5849625007211563
401643	401643	HasA	a schoolbus	children	1.5849625007211563
193260	193260	HasSubevent	running in a marathon	getting thirsty	1.5849625007211563
442521	442521	HasA	The SP	a lesser amplitude in hydrocarbon zones	1.5849625007211563
561698	561698	UsedFor	improving your image	acquiring friends	2.321928094887362
  5826	Ford shares fell 2 cents , to $ 9.96 .	fell 2 cents to	Ford shares	$ 9.96	1	1			
415437	415437	MotivatedByGoal	eat hamburger	feel full	1.5849625007211563
453396	453396	CapableOf	you	listen to the rain	1.5849625007211563
417194	417194	HasPrerequisite	go to get haircut	trade money for service	1.5849625007211563
531264	531264	Desires	Men	climb	1.5849625007211563
 16870	MANGO MOUSSE 3 ripe mangoes , peeled and pitted 1/3 cup sugar 1/8 teaspoon ground cinnamon 1/8 teaspoon ground nutmeg 1/8 teaspoon ground allspice 1 1/2 tablespoons cornstarch 1 1/2 envelopes unflavored gelatin 1 1/2 cup low-fat yogurt .	be peeled	MANGO MOUSSE QUANT_S_1 ripe mangoes pitted	QUANT_O_1	1	1			
 27609	And in New York City on sales of one - , two - or three-family houses ; residential co-ops ; or condominiums , the additional transfer tax is 1 percent of the purchase price for homes sold for $ 500,000 and less and 1.425 percent on the purchase price on homes sold for $ 500,001 or more .	is QUANT_R_1 of	condominiums	the purchase price for homes sold for QUANT_O_1 on the purchase price on homes sold for more	1	1			
538936	538936	MotivatedByGoal	use a computer	find information	1.5849625007211563
508113	508113	HasPrerequisite	having a pee	finding a toilet	3.0
149925	149925	HasPrerequisite	fix computer	format c drive	1.5849625007211563
460992	460992	CausesDesire	busy schedule	eat quickly	1.5849625007211563
 57835	 57835	Causes	start family	money	1.5849625007211563
461378	461378	UsedFor	park zone	leave your car while shop	1.5849625007211563
521374	521374	AtLocation	teakettle	cupboard	1.5849625007211563
524673	524673	ReceivesAction	Teeth need to	cleaned	1.5849625007211563
459299	459299	HasLastSubevent	play cards	win or loose	1.5849625007211563
 13034	 13034	HasSubevent	compete	be prepare mentally	1.5849625007211563
463356	463356	CapableOf	People	except presents	1.5849625007211563
159720	159720	HasProperty	Singaporean students	keen to remain in Australia	1.5849625007211563
391765	391765	Causes	listening to the radio	knowledge	2.0
 12796	 12796	ReceivesAction	a pet	fed	2.0
393033	393033	UsedFor	dine room	house home office	1.5849625007211563
134561	134561	CapableOf	grey cloud	mean it will rain	1.5849625007211563
237180	237180	HasSubevent	run out of steam	fall to grind	1.5849625007211563
210955	210955	UsedFor	ballpoint pen	scratch	2.321928094887362
    86	Opposing coaches and general managers believe New York is more talented .	is more	New York	talented	1	1			
399802	399802	Causes	read to your child	sense of security	1.5849625007211563
329638	329638	UsedFor	doing housework	passing time	1.5849625007211563
 65618	 65618	Desires	person	trustworthy friend	1.5849625007211563
171825	171825	HasSubevent	love someone else	heartache	1.5849625007211563
506778	506778	HasPrerequisite	learn something new	read book	2.584962500721156
221499	221499	HasSubevent	play a game of chess	you capture the opponent's queen	1.5849625007211563
470635	470635	CapableOf	casserole	cook pot-boiled noodle	2.0
122849	122849	HasSubevent	diminish your own hunger	you feel full	1.5849625007211563
561203	561203	HasSubevent	building a cathedral	plans are drawn	1.5849625007211563
 26378	Twenty five years ago , most collectors bought largely on instinct because the field was still relatively new and few books had been written on the subject .	was still	the field	new	1	1			
463684	463684	HasPrerequisite	go for a jog	use deodorant	1.5849625007211563
203241	203241	ReceivesAction	cell wall	find in plant cell	1.5849625007211563
107742	107742	Causes	eat apple	few apple	2.321928094887362
588995	588995	CapableOf	person	bus somewhere	1.5849625007211563
469375	469375	CausesDesire	watch someone throw frisbee	play frisbee	1.5849625007211563
234310	234310	AtLocation	freeway	countryside	1.5849625007211563
 97487	 97487	HasSubevent	cooking dinner	get the food ready to cook	1.5849625007211563
559406	559406	HasProperty	Pessimists	more sensitive to negative events	1.5849625007211563
 17277	 17277	NotDesires	a person	be treated as trash	1.5849625007211563
319582	319582	IsA	statement 'something you find at the gym	distinctive smell' helps answer the question 'what is something you might find at the gym?'	1.5849625007211563
432100	432100	UsedFor	a union	avoid being taken advantage of	1.5849625007211563
259161	259161	AtLocation	legionella	water fountain	1.5849625007211563
461039	461039	AtLocation	a room	upstairs	1.5849625007211563
462300	462300	HasPrerequisite	jump rope	rope	2.0
332475	332475	AtLocation	dust	air	2.321928094887362
11272129	The etiological heterogeneity of idiopathic diabetes has been recognized for 25 years , and subdivision into type 1 and type 2 diabetes is fundamental to the way we think about the disease.	is	subdivision into type 1	fundamental to the way	1	1			
 26110	 26110	UsedFor	a machine	deliver automatic messages	1.5849625007211563
518043	518043	NotCapableOf	Salicylate	be synthesised in the body	1.5849625007211563
 76439	 76439	HasPrerequisite	find lose item	search for lose item	3.1699250014423126
226210	226210	HasPrerequisite	prepare for vote	learn about candidites	1.5849625007211563
500884	500884	CapableOf	student	make pot of coffee	2.0
107108	107108	IsA	Man	a small part of the universe	1.5849625007211563
  7678	  7678	IsA	skeleton key	antique	2.321928094887362
400308	400308	IsA	One way to build you body	to lift weights	1.5849625007211563
555202	555202	HasProperty	most games	competitive	2.0
417303	417303	ReceivesAction	god	based on belief	1.5849625007211563
 32713	When on May 30 , 1914 , the wingtip of Agostinelli 's airplane caught a wave in the Baie des Anges , off Antibes on the Cte d'Azur , so died the man who Proust said , '' with my mother , my father , is the person I loved most . ''	is the person When on	my father	May 30 1914 off Antibes on the Cte d'Azur so died the man	1	1			
488618	488618	IsA	bicycle	vehicle	2.584962500721156
 20149	 20149	HasProperty	Less than 2% of Antarctica	ice-free	1.5849625007211563
366135	366135	IsA	this	paint and not photograph	1.5849625007211563
512522	512522	AtLocation	pluto	space	2.0
496756	496756	AtLocation	a beer mug	an alcaholics hand	1.5849625007211563
255729	255729	CapableOf	computer need	drive	1.5849625007211563
 67094	 67094	NotCapableOf	aluminum	rust	1.5849625007211563
453023	453023	HasA	bucks	horns	1.5849625007211563
261632	261632	HasSubevent	give assistance	thanks	2.0
 25303	 25303	AtLocation	church side passage	church	2.584962500721156
470874	470874	CapableOf	diamond	mark other diamond	1.5849625007211563
294010	294010	CapableOf	a computer	receive data	1.5849625007211563
  9238	  9238	Desires	Men	build phallic shaped structures	1.5849625007211563
207058	207058	IsA	The school band	usaully full of geeks	1.5849625007211563
150918	150918	UsedFor	national interstate highway	drive fast	2.321928094887362
132192	132192	Causes	stand up be your body weight	balance on your foot	1.5849625007211563
237111	237111	HasProperty	life	absurd	2.321928094887362
 20188	The self-numbing survivor , the moral chronicler , the guide and the spy are all fixtures of totalitarian society .	is	The self-numbing survivor	the spy	1	1			
523579	523579	HasSubevent	going for a haircut	you talk to the barber	1.5849625007211563
147081	147081	AtLocation	someone	this universe	1.5849625007211563
438603	438603	IsA	A physician	called doctor	1.5849625007211563
314096	314096	HasProperty	transit card	a	1.5849625007211563
144939	144939	Desires	a person	good credit	2.0
528372	528372	AtLocation	atheists	a University	2.584962500721156
378277	378277	UsedFor	eat cookie	stop hunger	1.5849625007211563
 51352	 51352	UsedFor	leader	follower	2.321928094887362
377447	377447	CapableOf	Exercise	make you feel warm	1.5849625007211563
247447	247447	AtLocation	fruit in or rather	a tree	2.321928094887362
256930	256930	MotivatedByGoal	get away with a crime	stay out of prison	1.5849625007211563
422077	422077	IsA	earth	an M class planet	1.5849625007211563
562853	562853	HasPrerequisite	look through telescope	point it into night sky	1.5849625007211563
 61391	 61391	NotHasProperty	Rich people	bad	1.5849625007211563
236436	236436	CapableOf	A survivor	miss the deceased	1.5849625007211563
204242	204242	MotivatedByGoal	buy ingredient	cook meal	1.5849625007211563
406737	406737	HasProperty	fruits	plentiful in mountain valleys	1.5849625007211563
 39794	 39794	Causes	institute civil action	confusion	1.5849625007211563
456203	456203	NotIsA	george w bush	a leader	1.5849625007211563
312968	312968	UsedFor	axe	chop wood	2.807354922057604
139438	139438	UsedFor	commit suicide	break law	1.5849625007211563
344433	344433	NotIsA	in human race	determinant in innate quality	1.5849625007211563
547096	547096	MotivatedByGoal	splurge	no one will know	1.5849625007211563
 63664	 63664	HasPrerequisite	get some money from someone	sell someone something	1.5849625007211563
27686710	Besides coping with the information overload , the tool will assist physicians to adjust and improve insulin therapy and patients in the self - management of the disease.	will assist	the tool	physicians to improve patients in the self - management of the disease	1	1			
218739	218739	NotCapableOf	chalk	dance by itself	1.5849625007211563
  4024	  4024	NotCapableOf	mind	rest	1.5849625007211563
226272	226272	HasSubevent	go into coma	lose consicousness	1.5849625007211563
514263	514263	HasPrerequisite	finding a lost item	putting up notices	1.5849625007211563
111285	111285	UsedFor	fur	making clothes	2.0
415935	415935	IsA	one printer unconnected to other printer	solitaire printer	1.5849625007211563
197577	197577	UsedFor	drive your car	make pollution	1.5849625007211563
400005	400005	Desires	person	live in clean home	1.5849625007211563
406022	406022	HasSubevent	use a calculator	you press the wrong key	1.5849625007211563
235939	235939	HasFirstSubevent	play poker	take a seat	1.5849625007211563
526023	526023	UsedFor	a conference auditorium	a lecture	2.584962500721156
398153	398153	HasSubevent	sending a criminal to prison	put them on trial	1.5849625007211563
307858	307858	AtLocation	beach towel	closet	1.5849625007211563
149434	149434	AtLocation	rosebush	landscape plan	1.5849625007211563
149658	149658	IsA	fact pain	source of stress	1.5849625007211563
 33300	 33300	NotDesires	person	agony	1.5849625007211563
273967	273967	IsA	one book of bible	ephesian	1.5849625007211563
 16803	Continuing duties specified for freed slaves in manumission agreements became more common into the Hellenistic era , and they may have been customary earlier .	were specified for	Continuing duties	freed slaves	in manumission agreements	1	1		
427841	427841	DefinedAs	massachusetts state flower	mayflower	1.5849625007211563
302113	302113	MotivatedByGoal	drive your car	get someplace	1.5849625007211563
  9379	Formation of the group grew out of an informal meeting in 1997 when a group of editors , mostly in England , discussed the lack of clear guidelines on scientific misconduct .	discussed	a group of editors mostly in England	the lack of clear guidelines on scientific misconduct	1	1			
365970	365970	IsA	Some hotel rooms	nicer than others	1.5849625007211563
448944	448944	HasProperty	it	hard to march in snow	1.5849625007211563
357280	357280	AtLocation	creature	mythology	2.0
533005	533005	IsA	recycle	separate trash from reusable material	1.5849625007211563
575941	575941	CapableOf	have you	lose credit card	1.5849625007211563
114285	114285	AtLocation	english channel in	france and england	2.321928094887362
356923	356923	NotCapableOf	little girls	rape puppies	1.5849625007211563
449263	449263	HasFirstSubevent	play soccer	join a team	1.5849625007211563
292735	292735	IsA	Some physical objects	heavier than others	1.5849625007211563
530935	530935	DefinedAs	Imagination	flip side of knowledge	1.5849625007211563
599378	599378	NotIsA	the paperless office	yet	1.5849625007211563
523375	523375	CapableOf	people	travel on a skateboard especially kids	1.5849625007211563
494069	494069	HasProperty	red	a warm color	2.0
198343	198343	HasSubevent	play football	touchdown	1.5849625007211563
454718	454718	IsA	you	serve salad at dine establishment	1.5849625007211563
349119	349119	HasProperty	interpersonal skill	critical for success	1.5849625007211563
340259	340259	IsA	vulture	big bird	1.5849625007211563
 89197	 89197	HasA	movies often	scenes containing blood	1.5849625007211563
170221	170221	HasSubevent	compete against someone	you loose	2.321928094887362
588717	588717	UsedFor	knowing how the stock market performed	stock brokers	1.5849625007211563
493630	493630	HasSubevent	go to school	take test	1.5849625007211563
445347	445347	HasA	add machine	roll of paper tape	1.5849625007211563
475773	475773	IsA	A stump	the result of a tree	1.5849625007211563
 79033	 79033	CapableOf	Drug use	decrease safety	1.5849625007211563
420183	420183	ReceivesAction	sausage	make from snake	1.5849625007211563
215340	215340	IsA	be behind eight ball	be in bad place	1.5849625007211563
505238	505238	IsA	a scam artist	thief	1.5849625007211563
508713	508713	CapableOf	Life on Earth	originated in the ocean	1.5849625007211563
524113	524113	ReceivesAction	walking	required to take a walk	1.5849625007211563
459321	459321	CapableOf	your boyfriend	give you flower before date	1.5849625007211563
102752	102752	AtLocation	lungs	yurself	1.5849625007211563
292474	292474	HasPrerequisite	get wet	watch porn	1.5849625007211563
421235	421235	HasProperty	sad	bad	1.5849625007211563
181628	181628	AtLocation	a locker room	jocks	1.5849625007211563
507356	507356	UsedFor	poem	communicate	1.5849625007211563
128750	128750	Desires	some child	play jack	1.5849625007211563
427702	427702	HasSubevent	stand in line	boredom	1.5849625007211563
 12198	The action of Archbishop Iakovos is a significant departure for a man who has been known as a leader of the ecumenical movement .	is	Iakovos	Archbishop	1	1			
121666	121666	UsedFor	watching a movie	laughing	1.5849625007211563
416389	416389	IsA	ohm law	i r=e	1.5849625007211563
209682	209682	CapableOf	pepper	season scrambled eggs	1.5849625007211563
479109	479109	IsA	bitch	read	1.5849625007211563
110248	110248	HasPrerequisite	clean the house	get a pail, water and soap	1.5849625007211563
166231	166231	HasSubevent	go for drive	fasten seatbelt	1.5849625007211563
263048	263048	UsedFor	Sizing	the back of some quilts	1.5849625007211563
147380	147380	Desires	a person	a soft blanket	1.5849625007211563
238140	238140	IsA	king	monarch	2.0
249143	249143	IsA	county	group of several city	1.5849625007211563
199189	199189	MotivatedByGoal	live	it be good than alternative	1.5849625007211563
344924	344924	HasPrerequisite	lose consciousness	close your eyes	1.5849625007211563
394944	394944	UsedFor	a place to stay	Keeping out of the weather	1.5849625007211563
422906	422906	MotivatedByGoal	buy presents	celebrate an occasion	1.5849625007211563
 72832	 72832	AtLocation	a hospital	any large city	1.5849625007211563
255714	255714	HasSubevent	kiss someone	i might become erect	1.5849625007211563
543738	543738	HasSubevent	kill person	strong feel of guilt	1.5849625007211563
105076	105076	IsA	patio	room outside abode	1.5849625007211563
  1341	Prior to the war , he was a lawyer , public official , and politician in Hillsborough , North Carolina , and was heavily involved in opposing the Regulator movement , an uprising of settlers in the North Carolina piedmont between 1765 and 1771 .	was an uprising of	the Regulator movement	settlers	in the North Carolina piedmont	between 1765 and 1771	1	1	
 50877	 50877	AtLocation	tree	mountain	2.584962500721156
286595	286595	UsedFor	get up early	sucker	1.5849625007211563
525116	525116	NotHasA	duck sauce	actual duck	1.5849625007211563
507156	507156	HasPrerequisite	walk around a lake	start early in the morning	1.5849625007211563
 11574	 11574	MotivatedByGoal	rest	regenerate	2.0
360869	360869	AtLocation	The NBA draft	the summer	1.5849625007211563
522891	522891	AtLocation	confusion	your mind be	1.5849625007211563
239133	239133	IsA	before cameras	invented, artists painted pictures of people	1.5849625007211563
427708	427708	DefinedAs	hot chick	best kind of chick	2.0
 84138	 84138	HasSubevent	riding a bike	adjusting the seat	1.5849625007211563
144742	144742	HasProperty	remission	temporary	1.5849625007211563
369348	369348	Causes	eat breakfast	be more alert in morning	2.0
446702	446702	CausesDesire	a deer in your headlights	stop your car	1.5849625007211563
585249	585249	HasSubevent	play chess	end game be reach	1.5849625007211563
280653	280653	HasA	restaurant dine area	chair and table	1.5849625007211563
480061	480061	Desires	people	have talent	1.5849625007211563
 93141	 93141	IsA	AI	artificial intelligence	2.0
 79822	 79822	AtLocation	a horse	a parade	2.807354922057604
516102	516102	MotivatedByGoal	buy the tickets at the ticket outlet	attend a rock concert	1.5849625007211563
150275	150275	CapableOf	Children	use tempura paints in art class	1.5849625007211563
329342	329342	IsA	horse	modern animal	2.321928094887362
445220	445220	UsedFor	sofas and chairs	sitting upon	2.321928094887362
306568	306568	MotivatedByGoal	love someone else	not to be alone	1.5849625007211563
 38352	 38352	UsedFor	find truth	end suspicion	1.5849625007211563
523703	523703	ReceivesAction	stuff animal	win at amusement park	1.5849625007211563
479942	479942	IsA	roll	bread	2.321928094887362
492092	492092	HasSubevent	improve yourself	read self improvement book	1.5849625007211563
596037	596037	UsedFor	a magnifying glass	burn ants	1.5849625007211563
376946	376946	UsedFor	climb	enjoyment	1.5849625007211563
 48614	 48614	CapableOf	This evidence	wrong an innocent party	1.5849625007211563
591996	591996	Causes	have shower	cleanliness	1.5849625007211563
 72631	 72631	NotHasProperty	old bicycle	safe	1.5849625007211563
  8891	One director who did agree to comment , Richard Koshalek of the Museum of Contemporary Art in Los Angeles , said of the Stedelijk atack , '' It 's a hostility to the creative thinking of individuals , an unwillingness to try to understand or even to respect the expressions of their thought . ''	be try to	an unwillingness	respect	1	1			
511940	511940	HasPrerequisite	find truth	avoid organize religion	1.5849625007211563
529513	529513	HasSubevent	buy products	pay a cashier	1.5849625007211563
386466	386466	IsA	doctor	person who cure ill person	2.0
598830	598830	HasA	delicatessen	ham	1.5849625007211563
202491	202491	AtLocation	luggage carrier	airport terminal	2.321928094887362
   455	   455	HasProperty	10	9 plus 1	1.5849625007211563
252907	252907	IsA	cast-iron skillet	pan	1.5849625007211563
 14128	 14128	CausesDesire	your cat die and smell bad	bury cat	1.5849625007211563
233400	233400	UsedFor	a boat	crossing an ocean	1.5849625007211563
175568	175568	HasPrerequisite	memorize	read over material many time	1.5849625007211563
335076	335076	IsA	boyfriend girlfriend relationship	romantic one	1.5849625007211563
402819	402819	HasSubevent	play game	flip coin	1.5849625007211563
502373	502373	IsA	low point in aruba	caribbean sea 0 m	1.5849625007211563
115618	115618	IsA	communication	event	1.5849625007211563
 52445	 52445	UsedFor	a lead pencil	taking a test	2.584962500721156
368270	368270	CausesDesire	Seeing a big juicy steak	sate your hunger	1.5849625007211563
417935	417935	UsedFor	singing	enjoyment	1.5849625007211563
509526	509526	HasSubevent	drive	you watch for unsafe driver	1.5849625007211563
214252	214252	ReceivesAction	fish	catch on hook when fish	1.5849625007211563
445677	445677	AtLocation	an advertisement	your email	1.5849625007211563
488113	488113	UsedFor	thank someone	exchange of gift	1.5849625007211563
103193	103193	UsedFor	tooth brush	clean tooth	1.5849625007211563
225638	225638	AtLocation	grape	grape jam	1.5849625007211563
228952	228952	HasProperty	snakes	black	1.5849625007211563
595731	595731	CapableOf	rock roll star	play instrument	1.5849625007211563
400732	400732	AtLocation	a shark	a museum	1.5849625007211563
303930	303930	HasProperty	too much medicine	poisonous	1.5849625007211563
410635	410635	AtLocation	tatoos	a car show	1.5849625007211563
  8513	For investors in the 28 percent tax bracket , the taxable-equivalent yield of the current seven-day compounded average tax-exempt yield is 4.05 percent , while the equivalent in the 31 percent tax bracket is 4.23 percent .	is	the taxable-equivalent yield of the current seven-day compounded average tax-exempt yield	QUANT_O_1	1	1			
116087	116087	AtLocation	a bald eagle	a reserve	1.5849625007211563
312709	312709	AtLocation	a marmot	I don't know	1.5849625007211563
378086	378086	HasSubevent	ride in car	should wear seatbelt	1.5849625007211563
360671	360671	CapableOf	something	action	1.5849625007211563
409466	409466	UsedFor	a business	concealing illegal activities	1.5849625007211563
263162	263162	HasPrerequisite	stop be marry to someone	trouble	1.5849625007211563
 32979	 32979	ReceivesAction	a janitor	found in an office	1.5849625007211563
554901	554901	CapableOf	a studio pedestal	hold a canvas	1.5849625007211563
407233	407233	NotDesires	person	have the flu	2.584962500721156
486491	486491	AtLocation	a bald eagle	minnesota	2.321928094887362
101471	101471	HasSubevent	play	you will take your friend	2.0
316038	316038	UsedFor	killing	honor	1.5849625007211563
537176	537176	HasFirstSubevent	pretend	make believe	1.5849625007211563
419738	419738	AtLocation	a factory	a city	2.321928094887362
 89474	 89474	Desires	i	swim	1.5849625007211563
235236	235236	IsA	bird	not mammal	2.807354922057604
173604	173604	AtLocation	swimmer	water	1.5849625007211563
343699	343699	Causes	listening to musci	feeling better	2.0
 95454	 95454	Causes	getting a divorce	beeing apart	1.5849625007211563
137271	137271	DefinedAs	zanzibar suni	neotragus moschatus moschatus	1.5849625007211563
230613	230613	AtLocation	something	the center of the universe	3.1699250014423126
294656	294656	IsA	scroll	piece of paper	1.5849625007211563
527112	527112	UsedFor	going somewhere	leaving	1.5849625007211563
141207	141207	Causes	giving a plug	more business	1.5849625007211563
258820	258820	HasSubevent	person pick fruit	they gather it in basket	1.5849625007211563
139653	139653	HasPrerequisite	fly in an airplane	take Dramamine	1.5849625007211563
 12276	The issue arose last winter , when Kenneth and Maryanne Garrow asked the Mendon board and then the state Board of Education to pay tuition for their daughter to attend Mount St. Joseph Academy here , a 206-student Catholic school noted regionally for its academic program .	noted for its academic program	a 206-student Catholic school	Mount St. Joseph Academy here	1	1			
113347	113347	IsA	motor	invention	1.5849625007211563
217071	217071	Causes	growing vegetables	back ache	1.5849625007211563
392349	392349	Causes	bribe	not guilty verdict	1.5849625007211563
18090678	This review discusses antioxidant activity of the commonly prescribed antihypertensive agents and the effects of antioxidant interventions on cardiovascular disease mortality in patients with end - stage renal disease.	discusses	This review	antioxidant activity of the commonly prescribed antihypertensive agents	1	1			
580214	580214	IsA	Mugs	not attractive faces	1.5849625007211563
353206	353206	IsA	Indefatigable	a North Sea gasfield	1.5849625007211563
387261	387261	IsA	dog	human companion	2.321928094887362
 19094	Before a televised performance of the National Symphony Orchestra of Washington last February in the Soviet Union , the program 's sponsor , the Procter & Gamble Company , promoted its name with a long advertisement . ''	promoted	the program 's sponsor	its name	1	1			
374273	374273	UsedFor	drink alcohol	relieve pressure	1.5849625007211563
425338	425338	Causes	propose to woman	change in lifestyle	1.5849625007211563
378333	378333	AtLocation	bread	a bread store	1.5849625007211563
 75438	 75438	IsA	band aid	brand name for adhesive bandage	1.5849625007211563
 46392	 46392	CapableOf	you	save rainforest	1.5849625007211563
 46034	 46034	AtLocation	paperclips	a cabinet	1.5849625007211563
459878	459878	MotivatedByGoal	agree with someone	avoid conflict	1.5849625007211563
192407	192407	HasPrerequisite	write	know how to market	1.5849625007211563
479300	479300	UsedFor	a folding chair	extra seating for guests	1.5849625007211563
431613	431613	HasSubevent	kill people	go to jail	1.5849625007211563
574445	574445	ReceivesAction	oil	find in engine	1.5849625007211563
554251	554251	CapableOf	A miner	mine ore	2.584962500721156
488267	488267	ReceivesAction	Libraries	filled with books	2.584962500721156
 19768	 19768	CapableOf	Ali	place a call	1.5849625007211563
190768	190768	IsA	Barry	a cockateel	1.5849625007211563
338374	338374	AtLocation	something	liquor store	1.5849625007211563
260671	260671	HasPrerequisite	be involve in accident	be careless and reckless	1.5849625007211563
149327	149327	Desires	a person	win lots of money	2.321928094887362
  8201	  8201	HasSubevent	going to school	join a club for mountain climbing	1.5849625007211563
392080	392080	Causes	go to film	anxiety and unrest	1.5849625007211563
 45215	 45215	Causes	perform	applause	1.5849625007211563
281952	281952	HasPrerequisite	go to restaurant	booze	1.5849625007211563
515218	515218	ReceivesAction	lamp	place on table	1.5849625007211563
556469	556469	AtLocation	a cow	a petting zoo	1.5849625007211563
  5620	Now it 's down to one survivor -LRB- Jennifer Love Hewitt -RRB- , who is trapped in the Bahamas in this sequel with '' a higher body count , cruder shock effects , louder screams , vanishing credibility and loss of narrative coherence '' -LRB- Stephen Holden -RRB- .	is trapped in the Bahamas with	Jennifer Love Hewitt	louder screams	1	1			
 11433	 11433	HasSubevent	knit	buy yarn	1.5849625007211563
 36600	 36600	IsA	all hockey players	human beings	1.5849625007211563
217276	217276	UsedFor	a tool	a purpose	1.5849625007211563
345765	345765	HasSubevent	attending class	use a locker	1.5849625007211563
331104	331104	Causes	laughing at a joke	a persons feelings being hurt	1.5849625007211563
266969	266969	HasA	All receipts	a paid stamp	1.5849625007211563
192192	192192	NotDesires	person	get wet from rain	1.5849625007211563
243480	243480	AtLocation	typewriter keyboard	secrtary desk	1.5849625007211563
445251	445251	CapableOf	person	cry in pain	1.5849625007211563
136424	136424	CapableOf	child	like sweet food	1.5849625007211563
565420	565420	UsedFor	a tower	containing offices	1.5849625007211563
265866	265866	CausesDesire	The desire to get an "A"	take an examination	1.5849625007211563
434420	434420	UsedFor	a fax	communicating	2.321928094887362
445820	445820	HasSubevent	surf web	meet someone new	1.5849625007211563
 14462	 14462	HasProperty	enemy	likely to disagree about thing	1.5849625007211563
493246	493246	CapableOf	contaminants in air	harm people	1.5849625007211563
231174	231174	UsedFor	a mouthwash	keep teeth clean	1.5849625007211563
   918	   918	HasSubevent	shop	spend too much	1.5849625007211563
239167	239167	UsedFor	get onto web	surf	2.0
594997	594997	HasProperty	A balance that	weighted on one side	1.5849625007211563
391198	391198	CapableOf	muscle	become cramp after sudden exertion	1.5849625007211563
541484	541484	AtLocation	cabbage	freezer	1.5849625007211563
545087	545087	Causes	surfing	exercising	1.5849625007211563
325628	325628	ReceivesAction	Karen	tired	1.5849625007211563
559749	559749	Causes	check vital sign	grief	2.0
169468	169468	HasSubevent	have friends over	play with dogs	1.5849625007211563
192975	192975	AtLocation	pain	ass	2.321928094887362
392504	392504	IsA	bookshelf	piece of furniture	1.5849625007211563
26643880	Category 1 is defined oncologically as stage IV but the metastasis is technically resectable.	is defined as	category 1	stage IV	1	1			
163652	163652	HasSubevent	maintain muscle strength	you improve your overall health	1.5849625007211563
218154	218154	UsedFor	prove your physical endurance	athlete	2.321928094887362
467082	467082	HasPrerequisite	play game of chess	set up chessboard	1.5849625007211563
16411026	Conclusion : Administration of CMS did not improve responsiveness of the FT but may have improved construct validity.	did not improve	Administration of CMS	responsiveness of the FT	1	1			
 64222	 64222	AtLocation	a noise	a place where there is air	2.321928094887362
492502	492502	DefinedAs	beautiful goetzea	Goetzea elegans	1.5849625007211563
485821	485821	HasFirstSubevent	go to work	get hire	1.5849625007211563
15961694	Chemotherapy offers modest survival improvement for patients with non-small cell lung cancer , the modern agents being better tolerated resulting in an improved quality of life.	being	the modern agents	better tolerated resulting in an improved quality of life	1	1			
 10106	 10106	IsA	Uterine prolapse	an abnormal position of the uterus	1.5849625007211563
240677	240677	Causes	hurt someone else	they will resent you	1.5849625007211563
 52244	 52244	HasProperty	young child	inquisitive	2.321928094887362
241064	241064	IsA	Writing programs recursively in LISP	pattern recognition	1.5849625007211563
211901	211901	HasProperty	famous person	important person	1.5849625007211563
 21545	His shoulder is n't coming around like it was initially diagnosed , Manager Davey Lopes said .	is	Davey Lopes	Manager	1	1			
365717	365717	UsedFor	a bath	washing oneself	1.5849625007211563
104517	104517	HasFirstSubevent	learn about subject	be prepare to learn	1.5849625007211563
261799	261799	Causes	sating your hunger	too no longer be hungy	1.5849625007211563
452254	452254	CapableOf	arm	wave hello	1.5849625007211563
546684	546684	CapableOf	a child	do his chores	1.5849625007211563
282100	282100	CapableOf	victim	report crime	1.5849625007211563
375497	375497	UsedFor	binder	store information	1.5849625007211563
16492429	Results : All boys had apparent improvement in on - task and off - task behavior as observed in their classrooms.	had	All boys	apparent improvement in on - task and off - task behavior	as observed in their classrooms	1	1		
342303	342303	MotivatedByGoal	eat ice cream	cool down	2.0
282379	282379	Causes	creating an idea	plans and possibilities come to mind	1.5849625007211563
417498	417498	CapableOf	best team	take game	1.5849625007211563
422230	422230	UsedFor	sidewalk	shovel snow off of	1.5849625007211563
196310	196310	UsedFor	blanket	stay warm at night	1.5849625007211563
122607	122607	HasProperty	sounds	loud	2.807354922057604
147897	147897	HasSubevent	examining a thing	use an optical comparator	1.5849625007211563
25110415	Understanding the predisposition to develop CRC will require investigators to address the following challenges : the identification of genes that cause uncharacterized hereditary cases of CRC such as familial CRC type X and serrated polyposis ; the classification of variants of unknown significance in known CRC - predisposing genes ; and the identification of additional cancer risk modifiers that can be used to perform risk assessments for individual mutation carriers.	will require	Understanding the predisposition to develop CRC	investigators	to address the following challenges	1	1		
 52045	 52045	HasPrerequisite	bring in verdict	judge	2.807354922057604
 72795	 72795	AtLocation	a place	the dark	1.5849625007211563
495616	495616	UsedFor	analysing something	understanding something	1.5849625007211563
391744	391744	CapableOf	greedy dishonest man	milk pain-and-suffering lawsuit	1.5849625007211563
108025	108025	ReceivesAction	tobacco	smoke	1.5849625007211563
 13202	 13202	HasSubevent	wash your car	use soap and water	1.5849625007211563
465714	465714	HasPrerequisite	go for a walk	choose a destination	1.5849625007211563
342619	342619	HasSubevent	eat breakfast	travel to work	1.5849625007211563
  2737	Valentine added Floyd to the N.L. squad when Rick Reed , the Mets pitcher , developed a sore neck and could not pitch Sunday night against the Yankees .	pitch Sunday night against	Rick Reed	the Yankees	1	1			
231745	231745	Causes	cutting your hair	you look handsome	1.5849625007211563
488275	488275	HasPrerequisite	get drunk	be old enough	1.5849625007211563
354277	354277	HasSubevent	fart	emit methane	1.5849625007211563
444576	444576	HasFirstSubevent	start a flame or a fire	light a match	2.321928094887362
 42666	 42666	UsedFor	velvet	sew luxurious bathroom	1.5849625007211563
345935	345935	UsedFor	attend school	gain knowledge	2.321928094887362
229846	229846	UsedFor	go to zoo	see cage wild animal	1.5849625007211563
389553	389553	ReceivesAction	finger	use when gesture	1.5849625007211563
197867	197867	CapableOf	bicycle on ice	break bone	1.5849625007211563
179358	179358	AtLocation	bottle wine	home	1.5849625007211563
 88828	 88828	HasProperty	energy	useful	1.5849625007211563
 74733	 74733	AtLocation	far	orbit	1.5849625007211563
278553	278553	UsedFor	a typewriter key	input data	1.5849625007211563
229937	229937	Causes	take care of proposal	result	1.5849625007211563
 42975	 42975	Causes	buying something	pollution	1.5849625007211563
208465	208465	UsedFor	an eating place	buy lunch	1.5849625007211563
146405	146405	IsA	quarter	one forth of whole	1.5849625007211563
269228	269228	IsA	alejandro toledo	economist	1.5849625007211563
418188	418188	ReceivesAction	paint	display in gallery	1.5849625007211563
 72418	 72418	HasSubevent	look better	you might get a date	1.5849625007211563
 85499	 85499	HasSubevent	climbing	falling to your death	1.5849625007211563
445383	445383	CapableOf	A tourist	plan a trip	1.5849625007211563
412292	412292	AtLocation	person without car	subway	2.0
340070	340070	HasFirstSubevent	spend money	count the leftover amount	1.5849625007211563
526112	526112	HasProperty	trees	one form of plants	2.0
 96060	 96060	HasSubevent	going into a trance	your eyes will close	1.5849625007211563
408473	408473	ReceivesAction	Chickens	stored in small spaces	1.5849625007211563
 37290	Chilly Gonzales (born Jason Charles Beck; 20 March 1972) is a Grammy-winning Canadian musician who resided in Paris, France for several years, and now lives in Cologne, Germany.	won	Chilly Gonzales	a Grammy	1	1			
379053	379053	HasSubevent	remember	epiphany	1.5849625007211563
160789	160789	HasPrerequisite	growing vegetables	persistance and determination	1.5849625007211563
480779	480779	CapableOf	almost anything	be a musical instrument	1.5849625007211563
505012	505012	AtLocation	a terrace	an house	2.584962500721156
548401	548401	HasPrerequisite	Conecting to the internet sometimes	a modem	1.5849625007211563
464075	464075	HasSubevent	open a bag of chips	eat	2.0
147210	147210	MotivatedByGoal	wear glove	be safe	2.0
300872	300872	CausesDesire	want to play sport	maintain good health	1.5849625007211563
 77648	 77648	AtLocation	knife	pocket	3.0
199337	199337	UsedFor	trash receptacle	make compost bin	2.0
422646	422646	Causes	entertain person	friendship	1.5849625007211563
 29823	Three years later , the rescue squads and the charity promoter are still fighting it out in court .	are fighting out it in	the charity promoter	court	1	1			
354870	354870	AtLocation	someone	odds with someone else	2.0
159493	159493	PartOf	chihuahua	mexico	1.5849625007211563
 63166	 63166	DefinedAs	billy	name of man	1.5849625007211563
433201	433201	IsA	unix	p c operate system	1.5849625007211563
288572	288572	AtLocation	hair accessory	hair	1.5849625007211563
104082	104082	ReceivesAction	some person claim best bagel	make in new york	1.5849625007211563
333336	333336	CapableOf	A crime will	involve violence	1.5849625007211563
116349	116349	AtLocation	paper	a papermill	1.5849625007211563
  2744	  2744	NotCapableOf	a bicycle	eat	1.5849625007211563
 29677	 29677	HasSubevent	wait for someone	make new plans	1.5849625007211563
310693	310693	AtLocation	pork butch	butchery	1.5849625007211563
165615	165615	IsA	jobs	judge	2.0
581506	581506	HasProperty	rocks	opaque	1.5849625007211563
477441	477441	CapableOf	A tennis player	advance to the final round	1.5849625007211563
 41810	 41810	HasPrerequisite	tickle	use your tounge	1.5849625007211563
 81567	 81567	HasLastSubevent	clean clothing	press it	2.0
 97571	 97571	IsA	turkey	bird	2.321928094887362
584857	584857	IsA	game of pool	alot of fun	1.5849625007211563
420257	420257	UsedFor	thanking someone	acknowledgement of a kindness	1.5849625007211563
513402	513402	CapableOf	less dense material	float on more dense material	1.5849625007211563
 59720	 59720	MotivatedByGoal	become inebriated	alcohol because you are an addict	2.321928094887362
395052	395052	CapableOf	person who feel unloved	eat	1.5849625007211563
515745	515745	CapableOf	Many monarchs migrate	distances	1.5849625007211563
144977	144977	CapableOf	A student	picture her future career	1.5849625007211563
538678	538678	AtLocation	desk lamp	desktop	2.0
331938	331938	AtLocation	rubber	cabinet	1.5849625007211563
579014	579014	UsedFor	a dressing room	putting on a costume	1.5849625007211563
 34728	 34728	IsA	A criminal	a person who breaks the law	1.5849625007211563
421390	421390	Causes	eat in restaurant	give waitress tip	1.5849625007211563
248035	248035	CapableOf	haste	hurry job	1.5849625007211563
133149	133149	MotivatedByGoal	prepare for vote	infuence political outcome	1.5849625007211563
358053	358053	HasProperty	some person	defective	1.5849625007211563
528311	528311	PartOf	boston	mass	2.321928094887362
 56076	 56076	CausesDesire	be angry with someone	wrestle	1.5849625007211563
334938	334938	HasA	A jar	some peanut butter	1.5849625007211563
 94695	 94695	MotivatedByGoal	collect tinder	light a fire	1.5849625007211563
223233	223233	AtLocation	a large food store in	a fairly large-sized town or city	2.584962500721156
552767	552767	HasA	the mind	no boundaries	1.5849625007211563
568337	568337	UsedFor	getting up early	beating the competition	1.5849625007211563
358841	358841	HasProperty	some demand	rational	1.5849625007211563
  4107	Of that total about 35 million have hay fever and 15 million have asthma , including 7 percent of all United States children , according to the American Academy of Allergy and Immunology , a group made up of doctors and health care professionals specializing in allergy treatment .	have	QUANT_S_1	asthma including QUANT_O_1 United States children	1	1			
 22527	Meanwhile , the truth - that in most families where child abuse -LRB- sexual or otherwise -RRB- takes place , women are also victimized , either through dominance and control or actual violence - that reality is smokescreened , and the problem of the powerful abusing their power is perpetuated .	takes place	child abuse	most families	1	1			
572108	572108	HasA	icrc priority be to	access	1.5849625007211563
275686	275686	HasA	shark	good sense of smell	1.5849625007211563
368828	368828	UsedFor	a stone	measuring something	2.321928094887362
156239	156239	UsedFor	buying fresh fruits and vegetables	stocking a refrigerator	1.5849625007211563
127995	127995	IsA	Fraud	deception	2.0
427101	427101	PartOf	barre is part of vermont, which	america	1.5849625007211563
144383	144383	CapableOf	a child	push a doll carraige	1.5849625007211563
498474	498474	UsedFor	an excavation	keeping archeologists occupied and employed	1.5849625007211563
368252	368252	IsA	Ken	a hockey player	1.5849625007211563
521856	521856	AtLocation	kitchen	in house	2.0
220536	220536	CapableOf	cat	sleep in bed with human	1.5849625007211563
230107	230107	CapableOf	Weddings	cost a lot of money	1.5849625007211563
424859	424859	Causes	going to a restaurant	having sex	1.5849625007211563
289381	289381	CapableOf	a timer	time a race	1.5849625007211563
403350	403350	UsedFor	a turnpike	paying tolls	2.321928094887362
488826	488826	UsedFor	drive car	convenience	1.5849625007211563
130048	130048	IsA	A bazaar	marketplace	3.0
595253	595253	IsA	One nightly ritual	putting on nighty	1.5849625007211563
 40250	 40250	IsA	another way to say set down	lie down	1.5849625007211563
307112	307112	HasSubevent	remember something	clear your mind of other subjects	1.5849625007211563
514374	514374	IsA	some tortillas	an off-white color	1.5849625007211563
445730	445730	UsedFor	people	making money, usually	1.5849625007211563
354046	354046	UsedFor	cooking dinner	cheering yourself up	1.5849625007211563
120536	120536	CapableOf	People	distance themselves from each other	1.5849625007211563
106175	106175	AtLocation	someone	Moab	1.5849625007211563
271459	271459	UsedFor	get divorce	freedom from responsibility of marriage	1.5849625007211563
 43101	 43101	UsedFor	go jog	have fun	2.0
378942	378942	MotivatedByGoal	go to movie theater	go see film	2.321928094887362
189132	189132	Causes	walk dog	shit on sidewalk	1.5849625007211563
 51652	 51652	AtLocation	token turnstile	amusement park	1.5849625007211563
521482	521482	UsedFor	an office	Storing your computer	1.5849625007211563
222873	222873	NotHasA	comb have tooth but tooth	comb	1.5849625007211563
 95100	 95100	HasPrerequisite	listen to radio	tune it	1.5849625007211563
576688	576688	HasA	Food may	fat	1.5849625007211563
571705	571705	UsedFor	play guitar	set mood	1.5849625007211563
246133	246133	HasSubevent	record somethign	remember	1.5849625007211563
375686	375686	AtLocation	a car	in the garage	3.4594316186372978
146752	146752	UsedFor	eating quickly	getting your share of the food	1.5849625007211563
146537	146537	Causes	stopping standing in it	your shoes to get wet	1.5849625007211563
325700	325700	HasSubevent	strike a match	you can light your cigarette	1.5849625007211563
265585	265585	DefinedAs	veld	The open African savannahs	1.5849625007211563
364956	364956	MotivatedByGoal	test car	own it	1.5849625007211563
199541	199541	ReceivesAction	Our world's surface area	covered mostly by water	1.5849625007211563
219455	219455	HasPrerequisite	howl with laughter	hear something funny	1.5849625007211563
509438	509438	AtLocation	rule	lawbook	1.5849625007211563
407633	407633	UsedFor	buy present for others	show respect	1.5849625007211563
 67760	 67760	UsedFor	a market	buy fresh vegetables	1.5849625007211563
 12445	 12445	HasPrerequisite	paint	have a selection of brushes	1.5849625007211563
409050	409050	UsedFor	buy food	survival	1.5849625007211563
328862	328862	IsA	table- tennis bats	sometimes	1.5849625007211563
540294	540294	NotCapableOf	do	eat lightbulb	1.5849625007211563
 45601	 45601	AtLocation	stereo	car	3.0
459845	459845	UsedFor	follow recipe	cook pie	1.5849625007211563
429273	429273	Causes	fart	unpleasant odor	1.5849625007211563
  6726	  6726	NotDesires	s person	ruin his clothes	1.5849625007211563
181632	181632	CapableOf	computer-aided instruction	be use standalone	1.5849625007211563
122344	122344	HasPrerequisite	sleep at night	relieve your stress	1.5849625007211563
282435	282435	CapableOf	a man	judge right from wrong	1.5849625007211563
439327	439327	AtLocation	a Danish pastry	a breadbox	1.5849625007211563
148040	148040	HasSubevent	go to sport event	find seat	1.5849625007211563
421294	421294	Causes	waiting for someone	time consuming	1.5849625007211563
 62656	 62656	CapableOf	beavers	slow rivers	1.5849625007211563
514431	514431	HasSubevent	go swimming	get wet	1.5849625007211563
194525	194525	HasA	purse	money	1.5849625007211563
341975	341975	MotivatedByGoal	express yourself	you need to vent	1.5849625007211563
383733	383733	Causes	run errand	efficiency	1.5849625007211563
16898876	A considerable body of outcome data has been generated from Australia in this post-Diabetes Control and Complications Trial era relating to incidence , metabolic control , growth , hypoglycaemia , microvascular and macrovascular complications , cognition , behaviour and quality of life.	relating	this Complications Trial era	to quality of life	1	1			
 76039	 76039	UsedFor	go for jog	overweight	1.5849625007211563
 18829	 18829	UsedFor	lifebaot	escape ship in peril	2.321928094887362
555577	555577	UsedFor	swamp	hunt frog	1.5849625007211563
566623	566623	DefinedAs	Virginia	first English child born in America	1.5849625007211563
577872	577872	HasProperty	15 of argentina population	native indian	1.5849625007211563
114065	114065	HasLastSubevent	get a good grade	tell your family	1.5849625007211563
212471	212471	IsA	Terrorism	a dishønorable, horrofic situation	2.0
347570	347570	IsA	This	a waterfowl	1.5849625007211563
394498	394498	AtLocation	person	rug	1.5849625007211563
31421262	Breast cancer is one of the most common malignancies among women throughout the world and is the major cause of most cancer - related deaths.	is	Breast cancer	one of the most common malignancies among women throughout the world	1	1			
160711	160711	IsA	Fencing	a sport	1.5849625007211563
287194	287194	UsedFor	passing a course	college students	1.5849625007211563
16573308	External support , foreign aid , debt forgiveness and other forms of creative financing will almost certainly be needed to implement widespread diabetes prevention programs in developing countries.	will be needed	other forms of creative financing	to implement widespread diabetes prevention programs in developing countries	1	1			
581734	581734	HasA	adjustable wrench	moving parts	1.5849625007211563
372031	372031	CapableOf	glue	stick wood	1.5849625007211563
490947	490947	HasPrerequisite	hiking	shoes	1.5849625007211563
258987	258987	IsA	screen	computer	2.0
466899	466899	UsedFor	light match	light candle	2.584962500721156
158942	158942	UsedFor	lawn	lie on and sunbathe	1.5849625007211563
433296	433296	HasLastSubevent	play	win or loose	1.5849625007211563
522558	522558	HasProperty	fruit	nutrient	1.5849625007211563
17321194	This review summarizes our current understanding in androgen signaling and the mechanisms that allow tumor cells to bypass androgen manipulation therapy.	summarizes	This review	the mechanisms that allow tumor cells to bypass androgen manipulation therapy	1	1			
435612	435612	UsedFor	garbage	waste	1.5849625007211563
253084	253084	HasPrerequisite	commit murder	weapon	3.0
333130	333130	HasProperty	many election	significant	1.5849625007211563
445643	445643	UsedFor	a dining table	leave messages	1.5849625007211563
176418	176418	UsedFor	a linen	comfort	1.5849625007211563
244531	244531	HasPrerequisite	spiral bind	paper with many hole	1.5849625007211563
162659	162659	IsA	breakfast trays	burgoise	1.5849625007211563
526132	526132	CapableOf	an experienced sailor	captain a large boat	1.5849625007211563
573175	573175	UsedFor	forgive someone	feel good about yourself	1.5849625007211563
362422	362422	NotCapableOf	nice person	disobey traffic rule	1.5849625007211563
515357	515357	CapableOf	instructor	train student	2.807354922057604
394571	394571	HasProperty	Samuel Clemens	known as Mark Twain	1.5849625007211563
 43634	 43634	HasPrerequisite	take finals	have been taking a class	1.5849625007211563
101351	101351	CapableOf	too	clutter look bad	1.5849625007211563
131061	131061	HasProperty	dirt	opaque	1.5849625007211563
189187	189187	NotIsA	bass fish	musical instrument	1.5849625007211563
205057	205057	CapableOf	someone	clean sink	1.5849625007211563
176155	176155	HasFirstSubevent	take bath	make sure you have bubble	1.5849625007211563
387724	387724	HasPrerequisite	open a bag of chips	get a pair of scizzors	1.5849625007211563
432161	432161	UsedFor	a window	letting light in	1.5849625007211563
488474	488474	IsA	ball pen	type of write tool	2.0
283430	283430	HasLastSubevent	eat vegetables	throw away what's left	1.5849625007211563
415219	415219	HasPrerequisite	express how funny something be	nothing	1.5849625007211563
201954	201954	IsA	A strainer	a kitchen tool	2.0
352383	352383	HasPrerequisite	learn about world	be prepare to learn something new	1.5849625007211563
 36619	The Rev. Edward Johnson performed the ceremony at St. Anthony 's Roman Catholic Church in Portsmouth , R.I. Mrs. McDermott , 28 , graduated from William Smith College and received a master 's degree in social work from New York University .	is R.I. Mrs. McDermott QUANT_O_1 graduated from	Portsmouth	William Smith College	1	1			
 13395	 13395	ReceivesAction	earth	divide into 7 continent	1.5849625007211563
  2205	  2205	HasSubevent	examining a thing	open the battery compartment	1.5849625007211563
476958	476958	AtLocation	a monkey	a monkey cage	1.5849625007211563
490282	490282	PartOf	ranma 1 2	anime	1.5849625007211563
247976	247976	IsA	men be from mar woman	from venus	1.5849625007211563
 32998	For this year , Thailand is bracing for growth of only 3 percent or even a recession ; the Philippines expects gross domestic product to grow 5.55 percent ; Standard &AMP ; Poor 's expects Malaysia to grow 7 percent ; Indonesia 's economy is expected to expand 7 percent and Singapore 's between 6 percent and 7 percent .	is bracing	Thailand	for growth of only 3 percent	1	1			
253855	253855	UsedFor	a pen	writting on a note	1.5849625007211563
301110	301110	AtLocation	a car park	all major cities	1.5849625007211563
118471	118471	CausesDesire	need supply	run errand	1.5849625007211563
118005	118005	IsA	Paisley	in Scotland	1.5849625007211563
388739	388739	DefinedAs	King of Pentacles	responsible father	1.5849625007211563
376377	376377	AtLocation	punks	a mosh pit	1.5849625007211563
249226	249226	HasPrerequisite	read the newspaper	go to the kiosk	1.5849625007211563
110032	110032	NotHasProperty	faith mean believe in something that	explain	1.5849625007211563
 40216	 40216	HasPrerequisite	enjoy the company of your friends	be comfortable	1.5849625007211563
302349	302349	AtLocation	nose	human face	1.5849625007211563
513288	513288	HasSubevent	it is dark	it is more difficult to see	1.5849625007211563
505572	505572	UsedFor	washing your clothes	removing dirt	2.321928094887362
436692	436692	AtLocation	electronic appliance	most home	1.5849625007211563
327124	327124	UsedFor	a flower	attracting pollinators	1.5849625007211563
208350	208350	UsedFor	a family room	playing music	1.5849625007211563
525735	525735	HasPrerequisite	mail letter	buy stamp first	1.5849625007211563
129433	129433	UsedFor	reaching an impasse	blocking a person	1.5849625007211563
511644	511644	IsA	5	a number	1.5849625007211563
144371	144371	HasSubevent	improving yourself	develop dexterity	1.5849625007211563
581548	581548	AtLocation	person do jog	park	1.5849625007211563
554031	554031	AtLocation	cotton	texas	1.5849625007211563
165312	165312	NotIsA	it	violin	1.5849625007211563
416013	416013	DefinedAs	mother and father	parent of child	1.5849625007211563
348520	348520	IsA	shadow	long at sunrise and sunset	1.5849625007211563
169939	169939	AtLocation	something	its pinnacle	1.5849625007211563
192730	192730	IsA	Liquid water	denser than air	1.5849625007211563
263873	263873	HasSubevent	tasting something sweet	you want more sweetness	1.5849625007211563
456856	456856	UsedFor	baggage trunk	store old letter	1.5849625007211563
228512	228512	ReceivesAction	dice	used in Craps games	1.5849625007211563
158874	158874	Causes	i exist	i think	2.0
329655	329655	Causes	stopping standing in it	to move out	1.5849625007211563
537696	537696	IsA	capital of iraq	baghdad	1.5849625007211563
265886	265886	MotivatedByGoal	start flame or fire	light candle	1.5849625007211563
222703	222703	HasSubevent	open a bag of chips	you may eat some chips	1.5849625007211563
588686	588686	IsA	this	cute and furry dog	1.5849625007211563
 59584	 59584	CapableOf	Dynamite	explode	1.5849625007211563
 13084	 13084	AtLocation	something	look at paint	1.5849625007211563
136185	136185	Causes	writing a poem	get it published	1.5849625007211563
191801	191801	CapableOf	A pacifier	calm an angry child	1.5849625007211563
 70606	 70606	CapableOf	One sort	joke involves startling people with props	1.5849625007211563
32558805	In response to advances in prostate imaging and evidence suggesting that the prognosis in prostate cancer is related to the index lesion , many patients have begun to opt for focal therapy , which targets a lesion rather than the entire prostate.	to opt	many patients	for focal therapy	1	1			
382927	382927	CapableOf	bad dental hygene	limit kissing opportunities	1.5849625007211563
 47267	 47267	UsedFor	eat in fast food restaurant	get meal quickly	2.321928094887362
246481	246481	AtLocation	eggs	a refrigerator	2.584962500721156
196315	196315	AtLocation	a harp	an Irish bar	1.5849625007211563
165413	165413	IsA	man	throw another man into pool	1.5849625007211563
215404	215404	HasPrerequisite	remembering	recapulating	1.5849625007211563
591793	591793	HasSubevent	sing	raise your voice	1.5849625007211563
564632	564632	NotCapableOf	blind	see	2.321928094887362
123496	123496	IsA	This	a plunger	3.1699250014423126
284406	284406	UsedFor	having friends over	a slumber party	2.321928094887362
471750	471750	HasProperty	Maximum energy conservation of nonrenewable resources	essential	1.5849625007211563
3922504	Standard lung function test results and chest radiographs were normal in all patients , but histamine challenge showed bronchial hyper - reactivity in two of 20 patients tested , and skin tests to common allergens were positive in three of 18.	were	Standard lung function test results	normal in all patients	1	1			
 30453	Such is the clear and persistent comedic vision that informs the 9:30 P.M. Wednesday showcase for Mr. Seinfeld 's cable-ready cool .	informs	the clear comedic vision	the 9:30 P.M. Wednesday showcase	1	1			
526879	526879	HasLastSubevent	dance	stretch	1.5849625007211563
196455	196455	IsA	The Sirens	sea nymphs who singing encha	1.5849625007211563
265820	265820	HasA	Spooks have	bushy hair	1.5849625007211563
526520	526520	IsA	garnet	stone	2.584962500721156
302988	302988	CapableOf	flower	be nice table decoration	1.5849625007211563
426198	426198	CapableOf	criminal	expect punishment	1.5849625007211563
327072	327072	AtLocation	a supermarket	a shoppingcentre	1.5849625007211563
465996	465996	IsA	Tennis	a game	3.0
 16366	 16366	Causes	seeing old things	memories to emerge	1.5849625007211563
228807	228807	AtLocation	swim suits	a sporting goods store	1.5849625007211563
165307	165307	HasProperty	Drinking plenty of water	good for your health	1.5849625007211563
429424	429424	PartOf	san francisco	california	2.4594316186372973
 45401	 45401	IsA	man conquest of moon	small step	1.5849625007211563
308954	308954	HasSubevent	send criminal to prison	he get lock up	1.5849625007211563
 81801	 81801	Causes	start fire	get warm	1.5849625007211563
198583	198583	Causes	having fun	being happy	2.0
305187	305187	AtLocation	a clipboard	a desktop	1.5849625007211563
219810	219810	UsedFor	a file	the storage of pieces of paper	1.5849625007211563
271599	271599	HasSubevent	ride a bicycle to work	surprise your friends and family	1.5849625007211563
473702	473702	AtLocation	bee	michigan	1.5849625007211563
339172	339172	HasPrerequisite	be involve in accident	crash into something	2.321928094887362
146145	146145	UsedFor	making a patchwork quilt	keeping warm	1.5849625007211563
  8666	Mr. Zoffinger , who was appointed by Mr. McGreevey in March 2002 , has made it clear throughout his tenure that his goal was to remake the sports authority into a profitable entity , pushing for commercial development in the form of a $ 1.3 billion development called Xanadu -- a five-million-square-foot retail , entertainment , hotel and office complex featuring a chocolate waterfall , artificial ski slope and paintball range -- and taking a tough negotiating line against the resident sports teams .	is	McGreevey	male	1	1			
418612	418612	HasSubevent	sing	try to carry a tune	1.5849625007211563
153230	153230	NotHasProperty	Butter knives usually	very sharp	1.5849625007211563
443063	443063	CapableOf	a loud noise	surprise anyone	1.5849625007211563
434829	434829	UsedFor	drink	relieve your thirst	1.5849625007211563
350751	350751	ReceivesAction	clothe	store in armoire	1.5849625007211563
322298	322298	DefinedAs	Gila trout	Oncorhynchus gilae	1.5849625007211563
369320	369320	CausesDesire	snow come	chop firewood	1.5849625007211563
356508	356508	MotivatedByGoal	eat lunch	i be hungry	1.5849625007211563
260243	260243	UsedFor	tools	build and fix things	2.321928094887362
247217	247217	IsA	communication	an event	1.5849625007211563
153360	153360	CapableOf	one of airplane engine	break	1.5849625007211563
  9838	The school features four performance rooms , including a 200-seat theater , as well a storefront gallery and cafe .	features	The school	QUANT_O_1 performance rooms including a 200-seat theater	1	1			
291821	291821	AtLocation	fungus	decay leave	1.5849625007211563
510093	510093	UsedFor	pool	build good health	1.5849625007211563
124496	124496	HasSubevent	designing software	beta testing	1.5849625007211563
354990	354990	HasProperty	you may consider lucky if you	choose first	1.5849625007211563
540026	540026	AtLocation	box office	fox theater	1.5849625007211563
263809	263809	HasPrerequisite	watch television	look up showtime	1.5849625007211563
289948	289948	UsedFor	an uncle	marrying aunties	1.5849625007211563
568473	568473	IsA	it	globe of earth	1.5849625007211563
562294	562294	HasSubevent	take a course	you will learn	1.5849625007211563
363129	363129	HasPrerequisite	jump at the chance	have an opportunity	2.0
497456	497456	IsA	to care for grass	an act of gardening	1.5849625007211563
527910	527910	HasA	Living plants	green leaves	1.5849625007211563
 12548	But the International Association of Machinists has refused to agree to the terms , and United is asking the court to order it to comply .	is asking	United	the court	1	1			
 94739	 94739	Causes	express information	response	1.5849625007211563
 15172	 15172	HasSubevent	die	you stop live	1.5849625007211563
298028	298028	PartOf	adis abeba	ethiopia	1.5849625007211563
406306	406306	UsedFor	wool	kint a cardigan or sweater	1.5849625007211563
386762	386762	DefinedAs	smoke	past tense of smoke	1.5849625007211563
165479	165479	HasA	underground operation	no associate waste to ore ratio	1.5849625007211563
478256	478256	CapableOf	bear	attack person	1.5849625007211563
127663	127663	HasPrerequisite	chat with friends	call them on the telephone	1.5849625007211563
336118	336118	Causes	writing	creating prose	1.5849625007211563
248899	248899	IsA	bicycle	toy	2.0
404120	404120	DefinedAs	plays	active form of the gerund'playing'	1.5849625007211563
576525	576525	HasA	A relgious tract meant for children	cartoons	1.5849625007211563
517030	517030	HasSubevent	fight	throw thing	1.5849625007211563
591037	591037	IsA	Guinea Pigs	small animals	1.5849625007211563
380662	380662	DefinedAs	newsweek	name of magazine	1.5849625007211563
432546	432546	IsA	cigarette	call coffin nail	1.5849625007211563
426669	426669	HasProperty	cat	hungry	2.321928094887362
 74155	 74155	CapableOf	people	become old	1.5849625007211563
 88847	 88847	UsedFor	take examination	demonstrate knowledge about subject	2.0
577459	577459	UsedFor	a stairwell	safe exit during a fire	1.5849625007211563
271328	271328	Causes	Pain	discomfort	1.5849625007211563
 19100	After retiring as Miami Beach Fire Chief in 1999, Garcia successfully ran for the Miami Beach City Commission and continued to serve in that capacity for 7 years.	continued	Garcia	to serve in that capacity for 7 years	1	1			
529841	529841	UsedFor	screw	hold thing together	3.1699250014423126
528620	528620	AtLocation	piano	store or home	1.5849625007211563
138516	138516	PartOf	terra linda	san rafael	1.5849625007211563
524966	524966	AtLocation	humans	the movie theatre	2.0
289077	289077	AtLocation	old clothes	the attic	2.0
587519	587519	CapableOf	beam	support roof	1.5849625007211563
296180	296180	IsA	a drawer	a place to store clothes	1.5849625007211563
 98747	 98747	Desires	person	ipod	2.321928094887362
223201	223201	HasProperty	coin	leave in pocket	1.5849625007211563
435346	435346	UsedFor	A dry ink pen	transfer patterns onto fabric	1.5849625007211563
176832	176832	IsA	clarinet	wind instrument	2.584962500721156
134709	134709	HasPrerequisite	going outside for an evening	locking the doors	1.5849625007211563
202938	202938	CapableOf	human make tool so they	do thing good	1.5849625007211563
437312	437312	MotivatedByGoal	meet girls	you need companionship	1.5849625007211563
336337	336337	HasPrerequisite	act in a play	memorize the script	1.5849625007211563
 32967	It is in Madison , Wis. , not Milwaukee ; the address is 25 North Pinckney Street .	is in	Madison	Wis.	1	1			
337997	337997	IsA	butt	call seat	2.0
159329	159329	HasPrerequisite	seeing a particular program	TV	1.5849625007211563
 78052	 78052	Desires	person	mail	1.5849625007211563
380664	380664	UsedFor	attending school	complying with the law	1.5849625007211563
483063	483063	UsedFor	a labeler	identification	1.5849625007211563
393384	393384	CapableOf	guard	guard prisoner	2.0
333902	333902	CapableOf	college student	pay tuition	1.5849625007211563
260733	260733	AtLocation	a potato	shop	1.5849625007211563
193315	193315	UsedFor	a library	reading books	1.5849625007211563
  8541	  8541	CausesDesire	know about other country	visit other country	1.5849625007211563
    27	Dr. Arthur Caplan , director of the center for bioethics at the University of Pennsylvania , said 	is	Arthur Caplan	Dr.	1	1			
169722	169722	HasPrerequisite	competing	a scorekeeper	1.5849625007211563
436557	436557	HasSubevent	sit on chair	rest	1.5849625007211563
592968	592968	MotivatedByGoal	maintain muscle strength	bigger muscles	2.321928094887362
519371	519371	CapableOf	husband	miss his wife	1.5849625007211563
532602	532602	UsedFor	a pad	write	1.5849625007211563
 80640	 80640	MotivatedByGoal	judge someone	close case	1.5849625007211563
402668	402668	UsedFor	a back courtyard	growing ornamental plants	1.5849625007211563
141962	141962	UsedFor	sew	make quilt	1.5849625007211563
 87949	 87949	PartOf	A piece	a collection	1.5849625007211563
 30374	 30374	HasPrerequisite	have shower	get in shower stall	1.5849625007211563
359896	359896	Causes	bury cat	dig hole	1.5849625007211563
 19765	LEAD 	be reverse its takeover of	Iraq	Kuwait	1	1			
212756	212756	UsedFor	going to the hairdresser	getting ready for a night out	1.5849625007211563
 12636	 12636	AtLocation	a heifer	a cattle farm	2.584962500721156
231459	231459	NotCapableOf	pet	eat grass	1.5849625007211563
147193	147193	IsA	Sarah	a female name	2.0
 35322	 35322	CausesDesire	going to the beach	surf	1.5849625007211563
334691	334691	UsedFor	bring home some fish	cook on grill	1.5849625007211563
492568	492568	AtLocation	a fungus	outside	1.5849625007211563
257586	257586	CapableOf	antibiotic	fight disease	1.5849625007211563
105002	105002	IsA	human eye	work of genius	2.321928094887362
118897	118897	MotivatedByGoal	strike a match	light a cigarette	2.321928094887362
321792	321792	AtLocation	a condo	a vacation spot	1.5849625007211563
283308	283308	CapableOf	lawyer	note that something bad happen	1.5849625007211563
197489	197489	IsA	Many people	a group	1.5849625007211563
290237	290237	HasPrerequisite	prepare for vote	find out candidate view	1.5849625007211563
17940453	Several of these agents , including insulin , anti-CD3 , mycophenolate mofetil , daclizumab and anti-CD20 , are currently being tested in multicenter intervention trials.	are being tested	Several of these agents , including anti-CD20	in multicenter intervention trials	currently	1	1		
532062	532062	UsedFor	meet person	single group	1.5849625007211563
 10831	Michael Stich and Patrik Kuhnen beat Henrik Holm and Anders Jarryd of Sweden , 6-4 , 6-4 , 7-6 -LRB- 9-7 -RRB- , to clinch the victory on an indoor clay court .	beat	Michael Stich	Henrik Holm	1	1			
 45258	 45258	MotivatedByGoal	tape television show	you miss it first time	1.5849625007211563
299815	299815	AtLocation	bird	birdbath	2.0
32046720	Methods : Based on data from the Global Burden of Diseases , Injuries , and Risk Factors Study 2017 , we analyzed the prevalence and incidence trends of CRDs from 1990 to 2017 according to age , sex , region and disease pattern.	Based	Methods	on data from the Global Burden of Diseases	1	1			
354310	354310	ReceivesAction	Words	used as a defining measure	1.5849625007211563
276794	276794	HasPrerequisite	attend class	enroll at school	2.0
 12648	This month , six former chairmen of the Republican National Committee , including Senator Bob Dole and Haley Barbour , sent a letter to Mr. Bush urging him to support an expanded guest worker program and a limited legalization plan . ''	is	Bob Dole	Senator	1	1			
451116	451116	HasPrerequisite	stay fit	go jog	1.5849625007211563
434932	434932	CapableOf	Landscaping	make a place look better	1.5849625007211563
 95471	 95471	ReceivesAction	package and letter	mail from post office	1.5849625007211563
271949	271949	HasPrerequisite	do housework	vacuum floor	2.807354922057604
 77947	 77947	AtLocation	usually of sentimental value	a trunk	1.5849625007211563
 40310	 40310	HasPrerequisite	passing sentence	approval by someone else	1.5849625007211563
556750	556750	UsedFor	move sidewalk	transport lazy person	1.5849625007211563
 35484	 35484	UsedFor	piece	assemble something	1.5849625007211563
 20034	Mr. Foulks often lectures in other school districts on the advantages of middle schools , in which grades 6 through 8 are taught in a more sheltered atmosphere than in the traditional 7th , 8th and 9th grade junior high school .	lectures in	Mr. Foulks	other school districts	1	1			
267223	267223	HasSubevent	get wet	you feel cold	1.5849625007211563
114432	114432	HasPrerequisite	Decluttering	making choices	1.5849625007211563
138643	138643	MotivatedByGoal	ensure that it be well cook or you may get sick and maybe die	eat hamburger	1.5849625007211563
 49276	 49276	HasProperty	gun	bad	1.5849625007211563
347313	347313	DefinedAs	day	time from sunrise to sunset	1.5849625007211563
 65029	 65029	UsedFor	go to bed	relaxation	2.321928094887362
564143	564143	IsA	dogs	called man's best friend	1.5849625007211563
470472	470472	HasPrerequisite	stand up	have enough room to stand up	1.5849625007211563
518693	518693	HasPrerequisite	go to a film	choose something you want to see	1.5849625007211563
399932	399932	CapableOf	person	watch television in live room	1.5849625007211563
502062	502062	CapableOf	poorly keep roadways	be dangerous hazard	1.5849625007211563
14555298	The premorbide cognitive function of the patients was 97.9 + / - 10.0 IQ - points.	had The premorbide cognitive function of	the patients	97.9 + / - 10.0 iq - points	1	1			
243912	243912	HasFirstSubevent	learn about science	cry in frustration	1.5849625007211563
315193	315193	NotDesires	a person	miss the boat	2.0
257229	257229	Causes	having food	upset stomach	1.5849625007211563
229996	229996	AtLocation	commuter	subway	1.5849625007211563
165763	165763	AtLocation	a list	appointments in a palm pilot	1.5849625007211563
381747	381747	PartOf	wound	war	1.5849625007211563
564101	564101	CapableOf	walk	be good exercise	1.5849625007211563
545930	545930	AtLocation	son	park	1.5849625007211563
257457	257457	CapableOf	teacher	write that homework be late	1.5849625007211563
373142	373142	UsedFor	hurt someone else	mean person	1.5849625007211563
 10168	Hudson 's unbeaten start is the best by a Yankee starter since Ron Guidry went 5-0 and Tommy John 7-0 in the 1980 season .	has	Hudson	unbeaten start	1	1			
234753	234753	AtLocation	a harmonica	a blues band	1.5849625007211563
471278	471278	CapableOf	Cookies	crumble into crumbs	1.5849625007211563
143289	143289	IsA	Nebulas	clouds of gas in space	1.5849625007211563
264334	264334	CapableOf	We	wear social masks	1.5849625007211563
187728	187728	NotCapableOf	Fads	last long	1.5849625007211563
 16210	 16210	UsedFor	Musical notation	record music	1.5849625007211563
303458	303458	IsA	A Walkman	radio	1.5849625007211563
367067	367067	HasPrerequisite	go to the zoo	get your camera,	1.5849625007211563
362523	362523	CapableOf	person	analyze result of test	1.5849625007211563
365766	365766	HasSubevent	go on strike	make sign	1.5849625007211563
116678	116678	CapableOf	many persons	save money	2.0
398567	398567	CausesDesire	a new washer	clean clothing	1.5849625007211563
422301	422301	CapableOf	God	chooses to do good	2.0
226996	226996	UsedFor	bean	shoot from pea shooter	1.5849625007211563
511632	511632	UsedFor	hold bay	hold cupcake	1.5849625007211563
224228	224228	NotCapableOf	Elephants	ride on people	1.5849625007211563
441556	441556	HasPrerequisite	bake a cake	have an oven	3.0
583396	583396	IsA	radio and newspaper	source of information	1.5849625007211563
315656	315656	HasPrerequisite	watch a film	see what is playing	1.5849625007211563
338721	338721	Causes	cleaning your room	not sneezing much	1.5849625007211563
362350	362350	HasSubevent	get exercise	sweat like a pig	1.5849625007211563
142712	142712	HasA	bathroom	plumb	2.0
412954	412954	HasSubevent	changing society	protesting injustices	2.0
198483	198483	CausesDesire	a desire to see a performance	go to a concert	1.5849625007211563
548031	548031	UsedFor	eat in restaurant	recreation	2.321928094887362
  5965	After taking an overnight breather , Senator Alfonse M. D'Amato today resumed his oratorical assault on Gov. Mario M. Cuomo .	is	Mario M. Cuomo	Gov.	1	1			
  8856	  8856	HasSubevent	use computer	enter phone number	1.5849625007211563
 30462	 30462	IsA	booby	bird	1.8073549220576042
 27635	 27635	CausesDesire	boredom	play chess	2.584962500721156
388819	388819	Causes	give gift	get thank you	1.5849625007211563
103370	103370	UsedFor	a book	reading a western	1.5849625007211563
308560	308560	HasPrerequisite	have party	invite lot of person	1.5849625007211563
383204	383204	Causes	watching tv	becoming sedintary	2.321928094887362
326971	326971	UsedFor	an album	another word for record	1.5849625007211563
292440	292440	UsedFor	claw hammer	remove nail from wood	1.5849625007211563
545261	545261	IsA	kissing	a form of emotion	1.5849625007211563
143435	143435	HasSubevent	playing cards	win	3.1699250014423126
396842	396842	HasPrerequisite	go to a film	find out the movie schedules	1.5849625007211563
382998	382998	ReceivesAction	glucose	derive from carbohydrate	1.5849625007211563
571796	571796	HasPrerequisite	jump at the chance	loss	1.5849625007211563
412709	412709	CapableOf	A person	write to a friend	1.5849625007211563
114670	114670	UsedFor	it	mix drinks	1.5849625007211563
 45013	 45013	ReceivesAction	Pencils need to	sharpened before using them	1.5849625007211563
29251665	Tyrosine kinase inhibitors are effective treatment options in adenocarcinoma patients with an EGFR , ALK , ROS1 or B - Raf Proto - Oncogene , Serine / Threonine kinase mutation.	kinase	Tyrosine	inhibitors are effective treatment options in adenocarcinoma patients with an EGFR , ALK , ROS1 or B - Raf Proto - Oncogene	1	1			
551641	551641	HasPrerequisite	post a message	put it in an envelope	1.5849625007211563
  1322	  1322	AtLocation	glue	glue gun	1.5849625007211563
210151	210151	CapableOf	A person	write a letter to the public	1.5849625007211563
497009	497009	HasLastSubevent	pass course	thank teacher	1.5849625007211563
349642	349642	HasFirstSubevent	sit quietly	shut up	1.5849625007211563
425741	425741	HasSubevent	blink	wash your eyeball with tears	1.5849625007211563
198907	198907	HasPrerequisite	einstein mass-energy relation	conservation of energy	2.0
508875	508875	MotivatedByGoal	splurge	you be on vacation	1.5849625007211563
131000	131000	IsA	accordion	instrument	2.321928094887362
 90845	 90845	UsedFor	a wine list	choosing a wine	1.5849625007211563
399024	399024	AtLocation	skyscraper	manhattan	1.5849625007211563
336212	336212	UsedFor	become scuba diver	see fish	1.5849625007211563
 33595	 33595	IsA	basketball	a form of aerobic exercise	1.5849625007211563
301499	301499	HasSubevent	eat a cookie	a sugar high	1.5849625007211563
551101	551101	UsedFor	bottom of ocean	rock	1.5849625007211563
440193	440193	IsA	needles	scarey	2.321928094887362
184419	184419	AtLocation	tourniquet	ambulance	1.5849625007211563
250128	250128	IsA	racquetball and tennis	two similiar game	1.5849625007211563
578415	578415	MotivatedByGoal	read a book	read	2.0
107654	107654	Causes	wage war	soldier will die	1.5849625007211563
357925	357925	AtLocation	fruit	a kitchen	1.5849625007211563
124738	124738	HasSubevent	go for spin	masturbate	1.5849625007211563
248475	248475	HasSubevent	wait for someone	become inpatient	1.5849625007211563
391027	391027	HasPrerequisite	socialise	network of interest	1.5849625007211563
599202	599202	CapableOf	mover	box belong	2.0
108416	108416	HasSubevent	it is dark enough	you can see the stars	1.5849625007211563
481191	481191	HasSubevent	go to opera	read subtitle	1.5849625007211563
335782	335782	IsA	anarchy	abstract concept	1.5849625007211563
335550	335550	AtLocation	train track	ghetto	1.5849625007211563
497741	497741	MotivatedByGoal	strike match	you need to light your campfire	1.5849625007211563
 31088	 31088	AtLocation	weasel	pet shop	2.321928094887362
128737	128737	HasSubevent	test the car	it breaks down	2.321928094887362
262616	262616	UsedFor	bridge	make travel easy	1.5849625007211563
238143	238143	HasProperty	many person think money	more important than love	1.5849625007211563
531925	531925	AtLocation	a museum ticket	a museum	2.321928094887362
22498016	Despite some controversial data , the mainstream clinical literature supports that resistin is associated with both coronary and peripheral artery diseases including ischemic stroke.	is associated	resistin	with both coronary artery diseases including ischemic stroke	1	1			
 14011	Plus , Gidley notes , there are also a number of `` push providers '' such as PointCast Inc. , which provides news and information directly to computer users rather than requiring users to surf the Net to find it .	provides	PointCast Inc.	news to computer users	1	1			
107970	107970	IsA	ivory	not currently	1.5849625007211563
245677	245677	UsedFor	a toy soldier	creating mock battles	2.321928094887362
168852	168852	HasSubevent	read newspaper	read	1.5849625007211563
435557	435557	Desires	person	lot of stuff	2.321928094887362
288294	288294	HasFirstSubevent	go to laundromat	take your dirty laundry with you	1.5849625007211563
485693	485693	CapableOf	Ali	bridge the communication gap	1.5849625007211563
333660	333660	UsedFor	spray hose	water lawn	1.5849625007211563
100187	100187	IsA	squirell	hold his nut	1.5849625007211563
598927	598927	AtLocation	a cash token	A purse	1.5849625007211563
 73870	 73870	AtLocation	lot	country in africa	1.5849625007211563
161274	161274	HasPrerequisite	see old thing	go to florida	1.5849625007211563
 91344	 91344	MotivatedByGoal	paint picture	see your idea become reality	1.5849625007211563
137283	137283	NotDesires	person	toss salad	1.5849625007211563
580601	580601	Causes	reading to your children	your children to fall asleep	3.0
440937	440937	MotivatedByGoal	surf the web	see flowers	1.5849625007211563
417927	417927	Causes	win baseball game	overconfidence	1.5849625007211563
199565	199565	UsedFor	go to party	make business deal	1.5849625007211563
358007	358007	HasSubevent	view film at home	put it in vcr	1.5849625007211563
336082	336082	UsedFor	knowing how the stock market performed	making smart financial decisions	2.321928094887362
573500	573500	PartOf	Guaynabo	Puerto Rico	1.5849625007211563
107809	107809	IsA	Hot air balloons	one way to fly	1.5849625007211563
302976	302976	CapableOf	person	chair meet	2.584962500721156
462174	462174	UsedFor	drink alcohol	relieve stress	1.5849625007211563
 66493	 66493	NotCapableOf	i	know	2.321928094887362
 14813	 14813	CapableOf	fisherman	row boat	1.5849625007211563
450348	450348	UsedFor	play baseball	beathing other team	1.5849625007211563
589758	589758	ReceivesAction	Chicken dishes	served at restaurants	1.5849625007211563
104725	104725	HasPrerequisite	read	concentration	2.0
 46596	 46596	AtLocation	salt	the sea	2.584962500721156
232567	232567	HasPrerequisite	plan vacation	gather information	1.5849625007211563
 20590	In March 2009 , Ludwig appeared in a lead role in Disney 's `` Race to Witch Mountain '' .	appeared in a lead role in	Ludwig	Disney 's Race to Witch Mountain	1	1			
423528	423528	HasSubevent	go jog	run	2.584962500721156
594921	594921	IsA	another word for vacuum	hoover	1.5849625007211563
254939	254939	MotivatedByGoal	kill	you were in danger	1.5849625007211563
433947	433947	HasSubevent	eating quickly	chew with your mouth open	1.5849625007211563
556729	556729	CapableOf	Products	come in plastic containers	1.5849625007211563
 29670	 29670	CreatedBy	sweater and sock	knit	1.5849625007211563
 44407	 44407	CapableOf	word of mouth	spread at speed of sm	1.5849625007211563
555071	555071	Causes	kiss someone	embaracment	1.5849625007211563
508403	508403	IsA	east	direction	1.5849625007211563
365124	365124	UsedFor	sleep	lazy	1.5849625007211563
 37682	Finding a Doctor Health might seem to be a particular concern , but Hal Norvell , manager of member travel products at AARP Services , maintains that the potential for sickness and injury '' has nothing to do with age 	seem to be	Finding a Doctor Health	a particular concern	1	1			
 38570	IT began when Robert Wilson , the world-famous theatrical innovator , bummed a cigarette from Katharina Otto-Bernstein at a 1998 gathering in the Hamptons . ''	bummed a cigarette from	Robert Wilson	Katharina Otto-Bernstein	1	1			
236690	236690	HasSubevent	ice melts	it is no longer ice	1.5849625007211563
251864	251864	CausesDesire	Browsing in a fabric store	sew	1.5849625007211563
  9014	Tomkins made his Premier League debut on 22 March 2008 in a 1-1 draw away to Everton.	made	Tomkins	his Premier League debut in a 1-1 draw away to Everton	1	1			
366299	366299	ReceivesAction	typewriter	find in house	1.5849625007211563
564057	564057	HasSubevent	go to work	computer will crash	1.5849625007211563
369688	369688	HasProperty	Cleaning products	dangerous	1.5849625007211563
511334	511334	IsA	frigid	cold temperature	1.5849625007211563
301180	301180	CapableOf	a person	be a president	1.5849625007211563
559465	559465	MotivatedByGoal	play soccer	you enjoy sports	2.807354922057604
256686	256686	UsedFor	eraser	remove pencil mark	2.584962500721156
217210	217210	HasProperty	rubber stamp	opaque	2.584962500721156
183853	183853	IsA	dog	border terrier	2.0
132355	132355	MotivatedByGoal	place basketball	it is good exercise	1.5849625007211563
455182	455182	CapableOf	i	butter my bread	1.5849625007211563
188511	188511	CapableOf	scholar	require knowledge	1.5849625007211563
555585	555585	UsedFor	get pay	pay college tuition	1.5849625007211563
318032	318032	AtLocation	a brass instrument	a school band	2.321928094887362
212656	212656	AtLocation	an apple tree	it's natural habitat	1.5849625007211563
 63754	 63754	CapableOf	police	board vessels	1.5849625007211563
282740	282740	HasFirstSubevent	make love	kiss	2.321928094887362
445936	445936	IsA	bottle and jug	both container for liquid	1.5849625007211563
522076	522076	IsA	The capital of Pakistan	Islamabad	1.5849625007211563
367315	367315	ReceivesAction	magic	perform by magician	1.5849625007211563
495766	495766	HasProperty	Plus	opposite from minus	1.5849625007211563
 62484	 62484	Causes	purchase cellular phone	more talk	1.5849625007211563
217005	217005	UsedFor	canoe	travel on water	2.321928094887362
246677	246677	Causes	say something cruel	get one nose punch	1.5849625007211563
506823	506823	UsedFor	a lighting grid	light a stage	1.5849625007211563
225939	225939	Causes	sitting quietly	anxiety	1.5849625007211563
394175	394175	AtLocation	key in car	front floormat	1.5849625007211563
150889	150889	HasProperty	airplane	fly	1.5849625007211563
385219	385219	UsedFor	taking breaks	restoring the mind	1.5849625007211563
546295	546295	DefinedAs	Bachman's warbler	Vermivora bachmanii	1.5849625007211563
220264	220264	Causes	global warming	unseasonable weather occurs	2.0
303443	303443	HasA	marajuana	T.H.C	1.5849625007211563
266427	266427	IsA	a hamburger	not seafood	1.5849625007211563
329565	329565	CapableOf	A trial	last a long time	1.5849625007211563
349158	349158	IsA	China's consumption of oil	increasing dramatically	1.5849625007211563
30320989	Indeed , studies have shown that intensive follow - up with several additional exams detect more recurrences without any impact on overall survival and lead to anxiety.	detect	intensive follow - up with several additional exams	more recurrences	1	1			
537622	537622	HasSubevent	drinking	eat a burger	1.5849625007211563
 20896	 20896	CapableOf	in floppy you	store file	1.5849625007211563
128270	128270	HasProperty	Driza-Bone	Australian	1.5849625007211563
254819	254819	UsedFor	needlepoint	decorate wall	1.5849625007211563
122671	122671	CausesDesire	thanksgiving	have party	1.5849625007211563
243942	243942	NotDesires	person	report failure	1.5849625007211563
388852	388852	HasPrerequisite	find lose item	seek it	1.5849625007211563
579820	579820	HasPrerequisite	cook dinner	talent	1.5849625007211563
134818	134818	IsA	behavior	way of act	1.5849625007211563
394470	394470	UsedFor	bridge arch	cross gap	2.321928094887362
 25557	Mr. Zoffinger , who was appointed by Mr. McGreevey in March 2002 , has made it clear throughout his tenure that his goal was to remake the sports authority into a profitable entity , pushing for commercial development in the form of a $ 1.3 billion development called Xanadu -- a five-million-square-foot retail , entertainment , hotel and office complex featuring a chocolate waterfall , artificial ski slope and paintball range -- and taking a tough negotiating line against the resident sports teams .	be featuring	a five-million-square-foot retail	artificial ski slope	1	1			
144012	144012	HasFirstSubevent	begin work	organize organize organize	1.5849625007211563
565408	565408	HasPrerequisite	eating vegetables	salt	1.5849625007211563
523474	523474	ReceivesAction	A poem	written by a poet	1.5849625007211563
  6836	Net income represented net asset value .	represented	Net income	net asset value	1	1			
159680	159680	UsedFor	lesson	teach golf	1.5849625007211563
 45087	 45087	HasPrerequisite	take music lesson	concentration	1.5849625007211563
414031	414031	HasProperty	fast boat be long than they	wide	1.5849625007211563
355302	355302	HasPrerequisite	determining the truth	knowing the facts	1.5849625007211563
295043	295043	HasPrerequisite	Sailing	water and wind	1.5849625007211563
 81964	 81964	ReceivesAction	airplane ticket	print with ink	1.5849625007211563
 39447	 39447	HasProperty	her shirt	black	1.5849625007211563
321089	321089	AtLocation	man	bedroom	1.5849625007211563
391839	391839	IsA	rose	not catfood	1.5849625007211563
218068	218068	MotivatedByGoal	talk to someone	you feel lonely	1.5849625007211563
388851	388851	HasFirstSubevent	work box office	take ticket	2.321928094887362
340014	340014	CausesDesire	imagination	write a story	1.5849625007211563
146012	146012	AtLocation	a radio	every car and house	2.0
373143	373143	MotivatedByGoal	find the end of the line	get in line	1.5849625007211563
389076	389076	HasA	microsoft chart	seven menu	1.5849625007211563
538690	538690	UsedFor	a card case	carry business cards	2.0
229543	229543	UsedFor	sleighing ride	winter fun	1.5849625007211563
462713	462713	Causes	committing to memory	a new responsibility	1.5849625007211563
204169	204169	CapableOf	a college degree	further a career	2.0
169307	169307	IsA	science	art	1.5849625007211563
341857	341857	CapableOf	for person	be two level of communication	1.5849625007211563
290789	290789	IsA	capital of liberia	monrovia	1.5849625007211563
261593	261593	HasSubevent	talk to someone	get persuade	1.5849625007211563
   792	A grand speech by Moses in Deuteronomy synthesizes these conflicting personalities to produce a relatively stable identity for God by the conclusion of the Torah .	be produce a relatively stable identity for God by the conclusion of	A grand speech by Moses in Deuteronomy	the Torah	1	1			
175997	175997	MadeOf	paper clip	metal	2.321928094887362
475819	475819	HasProperty	peanut	use to make peanut butter	1.5849625007211563
566652	566652	HasPrerequisite	go see film	reserve ticket	1.5849625007211563
245708	245708	CapableOf	you	rest after work	2.0
377787	377787	ReceivesAction	cowboy boot that have	wear	1.5849625007211563
309216	309216	CapableOf	the pope	speak to the masses	2.0
 92524	 92524	UsedFor	hanging out at the bar	dating	1.5849625007211563
572559	572559	ReceivesAction	movies	shot on film reels	1.5849625007211563
192623	192623	CapableOf	top	right itself	1.5849625007211563
489635	489635	AtLocation	wiener dog	park walk with it owner	1.5849625007211563
448290	448290	UsedFor	getting a job	occupying your time	1.5849625007211563
429590	429590	HasA	you need one to	orchestra	1.5849625007211563
 57490	 57490	AtLocation	disease	impoverish country	1.5849625007211563
287737	287737	CapableOf	person	fast for length of time	1.5849625007211563
351723	351723	HasPrerequisite	type	practise	1.5849625007211563
116499	116499	AtLocation	a large supermarket	a shopping mall	1.5849625007211563
 44377	 44377	CapableOf	fan	keep you cool in summer	1.5849625007211563
232479	232479	HasSubevent	bring home some fish	you might cook them	1.5849625007211563
498757	498757	MotivatedByGoal	cut your hair	it to be short or different	1.5849625007211563
409379	409379	Causes	drive car	be injure in accident	1.5849625007211563
303360	303360	AtLocation	plate	on cabinet	2.0
296044	296044	HasSubevent	listen to radio	change station	1.5849625007211563
570035	570035	IsA	jian	sword	2.0
577414	577414	DefinedAs	position light and depth of field	basic of sample preparation	1.5849625007211563
 63291	 63291	AtLocation	shelf	your butt	1.5849625007211563
 19002	So far, Mr. Ginty has elicited praise from conservatives like Steven Lonegan, who ran for governor last year.	ran	Steven Lonegan	for governor last year	1	1			
341128	341128	IsA	it	an honer to receive a metal	1.5849625007211563
320867	320867	ReceivesAction	many products	contained in packaging	1.5849625007211563
569062	569062	IsA	Ash	growing up	1.5849625007211563
150209	150209	CausesDesire	a large investment	know how the stock market performed	1.5849625007211563
366157	366157	HasProperty	rubber ducky	very sexual	2.0
444986	444986	UsedFor	lantern	create oriental atmosphere	1.5849625007211563
301085	301085	UsedFor	toothpick	pick tooth	1.5849625007211563
  9614	Hoechst 33342 exhibits a 10 fold greater cell-permeability than H 33258 .	exhibits a 10 fold greater cell-permeability than	Hoechst 33342	H 33258	1	1			
209413	209413	HasProperty	america	huge	2.0
564162	564162	AtLocation	belief	homes	1.5849625007211563
427008	427008	CapableOf	trouble	cause pain	1.5849625007211563
450970	450970	HasSubevent	see story	stop to read story	1.5849625007211563
230480	230480	HasSubevent	earn live	pick up trash	1.5849625007211563
141547	141547	IsA	The state flower symbol for Alabama	camellia	1.5849625007211563
414807	414807	NotCapableOf	all human	consider augustine to be saint	1.5849625007211563
 79944	 79944	IsA	a column	a support beam	1.5849625007211563
511467	511467	IsA	Some cream is antiseptic and	used topically on the skin	1.5849625007211563
266259	266259	HasPrerequisite	stay in bed	pretend you	1.5849625007211563
217052	217052	Causes	go to market	opportunity to buy food product	1.5849625007211563
 46748	 46748	MadeOf	a bicycle	metal	2.807354922057604
 73628	 73628	IsA	The capital of Kazakhstan	Astana (Akmola )	1.5849625007211563
  1625	Like opera at its 16th-century beginnings , Ms. Portman 's work lifts words in the air and carries them along , '' he said , adding , '' It might do well on Broadway . ''	lifts words at	Ms. Portman 's work	its 16th-century beginnings	1	1			
266714	266714	UsedFor	hear testimony	judge	2.584962500721156
198848	198848	UsedFor	getting onto the web	finding directions	1.5849625007211563
591120	591120	IsA	dry ice	solid carbon dioxyde	1.5849625007211563
174488	174488	AtLocation	beaver	low river	1.5849625007211563
306716	306716	AtLocation	sloth	rain forrest	1.5849625007211563
 25962	I.B.M. , which is based in Armonk , N.Y. , reported its results after the close of market trading .	is based in	I.B.M.	Armonk	1	1			
 96161	 96161	IsA	white-out	correction fluid	2.321928094887362
260958	260958	IsA	Jibberish	a language that means nothing	1.5849625007211563
383696	383696	HasProperty	People	tested for drugs	1.5849625007211563
588089	588089	CapableOf	window	let in beam of light	1.5849625007211563
554927	554927	HasLastSubevent	have a party	refrigerate the food	2.0
  3029	A police statement did not name the man in the boot, but in effect indicated the traveler was State Secretary Samuli Virtanen, who is also the deputy to Foreign Minister Timo Soini.	was	Samuli Virtanen	Samuli Virtanen	1	1			
213917	213917	HasSubevent	writing	insert footnotes	1.5849625007211563
 60658	 60658	HasProperty	person might	literate	1.5849625007211563
421466	421466	AtLocation	a hockey player	at a hockey game	2.321928094887362
  3075	  3075	Desires	a person	a good medical system	1.5849625007211563
152699	152699	CausesDesire	get license	take exam	1.5849625007211563
317445	317445	AtLocation	someone	compost pile add yard waste	1.5849625007211563
413570	413570	DefinedAs	human	bad live thing on earth for nature	2.0
401092	401092	HasSubevent	golf	record your score	1.5849625007211563
 93320	 93320	AtLocation	mustard	refrigerator	1.5849625007211563
 38380	 38380	HasPrerequisite	wash clothe	water and soap	1.5849625007211563
133539	133539	CausesDesire	feel depress	get drunk	1.5849625007211563
368610	368610	MadeOf	a gate leg table	wood	1.5849625007211563
173752	173752	HasProperty	rotary dial telephone	obsolete	1.5849625007211563
192830	192830	UsedFor	a laser	guidance systems	1.5849625007211563
187989	187989	HasPrerequisite	find lose item	pore over item	1.5849625007211563
32723859	No significant differences in preferences were present between COPD and interstitial lung disease.	were	No significant differences in preferences	present between COPD and interstitial lung disease	1	1			
 12108	 12108	ReceivesAction	Many patterns	found in nature	1.5849625007211563
351558	351558	NotDesires	person	cranky kid	1.5849625007211563
520864	520864	HasProperty	bannas	yellow	1.5849625007211563
372377	372377	AtLocation	harp	irish bar	1.5849625007211563
344890	344890	Causes	eating breakfast in bed	your bed will get dirty	1.5849625007211563
557388	557388	HasA	the earth	a thick shield called an atmosphere	1.5849625007211563
408356	408356	AtLocation	something	international space station	2.321928094887362
 95668	 95668	CapableOf	girlfriend	eye diamond ring	1.5849625007211563
465859	465859	UsedFor	listen	understand	1.5849625007211563
  6981	He said the public school from which he transferred three years ago had metal detectors that still failed to keep out the sense that danger lurked nearby.	failed	metal detectors	to keep out the sense that danger lurked nearby still	1	1			
16357787	In multivariate analysis , onset of diabetes before the age of 15 was associated with the knowledge that diabetes may be associated with complications during pregnancy ; the use of contraception was associated with knowledge about preconception care ; a high educational level was associated with knowledge that complications are avoidable and that good glycemic control is mandatory before conception.	was associated	a high educational level	with knowledge that good glycemic control is mandatory before conception	1	1			
 10145	Conventional services seemed too formal and rigid , many mourners say , particularly when led by someone who did not know the deceased .	did know	someone	the deceased	1	1			
481607	481607	Desires	person	study	2.584962500721156
511495	511495	AtLocation	bazaar	arabia	1.5849625007211563
458414	458414	UsedFor	mailbox	send package	2.0
 33878	 33878	HasA	Someone	a heart attack in China	1.5849625007211563
163247	163247	HasPrerequisite	follow recipe	be literate	1.5849625007211563
122556	122556	Causes	maintaining muscle strength	building muscle	1.5849625007211563
175565	175565	UsedFor	spray hose	spray liquid	2.321928094887362
216403	216403	HasProperty	Some cross-sections of cylinders	circular	1.5849625007211563
125560	125560	HasSubevent	buy presents for others	Buy something	1.5849625007211563
590565	590565	MotivatedByGoal	surprise someone	like it	1.5849625007211563
338596	338596	IsA	The capital city of Oregon	Salem	1.5849625007211563
470852	470852	AtLocation	lots	channels on cable TV	1.5849625007211563
351530	351530	HasPrerequisite	commit suicide	breakdown	1.5849625007211563
151094	151094	UsedFor	a movie house	exploring your imagination	1.5849625007211563
225124	225124	UsedFor	bowl	wheaties	1.5849625007211563
559244	559244	HasSubevent	clean clothe	your wash machine break down	1.5849625007211563
 30929	 30929	UsedFor	an on deck circle	get warmed up befor batting	1.5849625007211563
549670	549670	HasProperty	they	light and fluffy	1.5849625007211563
327954	327954	DefinedAs	geology	study of rocks	1.5849625007211563
234805	234805	ReceivesAction	water	find in animal	1.5849625007211563
261167	261167	HasProperty	jewelry	valuable	2.321928094887362
277645	277645	HasSubevent	study for a subject	gaining knowledge	1.5849625007211563
337141	337141	HasSubevent	create something to help other people	address the needs of other people	1.5849625007211563
 62501	 62501	MotivatedByGoal	read book	story make you think	1.5849625007211563
21689660	Acquired cardiovascular diseases such as coronary heart disease , peripheral artery disease and related vascular problems contribute to more than one - third of worldwide morbidity and mortality.	contribute	Acquired cardiovascular diseases such as related vascular problems	to more than one - third of worldwide morbidity	1	1			
577600	577600	HasPrerequisite	commit to memory	neuron	1.5849625007211563
427586	427586	HasLastSubevent	eat lunch	wash dishes	1.5849625007211563
 17222	Terms call for First Security to issue about 0.55 share of its stock for each Deseret share held , or a total of about 550,000 First Security shares .	is to issue for each Deseret share held	First Security	about 0.55 share of its stock	1	1			
249166	249166	IsA	large city in nebraska	omaha	1.5849625007211563
340785	340785	HasPrerequisite	kill someone	think about the consequences	1.5849625007211563
 35811	 35811	CapableOf	person	play dumb	1.5849625007211563
457551	457551	HasSubevent	attend class	look through microscope	1.5849625007211563
   568	Colonel Qaddafi pledged $ 1 billion to the Nation of Islam after meeting with Mr. Farrakhan in Libya in January .	is	Farrakhan	male	1	1			
430830	430830	HasSubevent	buy something for a loved one	spend money	1.5849625007211563
223434	223434	HasProperty	poet often strive for language that	beautiful	1.5849625007211563
465132	465132	CapableOf	music	charm beast	1.5849625007211563
215184	215184	AtLocation	transit card	bus station	1.5849625007211563
 88865	 88865	HasPrerequisite	exercise	decide if you need to exercise	1.5849625007211563
398092	398092	HasProperty	capitol build	beautiful	1.5849625007211563
467056	467056	CausesDesire	a need to understand it	examine a thing	1.5849625007211563
320813	320813	IsA	chemist	person who study chemistry	1.5849625007211563
394773	394773	CapableOf	people	study physics	1.5849625007211563
 34993	 34993	IsA	broil	heat from above	1.5849625007211563
 22281	These immigrants `` deserve consideration under the laws that were in place when they applied '' for asylum , said Rep. Lincoln Diaz-Balart , R-Fla. , who is the lead sponsor of House legislation that would change the current law .	were	the laws	in place	1	1			
 27742	What is more , one term-limits group , Americans for Limited Terms , plans to spend at least $ 165,000 for television and radio advertisements to bring down Mr. Simpson .	is	Simpson	male	1	1			
 44812	 44812	AtLocation	oil	resturant	1.5849625007211563
405673	405673	Causes	answer question	mind boggle	1.5849625007211563
122838	122838	IsA	happiness	bliss	2.0
132135	132135	CapableOf	electricity	power many machine	1.5849625007211563
228750	228750	Causes	lying	a long nose	1.5849625007211563
327585	327585	IsA	cross country skiing	an olympic event	1.5849625007211563
 64037	 64037	AtLocation	pebble	creek	1.5849625007211563
   569	Before Anand could get to work exploiting his bishop pair , Karpov got rid of a couple of bishops with 26 Be4 Ra7 27 Bd5 Bd5 28 R1d5 .	got rid of a couple of bishops with	Karpov	QUANT_O_1 Be4 Ra7 QUANT_O_2 Bd5 Bd5 QUANT_O_3 R1d5	1	1			
 14680	 14680	HasSubevent	buy product	store get money	1.5849625007211563
502360	502360	HasPrerequisite	stay fit	eat a balanced diet	1.5849625007211563
260750	260750	HasFirstSubevent	hear the crowd go mad	wonder what happened	1.5849625007211563
204956	204956	Causes	chatting with friends	you lose track of time	1.5849625007211563
417300	417300	UsedFor	a glue	fixing broken china	1.5849625007211563
 23220	Military Has Upper Hand Gay-rights advocates are `` taking on the toughest area of the law , '' Professor Sunstein said .	Military Has Hand	Upper	Gay-rights advocates	1	1			
136937	136937	CapableOf	horse	break leg in their hole	1.5849625007211563
486130	486130	Causes	diminishing your own hunger	you have food in you stomach	1.5849625007211563
147733	147733	UsedFor	a kosher deli	buy bagels	1.5849625007211563
305766	305766	HasPrerequisite	contemplating	peace and quiet	1.5849625007211563
592178	592178	MotivatedByGoal	pay by credit card	earn airline miles	1.5849625007211563
 59747	 59747	CapableOf	a professor	field a question	1.5849625007211563
451073	451073	UsedFor	saucer	catch drip from teacup	1.5849625007211563
163490	163490	IsA	cheshire	cheese	2.0
226723	226723	IsA	New York	a place	1.8073549220576042
424118	424118	HasPrerequisite	take walk	bring dog	2.321928094887362
139617	139617	CapableOf	egg	be fried	2.0
7995407	National prescription rules exist in some parts of Spain , Switzerland and Belgium.	exist	National prescription rules	in some parts of Switzerland	1	1			
573361	573361	IsA	mammal	anteater	3.3923174227787602
244185	244185	PartOf	A person	nature	2.0
259407	259407	CapableOf	People	talk to themselves sometimes	1.5849625007211563
221876	221876	AtLocation	dust	plate	1.5849625007211563
474796	474796	Causes	taking an exam	you get the result	2.0
170590	170590	MotivatedByGoal	reproduce	large herd	1.5849625007211563
486858	486858	HasPrerequisite	see your idea become reality	hard work	1.5849625007211563
523272	523272	HasSubevent	wage war	some person protest	1.5849625007211563
590627	590627	Causes	tie your shoelace	have tie shoe	2.0
278333	278333	HasSubevent	fish	fish see bait	1.5849625007211563
   154	   154	HasFirstSubevent	kill	choose a victim	1.5849625007211563
420487	420487	UsedFor	moving a car	preventing it from being towed	2.321928094887362
480165	480165	UsedFor	billiard ball	play billiards	2.0
229218	229218	CapableOf	the cat	trip an old lady	1.5849625007211563
  9632	  9632	AtLocation	something	pet store	1.5849625007211563
261521	261521	MotivatedByGoal	ask her him for phone number	call friend	2.0
280387	280387	ReceivesAction	jesus	born in the middle east	1.5849625007211563
186412	186412	Causes	washing dirt from between your toes	a great feeling of cleanliness	1.5849625007211563
116418	116418	UsedFor	Gas chromatographs	make chemical measurements	1.5849625007211563
168302	168302	CapableOf	you	hurry process by work fast	1.5849625007211563
29725935	A better understanding of the function and dynamics of gut microbiota derived metabolites holds great promise toward mechanistic predicative CVD biomarker discoveries and precise interventions.	holds	A better understanding of the function of gut microbiota derived metabolites	great promise	toward precise interventions	1	1		
 36893	 36893	CapableOf	fan	be switched off	2.0
265188	265188	HasProperty	something	attentive	1.5849625007211563
273471	273471	HasSubevent	examining a thing	scan it	1.5849625007211563
164639	164639	CausesDesire	pressure	calculate thing quickly	1.5849625007211563
124558	124558	DefinedAs	bristol	commercial capital of western england	2.321928094887362
249048	249048	UsedFor	eating quickly	gaining weight	1.5849625007211563
544504	544504	CapableOf	dictator	love pin numerous medal on themselves	1.5849625007211563
183738	183738	IsA	city	bussy	1.5849625007211563
133368	133368	ReceivesAction	Polished stones	used in jewelry	1.5849625007211563
30515958	Several antihyperglycemic agents have been developed over time , and T2DM pharmacotherapy should be prescribed based on suitability for the individual patient 's characteristics.	should be prescribed	T2 DM pharmacotherapy	based on suitability for the individual patient 's characteristics	1	1			
183854	183854	DefinedAs	thespians	actors	1.5849625007211563
311147	311147	IsA	Something you find underwater	muck	1.5849625007211563
277784	277784	AtLocation	movie theater	shop mall	1.5849625007211563
405628	405628	AtLocation	your finger	your nose	2.0
303344	303344	ReceivesAction	newspaper	use as fuel for fire	1.5849625007211563
209084	209084	AtLocation	fungus	warm humid area	1.5849625007211563
385794	385794	HasProperty	find out how something	engineer by reverse engineer it	1.5849625007211563
542661	542661	IsA	kangaroo rat	small rodent from north america	1.5849625007211563
 78894	 78894	CapableOf	greedy person	price thing too high	1.5849625007211563
253574	253574	MotivatedByGoal	buy something for love one	them to be happy	2.0
443280	443280	Causes	go fish	obtain fish	1.5849625007211563
414190	414190	HasLastSubevent	bake cake	clean up	1.5849625007211563
279869	279869	HasSubevent	get some physical activity	you burn off some calorie	1.5849625007211563
381358	381358	CapableOf	A safety pin	replace a lost button	1.5849625007211563
222038	222038	UsedFor	coat	keep person warm	1.5849625007211563
 59191	 59191	HasFirstSubevent	go to the zoo	see the monkeys beat off	1.5849625007211563
 26432	 26432	ReceivesAction	morphine	administer to ease pain	1.5849625007211563
477193	477193	Desires	a person	clean air	2.0
493079	493079	NotDesires	a business man	get fired	2.0
491999	491999	CapableOf	human be	run	2.321928094887362
388205	388205	AtLocation	idiot	internet cafe	1.5849625007211563
 30912	Dr. Weiss graduated summa cum laude from Brandeis University and received his medical degree from Yale University.	received	Dr. Weiss	his medical degree from Yale University	1	1			
226802	226802	UsedFor	a general store	making loss	2.0
286020	286020	CapableOf	A child	roll downhill on skates	1.5849625007211563
501021	501021	IsA	centipede	small predatory animal with many leg	1.5849625007211563
 25331	While Charlie Ward backs up Jackson , Camby most likely was not referring to him because Ward attempted only three shots in 14 minutes .	attempted QUANT_R_1 shots in	Ward	QUANT_O_1 minutes	1	1			
585369	585369	IsA	subway	underground commuter train	1.5849625007211563
188481	188481	DefinedAs	parent	child of grandparent	1.5849625007211563
271930	271930	CapableOf	Maybe you	decide that we should leave now	1.5849625007211563
524985	524985	HasPrerequisite	institute civil action	file	1.5849625007211563
422899	422899	HasPrerequisite	sing	sound	3.1699250014423126
133419	133419	UsedFor	investing money or energy	fun and profit	1.5849625007211563
222279	222279	CausesDesire	fear	calculate thing quickly	1.5849625007211563
579922	579922	MotivatedByGoal	play game	game can make you smart	1.5849625007211563
301596	301596	MotivatedByGoal	go to a restaurant	eat good food	1.5849625007211563
412929	412929	CapableOf	apples will	rot	1.5849625007211563
 79088	 79088	AtLocation	a pair of socks	a backpack	1.5849625007211563
372329	372329	ReceivesAction	Sounds, pictures and words	put on compact disks	1.5849625007211563
575906	575906	NotDesires	person	key break in lock	1.5849625007211563
271103	271103	IsA	consciousness	mental process	2.0
136931	136931	CapableOf	Electromagnetic waves	support a signal	1.5849625007211563
 58552	 58552	UsedFor	learn about world	enlightenment	1.5849625007211563
309326	309326	IsA	one man trash	another man treasure	1.5849625007211563
255268	255268	MotivatedByGoal	compute a sum	an answer	3.0
 48994	 48994	HasProperty	bad choice	reject	1.5849625007211563
111736	111736	Causes	fish	you might catch fish	1.5849625007211563
332897	332897	IsA	one way to examine cervix	colposcope	1.5849625007211563
137980	137980	Causes	strike match	heat	1.5849625007211563
512467	512467	Desires	a person	be witty	2.0
234213	234213	HasProperty	Deep oceans	unexplored	1.5849625007211563
450634	450634	IsA	one way to scope out information	laryngoscope	1.5849625007211563
572287	572287	NotDesires	person	famine	1.5849625007211563
154362	154362	PartOf	renal tubular adenoma	benign tumor	2.0
116502	116502	CapableOf	the rich	buy anything	1.5849625007211563
 21293	 21293	MotivatedByGoal	play game	have some fun	1.5849625007211563
383833	383833	MotivatedByGoal	read a book	be smart	1.5849625007211563
211008	211008	HasPrerequisite	stay healthy	live a good life	1.5849625007211563
  7535	  7535	HasProperty	the hour	late	1.5849625007211563
 59557	 59557	CausesDesire	perspiration	bathe	1.5849625007211563
186630	186630	HasPrerequisite	use calculator	push button	1.5849625007211563
149504	149504	HasA	britain	monarchy	1.5849625007211563
 32316	 32316	HasA	hotel	lobby on first floor	1.5849625007211563
418759	418759	CapableOf	glass	break easily	2.807354922057604
379393	379393	HasSubevent	make it grow	give it nutrients	1.5849625007211563
380777	380777	IsA	Matthew and Luke	revised versions of Mark	1.5849625007211563
262529	262529	CausesDesire	frustration	jump out of window	1.5849625007211563
239356	239356	CausesDesire	wanting to eat potato chips	open a bag of chips	1.5849625007211563
249367	249367	HasA	most home	kitchen table	1.5849625007211563
23402449	Recommendations for future research include studying mechanisms by which depression affects the QoL of T2DM patients , outlining effects of positive emotions on managing consequences of distress and depression in these patients , and developing interventions to address both depression and diabetes that minimize the treatment burden and costs for patients.	to address	interventions	both diabetes	1	1			
109411	109411	NotHasProperty	scotland	part of england	1.5849625007211563
 15915	 15915	DefinedAs	foal	new-born horse	1.5849625007211563
206032	206032	UsedFor	surfing the net	finding information	3.0
597536	597536	HasSubevent	walk around lake	goose could beg for food	1.5849625007211563
 51817	 51817	CapableOf	Your mother	care about you	1.5849625007211563
189105	189105	ReceivesAction	tv	watch	2.0
311207	311207	UsedFor	a seafood restaurant	eating calamari	1.5849625007211563
447231	447231	HasSubevent	driving	the need for sun glasses	1.5849625007211563
242178	242178	HasLastSubevent	clean	put away cleaning supplies	1.5849625007211563
 11168	Usually maintained by homeowners ' associations , the communities typically include a clubhouse with rooms for socializing and often a golf course .	include	the communities	a clubhouse with rooms for often a golf course	1	1			
542570	542570	MotivatedByGoal	meet interest person	learn from them	2.0
 70891	 70891	HasProperty	most important thing	learn outside of school	1.5849625007211563
30150419	Cardiovascular disease is the prevalent cause of morbidity and mortality in the world , affecting many millions of individuals every year.	affecting	the prevalent cause of morbidity in the world	many millions of individuals	every year	1	1		
 26641	 26641	Causes	dress nice	make good impression	2.807354922057604
213132	213132	MotivatedByGoal	socialize	company	1.5849625007211563
482779	482779	HasSubevent	painting a picture	concentrating your mind	1.5849625007211563
507607	507607	IsA	The American flag	called the Stars and Stripes	1.5849625007211563
141128	141128	AtLocation	farmland	the midwest	2.0
331389	331389	CapableOf	Lightnings discharge	amounts of energy	1.5849625007211563
391887	391887	HasSubevent	making people laugh	face painting	1.5849625007211563
296323	296323	Desires	a person	be complemented	2.0
357509	357509	UsedFor	go on internet	find new thing	1.5849625007211563
271176	271176	AtLocation	fish	in lake	2.584962500721156
382502	382502	HasProperty	coin	flat and round	1.5849625007211563
281349	281349	HasA	This couple	fucked at least three times	1.5849625007211563
448682	448682	IsA	this	basketball	3.1699250014423126
292076	292076	HasProperty	coin	hard to hold in wallet	1.5849625007211563
379233	379233	AtLocation	security guards	at a mall	2.0
506767	506767	CapableOf	ink stamp	date meat product	1.5849625007211563
169743	169743	HasPrerequisite	cool off	find a fan	1.5849625007211563
261415	261415	UsedFor	playing a game with your friends	having a good time	1.5849625007211563
287560	287560	IsA	matching colors	pleasing tot he eye	1.5849625007211563
413675	413675	PartOf	pierre	south dakota	1.5849625007211563
152901	152901	CapableOf	It	rain all night long	1.5849625007211563
138717	138717	HasProperty	old books	interesting as new ones	1.5849625007211563
 35281	The jury -- six men and six women who deliberated for two and a half days -- reached its verdict on Friday , finding that the law firm , Baker & McKenzie , had failed to take steps to stop the partner , Martin R. Greenstein , from harassing a legal secretary .	deliberated for	QUANT_S_1 women	a QUANT_O_1 days	1	1			
459092	459092	Causes	play harp	sound of music	2.321928094887362
282781	282781	UsedFor	telephone box	call your mom	1.5849625007211563
579477	579477	Desires	a person	bladder control	1.5849625007211563
 31897	Accordingly , the breech of a gun is the back end , the part behind the barrel ; a breech delivery is with the baby 's backside first , and a cub reporter occasionally gets too big for his breeches , or trousers .	is	the breech of a gun	the back end	1	1			
174486	174486	CapableOf	nature and civilization	co-exist	1.5849625007211563
364735	364735	HasPrerequisite	climb a mountain	obtain mountaineering equipment	1.5849625007211563
492426	492426	Desires	person	respond to complaint	1.5849625007211563
375732	375732	CapableOf	A parabola	focus waves or rays	1.5849625007211563
416159	416159	UsedFor	diary	take memo	2.0
 28222	 28222	Desires	person	fit answer	1.5849625007211563
502523	502523	CapableOf	A girl	place a book on a shelf	1.5849625007211563
540709	540709	HasProperty	If someone practices vanity, that person	evil	1.5849625007211563
  4392	  4392	HasSubevent	send e-mail	computer crash	1.5849625007211563
245340	245340	HasA	earth atmosphere	oxygen	1.5849625007211563
 80840	 80840	Desires	person	live well	3.0
445124	445124	AtLocation	girl	the city	1.5849625007211563
101081	101081	HasProperty	a scratched eye	sore	1.5849625007211563
260256	260256	HasProperty	baby	expressive	1.5849625007211563
552852	552852	CapableOf	pastor	serve his congregation	1.5849625007211563
 44207	 44207	Desires	Alot of people	eat pie-al-a-mode	1.5849625007211563
170633	170633	HasPrerequisite	drive to work	car to drive in	1.5849625007211563
205935	205935	CapableOf	because with gas you	drive to the store	1.5849625007211563
276327	276327	HasLastSubevent	look through telescope	focus	1.5849625007211563
385502	385502	IsA	home	where you hang your hat	2.0
337243	337243	CapableOf	student	answer question	2.807354922057604
396650	396650	UsedFor	kosher delicatessen	buy bread	1.5849625007211563
380732	380732	UsedFor	drink	stay alive	1.5849625007211563
201395	201395	IsA	weasel	dishonest person	1.5849625007211563
282191	282191	CapableOf	An arm	lift a book	1.5849625007211563
591885	591885	UsedFor	jumping out of a window	killing oneself	1.5849625007211563
133276	133276	ReceivesAction	The sprinkler	turned on	1.5849625007211563
300134	300134	HasPrerequisite	take a shower	take off your watch	1.5849625007211563
 41198	 41198	CapableOf	someone	take a hike	1.5849625007211563
 13070	 13070	IsA	staphylococcus aureus	golden staph	1.5849625007211563
472624	472624	HasSubevent	taking the car for a drive	you might get a flat tire	1.5849625007211563
346100	346100	HasFirstSubevent	entertain someone	hump their leg	1.5849625007211563
226232	226232	HasPrerequisite	get onto web	click	1.5849625007211563
 56887	 56887	AtLocation	water	watermellon	2.321928094887362
170818	170818	IsA	coal	fossil fuel	2.0
481900	481900	IsA	Each human	a free moral agent	1.5849625007211563
 72342	 72342	UsedFor	sale	dispose of excess merchandise	1.5849625007211563
505559	505559	CapableOf	someone	wade through swamp	1.5849625007211563
346341	346341	DefinedAs	a litter	The kittens from one mother	1.5849625007211563
29796712	Current guidelines suggest the use of cetuximab or panitumumab in RAS wild - type disease and left colon cancer especially for cytoreduction / conversion purposes , since the expected benefit in right colon cancer is absent or clinically modest.	suggest	Current guidelines	the use of cetuximab or panitumumab in RAS wild - type disease	1	1			
252556	252556	UsedFor	hair	shampooing	1.5849625007211563
416242	416242	HasProperty	Few politicians	literate	1.5849625007211563
 43164	 43164	HasSubevent	buy product	compare value	1.5849625007211563
 57173	 57173	CapableOf	friends	meet at the mall	1.5849625007211563
415446	415446	HasSubevent	serve justice	explain	1.5849625007211563
240604	240604	IsA	large city in kansa	wichita	1.5849625007211563
 46272	 46272	Causes	losing consciousness	injury	2.807354922057604
154841	154841	AtLocation	peace and quiet	home	1.5849625007211563
202712	202712	CapableOf	humans	seek lifetime companions	1.5849625007211563
 17666	Other Stories , '' the other piece , takes place on a stage within a stage and brings different stories together in unusual juxtapositions to suggest both the chaos of life and the power of movement .	brings together	the other piece	different stories to suggest the power of movement	1	1			
596078	596078	UsedFor	a card	obtain cash	1.5849625007211563
592792	592792	CapableOf	a cook	season a dish	2.0
 38642	 38642	CapableOf	A compulsive hoarder	collect glass bottles	1.5849625007211563
451585	451585	MotivatedByGoal	learn	be smarter	2.584962500721156
  8905	This month , six former chairmen of the Republican National Committee , including Senator Bob Dole and Haley Barbour , sent a letter to Mr. Bush urging him to support an expanded guest worker program and a limited legalization plan . ''	is	Senator Bob Dole	the Republican National Committee	1	1			
 68727	 68727	CapableOf	family	eat dinner together	1.5849625007211563
208285	208285	AtLocation	a crab	chinese market	1.5849625007211563
187825	187825	IsA	compaq	computer	2.321928094887362
417094	417094	IsA	The four seasons	winter, spring, summer, and autumn	1.5849625007211563
235182	235182	AtLocation	italian restaurant	chicago	1.5849625007211563
229539	229539	UsedFor	A vice	hold things	1.5849625007211563
 26630	 26630	HasProperty	eye	different color	1.5849625007211563
400553	400553	UsedFor	cleaning the house	concretizing a philosophical position	1.5849625007211563
 46556	 46556	Causes	reading the news	anger	1.5849625007211563
 29184	 29184	HasSubevent	see your favorite show	smile	2.0
474144	474144	AtLocation	a mouse	vineyard	1.5849625007211563
353314	353314	HasProperty	song	pretty	1.5849625007211563
386265	386265	HasPrerequisite	fall	leave your shoe laces untied	1.5849625007211563
 19463	Yet in New Jersey , the effort to make needles freely or more easily available has been blocked repeatedly over the years .	has been blocked repeatedly over	the effort to make needles more easily available	the years	1	1			
116729	116729	IsA	this	lumberjack competition	1.5849625007211563
 23077	When Queen Isabella II first opened the 17th-century Parque del Retiro to commoners in 1868 , the 325-acre park was on the outskirts of Madrid .	opened the 17th-century Parque del Retiro in	Queen Isabella II	1868	1	1			
184502	184502	HasSubevent	gather energy for tomorrow	you eat well	1.5849625007211563
571108	571108	NotDesires	a person	see insects	2.0
181527	181527	HasA	a flask	alchohol (like whisky )	1.5849625007211563
395538	395538	AtLocation	bottle	vodka in liquor store	1.5849625007211563
541277	541277	AtLocation	contraceptive	vagina	1.5849625007211563
24716497	Treatment decisions which were based in the past predominantly on the anatomic extent of the disease are shifting to the underlying biological mechanisms.	were based	Treatment decisions	in the past	predominantly on the anatomic extent of the disease	1	1		
325690	325690	HasPrerequisite	reproduce	already know what to do	1.5849625007211563
508469	508469	IsA	this	a pepsi device	1.5849625007211563
517548	517548	ReceivesAction	family	make up of person	1.5849625007211563
237059	237059	CapableOf	someone	eat a peach	1.5849625007211563
147618	147618	Causes	writing a story	pleasure	1.5849625007211563
426064	426064	DefinedAs	computer	best companion	2.0
533086	533086	AtLocation	potato	farmer market	2.321928094887362
 60588	 60588	PartOf	There	Europe	1.5849625007211563
362108	362108	IsA	A dining room	where people sit to eat dinner	1.5849625007211563
137856	137856	HasPrerequisite	place baseball	take bat practice	1.5849625007211563
469500	469500	UsedFor	learning about science	enlightenment	1.5849625007211563
 69478	 69478	Causes	waiting in line	global thermonuclear war	2.0
32966334	Kaplan - Meier ( Log - rank test ) was used to compare the baseline survival experience of the study participants and Cox proportional hazard regression analysis was conducted to determine the predictors of mortality.	was conducted	Cox proportional hazard regression analysis	to determine the predictors of mortality	1	1			
599137	599137	IsA	shared food	a social bond	1.5849625007211563
381110	381110	NotIsA	paint	that good	1.5849625007211563
139006	139006	UsedFor	stabbing to death	hurting someone	1.5849625007211563
 69090	 69090	CapableOf	train microbiologist	outnumber nuclear physicist	1.5849625007211563
193154	193154	Causes	bring home some fish	stinky house	1.5849625007211563
494333	494333	IsA	this	a library	1.5849625007211563
117314	117314	MotivatedByGoal	watch television show	something to watch while you stone	1.5849625007211563
586363	586363	ReceivesAction	iter	design as tokamak	1.5849625007211563
   192	   192	Causes	return to work	get down to business	1.5849625007211563
196391	196391	UsedFor	making it grow	mushrooms	1.5849625007211563
407879	407879	MotivatedByGoal	become more clean	you feel itchy and grimy	1.5849625007211563
392393	392393	IsA	something you find brothel	prostitute	1.5849625007211563
 49854	 49854	IsA	colorado	abbreviate co	1.5849625007211563
497914	497914	Desires	parents can choose what they	name their children	1.5849625007211563
317480	317480	AtLocation	no animal	moon	1.5849625007211563
371964	371964	IsA	purple	secondary colour	1.5849625007211563
32264856	Conclusion : This study indicated that farmers are at high risk for the development of chronic respiratory symptoms and reduced pulmonary function indices.	indicated	This study	that farmers are at high risk for the development of chronic respiratory symptoms	1	1			
579200	579200	IsA	ribbon	hair accessory	2.0
430335	430335	MotivatedByGoal	die	people to feel sorry for you	1.5849625007211563
 21439	Another , it seems , is a willingness to appear informally at lower-profile events , limiting her exposure to fewer people .	is a willingness to appear informally at	Another	lower-profile events	1	1			
438266	438266	MotivatedByGoal	wear coat	it be cold out	1.5849625007211563
177310	177310	HasFirstSubevent	sue someone	prepare to spend lots of money	1.5849625007211563
190705	190705	HasA	one impairment person might	be alcoholism	1.5849625007211563
446569	446569	HasSubevent	celebrating	speeches are made	1.5849625007211563
 47628	 47628	HasPrerequisite	laugh at joke	good joke	1.5849625007211563
 30771	 30771	HasSubevent	design software	plan the logic	1.5849625007211563
481290	481290	AtLocation	horse	new mexico	1.5849625007211563
164493	164493	HasPrerequisite	stop your car	apply your foot to the brake	1.5849625007211563
594383	594383	CapableOf	successful business	branch out to different area	1.5849625007211563
129048	129048	Causes	print on printer	you run out of ink	1.5849625007211563
279636	279636	Causes	bathing the cat	pain and bleeding	1.5849625007211563
247275	247275	Desires	a person	know his blood type	1.5849625007211563
170853	170853	IsA	japanese sake	alcohol beverages	2.0
543924	543924	IsA	children	lighter than adults	1.5849625007211563
257893	257893	IsA	The capital of Pitcairn Islands	Adamstown	1.5849625007211563
513863	513863	Causes	seeing a band	vomit	1.5849625007211563
 65836	 65836	UsedFor	bidet	wash	1.5849625007211563
498310	498310	HasPrerequisite	buy a beer	go to a pub	1.5849625007211563
 99147	 99147	CausesDesire	a desire to state your opinion	express information	1.5849625007211563
522476	522476	AtLocation	piece	food in my hand	1.5849625007211563
 29249	Radio stations , along with newspapers and other media , have been hurt by a drop in advertising amid the recession .	have been hurt by	Radio stations along with other media	a drop in advertising amid the recession	1	1			
102946	102946	HasA	house in suburb	lawn	1.5849625007211563
 24047	A few of us were unconvinced by the ending -- that a shoe scuffing could trigger such a violent reaction .	were	A QUANT_S_1 of us	unconvinced	1	1			
314282	314282	HasPrerequisite	taping a television show	a vcr	3.3219280948873626
551877	551877	UsedFor	a passageway	get out of a building	1.5849625007211563
512077	512077	AtLocation	a rat	an alley	1.5849625007211563
18855714	Many studies have shown that CRP is associated with atherosclerotic cardiovascular disease.	have shown	Many studies	that CRP is associated with atherosclerotic cardiovascular disease	1	1			
365263	365263	UsedFor	a window	letting fresh air in	2.321928094887362
298416	298416	HasSubevent	express yourself	get arrest	1.5849625007211563
172131	172131	HasSubevent	enjoy company of your friend	pleasure	1.5849625007211563
553782	553782	DefinedAs	red	color of foolish passion	1.5849625007211563
591526	591526	UsedFor	troops are armed soldiers which represent a country and fight for the protection or defense of a country or they	invade another country	1.5849625007211563
284589	284589	UsedFor	island	get away from other person	1.5849625007211563
254486	254486	HasSubevent	pass your university exam	have celebration	1.5849625007211563
 60619	 60619	HasSubevent	take oath	you have to tell truth	1.5849625007211563
568451	568451	HasSubevent	see exhibits	learn about things	1.5849625007211563
312368	312368	UsedFor	an aircraft roadway	land a plane	1.5849625007211563
407768	407768	AtLocation	first aid kit	a backpack	2.807354922057604
364934	364934	HasProperty	ship	name after woman	1.5849625007211563
 60281	 60281	HasSubevent	attending a rock concert	police brutality	1.5849625007211563
114860	114860	AtLocation	alcoholic beverages	a bowling alley	1.5849625007211563
 12286	 12286	HasA	piano	keyboard	1.5849625007211563
 79477	 79477	NotDesires	a person	stay awake more than 24 hours	1.5849625007211563
482016	482016	ReceivesAction	Peace of mind	said to be desirable	1.5849625007211563
248302	248302	MotivatedByGoal	watch television show	it can be fun	1.5849625007211563
158353	158353	HasPrerequisite	watch a dvd	insert the dvd into the dvd player	1.5849625007211563
 54556	 54556	UsedFor	read newspaper	have topic to talk	1.5849625007211563
282154	282154	HasSubevent	repair an umbrella	mend a hole	1.5849625007211563
366762	366762	CausesDesire	long to see someone	wait for someone	1.5849625007211563
575558	575558	UsedFor	candle	decoration	2.584962500721156
520552	520552	ReceivesAction	some game	play inside stadium	1.5849625007211563
  2887	In 1954, the committee presented a $100 million improvement plan and obtained legislation to set up a nondividend paying corporation to borrow the funds to create a new Aqueduct and to improve Belmont and Saratoga race tracks.	obtained	the committee	legislation to set up a nondividend paying corporation to borrow the funds to improve Saratoga race tracks In 1954	1	1			
504164	504164	MotivatedByGoal	read book	acquire accumulate knowledge of mankind	1.5849625007211563
223123	223123	IsA	Giants	creatures from fables	2.0
268642	268642	HasFirstSubevent	read newspaper	get it from outside	1.5849625007211563
 40358	 40358	HasProperty	Not all people	mean	1.5849625007211563
234263	234263	CapableOf	Jedi	sense disturbances in the force	1.5849625007211563
371233	371233	IsA	pluto	planet	3.2479275134435857
262985	262985	AtLocation	nice person	mean person	1.5849625007211563
356434	356434	IsA	mountain dew	soft drink	2.0
 32187	 32187	AtLocation	an animal	the wild	2.321928094887362
486220	486220	CapableOf	omnivore	eat either vegetable or meat	1.5849625007211563
 32107	 32107	Causes	commit suicide	family to become sad	2.0
27184043	Other interventions that may yield a similar effect , although of smaller magnitude , include promotion of a healthy lifestyle including dietary measures , non-smoking , low alcohol intake , and sufficient physical activity.	although include	Other interventions that may yield a similar effect	promotion of a healthy lifestyle including non-smoking , low alcohol intake	1	1			
404035	404035	IsA	telephone box	another phrase for telephone kiosk	1.5849625007211563
550063	550063	AtLocation	Dave	you	1.5849625007211563
366400	366400	AtLocation	a virus	your computer	2.0
187922	187922	HasA	many country	extensive mail system	1.5849625007211563
517706	517706	HasProperty	quality of motel	proportional to it price	1.5849625007211563
257935	257935	AtLocation	sea life	beach	1.5849625007211563
227356	227356	IsA	one kind of illness	asthma	1.5849625007211563
 22335	Many of the big chases and gunfights are incoherently cut together , and some of the special effects have a tacky , off-the-rack look that would be more suitable in a '' Spy Kids '' movie .	are cut	gunfights	together	1	1			
416442	416442	ReceivesAction	Treat every gun as if it	loaded	1.5849625007211563
336390	336390	CapableOf	person	remember sensory input	1.5849625007211563
466897	466897	AtLocation	something	dry cleaner	2.0
187349	187349	HasProperty	no two snowflake	alike	3.1699250014423126
175527	175527	HasProperty	the board in a board game	flat	1.5849625007211563
17081753	Breast cancer screening has become an important and relevant health problem.	has become	Breast cancer screening	an relevant health problem	1	1			
 19364	It shows two elegantly dressed women , one wielding a staff and gourd , the other carrying a huge vase holding a flowering plum .	be wielding	QUANT_S_1	gourd	1	1			
111184	111184	CapableOf	boxer	throw match	1.5849625007211563
263957	263957	CausesDesire	A point of progress	have a party	1.5849625007211563
532839	532839	DefinedAs	i do not know what	use for it	1.5849625007211563
 70337	 70337	MotivatedByGoal	lucid dream	you be dreamer	1.5849625007211563
190426	190426	HasLastSubevent	finish paint	frame it	1.5849625007211563
311777	311777	ReceivesAction	In Aikido, falling	done to protect yourself	1.5849625007211563
12517539	Tobacco smoking is well established as the main cause of lung cancer and about 90 % of cases are thought to be tobacco related.	to be	Tobacco smoking	tobacco related	1	1			
492717	492717	CapableOf	woman	labor in childbirth	1.5849625007211563
526657	526657	HasProperty	The Pacific Ocean	full of salty water	1.5849625007211563
363258	363258	HasA	liechtenstein	none airport	1.5849625007211563
564794	564794	Causes	swim	fish to swim away	1.5849625007211563
458907	458907	HasA	orange	peel	2.807354922057604
416382	416382	HasSubevent	getting warm	rub your hands together	1.5849625007211563
329823	329823	Desires	a person	create something beautiful	1.5849625007211563
   879	   879	Causes	sit down	adhesion to surface by glue	1.5849625007211563
417675	417675	CapableOf	bird	spread seed	1.5849625007211563
188428	188428	HasPrerequisite	lose consciousness	drink too much alcohol	1.5849625007211563
 35443	 35443	HasPrerequisite	kill someone	never warn them ahead of time	1.5849625007211563
155121	155121	Causes	eating an apple	no longer feeling hungry	1.5849625007211563
    91	Lead levels in children 's blood has been cut by 70 percent , toxic emissions from factories cut in half .	be cut in	toxic emissions from factories	QUANT_O_1	1	1			
308108	308108	Causes	writing a story	your hand may get tired	1.5849625007211563
302512	302512	AtLocation	audience	la vega	1.5849625007211563
 80977	 80977	UsedFor	a buffet	a big birthday party	2.321928094887362
244180	244180	UsedFor	a pencil sharpener	easy reading	1.5849625007211563
293375	293375	HasProperty	one very popular type of restaurant	japanese	1.5849625007211563
172691	172691	HasSubevent	misbehave	steal	1.5849625007211563
293746	293746	HasSubevent	passing your university exams	you might study	1.5849625007211563
561279	561279	IsA	apartment	place for person to live	1.5849625007211563
333326	333326	HasSubevent	score homer	crowd roar	1.5849625007211563
 31601	 31601	NotDesires	some person	ride on roller coaster	1.5849625007211563
411867	411867	HasProperty	Eating fish	good for your heart	1.5849625007211563
134423	134423	IsA	walk usually	slow than run	1.5849625007211563
302196	302196	AtLocation	a duffel bag	locker room	2.807354922057604
325223	325223	CapableOf	A glass	hold all types of liquids	1.5849625007211563
506184	506184	IsA	ER	a show about a hospital	1.5849625007211563
 42899	 42899	HasLastSubevent	buy a hamburger	pay money	1.5849625007211563
331026	331026	UsedFor	make good world	human survival	1.5849625007211563
579881	579881	UsedFor	a barber shop	haircuts	2.584962500721156
370161	370161	AtLocation	a sound	a forest when a tree falls	1.5849625007211563
 25686	Mr. Watanabe told the Germans , for instance , that while they have signed a peace treaty with the Soviet republics , Japan is still seeking the return of Pacific islands occupied by the Soviets during the war .	be occupied by	Pacific islands	the Soviets	1	1			
204022	204022	HasSubevent	planning a vacation	plan a route	1.5849625007211563
102073	102073	IsA	catholic protestant and orthodox	all type of christian	1.5849625007211563
102348	102348	IsA	georgia tech	name	1.5849625007211563
238953	238953	CapableOf	you	light to see things	1.5849625007211563
410340	410340	AtLocation	telephone directory	your bookshelf	2.321928094887362
 30528	On my way there , my interpreter and I stop in the Saxon city of Leipzig , East Germany , which the writer Christoph Hein has proposed for the honorific designation of Heroes ' City .	has proposed	the writer	East Germany	1	1			
315268	315268	CapableOf	someone	build compost pile	1.5849625007211563
471255	471255	UsedFor	looking through a telescope	amateur astronomers	1.5849625007211563
 38830	He said that none of the championships he won as a player could match the feeling of moving toward a championship as a coach . ''	match	a player	the feeling of moving toward a championship as a coach	1	1			
559462	559462	UsedFor	having food	contentment	1.5849625007211563
186514	186514	NotDesires	lover	to have a rivale	2.0
 80309	 80309	UsedFor	sitting quietly	getting away from it all	1.5849625007211563
104469	104469	UsedFor	VCR	watching VCR tapes	2.0
442708	442708	HasPrerequisite	paint	mix your paint	1.5849625007211563
562915	562915	AtLocation	tv bolt to wall	motel	1.5849625007211563
 21341	 21341	CapableOf	writer	write novel	2.584962500721156
469846	469846	CapableOf	An infected person	carry tuberculosis	1.5849625007211563
339447	339447	DefinedAs	'couldn't'	contraction of 'could not'	2.321928094887362
293962	293962	Causes	set cup on table	let drink cool off	1.5849625007211563
547139	547139	IsA	yellow and blue	color	1.5849625007211563
468873	468873	ReceivesAction	Victory in a sporting contest	rewarded with a trophy	1.5849625007211563
143074	143074	IsA	Montanna	a state	1.5849625007211563
200548	200548	HasPrerequisite	eating healthily	intelligent selection of food	1.5849625007211563
 35365	 35365	AtLocation	rain	the air	1.5849625007211563
431452	431452	MotivatedByGoal	get some physical activity	learn	1.5849625007211563
274175	274175	HasPrerequisite	have a shower	find a shower	1.5849625007211563
211431	211431	IsA	slitting the wrist	a common way of committing suicide	1.5849625007211563
27818024	"""""""""""""""Effective management and treatment of dyspnoea is an important challenge for caregivers , and therapeutic options that attempt to reverse its underlying cause have been only partially successful This """""""""""""""" review """""""""""""""" will attempt to shed light on the physiological mechanisms underlying dyspnoea during exercise and to translate / apply them to a broad clinical spectrum of cardio - respiratory disorders."""""""""""""""	attempt	therapeutic options	to reverse its underlying cause	1	1			
266621	266621	Causes	smile	you get wrinkle	2.0
422079	422079	ReceivesAction	credit	apply for	1.5849625007211563
450790	450790	IsA	an accordion	a hand-held piano	1.5849625007211563
559332	559332	UsedFor	a pelt	make a fur coat	1.5849625007211563
106836	106836	IsA	study	room in house	1.5849625007211563
 36451	Bruce Nauman , whose incantatory video environments recall Beckett 's sardonic vaudevilles , also knows this , as does Robert Gober , whose enigmatic and impeccably illusionistic tableaus exceed Mr. Wilson 's in their high-style surrealism .	recall	Bruce Nauman incantatory video environments	Beckett 's sardonic vaudevilles	1	1			
214103	214103	HasPrerequisite	get some physical activity	go outside	2.584962500721156
304395	304395	Causes	propose to woman	them to cry	1.5849625007211563
145289	145289	IsA	believe in anything	call freedom of think	1.5849625007211563
544843	544843	AtLocation	someone	walking around aimlessly	1.5849625007211563
 33402	And that assertion only seems wildly implausible if you take it as axiomatic that Mr. Bush and those around him would n't do such a thing .	do	those around him	such a thing	1	1			
476812	476812	ReceivesAction	missouri	know for mark twain character	1.5849625007211563
  2006	The threat of terrorism spread to Russia 's heartland today , as a huge explosion tore apart an apartment complex in Volgodonsk , in southern Russia , killing at least 18 people and leaving more than 200 wounded .	tore apart an apartment complex in	a huge explosion	Volgodonsk	1	1			
278692	278692	MotivatedByGoal	go to restaurant	eat fancy food	1.5849625007211563
424207	424207	MotivatedByGoal	wait on table	be around celebrity	1.5849625007211563
338022	338022	Desires	a person	be informed	1.5849625007211563
514851	514851	IsA	Atomic bomb	weapon	2.0
468124	468124	UsedFor	a book	sharing previously solved problem solutions	1.5849625007211563
368472	368472	CapableOf	Models	wear clothes well	1.5849625007211563
 72299	 72299	HasPrerequisite	building constructions	specialized machinery	1.5849625007211563
235544	235544	HasProperty	sea food	healthy	2.321928094887362
 66507	 66507	IsA	This	an apple	2.321928094887362
459832	459832	CapableOf	someone	spontaneously combust	1.5849625007211563
162285	162285	UsedFor	score home run	sport	1.5849625007211563
 40336	 40336	NotCapableOf	glass	burn	1.5849625007211563
 20799	 20799	HasA	Some birds	no wings	1.5849625007211563
470273	470273	UsedFor	serve cart	bring food	1.5849625007211563
556672	556672	Desires	a politician	power	2.321928094887362
383999	383999	IsA	capital city of italy	rome	1.5849625007211563
 19448	 19448	NotDesires	boss	you to call in sick	1.5849625007211563
 35399	 35399	CapableOf	A child	master english	1.5849625007211563
146471	146471	UsedFor	playing sports	an outlet of competitiveness	1.5849625007211563
 42496	 42496	MotivatedByGoal	score home run	your bat be cork	1.5849625007211563
435618	435618	PartOf	A joint	a skeleton	2.0
555387	555387	ReceivesAction	rocket	launch into space	1.5849625007211563
252880	252880	HasProperty	clothe need to	wash and dry	1.5849625007211563
595870	595870	HasProperty	pink-bottomed mushroom	healthy	1.5849625007211563
   530	   530	NotCapableOf	animals	speak	1.5849625007211563
587815	587815	UsedFor	closet for clothe	hang blouse	1.5849625007211563
564011	564011	CapableOf	opera singer	read music	1.5849625007211563
330808	330808	PartOf	A thread	a towel	1.5849625007211563
361490	361490	ReceivesAction	world	mess up	1.5849625007211563
  6209	The Washington Post Company and Knight-Ridder will both take multimillion-dollar fourth-quarter charges .	take	The Washington Post Company	multimillion-dollar fourth-quarter charges	1	1			
529973	529973	Causes	eating lunch	drowsiness	1.5849625007211563
447557	447557	CapableOf	person	fish for compliment	1.5849625007211563
272304	272304	UsedFor	conference auditorium	conduct trade show	1.5849625007211563
323499	323499	UsedFor	discover truth	progress of scientific knowledge	1.5849625007211563
 78656	 78656	Desires	i	cup of coffee	1.5849625007211563
 93713	 93713	CapableOf	dog	bark when it hear step	1.5849625007211563
582416	582416	HasSubevent	pass sentence	close case	1.5849625007211563
532430	532430	AtLocation	a lemur	a canadian zoo	1.5849625007211563
433361	433361	IsA	An athame	a double-edged dagger	1.5849625007211563
 10114	The New York Stock Exchange floor will be a sea of khaki-clad legs tomorrow as Gap Inc. promotes casual Fridays with free pants and shirts for about 3,500 traders .	promotes	Gap Inc.	casual Fridays with free shirts for about 3,500 traders	1	1			
  1964	LEAD 	be ended on	the Investment Company Institute	Wednesday	1	1			
405159	405159	AtLocation	many exotic animals native	Africa	1.5849625007211563
287630	287630	CapableOf	a fire	warm campers	1.5849625007211563
178973	178973	MotivatedByGoal	love another	more	1.5849625007211563
362127	362127	HasSubevent	go to the mall	you spend money	1.5849625007211563
105465	105465	CapableOf	A level	true a table	1.5849625007211563
348035	348035	UsedFor	five and dime	buy something cheap	1.5849625007211563
140002	140002	CausesDesire	enter profession	pass course	1.5849625007211563
  1539	Mr. Mason 's '' World According to Me '' contains that same uncertainty .	is	Mason	male	1	1			
306235	306235	CausesDesire	oil shock	ride bicycle	1.5849625007211563
 70740	 70740	HasProperty	genetically modify food	sterile	1.5849625007211563
336828	336828	UsedFor	a stairs railing	hold onto	1.5849625007211563
477710	477710	NotCapableOf	it	lightenings in the winter	1.5849625007211563
534196	534196	IsA	trophy	use to demonstrate hierarchy	1.5849625007211563
411335	411335	AtLocation	a skyscraper	the middle of a city	1.5849625007211563
386015	386015	UsedFor	a forklift	carry heavy loads	1.5849625007211563
250100	250100	HasPrerequisite	bring suit	sue someone	1.5849625007211563
147415	147415	IsA	bugs	small animals	1.5849625007211563
374129	374129	NotDesires	person	stay awake all night	1.5849625007211563
 50392	 50392	HasPrerequisite	creating something to help other people	lots of beer and pot	1.5849625007211563
111963	111963	IsA	walk along beach	solitary pleasure	1.5849625007211563
406618	406618	CapableOf	A parent	fail a child	1.5849625007211563
300563	300563	AtLocation	sleep cat	rug	2.0
426021	426021	CausesDesire	political action	have party	1.5849625007211563
444306	444306	HasSubevent	stop your car	use break	1.5849625007211563
188621	188621	ReceivesAction	Latitude and longitudinal markers	seen as verticle and horizontal lines	1.5849625007211563
463652	463652	HasSubevent	washing up	wipe a plate	1.5849625007211563
231858	231858	HasLastSubevent	stay healthy	get sick	1.5849625007211563
560694	560694	UsedFor	bat	obtain guano	1.5849625007211563
528508	528508	UsedFor	buying something for a loved one	being kind	1.5849625007211563
346894	346894	HasPrerequisite	sit quietly	go to a quiet beach	1.5849625007211563
221111	221111	IsA	one book of bible	second john	1.5849625007211563
480038	480038	UsedFor	doing a crossword puzzle	thinking	1.5849625007211563
 17282	The brokerage firm tracks technology stocks with its Technology Index , which appreciated only 10.59 % in the first nine months of this year .	appreciated	its Technology Index	only 10.59 %	in the first nine months of this year	1	1		
190074	190074	Desires	a person	a nice warm cup of coffee	1.5849625007211563
110420	110420	CapableOf	crayon	melt	1.5849625007211563
388996	388996	IsA	A parlor	a room in your house	2.321928094887362
  4874	The Scots , a realistic and pragmatic people , offer a third verdict to judges and juries 	offer a third verdict to	The Scots	judges	1	1			
439918	439918	HasPrerequisite	meet interesting people	join a club	2.0
 89623	 89623	CapableOf	Ali	gather money	1.5849625007211563
182355	182355	AtLocation	kid from school	museum	1.5849625007211563
210524	210524	CapableOf	tailor	tear fabric	1.5849625007211563
    44	Brian Harvey -LRB- 3-3 -RRB- replaced Minton and was greeted by Presley 's home run .	is	Brian Harvey	QUANT_O_1	1	1			
137507	137507	NotCapableOf	You	see the stars during the day	1.5849625007211563
 53000	 53000	HasSubevent	examine thing	spread it out	1.5849625007211563
320893	320893	HasA	it	4-6drawers	1.5849625007211563
569961	569961	CapableOf	child	pass note to his friend	1.5849625007211563
348395	348395	Causes	go to concert	you might see band	1.5849625007211563
184873	184873	HasSubevent	open gift	you may get paper cut	1.5849625007211563
589200	589200	UsedFor	entertaining someone	using talents	1.5849625007211563
521134	521134	IsA	cowboy	part of american history	1.5849625007211563
  7096	Mr. Merrill said the teachers , who had always wanted to return the money , were upset by the criticism . ''	is	Merrill	male	1	1			
501404	501404	ReceivesAction	mountain	create through plate tectonics	1.5849625007211563
120400	120400	HasProperty	hot chocolate	sweet	2.584962500721156
312154	312154	ReceivesAction	the color blue	associated with sadness	1.5849625007211563
482333	482333	CapableOf	religion	divide family members from one another	1.5849625007211563
125148	125148	IsA	musical instrument	device	3.0
440968	440968	Causes	spending money	bancruptcy	1.5849625007211563
 80456	 80456	UsedFor	garbage can	child to roll down hill	1.5849625007211563
 44034	 44034	IsA	The Road Less Traveled	a poem by Robert Frost	1.5849625007211563
237200	237200	NotCapableOf	person	like person who over-react	1.5849625007211563
 91207	 91207	Causes	relaxing	stress alleviation	1.5849625007211563
100196	100196	AtLocation	a child	a bicycle	2.0
349196	349196	UsedFor	one type of ski	slide downhill	2.321928094887362
341469	341469	CapableOf	we	tune it late	1.5849625007211563
 13139	 13139	HasSubevent	using a VCR	press the play button	1.5849625007211563
249612	249612	CapableOf	In school you	ask a lot of questions	1.5849625007211563
 70448	 70448	IsA	This	a saw to cross cut lumber	1.5849625007211563
262881	262881	HasSubevent	go to bed	bad dreams	1.5849625007211563
595144	595144	MotivatedByGoal	listen	there something to hear	2.321928094887362
24801729	In disease settings , cells that constitute the vasculature undergo profound changes both morphologically and functionally paralleling alterations in gene expression profile.	functionally paralleling	profound changes	alterations in gene expression profile	1	1			
549681	549681	HasProperty	Frosted windows	translucent	1.5849625007211563
235431	235431	HasSubevent	study for a subject	you fall asleep	1.5849625007211563
481391	481391	IsA	A king	royalyty	1.5849625007211563
222238	222238	UsedFor	Meetings	exchange ideas	1.5849625007211563
 46447	 46447	UsedFor	first class airline seat	person who be quite tall	1.5849625007211563
 20681	 20681	UsedFor	votives	hold votive candles	2.321928094887362
584623	584623	MotivatedByGoal	read the newspaper	know about movie ratings and comparisons	1.5849625007211563
465914	465914	UsedFor	memorising	applying knowledge	1.5849625007211563
357410	357410	UsedFor	a rented flat	cook breakfast	1.5849625007211563
464863	464863	UsedFor	a machine	record voice	1.5849625007211563
387157	387157	NotCapableOf	person born blind will	see light	1.5849625007211563
127207	127207	UsedFor	grenade	destroy bunker	1.5849625007211563
 24546	We 've always thought in law enforcement in my county that the Forest Service should shut those roads down in the winter , because most of the time it is impassable and people do n't know that , '' said John Ward , the search-and-rescue coordinator for Curry County , Ore. .	shut those roads because most of	the Forest Service	the time	1	1			
232091	232091	IsA	chess	complex game of deception	1.5849625007211563
231057	231057	MotivatedByGoal	talk to people	make friends	1.5849625007211563
372515	372515	Causes	wait on line	learn patience	2.0
332263	332263	HasFirstSubevent	send criminal to prison	convict him	1.5849625007211563
160065	160065	AtLocation	a tabby cat	a lap	1.5849625007211563
165834	165834	HasSubevent	hurt someone else	get hurt yourself	1.5849625007211563
504801	504801	MotivatedByGoal	gather energy for tomorrow	have good day	2.0
 80669	 80669	MotivatedByGoal	wish	something	1.5849625007211563
333883	333883	IsA	slack	form of clothe	2.584962500721156
517173	517173	CapableOf	I	order that pie at the restaurant	1.5849625007211563
409066	409066	CapableOf	virus	infect	2.321928094887362
253689	253689	AtLocation	bombardon	brass band	1.5849625007211563
 17568	The industry 's proponents dismiss the liability issue , saying their practices are safe and pointing out that there has never been a problem with a faulty prescription or drug .	pointing out that there has been a problem with	their practices	a faulty prescription	1	1			
 60298	 60298	HasProperty	some knife	make for cut steak	1.5849625007211563
231598	231598	IsA	Payment over time	installments	1.5849625007211563
 11938	org -RRB- , a chemical method of turning natural gas and coal into liquid fuels .	is	org	a chemical method of turning coal into liquid fuels	1	1			
136086	136086	HasPrerequisite	kiss	lip	3.3219280948873626
276133	276133	HasSubevent	meet friend	you give hug	1.5849625007211563
 31461	Emily Williamson Estock , a daughter of Sarah Williamson Estock and Howard Gordon Estock of Colebrook , Conn. , was married last evening to Stephen Gregory Rigo Jr. , a son of Susan Kemp Rigo and Mr. Rigo Sr. of Westlake , Ohio .	is in	Westlake	Ohio	1	1			
524434	524434	ReceivesAction	boot	wear on foot	2.584962500721156
27818024	Dyspnoea is closely associated with quality of life , exercise ( in ) tolerance and prognosis in various conditions , including chronic obstructive pulmonary disease , heart failure , interstitial lung disease and pulmonary hypertension , and is therefore an important therapeutic target.	is closely associated	Dyspnoea	with quality of life , exercise ( in ) prognosis in various conditions , including chronic obstructive pulmonary disease	1	1			
  7282	  7282	AtLocation	suspense	movie	1.5849625007211563
573216	573216	UsedFor	A bolt	securing things to large objects	1.5849625007211563
293265	293265	CapableOf	detective	tail suspect husband	1.5849625007211563
433258	433258	HasPrerequisite	apply for a job	have the necessary qualifications	1.5849625007211563
524393	524393	AtLocation	a restaurant entrance	Michigan	1.5849625007211563
132022	132022	IsA	In LISP, all atoms	S-expressions	1.5849625007211563
248265	248265	HasSubevent	the interview day	blush	2.0
292991	292991	Causes	talk with someone far away	friendship to endure	1.5849625007211563
529014	529014	MotivatedByGoal	fee your family	be see as good provider	1.5849625007211563
284828	284828	HasSubevent	examining a thing	detonate it safely	1.5849625007211563
 37188	 37188	HasSubevent	take the car for a drive	buckle the seat belt	1.5849625007211563
312231	312231	IsA	fighters	samurai	2.0
546731	546731	Causes	sign contract	hapiness	1.5849625007211563
394653	394653	CapableOf	something	hold air	1.5849625007211563
498621	498621	Causes	determining the truth	finding someone innocent	1.5849625007211563
 29494	 29494	CapableOf	speed	slow time	1.5849625007211563
130653	130653	HasSubevent	set cup on table	let go of cup	1.5849625007211563
478991	478991	Desires	music can make you	tap your feet and dance	1.5849625007211563
416766	416766	HasSubevent	relax	fall asleep	2.321928094887362
567683	567683	DefinedAs	A sole	bottom of a shoe	2.0
104010	104010	IsA	School	where children learn	1.5849625007211563
116171	116171	HasProperty	Cocaine use	dangerous	1.5849625007211563
216648	216648	HasProperty	some human	very complex	1.5849625007211563
411279	411279	IsA	One word that	misspelled is professor	1.5849625007211563
206862	206862	HasProperty	koala	hang from branch	1.5849625007211563
497945	497945	IsA	nurture	natural human instinct	1.5849625007211563
 47162	 47162	NotDesires	coyote	be catch in trap	1.5849625007211563
146071	146071	HasProperty	your mail	safe on rural route	1.5849625007211563
267691	267691	AtLocation	life	forest	1.5849625007211563
 33353	 33353	IsA	lawyer	shark in human form	1.5849625007211563
226200	226200	UsedFor	a tub	bathing an animal	1.5849625007211563
296712	296712	Causes	having a bath	you will be clean and relaxed	1.5849625007211563
495888	495888	IsA	dollar	form of money	2.321928094887362
436940	436940	DefinedAs	knife	a bladed weapon	2.0
23478256	Telomere length does not satisfy strict criteria for being a biomarker of ageing , but adds predictive power to that of chronological age , and can be considered a marker of cardiovascular ageing.	does not satisfy	Telomere length	strict criteria	for being a biomarker of ageing	1	1		
176540	176540	CapableOf	object	fall inside or outside frame	1.5849625007211563
 54320	 54320	IsA	Using one's mind	using reason	1.5849625007211563
389409	389409	HasFirstSubevent	sign contract	agree to condition	1.5849625007211563
380024	380024	CapableOf	doctor	still patient	1.5849625007211563
106103	106103	IsA	Robert Rauschenberg	a famous artist	1.5849625007211563
 62771	 62771	HasA	criminal often	make wrong decision	1.5849625007211563
215262	215262	UsedFor	prosthesis	replace lose limb	2.584962500721156
 28541	 28541	IsA	georgia state song	georgia on my mind	1.5849625007211563
397351	397351	ReceivesAction	Windows 2000	based on Windows NT	1.5849625007211563
142687	142687	CapableOf	Tools help us	many jobs	1.5849625007211563
304825	304825	DefinedAs	The central teaching of Buddhism	dharma	1.5849625007211563
524667	524667	ReceivesAction	many floors today	made out of linoleum	1.5849625007211563
478052	478052	PartOf	"Freedom to vote"	a democracy	1.5849625007211563
189273	189273	Desires	a banker	his loans to be repaid	1.5849625007211563
 15277	 15277	Causes	kick sleep dog	dog might wake up and bite you	2.0
   503	   503	CapableOf	Things change	the time	1.5849625007211563
269452	269452	CapableOf	person	leave home in order to travel	1.5849625007211563
 52953	 52953	CapableOf	person	kill a person of the same race	2.0
333534	333534	HasPrerequisite	go outside for an evening	bring a jacket	1.5849625007211563
185989	185989	HasProperty	books	full of words	1.5849625007211563
304155	304155	CapableOf	People	live only once	1.5849625007211563
272682	272682	MotivatedByGoal	watch television	you be bore	2.807354922057604
326714	326714	HasProperty	human	very adaptable	2.321928094887362
 47527	 47527	CapableOf	your rate of breathe	increase during jog	1.5849625007211563
 55099	 55099	UsedFor	a luggage trolley	move suitcases	2.584962500721156
406696	406696	UsedFor	passing your university exams	making your parents happy	1.5849625007211563
 38373	 38373	AtLocation	pickle relish	jar	1.5849625007211563
428839	428839	CapableOf	Utility workers	toil beneath the streets	1.5849625007211563
551040	551040	HasPrerequisite	drive car	wear seatbelt	1.5849625007211563
463099	463099	NotDesires	A stunt-driver	a broken car	1.5849625007211563
25009119	Diabetes management guidelines offered by the American Diabetes Association and health care teams understandably place a high burden of responsibility on caregivers to check young children 's blood glucose levels , administer insulin , and monitor diet and physical activity with the ultimate goal of maintaining tight glycemic control.	understandably place a high burden of responsibility on caregivers to check	Diabetes management guidelines offered by the American Diabetes Association teams	young children 's blood glucose levels	1	1			
580877	580877	UsedFor	going to work	expanding your business	1.5849625007211563
155276	155276	HasPrerequisite	driving	gasoline	1.5849625007211563
209572	209572	AtLocation	soil	garden	2.321928094887362
387011	387011	HasSubevent	set cup on table	pour coffee in cup	1.5849625007211563
 13669	Ms. Clay , too , is optimistic , because after nine years with the disease , she can still walk , still feel her toes , still see .	is	Ms. Clay	optimistic still see	1	1			
510621	510621	UsedFor	a flat	city dwelling	1.5849625007211563
256872	256872	CreatedBy	payment	penny	1.5849625007211563
343312	343312	AtLocation	shark	australia	2.0
524813	524813	AtLocation	a ribbon	a floral arrangement	1.5849625007211563
341555	341555	HasLastSubevent	play hockey	leave ice	2.0
501814	501814	HasSubevent	water plant	spill	1.5849625007211563
 49930	 49930	CapableOf	scientist	class his find	1.5849625007211563
186759	186759	HasProperty	food	prepare in kitchen	1.5849625007211563
463589	463589	AtLocation	grafitti	the subway	1.5849625007211563
556211	556211	HasPrerequisite	win baseball game	know how to play baseball	1.5849625007211563
30219316	Methods : Using all accessible data from multiple sources , we estimated the prevalence of major chronic respiratory diseases and the deaths and disability - adjusted life - years ( DALYs ) caused by them for every state of India from 1990 to 2016 as part of the Global Burden of Diseases , Injuries , and Risk Factors Study ( GBD ) 2016.	caused	major chronic respiratory diseases	by them	as part of the Global Burden of Diseases	1	1		
 38428	 38428	HasSubevent	eating in a fast food restaurant	use a fork	1.5849625007211563
 34321	Occasionally , Ms. Stark 's dishes are too sweet and fruity .	are	Ms. Stark 's dishes	sweet	1	1			
 15461	 15461	UsedFor	dancing the samba	having fun with your friends	1.5849625007211563
 75917	 75917	Desires	cowboy	wear boot	1.5849625007211563
 96909	 96909	IsA	A bar	a place to get drunk	1.5849625007211563
576841	576841	UsedFor	a marker	move ahead 3 squares	1.5849625007211563
371690	371690	UsedFor	staple	buy paper product	1.5849625007211563
181137	181137	UsedFor	poem	write	1.5849625007211563
159352	159352	AtLocation	computer	in office	2.807354922057604
 34389	This year , the police here issued more than 20,000 citations for violations of ordinances like trespassing , camping , carrying an open container and violating park curfews , compared with 17,500 in 1998 and 15,700 in 1997 .	be carrying an open container	trespassing violating park curfews	compared with QUANT_O_1 in 1998	1	1			
479958	479958	UsedFor	hearing music	having a great time	1.5849625007211563
571446	571446	MotivatedByGoal	use video recoreder or vcr	tape television show	1.5849625007211563
156951	156951	MotivatedByGoal	invest money or energy	result	1.5849625007211563
261807	261807	IsA	Rangers	policemen in the American west	1.5849625007211563
185126	185126	HasPrerequisite	love someone else	someone else to love	1.5849625007211563
387436	387436	IsA	Adam and Eve	lovers	1.5849625007211563
199308	199308	HasProperty	Jan Brady	jealous of Marsha	1.5849625007211563
297463	297463	HasSubevent	having an asthma attack	trouble breathing	1.5849625007211563
578707	578707	CapableOf	a mask	hide your face	2.584962500721156
330448	330448	IsA	these	some person have dinner	1.5849625007211563
350739	350739	HasProperty	tulips	pretty	1.5849625007211563
 22354	 22354	HasA	bath shower	hot and cold water	1.5849625007211563
160999	160999	HasPrerequisite	attending school	being a child	1.5849625007211563
 21502	 21502	HasSubevent	have fun	enjoy company	1.5849625007211563
357990	357990	Causes	learn language	new twist in tongue	1.5849625007211563
 37492	 37492	AtLocation	someone	managerie	1.5849625007211563
 20580	Many lodge members , youth and adult , are active staff members of both Scout and Cub Scout camps .	are	youth lodge members	active staff members of both Scout and Cub Scout camps	1	1			
 74041	 74041	CapableOf	A person	be ducking behind an object	1.5849625007211563
 46575	 46575	IsA	something you find under water	whale	1.5849625007211563
 65983	 65983	PartOf	Euclid	Ohio	1.5849625007211563
 41366	 41366	IsA	have job	burgoise	1.5849625007211563
120687	120687	CapableOf	a wife	support her husband	2.0
586778	586778	HasSubevent	doing a crossword puzzle	forgetting a word	1.5849625007211563
192769	192769	IsA	a sphere	a three-dimensional geometric shape	2.0
 19018	 19018	UsedFor	a valley	pick flowers	1.5849625007211563
149541	149541	IsA	this	a red and white fire engine	1.5849625007211563
484857	484857	HasLastSubevent	remember	act on memory	1.5849625007211563
568071	568071	Causes	walk	tiredness	1.5849625007211563
 89736	 89736	HasA	dirve you need to	driver license	1.5849625007211563
418293	418293	HasLastSubevent	remember something	tell it to someone	1.5849625007211563
313173	313173	CreatedBy	film	person	1.5849625007211563
408998	408998	HasPrerequisite	read book	open it	2.321928094887362
392385	392385	HasSubevent	serve customer	that you make money	1.5849625007211563
533618	533618	ReceivesAction	The Wahhabi ideals of Islamic jihad	promoted in mosques	1.5849625007211563
 55758	 55758	Causes	shopping	well stocked cupboards	1.5849625007211563
203682	203682	HasPrerequisite	have a bath	go to the bathroom	2.0
 22189	Last night , Mr. Von Essen 's successor , Nicholas Scoppetta , announced that he intended to hire an investigator to review the department 's operations that day . ''	has	Mr. Von Essen	successor	1	1			
105735	105735	MotivatedByGoal	contemplate	you don't trust your first impression	1.5849625007211563
462077	462077	HasSubevent	buy something small	pay for it	1.5849625007211563
32707480	This position paper of the Respiratory Support and Chronic Care Group of the French Society of Respiratory Diseases is intended to help respiratory clinicians involved in care of COVID - 19 pandemic in the rational use of non-invasive techniques such as oxygen therapy , CPAP , non-invasive ventilation and high flow oxygen therapy in managing patients outside intensive care unit ( ICU ).	involved	respiratory clinicians	in care	1	1			
 67854	 67854	HasPrerequisite	play game of chess	hunt for it	1.5849625007211563
 80717	 80717	UsedFor	mug	drink coffee	3.3219280948873626
472993	472993	MotivatedByGoal	play baseball	it impress girl	1.5849625007211563
 32423	The EM algorithm was explained and given its name in a classic 1977 paper by Arthur Dempster, Nan Laird, and Donald Rubin.	gave its name to	The Dempster–Laird–Rubin paper	The EM algorithm	1	1			
217063	217063	UsedFor	go to concert	impress date	1.5849625007211563
366247	366247	HasSubevent	play lacrosse	slash another player	1.5849625007211563
190813	190813	IsA	it	small towel	1.5849625007211563
403957	403957	CapableOf	panhandler	wall rich man	1.5849625007211563
245056	245056	IsA	low point in turkey	mediterranean sea 0 m	1.5849625007211563
257443	257443	ReceivesAction	Some people's favourite cafes	known as'internet cafes'	1.5849625007211563
210571	210571	UsedFor	having lunch	getting to know someone	2.321928094887362
125421	125421	HasProperty	emotions	unpleasant	1.5849625007211563
282920	282920	NotHasA	topic'stars	these word dipper	1.5849625007211563
189376	189376	Causes	comforting a friend	strengthening of friendship	1.5849625007211563
445884	445884	HasLastSubevent	wait your turn	take your turn	1.5849625007211563
449221	449221	UsedFor	a coin	paying for something	1.5849625007211563
241155	241155	HasPrerequisite	be involved in an accident	drive while using a cell phone	1.5849625007211563
234494	234494	HasSubevent	eat an apple	avoid eating the seeds	1.5849625007211563
360557	360557	IsA	rubber	chewy	1.5849625007211563
122659	122659	UsedFor	a letter scale	weigh pot	1.5849625007211563
478115	478115	Causes	maintaining muscle strength	one to live longer	2.0
137548	137548	HasLastSubevent	buy a shirt	try it on	1.5849625007211563
225945	225945	IsA	bird	wonderous creature	1.5849625007211563
382436	382436	HasSubevent	birthday	get gift	2.0
 13312	We are not as well equipped to handle the increase because it has n't been as much of a need as in other parts of the city , '' said Councilman Michael E. McMahon , who represents the North Shore . ''	represents	Councilman Michael E. McMahon	the North Shore	1	1			
593176	593176	CapableOf	we	choose to love each other	1.5849625007211563
318230	318230	IsA	A ton	heavier than a liter	1.5849625007211563
401162	401162	ReceivesAction	movie	act out on stage	1.5849625007211563
440445	440445	HasSubevent	travel	arrive on time	1.5849625007211563
563545	563545	HasProperty	strep throat	painful	1.5849625007211563
 70188	 70188	HasA	houses	roofs to keep rain out	1.5849625007211563
 52130	 52130	UsedFor	a carpet	provide comfort	1.5849625007211563
543599	543599	Desires	person	lose control	1.5849625007211563
  1597	  1597	CapableOf	A human being	hurt another human being unintentionally	1.5849625007211563
484096	484096	UsedFor	driving a car	Pleasure	1.5849625007211563
344873	344873	IsA	this	a comfortable chair	1.5849625007211563
 13290	 13290	HasSubevent	driving	you discover new places	1.5849625007211563
351497	351497	HasA	some metal mirror	protective surface	1.5849625007211563
153087	153087	HasProperty	it	cold in siberia too	1.5849625007211563
178225	178225	UsedFor	a coast	fish	2.321928094887362
336898	336898	HasProperty	tree bark	usually brown	1.5849625007211563
 33357	The ingedients included methoprene , which is used in insect pesticide .	is used in	methoprene	insect pesticide	1	1			
449164	449164	CapableOf	The veterinarian	wall in the yard	1.5849625007211563
  6919	  6919	MotivatedByGoal	do some exercise	loose weight	2.321928094887362
511837	511837	AtLocation	stones	a mountain	2.321928094887362
 89536	 89536	ReceivesAction	checks	written	1.5849625007211563
407635	407635	HasProperty	a person's mother	one of that person's parents	1.5849625007211563
205603	205603	UsedFor	get up early	enjoy quiet	1.5849625007211563
369376	369376	AtLocation	horseradish	grocery store	1.5849625007211563
174935	174935	UsedFor	mayor	govern city	1.5849625007211563
271062	271062	ReceivesAction	Some people	cremated	2.321928094887362
 76224	 76224	HasA	when you	a lot of money	1.5849625007211563
148118	148118	UsedFor	fur	staying warm	1.5849625007211563
 30840	Frauke Petersen Haasemann , the assistant conductor of the Westminster Choir and professor of conducting at the Westminster Choir College , died last Friday at her home in Princeton , N.J.	is the assistant conductor of	Frauke Petersen Haasemann	the Westminster Choir	1	1			
509918	509918	MotivatedByGoal	hear the joke	laugh at a joke	1.5849625007211563
401635	401635	CapableOf	policaman	fine driver	1.5849625007211563
 33210	Over time , users will find adjacent office and factory space but a comprehensive plan that integrates those massive hangars will have to wait .	find	users	factory space	1	1			
384420	384420	HasA	human body	two leg	1.5849625007211563
269494	269494	UsedFor	leather	make rein	1.5849625007211563
428582	428582	IsA	New words	coined every day	1.5849625007211563
300853	300853	MotivatedByGoal	illustrate a point	you believe it is true	1.5849625007211563
 20327	 20327	ReceivesAction	A bird	found in open country	1.5849625007211563
 66913	 66913	HasSubevent	go to bed	remove clothes	2.0
341136	341136	AtLocation	snake	bush	2.321928094887362
299122	299122	HasPrerequisite	take an examination	prepare for it	1.5849625007211563
155593	155593	IsA	it	unproductive behavior to be racist	1.5849625007211563
447475	447475	HasSubevent	buy something be consider if it	organically grow	1.5849625007211563
546944	546944	ReceivesAction	Time	measured in an hourglass	1.5849625007211563
31092319	Results : The 4MGS was significantly correlated with daily step counts and PAL , as well as the 6 min walk distance ( r = 0.477 , p < 0.001 ; r = 0.433 , p = 0.001 ; and r = 0.593 , p < 0.001 , respectively ).	was significantly correlated	The 4MGS	with PAL	1	1			
 43479	 43479	AtLocation	letter	mail box	3.3219280948873626
390646	390646	CapableOf	You	find tourists near Hawaii	1.5849625007211563
433679	433679	CausesDesire	high blood pressure	lose weight	1.5849625007211563
334177	334177	UsedFor	getting a contract	job security	1.5849625007211563
224315	224315	HasProperty	Sand	very fine grained	1.5849625007211563
563864	563864	HasProperty	some seats	more comfortable than others	2.807354922057604
131001	131001	HasA	we	faith in our government	1.5849625007211563
102112	102112	Causes	knit	you have tire hand	1.5849625007211563
277337	277337	HasSubevent	celebrate	business close	1.5849625007211563
502618	502618	Causes	watching television	eye strain	1.5849625007211563
16208307	And more recently , the XENDOS study showed that in very obese population on intensive lifestyle modification program , xenical treatment was associated with a 37 % reduced incidence of diabetes compared to placebo.	showed	the XENDOS study	that in very obese population on intensive lifestyle modification program , xenical treatment was associated with a 37 % reduced incidence of diabetes compared to placebo	more recently	1	1		
456450	456450	HasA	safety pins	innumerable uses	1.5849625007211563
 15760	 15760	HasPrerequisite	taste something sweet	eat a chocolate cake	1.5849625007211563
444523	444523	Causes	surf web	see porn	1.5849625007211563
523183	523183	Causes	knowing how the stock market performed	satisfaction	1.5849625007211563
 93111	 93111	IsA	dogs	loyal followers of humans	1.5849625007211563
369030	369030	HasSubevent	learning something new	think	2.321928094887362
320583	320583	HasProperty	break finger	painful	1.5849625007211563
210562	210562	HasSubevent	pass a class	joy	1.5849625007211563
147852	147852	UsedFor	playing the piano	pleasure and relaxation for both the person playing and those listening	1.5849625007211563
 37584	 37584	CapableOf	war criminal	face tribunal	1.5849625007211563
393388	393388	AtLocation	a cow	a farmer's pasture	1.5849625007211563
 33053	 33053	Causes	determining the truth	becoming cynical	1.5849625007211563
 29648	 29648	IsA	this	incandescent lightbulb	1.5849625007211563
135957	135957	HasPrerequisite	do the housework	have a house	2.0
255311	255311	IsA	shine	australian radio show	1.5849625007211563
455364	455364	ReceivesAction	ocd and attendant tic	view as manifestation of eccentricity	1.5849625007211563
592652	592652	IsA	card games	often	1.5849625007211563
306281	306281	NotCapableOf	items it in	get wet	1.5849625007211563
127942	127942	HasSubevent	play chess	compete against another player	1.5849625007211563
598014	598014	AtLocation	denim	jean	1.5849625007211563
106856	106856	UsedFor	a stairwell	get the heart pumping	1.5849625007211563
594705	594705	CapableOf	moms	cook cookies	1.5849625007211563
19726557	It can detect primary breast cancers and additional foci of cancer that are occult to standard imaging.	are occult	primary breast cancers of cancer	to standard imaging	1	1			
517278	517278	HasSubevent	celebrating	rockets are fired off	1.5849625007211563
223650	223650	CausesDesire	campfire girl	start fire	1.5849625007211563
428650	428650	Desires	person	be rescue from drudgery	1.5849625007211563
 15733	On Saturday , as the host for Mr. Rumsfeld in that city after the Baltic states had entered NATO , Mr. Ivanov said the alliance risked wasting money and weakening itself by welcoming small states that could not contribute to the collective defense of the members . ''	had entered	the Baltic states	NATO	1	1			
   771	It also lushly exemplifies the 19th-century practice of adding painted settings to the cut-outs , which Ms. Walker continues in her '' American Primitives '' series .	is	Walker	female	1	1			
204558	204558	HasSubevent	paint a house	appreciation from the neighborhood	1.5849625007211563
 72544	 72544	HasProperty	the moon	full of craters	1.5849625007211563
342368	342368	HasLastSubevent	illustrate a point	make a conclusion	1.5849625007211563
499785	499785	CapableOf	knickknacks	make a baby happy	1.5849625007211563
538670	538670	IsA	Smog	polluted air	3.0
561534	561534	HasA	Altoids	artificial flavor	1.5849625007211563
242957	242957	AtLocation	lies	a political debate	1.5849625007211563
 53610	 53610	AtLocation	Venus	outerspace	1.5849625007211563
416289	416289	CapableOf	who	bell cat	1.5849625007211563
554204	554204	HasPrerequisite	get job	learn to lie	1.5849625007211563
551955	551955	HasSubevent	work box office	make change	1.5849625007211563
 71078	 71078	HasFirstSubevent	have examination	visit doctor office	1.5849625007211563
455498	455498	HasPrerequisite	express information	write book	1.5849625007211563
142122	142122	CapableOf	baseball bat	hurt human	1.5849625007211563
460650	460650	IsA	svm	magazine	1.5849625007211563
214267	214267	CausesDesire	big game	watch television	1.5849625007211563
 33459	Mr. Rivera , a progressive Democrat , is one of only four national labor leaders invited to participate , according to an aide .	is	Mr. Rivera	QUANT_O_1	1	1			
314114	314114	ReceivesAction	some horses	groomed for show	1.5849625007211563
 23060	There is disagreement on whether his manner reflects shyness or , as his critics charge , arrogance .	charge	his critics	arrogance	1	1			
428762	428762	HasA	A desert	many sand dunes	1.5849625007211563
143079	143079	IsA	bicycle	sport many person enjoy	1.5849625007211563
400512	400512	UsedFor	waking up in the morning	going to class	1.5849625007211563
  1206	Indeed , Mr. Farber said Microsoft 's current strategy of increasingly delivering Internet services over the Web would work best with software designed as '' well-defined modules '' instead of the '' spaghetti code '' of deeply integrated software , bundling all kinds of features into one .	work best with software designed as	Microsoft 's current strategy of increasingly delivering Internet services over the Web	well-defined modules	1	1			
168825	168825	UsedFor	love someone else	avoidance of be self center	1.5849625007211563
199717	199717	IsA	purpose of school	learn	1.5849625007211563
371852	371852	UsedFor	cabinets	storing items	2.321928094887362
158208	158208	UsedFor	large container	hold large thing	1.5849625007211563
462922	462922	CapableOf	children	view a viewmaster	1.5849625007211563
166628	166628	AtLocation	syrup	waffle	2.321928094887362
233758	233758	HasSubevent	play basketball	lose defender	1.5849625007211563
 63966	 63966	UsedFor	wash your hand	keep clean	2.321928094887362
329881	329881	CapableOf	cool water	form ice on grind	1.5849625007211563
561481	561481	HasSubevent	plan vacation	person disagree	1.5849625007211563
141394	141394	UsedFor	a moving walkway	Going somwhere	1.5849625007211563
409984	409984	CapableOf	tape measure	measure board	1.5849625007211563
238592	238592	HasFirstSubevent	eat	sit at table	1.5849625007211563
246050	246050	CapableOf	a conductor	listen to music	1.5849625007211563
315795	315795	Causes	writing a program	need to interface	1.5849625007211563
140099	140099	IsA	spider	not insect	1.5849625007211563
312563	312563	HasSubevent	have examination	use stethascope	1.5849625007211563
263639	263639	CausesDesire	get close to 35	start family	1.5849625007211563
248798	248798	UsedFor	car park	store car	2.584962500721156
452098	452098	IsA	this	a novelty	1.5849625007211563
  2281	  2281	CapableOf	copper	corrode	1.5849625007211563
 79541	 79541	IsA	it	apple symbol of new-york	1.5849625007211563
19408118	There is a distinct role for the psychiatrist to be involved in the diabetes care team of children and adolescents diagnosed with type I diabetes and this role can be medically crucial.	diagnosed	adolescents	with type this role can be medically crucial	1	1			
596985	596985	NotIsA	Having a cold	the same as feeling cold	1.5849625007211563
413395	413395	UsedFor	meat	sale	1.5849625007211563
481459	481459	UsedFor	play piano	practise your piano technique	1.5849625007211563
597591	597591	HasProperty	schoolbusses	uncomfortable to ride in	1.5849625007211563
139054	139054	HasSubevent	buy beer	wink at bartender	1.5849625007211563
 10303	 10303	CapableOf	something	play video game	2.807354922057604
554635	554635	Causes	having a shower	plants to grow	1.5849625007211563
324098	324098	UsedFor	a hair shaping gel	shaping hair	2.807354922057604
527941	527941	HasPrerequisite	grocery shop	make shop list	1.5849625007211563
415667	415667	AtLocation	countrymen	a country	1.5849625007211563
176818	176818	HasSubevent	clean your room	hoover	1.5849625007211563
166246	166246	UsedFor	first class airline seat	tall person	1.5849625007211563
395964	395964	CapableOf	mike	wear sunglass	1.5849625007211563
257967	257967	MadeOf	star	hydrogen	2.0
305693	305693	NotDesires	person	heartache	2.0
 78038	 78038	MotivatedByGoal	watch tv show	it make you laugh	1.5849625007211563
380726	380726	CapableOf	The postoffice	forward your mail	1.5849625007211563
552916	552916	UsedFor	getting drunk	get more stupid	2.321928094887362
445618	445618	UsedFor	go off strike	cooperative work environment	1.5849625007211563
154977	154977	AtLocation	a main traffic artery	a route between cities	1.5849625007211563
 13332	Region prospers While a successful Teamsters union strike last month was viewed as a comeback for U.S. labor , the turmoil surrounding President Ron Carey casts doubt on its future .	prospers	Region	While a successful Teamsters union strike last month was viewed as a comeback for U.S. labor the turmoil surrounding President Ron Carey casts doubt on its future	1	1			
451033	451033	IsA	wolrd	small place	2.321928094887362
591558	591558	CapableOf	explorer	discover something previously unknown	1.5849625007211563
  3261	Today's bet is that the promise of sending British or German or American troops to defend Warsaw or Prague against an unnamed enemy will not only make that unnecessary but will also help to entrench democracy and a free market system in Eastern Europe.	will help	the promise of sending American troops to defend Warsaw or Prague against an unnamed enemy	to entrench a free market system in Eastern Europe also	1	1			
419272	419272	HasSubevent	changing your appearance	put on a false nose	1.5849625007211563
390929	390929	UsedFor	a president	supporting Mother Culture	1.5849625007211563
308113	308113	AtLocation	a courthouse in center	town	2.0
 14229	 14229	HasFirstSubevent	exercise	breathe correctly	1.5849625007211563
592981	592981	IsA	The Octagon	a martial arts movie	1.5849625007211563
371674	371674	UsedFor	do housework	make member of household happy	1.5849625007211563
295695	295695	UsedFor	a letter	tell someone you love them	1.5849625007211563
 76490	 76490	CapableOf	a teacher	share an idea	1.5849625007211563
219633	219633	UsedFor	a paper sign	temporary directions	1.5849625007211563
286414	286414	MotivatedByGoal	go to concert	see band	2.321928094887362
368375	368375	UsedFor	taboo	keep religious leader in power	1.5849625007211563
330585	330585	Causes	get contract	financial security	1.5849625007211563
345417	345417	HasSubevent	using a television	watch moving pictures	1.5849625007211563
337437	337437	AtLocation	court	park	1.5849625007211563
169720	169720	IsA	life	a chiar	1.5849625007211563
398120	398120	HasA	city	tall build close together	1.5849625007211563
594769	594769	CausesDesire	Love of music	go to an opera	1.5849625007211563
559651	559651	CausesDesire	poker with the guys	play cards	1.5849625007211563
574579	574579	HasProperty	jax	fun to play with	1.5849625007211563
 33839	 33839	CapableOf	open mind	learn	1.5849625007211563
 90535	 90535	CapableOf	horn	be blare	1.5849625007211563
195896	195896	HasA	Different people	different personalities	1.5849625007211563
 75816	 75816	Causes	contemplate	insight	2.0
152338	152338	ReceivesAction	Property qualifications for MPs	scrapped in 1858	1.5849625007211563
540981	540981	MotivatedByGoal	document it	record something	1.5849625007211563
193157	193157	DefinedAs	something you find underwater	sea bed	1.5849625007211563
268888	268888	Causes	eat in fast food restaurant	indigestion	2.0
353634	353634	UsedFor	saxophone	make dumb-ass sound	1.5849625007211563
542713	542713	CapableOf	AI software	learn a few things	2.0
319003	319003	MotivatedByGoal	make a shopping list	it's easier and more organized	1.5849625007211563
376744	376744	NotDesires	a person	appear foolish	1.5849625007211563
  5306	When the new police effort began in February , the police used the information the youths had compiled to identify and arrest the leaders of the crack operations .	had compiled	the youths	arrest the information	1	1			
298456	298456	NotDesires	the middle-class and lower-class workers	be coming to work	1.5849625007211563
341950	341950	IsA	data input accuracy	problem for any computer system	2.0
 47589	 47589	MotivatedByGoal	play guitar	make music	3.3219280948873626
416195	416195	Desires	person	fair society	2.0
 57948	 57948	HasPrerequisite	visit art gallery	take long nap	1.5849625007211563
  1021	For example , in the Nissan Ideo , the mechanical steering column was replaced with a sensor on a steering wheel attached to the door . ''	was replaced with a sensor on a steering wheel attached to the door For	the mechanical steering column	example	1	1			
533305	533305	HasSubevent	sit quietly	surprise	1.5849625007211563
165229	165229	UsedFor	improving your image	building self-confidence	1.5849625007211563
497711	497711	AtLocation	a staples	a supply cabinet	1.5849625007211563
541084	541084	UsedFor	improve your image	get job	2.584962500721156
524397	524397	HasPrerequisite	decide a criminal's fate	avoid becoming a criminal	1.5849625007211563
105470	105470	Causes	do crossword puzzle	make mistake	1.5849625007211563
139068	139068	IsA	Popcorn	sometimes	1.5849625007211563
  1243	But during arguments on Tuesday on the limits the Constitution places on punitive damages , the proposed line between the permissible and the unconstitutional was so fine that the justices appeared close to giving up .	appeared	the justices	close to giving up	1	1			
501068	501068	HasFirstSubevent	get exercise	put on workout clothing	1.5849625007211563
  2775	  2775	AtLocation	shop	airport	1.5849625007211563
566517	566517	HasSubevent	walking around a lake	skip flat stones across the lake	1.5849625007211563
129904	129904	NotDesires	person	bee in too hot weather	2.321928094887362
550755	550755	CapableOf	Juice	comes from fruit	1.5849625007211563
448431	448431	CapableOf	i	word this	1.5849625007211563
283841	283841	AtLocation	a doormat	the front door	2.0
100415	100415	IsA	tomato	fruit, not a vegetable	2.584962500721156
170619	170619	HasPrerequisite	buy something small	make sure you have money	2.321928094887362
 83532	 83532	IsA	a dome	a large, round roof	1.5849625007211563
143481	143481	UsedFor	a bomb	fighting a war	2.321928094887362
433005	433005	ReceivesAction	oil	find in pantry	1.5849625007211563
533213	533213	AtLocation	dolphin	zoos	2.321928094887362
 60397	 60397	ReceivesAction	both saxophone and alarm clock	use by human	1.5849625007211563
 14914	 14914	HasPrerequisite	read to your child	get book	2.584962500721156
286368	286368	HasProperty	Computer disks need good care to	useful	1.5849625007211563
273411	273411	HasA	many wine bottles	cork stoppers	1.5849625007211563
333745	333745	HasSubevent	compute sum	you make mistake	2.584962500721156
401979	401979	CapableOf	government	arm rebel	1.5849625007211563
 72214	 72214	HasA	a fireplace	fire	2.584962500721156
384181	384181	IsA	stuff animal	child play thing	1.5849625007211563
  6751	  6751	AtLocation	dirt	bed	2.0
395780	395780	UsedFor	cheque	shop	1.5849625007211563
597045	597045	HasSubevent	conducting a trial	the presentation of evidence	1.5849625007211563
323951	323951	CausesDesire	A war against your country	join the army	1.5849625007211563
342859	342859	CapableOf	Evangelists	deceive people to get their money	1.5849625007211563
 10419	 10419	Causes	breathe	oxygenation of blood	1.5849625007211563
210011	210011	CapableOf	saws	cut wood	3.1699250014423126
 21718	With a chance to reply , Mr. Ellison did not hold back , even giving a name to the dog that Mr. Conway may or may not own , and a nickname to Mr. Conway in the process . ''	did hold back	Mr. Ellison	giving a name to the dog	1	1			
 13171	Nancy Cole , the president of ETS , says that the company is aware that its nonprofit status is a source of concern , particularly to outsiders , as the testing service increases its competition with for-profit businesses .	is	Nancy Cole	the president of ETS	1	1			
583984	583984	Causes	take examination	determine effectiveness of learn process	1.5849625007211563
  8360	  8360	CapableOf	A female fox	be a mother	1.5849625007211563
495235	495235	MotivatedByGoal	urinate	mark your territory	1.5849625007211563
435710	435710	MotivatedByGoal	fart	need to	2.0
 10908	 10908	HasProperty	knives	sharp and dangerous	2.321928094887362
357053	357053	AtLocation	a box bag	a grocery store	1.5849625007211563
288497	288497	UsedFor	a garage door opener	open garage doors	2.321928094887362
563047	563047	AtLocation	patients	the doctor	1.5849625007211563
569749	569749	IsA	a parallelogram	a figure	1.5849625007211563
313189	313189	Causes	cool off	reduction in heat	1.5849625007211563
 31866	 31866	HasSubevent	go to restaurant	talk with maitre d'hotel	1.5849625007211563
172175	172175	UsedFor	cake with candle	celebrate birthday	2.321928094887362
 51695	 51695	UsedFor	an eating place	paying the bill	2.321928094887362
110220	110220	Causes	opening a business	working for yourself	1.5849625007211563
 38671	He also said Google and Pyra , whose six employees now work for Google , were still mapping out Blogger 's future .	work now for	Pyra QUANT_S_1 employees	Google	1	1			
235931	235931	AtLocation	cargo	ship	2.807354922057604
491220	491220	PartOf	wristwatch	watch	2.0
300386	300386	IsA	tartar control toothpaste	a marketing phrase	1.5849625007211563
 15254	 15254	HasA	some television studio	live audience	1.5849625007211563
173603	173603	HasPrerequisite	sing	have vocal cords	1.5849625007211563
130600	130600	Causes	buying something for a loved one	They are happy	1.5849625007211563
 29470	 29470	HasSubevent	illustrate a point	draw pictures	2.0
175212	175212	IsA	Juice	flavored water	1.5849625007211563
  4939	Mr. Medak called those scenes '' very modern and very old-fashioned at the same time . ''	called	Mr. Medak	those scenes very old-fashioned	1	1			
279472	279472	UsedFor	eating an apple	having a snack	1.5849625007211563
251921	251921	HasPrerequisite	go see a film	move to britain	1.5849625007211563
406243	406243	IsA	if there	no electricity fuse cannot blow	1.5849625007211563
416967	416967	CapableOf	someone	shop for fruit	1.5849625007211563
 84973	 84973	CapableOf	In England police	use horses during soccer riots	1.5849625007211563
569520	569520	HasProperty	being stranded on an island	scary	1.5849625007211563
 27405	 27405	CapableOf	cat	scratch on scratch post	2.321928094887362
569052	569052	AtLocation	bass clarinet	pawn shop	1.5849625007211563
359406	359406	CapableOf	designer	build web site	1.5849625007211563
538233	538233	HasPrerequisite	hang out at the bar	rethink your priorities	1.5849625007211563
249036	249036	HasProperty	person try to	funny	1.5849625007211563
132197	132197	HasPrerequisite	pretend	imagine yourself in a situation	1.5849625007211563
 18947	Mr. Zimroth said that PAC 's '' have not been a problem '' in the city so far , and that the proposed legislation does not single them out except to make them subject to the $ 1,000 contribution limit .	have been that	PAC 's	the proposed legislation	1	1			
309402	309402	HasFirstSubevent	fee your family	select food for meal	1.5849625007211563
559118	559118	UsedFor	a first class airline seat	people	1.5849625007211563
313560	313560	IsA	This	a dangerous item	1.5849625007211563
385095	385095	Causes	decide criminal s fate	imprisonment	1.5849625007211563
150429	150429	AtLocation	toilet	motel room	2.321928094887362
155324	155324	IsA	yacht	ship	2.0
325211	325211	CapableOf	trainer	buy horse	1.5849625007211563
590614	590614	MotivatedByGoal	purchase cellular phone	call for help be important for safety	1.5849625007211563
208409	208409	HasPrerequisite	kill person	strangle them	1.5849625007211563
233566	233566	UsedFor	eat lunch	aleving hunger	2.321928094887362
 62423	 62423	AtLocation	a scale	a fish market	1.5849625007211563
170663	170663	HasSubevent	bringing suit	explain why you are bringing suit	1.5849625007211563
198278	198278	Causes	clean house	your happy with surround	1.5849625007211563
 42012	 42012	UsedFor	a CD	Backing up important computer files	1.5849625007211563
135373	135373	UsedFor	shop	look for something to buy	1.5849625007211563
116249	116249	IsA	one kind of unavoidable delay	traffic jam	1.5849625007211563
421518	421518	AtLocation	ticket booth	train station	3.1699250014423126
174287	174287	AtLocation	window	space shuttle	2.0
577597	577597	HasPrerequisite	hearing music	ears that work	1.5849625007211563
528010	528010	MotivatedByGoal	eat less saturate fat	maintain good health	1.5849625007211563
227105	227105	AtLocation	site in internet	weather	1.5849625007211563
380822	380822	MotivatedByGoal	tape television show	watch it with your friend late	1.5849625007211563
337211	337211	UsedFor	memorising	plays	1.5849625007211563
416019	416019	HasProperty	It	dangerous to take pictures of tornados	1.5849625007211563
225338	225338	HasA	Brooms	bristles	1.5849625007211563
539663	539663	UsedFor	solar cell	live off grid	1.5849625007211563
261953	261953	IsA	fence	barrier against person or animal	1.5849625007211563
265719	265719	UsedFor	ski	fun and exercise	1.5849625007211563
  3584	  3584	CapableOf	a salesman	travel often	1.5849625007211563
184510	184510	IsA	Horse racing	a sport	1.5849625007211563
536402	536402	NotHasProperty	shadow of wing	understandable	1.5849625007211563
395837	395837	Causes	reading a magazine	gaining knowlege	1.5849625007211563
26977847	Recent findings : Therapeutic vaccines including PROSTVAC and DCVAC / PCa have completed promising phase 2 trials for the treatment of prostate cancer and phase 3 trials are underway.	have completed	Recent findings	promising phase	1	1			
 36221	 36221	HasProperty	Nonverbal communication	effective but is often inexact	2.0
 90449	 90449	HasSubevent	play a guitar	you might sing along	1.5849625007211563
426808	426808	CapableOf	Everyone	do something well	1.5849625007211563
415220	415220	ReceivesAction	a voice	owned by a person	1.5849625007211563
 81830	 81830	ReceivesAction	pocket watch	require to be wind by hand	1.5849625007211563
 76901	 76901	NotCapableOf	cow	drink cappuccino	1.5849625007211563
 32964	A The answers depend on the context in which the term air rights is used , said Sam W. Galowitz , a Manhattan real estate lawyer .	is used	the term air rights	the context	1	1			
353154	353154	IsA	midterm	examination give to you in school	1.5849625007211563
462163	462163	IsA	Earth's supply of wood	a limited resource	1.5849625007211563
243081	243081	IsA	"Fruit on a table"	a sentence fragment	1.5849625007211563
 30100	 30100	UsedFor	reach advantage	beat your opponent	1.5849625007211563
551013	551013	MotivatedByGoal	release your energy	lift heavy object	1.5849625007211563
275759	275759	AtLocation	something	crux	1.5849625007211563
447596	447596	UsedFor	a cellar	storing apples	2.321928094887362
133710	133710	PartOf	There	Paris	1.5849625007211563
349612	349612	Causes	reaching a tentative agreement	satisfaction	1.5849625007211563
180108	180108	AtLocation	a ferret	a woody landscape	2.0
364733	364733	HasPrerequisite	sew	have needle	1.5849625007211563
  3982	  3982	HasPrerequisite	stay healthy	food	1.5849625007211563
141611	141611	NotDesires	a person	rusty water in their homes	1.5849625007211563
380505	380505	CapableOf	If people bleed a lot, they	die	1.5849625007211563
 72220	 72220	HasPrerequisite	take bath	fill tub with water	3.3219280948873626
431958	431958	HasPrerequisite	play football	team	1.5849625007211563
253347	253347	CausesDesire	friendliness	talk	1.5849625007211563
417652	417652	CapableOf	you	own your feel	1.5849625007211563
285814	285814	CapableOf	BOOTS WITH HEELS	MAKE YOU LOOK TALLER	1.5849625007211563
 71623	 71623	IsA	roses	for girls	1.5849625007211563
390935	390935	HasFirstSubevent	sate your hunger	stop eating	2.321928094887362
354308	354308	HasSubevent	learn enough	you become expert	2.0
 93060	 93060	IsA	throwns	for royalty to sit upon	1.5849625007211563
381524	381524	CapableOf	thinker	arrive at conclusion	1.5849625007211563
132346	132346	HasA	confuse team	become norm	1.5849625007211563
452323	452323	IsA	This	a soft plastic baby pacifier	1.5849625007211563
318066	318066	MotivatedByGoal	lie	you are not ethical	1.5849625007211563
359916	359916	PartOf	azalea	flower	2.0
555811	555811	CapableOf	A teacher	group his students	1.5849625007211563
 31744	The offer was you could fly 10 segments and get 2,000 extra E.Q.M. 's per segment , as well as the normal E.Q.M. 's for the whole trip , '' Mr. Scannell said .	said get QUANT_O_1 extra E.Q.M. 's per	Mr. Scannell	segment	1	1			
155941	155941	IsA	recipe	instruction for prepare food	1.5849625007211563
461327	461327	CapableOf	A doctor	perfect his golf game	1.5849625007211563
350563	350563	MadeOf	pancakes	flour	2.321928094887362
209404	209404	HasA	If you	no colour sence..get an interior decorator	1.5849625007211563
 72713	 72713	IsA	This decoy	yesterday	1.5849625007211563
519915	519915	HasSubevent	getting warm	a sensation of coziness	1.5849625007211563
317564	317564	CapableOf	person	part his hair down middle	1.5849625007211563
320888	320888	UsedFor	a football field	the half-time show	1.5849625007211563
480808	480808	Causes	get wet	you catch cold	2.0
284423	284423	CapableOf	computer or person	succeed at task	1.5849625007211563
 44586	 44586	ReceivesAction	wildlife	protect from habitat loss	1.5849625007211563
505677	505677	AtLocation	something	my toolbox	1.5849625007211563
234848	234848	HasLastSubevent	watch musician perform	exit concert hall	1.5849625007211563
 95154	 95154	AtLocation	me	friend wed	1.5849625007211563
276661	276661	MotivatedByGoal	play cards	you like the challenge	1.5849625007211563
 14186	At 1,000 megawatts , it could be the largest block of energy added in the state in this decade .	added in	At QUANT_S_1 megawatts it could be the largest block of energy	the state	1	1			
324990	324990	HasPrerequisite	use vcr	remote that come with it	1.5849625007211563
364886	364886	MotivatedByGoal	cross the street	visit a friend who lives there	1.5849625007211563
250868	250868	AtLocation	large supermarket	inner city	1.5849625007211563
177269	177269	MotivatedByGoal	write a letter	comunicate	2.807354922057604
475799	475799	HasPrerequisite	bury cat	say prayer	1.5849625007211563
431301	431301	HasPrerequisite	attend school	do your homeword	1.5849625007211563
107479	107479	AtLocation	soap dish	sink	2.584962500721156
121661	121661	NotDesires	person	live in slum	1.5849625007211563
509586	509586	HasSubevent	play piano	your finger roam over key	1.5849625007211563
139139	139139	Causes	hurt someone else	them pain	1.5849625007211563
  2658	  2658	Causes	remembering something	you find your keys	1.5849625007211563
469937	469937	AtLocation	frog	water	1.5849625007211563
450040	450040	CapableOf	A shoe shiner	shine a shoe	1.5849625007211563
 51264	 51264	CapableOf	soldier	storm enemy camp	1.5849625007211563
 86316	 86316	MadeOf	a house	wood or brick	2.321928094887362
442301	442301	CausesDesire	have small house	buy something small	1.5849625007211563
 88111	 88111	IsA	alcohol	goverment sanction drug	1.5849625007211563
445980	445980	UsedFor	a frame	set off a picture	2.321928094887362
458841	458841	AtLocation	a beehive	a bridge	1.5849625007211563
514720	514720	IsA	One cliche	"straw that broke the camels back"	1.5849625007211563
 10941	In the last two years , applications for pistol licenses on Long Island have increased 60 percent , said Mr. Nathan , whose company in Great Neck helps people get guns and then trains them to use them . ''	has company in	Mr. Nathan	Great Neck	1	1			
 71390	 71390	CapableOf	one reason to take alternate	be to travel fast	1.5849625007211563
247154	247154	AtLocation	cotton	the medicine cabinet	2.807354922057604
 20236	 20236	AtLocation	brownstone in city neighborhood build	1900s	1.5849625007211563
272348	272348	IsA	nick	person	1.5849625007211563
584398	584398	UsedFor	a Chinese restaurant	buying chinese food	1.5849625007211563
576468	576468	UsedFor	a mouthwash	cleaning teeth and gums	1.5849625007211563
465840	465840	Causes	go to bed	dream of someone	1.5849625007211563
164636	164636	CapableOf	air bag	save life	1.5849625007211563
 83463	 83463	HasA	these book	knowledge and be in library	1.5849625007211563
486474	486474	AtLocation	antique	museum	1.5849625007211563
394211	394211	AtLocation	potato	plate	2.321928094887362
596325	596325	CapableOf	cannula	deliver fluid	1.5849625007211563
552238	552238	AtLocation	a baritone	a case	1.5849625007211563
212173	212173	DefinedAs	chilean peso	currency of chile	1.5849625007211563
185776	185776	UsedFor	paper clip	keep paper together	2.584962500721156
380334	380334	IsA	slinkies	spring	1.5849625007211563
527954	527954	HasPrerequisite	act in play	practice act	1.5849625007211563
329620	329620	ReceivesAction	movie house be where motion picture	show	1.5849625007211563
474317	474317	HasSubevent	go to school	go through metal detector	1.5849625007211563
248976	248976	IsA	Air pollution	a big problem around major cities	2.0
261676	261676	IsA	A shirt and pants	both clothes	1.5849625007211563
361921	361921	CapableOf	student	learn from past	1.5849625007211563
483200	483200	AtLocation	park area	downtown	1.5849625007211563
355671	355671	UsedFor	killing someone	self defence	1.5849625007211563
  4919	  4919	IsA	eagle	emblem of the united states	2.321928094887362
309790	309790	UsedFor	a folding shower door	protect your privacy while showering	1.5849625007211563
215349	215349	HasProperty	it	cool over there	1.5849625007211563
204482	204482	IsA	The ability to read music	a learned skill	1.5849625007211563
 16374	 16374	HasPrerequisite	pass a course	study what you need to learn	1.5849625007211563
397409	397409	MotivatedByGoal	teach other people	them to understand the world	1.5849625007211563
494321	494321	UsedFor	closet for clothe	hang up clothe	1.5849625007211563
555235	555235	HasSubevent	mail be put inside mailbox	flag should be place upward	1.5849625007211563
200764	200764	HasFirstSubevent	see your idea become reality	shout for joy	1.5849625007211563
 99212	 99212	UsedFor	urinating	cleaning the blood	1.5849625007211563
419148	419148	HasProperty	crumple paper	hard to write on	1.5849625007211563
487714	487714	Desires	Jill may	mate with that person	1.5849625007211563
560598	560598	PartOf	fingerprint	finger	3.0
405011	405011	CapableOf	music	cause emotions in people	1.5849625007211563
490386	490386	HasProperty	time	elastic	1.5849625007211563
450563	450563	Causes	going on the stage	distress	1.5849625007211563
193775	193775	IsA	turquoise	precious stone	1.5849625007211563
127765	127765	ReceivesAction	ticket in bus	stamp to be valid	1.5849625007211563
527427	527427	IsA	Winning means you	number one	1.5849625007211563
294731	294731	PartOf	There	the United Kingdom	1.5849625007211563
171281	171281	AtLocation	in the bottle	a water	2.0
193989	193989	IsA	movie	piece of art	2.0
 25461	A modest pipeline of these buildings has been created in Brooklyn and the Bronx , mainly through three rounds of competitive bidding by builders that started after the D'Annunzios bought their building .	bought	the D'Annunzios	their building	1	1			
223499	223499	UsedFor	a courtyard	separating buildings with a nice garden	1.5849625007211563
158041	158041	UsedFor	loving someone else	avoidance of being self centered	1.5849625007211563
285778	285778	AtLocation	no hope	the end of a line	1.5849625007211563
414380	414380	HasFirstSubevent	get job	fill out paperwork	1.5849625007211563
439004	439004	Desires	pet like dog	be take for walk outdoors	1.5849625007211563
427002	427002	HasPrerequisite	buy something for a loved one	buy something that person would like	1.5849625007211563
599784	599784	AtLocation	cloud star moon sun and bird	sky	1.5849625007211563
525580	525580	CapableOf	You	build a home page at homestead.com	1.5849625007211563
346030	346030	NotDesires	person	hurt themselves	1.5849625007211563
444064	444064	AtLocation	space junk	the sky	1.5849625007211563
146832	146832	UsedFor	make good world	common good	1.5849625007211563
353576	353576	HasSubevent	celebrate	get drunk	2.0
503550	503550	IsA	coat	need when it be cold outside	1.5849625007211563
238186	238186	NotDesires	person	unjust law	1.5849625007211563
212106	212106	CapableOf	sun	shine through window	1.5849625007211563
144868	144868	NotDesires	person	be strand	1.5849625007211563
315614	315614	MotivatedByGoal	play violin	you like music	2.321928094887362
 30428	 30428	HasPrerequisite	join the army	have your head examined	1.5849625007211563
497988	497988	Desires	giving assistance is for people who	help	1.5849625007211563
283487	283487	IsA	Our eyes	our most important sense	1.5849625007211563
 95071	 95071	HasSubevent	falling	open your parachute	2.0
247506	247506	UsedFor	running	escaping a predator	1.5849625007211563
218491	218491	MotivatedByGoal	wash clothe	clothe be dirty	2.321928094887362
300943	300943	IsA	lip	important part of mouth	2.321928094887362
137650	137650	HasPrerequisite	howl with laughter	watch tv	1.5849625007211563
454194	454194	IsA	One of the chemical elements	tin	1.5849625007211563
330991	330991	HasPrerequisite	travel	take bus	1.5849625007211563
157782	157782	UsedFor	chinese restaurant	serve chinese food	1.5849625007211563
280680	280680	CapableOf	george	call his sister	1.5849625007211563
357068	357068	UsedFor	changing society	changing the laws	1.5849625007211563
408104	408104	AtLocation	a manhole	a street corner	1.5849625007211563
561759	561759	HasSubevent	committing murder	use a gun	1.5849625007211563
530424	530424	UsedFor	entrance hall	enter	1.5849625007211563
 89179	 89179	HasA	Insect's bodies	chitan	1.5849625007211563
 68364	 68364	IsA	sun	planet	1.5849625007211563
241248	241248	HasPrerequisite	sate your hunger	find what you want to eat	1.5849625007211563
 96978	 96978	AtLocation	fungus	warm moist place	2.584962500721156
295678	295678	UsedFor	a cresent wrench	tighten and loosen bolts	1.5849625007211563
329027	329027	HasProperty	Thoroughbred horses	expensive	1.5849625007211563
286104	286104	HasProperty	god	just	2.0
 25311	 25311	HasPrerequisite	eat cookie	put cookie in your mouth	2.0
566664	566664	UsedFor	a lantern	seeing your way at night	1.5849625007211563
405466	405466	Causes	wrestle	you get pin	1.5849625007211563
174073	174073	CapableOf	You	live on a boat	1.5849625007211563
394145	394145	CapableOf	you	eat bean	1.5849625007211563
 28597	Only a bobbled pass in the end zone by split end Craig Allen , two alert defensive stops by the Irish and a gang tackle on a fourth-down play prevented the shock of last week 's defeat from evolving into frothing disgust by Notre Dame 's fervent but impatient supporters .	prevented the shock of last week 's defeat from	Only a bobbled pass in the end zone by split end Craig Allen	evolving into frothing disgust by Notre Dame 's impatient supporters	1	1			
476525	476525	MadeOf	plastic knife	plastic	2.0
575369	575369	HasA	Some humans	light skin	1.5849625007211563
148873	148873	CausesDesire	your mother	clean your room	2.321928094887362
295996	295996	MotivatedByGoal	express how funny something be	hear more funny story	1.5849625007211563
106488	106488	CapableOf	fire	destroy all things	2.584962500721156
446084	446084	HasLastSubevent	propose to woman	put ring on her finger	2.321928094887362
497393	497393	DefinedAs	mid-atlantic ridge	world tall mountain range	1.5849625007211563
230740	230740	AtLocation	Sports page	the newspaper	1.5849625007211563
391554	391554	IsA	Corn on the cob	a favorite picnic dish	1.5849625007211563
 19205	 19205	MadeOf	catwalk	metal	2.321928094887362
185700	185700	AtLocation	a bicycle	the schoolyard	1.5849625007211563
281736	281736	MotivatedByGoal	learn about science	science make sense of world	2.0
228670	228670	HasA	a glass	water	2.807354922057604
 17389	Mr. Reagan was never one for bitterness or meanness of spirit , even in the heat of combat , and his sunny , optimistic spirit shone through his speech .	was QUANT_R_1 for bitterness of	Mr. Reagan	spirit	1	1			
488997	488997	HasProperty	it	bad to kill human be	1.5849625007211563
 19522	This year , those endorsing Mr. Green include a peace group , the Sierra Club , three public employees ' unions , the National Abortion Rights Action League and the Veterans of Foreign Wars .	include a peace group	those endorsing Mr. Green	This year	1	1			
569976	569976	AtLocation	a cloth linen	linen closet	3.1699250014423126
395394	395394	UsedFor	going on strike	getting higher wages	1.5849625007211563
 27317	LEAD 	said Arthur Andersen & Company undertake a study to try to determine how to prevent defections from its huge management consulting practice	the firm	yesterday	1	1			
262988	262988	CausesDesire	prospect of good job	get good grade	1.5849625007211563
224129	224129	HasPrerequisite	reading a book	a book to read	1.5849625007211563
576615	576615	IsA	trophy	for winner	1.5849625007211563
416859	416859	Causes	too hot	burning	2.0
 80101	 80101	CapableOf	Flowers	make a person happy	1.5849625007211563
478308	478308	AtLocation	violinist	concert	1.5849625007211563
316167	316167	HasA	Most fuit	seeds	1.5849625007211563
393954	393954	MotivatedByGoal	go to a store that sells beer	buy a beer	1.5849625007211563
455770	455770	AtLocation	closet	room	3.0
409181	409181	AtLocation	person	new york	2.0
100695	100695	AtLocation	someone	utah	1.5849625007211563
25320514	On the other hand , serologic testing has mainly been used for targeting the high - risk group for gastric cancer.	has been used	serologic testing	for targeting the high - risk group for gastric cancer	1	1			
 24346	CARRYING bottled water in his hand and the fervent hopes for another N.B.A. renaissance along with Michael Jordan 's number on his back , LeBron James nudged through a swelling crowd of journalists here Friday afternoon . ''	be CARRYING for	LeBron James	another N.B.A. renaissance	1	1			
202080	202080	HasProperty	child can discover that book	wonderful	1.5849625007211563
 17144	In Greenwich , the associate conductor , Patricia Handy , speaks in Fletcher Hall at the Second Congregational Church at noon on the Wednesdays before Greenwich Symphony concerts .	speaks in Fletcher Hall on	the associate conductor	the Wednesdays before Greenwich Symphony concerts	1	1			
312142	312142	ReceivesAction	Cole	supposed to wear glasses	1.5849625007211563
24067269	This article will look at the latest national recommendations for managing and treating non-small cell lung cancer , which accounts for about 80 % of lung cancers , as well as emerging therapies.	will look	This article	at the latest national recommendations for managing	1	1			
301078	301078	UsedFor	bridge rail	safety so person dont fall off	2.321928094887362
 26480	 26480	HasPrerequisite	read to your child	sit down with them	1.5849625007211563
203703	203703	UsedFor	ships	import goods	2.321928094887362
 10430	 10430	HasA	child	two parent	1.5849625007211563
 70133	 70133	CapableOf	river	overflow after heavy rain	1.5849625007211563
147437	147437	IsA	university	educational facility	1.5849625007211563
412230	412230	CapableOf	a person	kill another person for self defence	1.5849625007211563
371587	371587	HasSubevent	hearing singing	humming along with the tune	1.5849625007211563
479401	479401	HasSubevent	create something to help other people	you get paid money	1.5849625007211563
492558	492558	UsedFor	book	learn about law	1.5849625007211563
 32428	Koplowitz 's next concert will be a more modest affair and presented indoors at Dance Theater Workshop in May .	be presented indoors in	Koplowitz 's next concert	May	1	1			
  2839	  2839	MotivatedByGoal	buy fresh fruit and vegetable	be healthy	1.5849625007211563
29066671	Progress in treatment of advanced non-small cell lung cancer with targeted therapy to oncogenic - driver ( EGFR , ALK , ROS1 and others ) and immune - checkpoint inhibitor ( PD - 1 pathway inhibitors ) makes it difficult to define the appropriate indication of local treatment to oligometastatic lung cancer.	makes	oncogenic - driver ( ROS1 and immune - checkpoint inhibitor	it difficult to define the appropriate indication of local treatment to oligometastatic lung cancer	1	1			
155409	155409	HasPrerequisite	get exercise	commitment	1.5849625007211563
530049	530049	HasA	plant and human	symbiotic relationship	1.5849625007211563
536948	536948	IsA	grief	when share	1.5849625007211563
305236	305236	AtLocation	welcome mat	porch	2.0
 33813	 33813	IsA	Armed robbery	a felony	1.5849625007211563
506316	506316	IsA	marble	useful metamorphic rock	2.321928094887362
434972	434972	CapableOf	give fresh flower to someone	brighten their day	1.5849625007211563
459652	459652	CausesDesire	An arduous hike	have a rest	1.5849625007211563
160622	160622	AtLocation	hot tap	bathroom	3.4594316186372978
567888	567888	UsedFor	Ironing your clothes	gaining respect	1.5849625007211563
342816	342816	CapableOf	grass	burn	1.5849625007211563
442503	442503	MotivatedByGoal	play sport	be part of a team	2.807354922057604
483584	483584	IsA	corn and meat	type of food	1.5849625007211563
 10595	 10595	UsedFor	wash and wear fabric	person who do not want to iron	1.5849625007211563
578818	578818	UsedFor	article in magazine	express opinion	1.5849625007211563
   466	It said financing would consist of $ 250 million from a private placement obtained through Shearson Lehman Hutton Inc. and a $ 150 million revolving credit line underwritten by Chase Manhattan Bank .	would consist of	financing	a $ 150 million revolving credit line	underwritten by Chase Manhattan Bank	It said	1	1	
287810	287810	AtLocation	a bald eagle	outside	1.5849625007211563
  7888	His record was hardly impressive 	be placed in the bottom QUANT_O_1 in	his John Hancock Global Income fund	its category	1	1			
312001	312001	AtLocation	weed in grass	park	1.5849625007211563
483915	483915	MotivatedByGoal	analyze problem first	design software	1.5849625007211563
534604	534604	HasPrerequisite	study	find quiet space	2.321928094887362
 95160	 95160	HasProperty	'Non-specific Urethritis'	abbreviated to'NSU'	1.5849625007211563
534876	534876	HasProperty	global warming	most intense at night	1.5849625007211563
397746	397746	AtLocation	dirt	bottom of sea	1.5849625007211563
 25027	The city is taking steps to improve bus speeds , transit officials said .	is taking	The city	steps to improve bus speeds	1	1			
368227	368227	UsedFor	catwalk	model to demonstrate new clothe	1.5849625007211563
442987	442987	Causes	becoming more clean	an orgasm	1.5849625007211563
261852	261852	AtLocation	tub	kitchen	1.5849625007211563
220944	220944	HasPrerequisite	tickle	grab	1.5849625007211563
 42575	 42575	NotHasProperty	typewriters	used in 2001	1.5849625007211563
234522	234522	ReceivesAction	rotunda	base on ancient model	1.5849625007211563
 68878	 68878	IsA	high point in jordan	jabal ram 1,754 m	1.5849625007211563
203902	203902	CapableOf	Chlorine combines	nearly all elements	1.5849625007211563
488349	488349	IsA	paget disease	pancreatic cyst	1.5849625007211563
148798	148798	MotivatedByGoal	stay fit	it be healthy	2.321928094887362
 91947	 91947	IsA	Nitrogen	a gas at 1 atmosphere	1.5849625007211563
208057	208057	HasSubevent	smoking	stand outside	1.5849625007211563
258496	258496	IsA	Vitamin C	vitamin	2.321928094887362
 18459	But since he took over the job in 1991 , Mr. Schmidbauer 's principal renown for most Germans has been as the point man of a Middle East policy that publicly angers the United States but privately provides a discreet point of contact with Washington 's adversaries there , most notably Iran .	has	Washington	adversaries	1	1			
 68738	 68738	UsedFor	a curb	roads	1.5849625007211563
 88851	 88851	AtLocation	chips	a bar	1.5849625007211563
358671	358671	PartOf	o consonant	korean alphabet	2.0
516820	516820	AtLocation	an apple tree	Maryland	1.5849625007211563
 44466	 44466	MadeOf	a wheel	metal	2.321928094887362
499516	499516	HasPrerequisite	play tennis	strengthen your forearm	2.807354922057604
214092	214092	AtLocation	large supermarket	suburb	1.5849625007211563
137318	137318	DefinedAs	true north	direction of north geographic pole	1.5849625007211563
314000	314000	AtLocation	horse farms	the country	1.5849625007211563
 43713	 43713	DefinedAs	the city of Houston	home of several professional sports teams	1.5849625007211563
509605	509605	IsA	The Challenger Deep	10,900 metres below sea level	1.5849625007211563
  3675	  3675	HasSubevent	learn language	you might mispronounce some word	1.5849625007211563
199856	199856	HasProperty	plastic surgery	very expensive	1.5849625007211563
  7394	  7394	HasProperty	Maranhao	one of the brazilian states	1.5849625007211563
398756	398756	DefinedAs	make money	root of all evil	1.5849625007211563
519160	519160	HasProperty	atmosphereof jupiter	very deep	1.5849625007211563
355700	355700	AtLocation	a librariam	the library	1.5849625007211563
500564	500564	AtLocation	bag	mail box	1.5849625007211563
370634	370634	CapableOf	person	stick balloon with pin	1.5849625007211563
 22870	 22870	AtLocation	a personal computer	the desk	1.5849625007211563
   472	   472	HasFirstSubevent	play poker	wait for dealer to arrive	1.5849625007211563
411586	411586	UsedFor	going to a performance	socializing	2.0
441097	441097	CapableOf	ice	coat cake	1.5849625007211563
 70098	 70098	AtLocation	kosher deli	jewish community	2.321928094887362
 60811	 60811	IsA	The highest point in Liberia	Mount Wuteve 1,380 m	1.5849625007211563
 90342	 90342	DefinedAs	what	nature or cause of enmity	1.5849625007211563
250651	250651	HasA	The baby	a bow in its hair	1.5849625007211563
493193	493193	HasProperty	grill	healthy	1.5849625007211563
198281	198281	IsA	wards	core of the culture	1.5849625007211563
596371	596371	AtLocation	a Japanese restaurant	California	1.5849625007211563
588133	588133	Causes	looking through a telescope	seeing things better	1.5849625007211563
194475	194475	UsedFor	shelf	store your book	1.5849625007211563
 19193	Rosa DeLauro , the representative for the Third District , said in an e-mail message , '' Rumors of the draft spread through my district , prompting many teenagers , their parents and loved ones to contact me with their fears . ''	is	Rumors of the draft spread through my district prompting QUANT_S_1 teenagers	loved ones	1	1			
479182	479182	ReceivesAction	Medals	given to reward exceptional service	1.5849625007211563
399200	399200	Desires	I	function well	1.5849625007211563
551671	551671	AtLocation	Bill Gates	a University	1.5849625007211563
411112	411112	HasFirstSubevent	snore	get laid	1.5849625007211563
551157	551157	IsA	grappa	alcohol	2.0
508940	508940	HasFirstSubevent	watch the evening news	turn on the television	1.5849625007211563
517751	517751	HasSubevent	climb	sweat	1.5849625007211563
 49924	 49924	HasA	The story "Exercising"	the step "I had stairs	1.5849625007211563
130188	130188	UsedFor	forklift	move heavy object	3.4594316186372978
 99556	 99556	CapableOf	child	place puzzle piece	2.0
456930	456930	HasProperty	some ceiling	textured	1.5849625007211563
372157	372157	Desires	a person	a balanced checkbook	1.5849625007211563
372324	372324	AtLocation	something	athens	1.5849625007211563
260033	260033	AtLocation	toys	the closet	1.5849625007211563
   191	   191	AtLocation	the last person	the end of a line	2.0
175614	175614	Causes	express how funny something be	contagious laughter	2.321928094887362
291730	291730	Causes	sit on chair	rest your leg	1.5849625007211563
112145	112145	HasFirstSubevent	see movie	watch movie with my eye	1.5849625007211563
109963	109963	Causes	listening	contentment	1.5849625007211563
514815	514815	MotivatedByGoal	see band	be groupie	1.5849625007211563
132762	132762	IsA	gold	comedy	1.5849625007211563
366161	366161	UsedFor	a knife	spreading jam	1.5849625007211563
207127	207127	Causes	reading	gaining knowledge	1.5849625007211563
157856	157856	DefinedAs	green	color of grass	2.584962500721156
364574	364574	CapableOf	jacks-of-all-trades	do anything	1.5849625007211563
180915	180915	CapableOf	striker	miss open goal	1.5849625007211563
107517	107517	AtLocation	shizuoka prefecture	izu peninsula	2.0
436042	436042	Desires	An American	pursue happiness	1.5849625007211563
354590	354590	HasPrerequisite	cook dinner	food	1.5849625007211563
540095	540095	CapableOf	Some things	matter more than others	1.5849625007211563
449377	449377	HasA	road	different surface	1.5849625007211563
336736	336736	DefinedAs	desire	motivating factor in the process of change	1.5849625007211563
304415	304415	CapableOf	life	spring forth	1.5849625007211563
 30215	 30215	HasPrerequisite	repair an umbrella	have iron on tape	1.5849625007211563
26984216	This review will examine the changing landscape of intermediate - risk prostate cancer and the effects on treatment decisions that may result from this new classification.	will examine	This review	the changing landscape of the effects on treatment decisions	1	1			
 56045	 56045	AtLocation	someone	Atlanta	1.5849625007211563
369875	369875	CapableOf	money	buy food	3.0
232241	232241	AtLocation	a dollar bill	a wallet	2.321928094887362
227045	227045	NotCapableOf	my house	look like that	1.5849625007211563
 26719	 26719	AtLocation	a kitten	someone's house	1.5849625007211563
 14377	Mr. Rifenburgh also noted that 150 million shares of MiniScribe common stock were traded during the past three years , `` so there 's a tremendous amount of exposure . ''	also noted	Mr. Rifenburgh	`` there 's a  tremendous amount of exposure . ''	1	1			
560874	560874	HasProperty	People	cruel to animals	1.5849625007211563
553702	553702	IsA	Cities	inside countries	1.5849625007211563
237300	237300	IsA	this	hour glass	2.321928094887362
501224	501224	CapableOf	ice	cool water	2.0
265107	265107	HasProperty	Animals	born and then grow larger	1.5849625007211563
 19173	 19173	HasSubevent	watch even news	snore	1.5849625007211563
470711	470711	HasSubevent	begin work	put on your work clothe	1.5849625007211563
 16917	 16917	AtLocation	soil	the ground	2.0
 66098	 66098	UsedFor	make patchwork quilt	personal fulfillment	1.5849625007211563
354043	354043	UsedFor	dental office	have cavity repair	1.5849625007211563
 56557	 56557	CapableOf	border	divide country	2.0
 25666	 25666	Desires	yarn	nothing	2.0
 50493	 50493	Causes	listening to music	a patriotic fervor	1.5849625007211563
244998	244998	HasSubevent	take final exams	you succeed	2.0
235220	235220	HasSubevent	playing cards	cards are inadvertently turned face up	1.5849625007211563
528456	528456	AtLocation	a cat	soft sunny area	1.5849625007211563
 17192	 17192	IsA	billiards	game of skill and be	1.5849625007211563
241703	241703	AtLocation	numbers on the doors	a motel	1.5849625007211563
358972	358972	HasA	engine	six cylinder	2.0
23257320	This supplement , an expansion of a report created for the Board of Trustees , is intended to provide a timely snapshot of the socio - economic , political , and scientific aspects of this environment as it applies to practice both in the United States and internationally.	to provide	This supplement	a timely snapshot of the political aspects of this environment	as it applies to practice both in the United States	1	1		
203497	203497	HasSubevent	smoke	light a cigarette	3.3219280948873626
550804	550804	IsA	tank	armour for protection against enemy	1.5849625007211563
341750	341750	CapableOf	you	find geranium in pot	1.5849625007211563
185428	185428	HasA	piano	black key	1.5849625007211563
537989	537989	CapableOf	jet	crash	2.0
360558	360558	AtLocation	front yard	neighborhood	2.0
476324	476324	Causes	getting something	wanting more	1.5849625007211563
596401	596401	Causes	pass sentence	start of convict sentence	1.5849625007211563
 88123	 88123	AtLocation	a yoyo	somebody's hand	1.5849625007211563
335064	335064	AtLocation	something	odds with itself	1.5849625007211563
464931	464931	IsA	Pie	sometimes	1.5849625007211563
418488	418488	UsedFor	basket with handle	carry item	1.5849625007211563
295822	295822	CapableOf	meditation	low human heart rate	1.5849625007211563
476420	476420	UsedFor	sleeping	taking a break from work	1.5849625007211563
140935	140935	Desires	a person	be able to see	1.5849625007211563
344006	344006	CapableOf	The grocer	attempt to fix the cash register	1.5849625007211563
253628	253628	UsedFor	a calendar book	keeping track of birthdays	1.5849625007211563
 19481	Marissa , who was staying at an uncle 's house in Brooklyn yesterday , was interviewed by the police investigating the shooting .	was staying at	Marissa	an uncle 's house	1	1			
112004	112004	AtLocation	oil rigs	sea	1.5849625007211563
295761	295761	IsA	lefty frizzell	musician	1.5849625007211563
272925	272925	UsedFor	a basket	hold cards	1.5849625007211563
531146	531146	HasSubevent	finding information	work with a librarian	2.0
27693064	A greater accumulation of cases will help elucidate the characteristics of colorectal cancer with venous tumor thrombosis and improve the treatment strategy.	will help elucidate	A greater accumulation of cases	the characteristics of colorectal cancer with venous tumor thrombosis	1	1			
231571	231571	AtLocation	speakers	a concert	1.5849625007211563
464696	464696	IsA	coach airplane sear	cheap than first class seat	1.5849625007211563
1485947	Identification of genes that cause classical Type 2 diabetes is likely to come from population association studies , molecular scanning techniques and direct sequencing of candidate genes rather than linkage analysis.	is	classical Type 2 diabetes	likely to come from direct sequencing of candidate genes	1	1			
140456	140456	HasProperty	books	full of knowledge	1.5849625007211563
470716	470716	PartOf	A garden	a house	2.321928094887362
527259	527259	DefinedAs	christmas	birthday of baby jesus	2.321928094887362
569546	569546	ReceivesAction	wine	serve in fancy restaurant	1.5849625007211563
  2787	"""""""The negative outlook also reflects the possibility of """"""""further managerial instability and movement, financial penalties, findings supporting shareholder litigation and further reserve adjustments."""""""	reflects	The negative outlook	the possibility of findings supporting shareholder litigation also	1	1			
123729	123729	HasPrerequisite	think	go someplace quiet	1.5849625007211563
 75473	 75473	HasA	earth	different continent	1.5849625007211563
593898	593898	CapableOf	The police	fine people who break the law	1.5849625007211563
149526	149526	UsedFor	Sunscreen	protection from the sun	1.5849625007211563
236095	236095	CapableOf	this guy	hurt his nut	1.5849625007211563
345856	345856	CapableOf	human	labor to succeed	1.5849625007211563
240015	240015	ReceivesAction	Candles	burned at many religious ceremonies	1.5849625007211563
 18030	 18030	NotHasA	The topic'fruits'	these words: contain	1.5849625007211563
497034	497034	CapableOf	Friends	order food	2.0
387453	387453	IsA	christian gospel of thomas	wisdom text	1.5849625007211563
   651	While Charlie Ward backs up Jackson , Camby most likely was not referring to him because Ward attempted only three shots in 14 minutes .	is	Jackson	Camby	1	1			
388355	388355	IsA	hotdogs	often	2.0
31236716	Recent findings : Advances in diagnosis and staging , genomic classification , surgical resection and treatment of peritoneal disease , systemic chemotherapy and chemoradiation , and targeted and immune therapies have led to the current multidisciplinary approach to gastric adenocarcinoma.	have led	immune therapies	to the current multidisciplinary approach to gastric adenocarcinoma	1	1			
460868	460868	IsA	feeling	sadness	2.0
449738	449738	CapableOf	delivery person	place package on step.s	1.5849625007211563
457262	457262	IsA	wardrobe	furniture item	1.5849625007211563
 44843	 44843	IsA	get marry	significant emotional event	1.5849625007211563
227181	227181	UsedFor	a tape machine room	storing and operation tape machines	1.5849625007211563
525439	525439	Causes	fighting war	numerous deaths	1.5849625007211563
413302	413302	IsA	Something you find underground	a ground hog	1.5849625007211563
472149	472149	Causes	start flame or fire	barn burn	1.5849625007211563
 34523	If a kid buys alcohol or an adult buys it for them , they should be penalized , but the penalty should n't be grandiose , '' said Glenn Draper , an exterminator who lives in Rockland County and works in Harrison .	be	the penalty	grandiose	1	1			
508917	508917	UsedFor	a stairs down	going downstairs	2.321928094887362
 51888	 51888	NotCapableOf	most people	resist a puppy	1.5849625007211563
16329529	In this article , Drs Laurencin , Goldschmidt , and Fisher summarize the prevalence and risk factors , clinical presentation , diagnosis , and treatment of type 2 diabetes in adolescents.	summarize	Drs Laurencin	the factors	In this article	1	1		
494851	494851	HasPrerequisite	take bus	have money for fare	1.5849625007211563
522314	522314	HasSubevent	walk dog	get tire	1.5849625007211563
181895	181895	HasPrerequisite	entertain person	match their interest	1.5849625007211563
409653	409653	MotivatedByGoal	go to swim pool	swim	2.321928094887362
 36585	Mr. Meng 's victory has been portrayed as a watershed event in Queens in that it signaled the rise of Asian-American voting strength in the borough .	is	Meng	male	1	1			
 81822	 81822	UsedFor	use television	watch weather	1.5849625007211563
  6105	  6105	HasPrerequisite	go to work	be gald you be wage-slave	1.5849625007211563
212515	212515	HasA	pod	seed	1.5849625007211563
 42860	 42860	ReceivesAction	can and newspaper can both	recycle	1.5849625007211563
 28069	He could acquire a staff of loyal Pinkerton 's employees , many of whom had spent their entire careers with the firm , he could eliminate a competitor and he could get the name recognition he 'd wanted .	get	he could	the name recognition he 'd wanted	1	1			
 17503	Although often embroidered , Modigliani 's brief life of wine , women , drugs , art and poverty is the epitome of the romantic , self-destructive bohemian artist .	is the epitome Although	Modigliani 's brief life of poverty	often embroidered	1	1			
137219	137219	IsA	metal toughness	temperature sensitive	1.5849625007211563
129445	129445	HasProperty	big plastic toy	safe for young child	1.5849625007211563
546348	546348	IsA	philosophy	about person think	2.0
  2698	  2698	HasPrerequisite	Playing the piano well	much practice	1.5849625007211563
338103	338103	AtLocation	a steel pen	a farm	1.5849625007211563
314618	314618	AtLocation	cheque book holder	my purse	2.321928094887362
384471	384471	IsA	capital of iceland	reykjavik	1.5849625007211563
466606	466606	UsedFor	analysing something	learning from it	2.0
269194	269194	Desires	I	listen to music	1.5849625007211563
  8355	In Augusta , N.J. , Tony Torre , vice president and general manager of the New Jersey Cardinals , said his team spent $ 80,000 in legal fees from 1988 to 1992 to fight `` local residents who tried to run us out of town , '' when the team was based in Hamilton , Ontario , and called the Redbirds .	was based in	the team	Hamilton	1	1			
106854	106854	AtLocation	sugar	kitchen	1.5849625007211563
498167	498167	HasPrerequisite	wait table	aspire to be actress	1.5849625007211563
500956	500956	IsA	howard abrams	person	1.5849625007211563
 41347	 41347	UsedFor	appointment book	schedule imprortant date	1.5849625007211563
398705	398705	HasSubevent	meet a friend	make eye contact	1.5849625007211563
173297	173297	HasPrerequisite	apply for job	resume	2.0
375799	375799	UsedFor	find information	know thing	1.5849625007211563
475974	475974	DefinedAs	western tragopan pheasant	Tragopan melanocephalus	1.5849625007211563
321418	321418	IsA	ball	spherical object	2.321928094887362
430890	430890	ReceivesAction	it	speak by human be	1.5849625007211563
283820	283820	AtLocation	a pad	a yoga center	1.5849625007211563
235505	235505	IsA	Talking about music	like dancing about architecture	1.5849625007211563
417497	417497	CausesDesire	lonelyness	take a phone call	2.584962500721156
 56519	 56519	UsedFor	stream	move water	1.5849625007211563
367667	367667	HasProperty	it	uncertain whether god exist	1.5849625007211563
255691	255691	IsA	Frank Sinatra	Old Blue Eyes	1.5849625007211563
131165	131165	AtLocation	thiers	at friend house	1.5849625007211563
222731	222731	IsA	non-military submarine	much small than military submarine	1.5849625007211563
128645	128645	UsedFor	toy soldier	fight war	1.5849625007211563
487250	487250	CapableOf	Traffic	slow to a crawl	1.5849625007211563
 16321	 16321	HasA	low scale	heavy item	1.5849625007211563
505859	505859	HasSubevent	follow recipe	cook	1.5849625007211563
 25413	The study , which appears today in The Journal of the American Medical Association , also found in a separate survey that 99 percent of girls who would stop going to the clinics said they would continue to have sexual intercourse .	found also in	The study	a separate survey	1	1			
442006	442006	HasSubevent	play game	have game	1.5849625007211563
599098	599098	CapableOf	A delivery service	ship a package	1.5849625007211563
312562	312562	UsedFor	farmland	grow vegetables	1.5849625007211563
421613	421613	HasSubevent	he get angry	robert shout then take his gun	1.5849625007211563
341462	341462	IsA	blue jean skirt	skirt	2.0
 79445	 79445	IsA	burglary	crime	1.5849625007211563
411966	411966	HasPrerequisite	Driving somewhere	have a car	1.5849625007211563
234513	234513	HasProperty	rose	cultivate in yard	2.321928094887362
126175	126175	PartOf	malignant tumors	leiomyosarcoma	2.0
595916	595916	HasLastSubevent	take final exams	cheat	1.5849625007211563
106134	106134	UsedFor	stopping standing in it	sense	1.5849625007211563
429209	429209	UsedFor	eat in restaurant	eat	1.5849625007211563
267330	267330	IsA	new york	big city	1.5849625007211563
591511	591511	HasPrerequisite	go for walk	make sure you have your key	1.5849625007211563
400936	400936	HasA	wallis and futuna	2 airport	1.5849625007211563
  4028	  4028	HasProperty	golf	most pleasant on nice day	1.5849625007211563
303138	303138	HasA	course of history	refute mythology	1.5849625007211563
143926	143926	IsA	trouble sleep at night	symptom of depression	1.5849625007211563
164614	164614	IsA	hunt decoy	usually of bird	1.5849625007211563
577984	577984	DefinedAs	breakfast	first meal after you wake up	1.5849625007211563
176570	176570	HasProperty	phallic symbol	prominent in architecture	1.5849625007211563
 42744	 42744	UsedFor	hair conditioner	make your hair easy to comb	1.5849625007211563
466446	466446	HasFirstSubevent	agree with someone	hug	1.5849625007211563
444727	444727	HasPrerequisite	go to pub	find one	1.5849625007211563
256029	256029	DefinedAs	brain	container of consciousness	1.5849625007211563
191434	191434	CapableOf	burglar	break law	1.5849625007211563
390473	390473	HasProperty	squash court	well light	1.5849625007211563
 70686	 70686	UsedFor	have epileptic fit	epilectics	1.5849625007211563
130152	130152	CapableOf	class person	take in college be formal logic	1.5849625007211563
200574	200574	CapableOf	a judge	require testimony	1.5849625007211563
335059	335059	IsA	Insomnia	a sleep problem	2.0
354112	354112	Causes	destroy your enemy	victory	2.807354922057604
403748	403748	CausesDesire	The need to read	go to school	1.5849625007211563
164877	164877	UsedFor	tennis ball	hit with tennis racket	2.584962500721156
418760	418760	CapableOf	you	be crying out load	1.5849625007211563
201245	201245	CapableOf	line cook	cook meal	1.5849625007211563
162830	162830	CapableOf	bears	winter in dens	1.5849625007211563
137189	137189	CapableOf	Pedants	school students	1.5849625007211563
519904	519904	AtLocation	a sunglasses	somebody's bag	2.321928094887362
142586	142586	UsedFor	changing your appearance	Halloween	1.5849625007211563
 38019	Twice during the course of '' Masquerade , '' couples go to the local theater and come out happily declaring , '' That was a really good movie ! '' ''	come out	couples	happily	1	1			
522970	522970	ReceivesAction	140 specie of snake	find in australia	1.5849625007211563
 68255	 68255	AtLocation	something	under carpet	1.5849625007211563
250906	250906	CapableOf	computers	divided numbers imperfectly	1.5849625007211563
490778	490778	RelatedTo	dissertation	jounal	2.0
577764	577764	UsedFor	computer	make music	1.5849625007211563
220552	220552	Causes	watering a plant	sound	1.5849625007211563
331772	331772	CapableOf	someone	meditation	2.321928094887362
 97722	 97722	Causes	farting	there is a nasty smell	1.5849625007211563
153310	153310	Causes	hearing testimony	a change of heart	2.0
 60123	 60123	PartOf	texas	unite state of america	2.807354922057604
   432	   432	HasPrerequisite	remember	knowledge	1.5849625007211563
261053	261053	AtLocation	many cultures	the world	1.5849625007211563
 59893	 59893	HasSubevent	making a shopping list	write something down	1.5849625007211563
349747	349747	UsedFor	a queen	uniting a country	1.5849625007211563
 17395	 17395	CapableOf	build road	cause lot of erosion	1.5849625007211563
  8151	The magazine 's revenues were $ 6.2 million in 1988 , and this year that number is projected to increase by 47 percent , Mr. Villar said .	is projected to increase by	number	QUANT_O_1	1	1			
499039	499039	UsedFor	similarity between burlap and a carafe: both	contain dry goods	1.5849625007211563
 16716	 16716	MotivatedByGoal	empty your bladder	i have to piss	2.321928094887362
296111	296111	AtLocation	a kitten	a bed	3.4594316186372978
276105	276105	CapableOf	All life shows	form of handedness	1.5849625007211563
 19689	During training camp , the Pacers coach , Larry Brown , asked Scott a simple question that changed his life 	is	Larry Brown	the Pacers coach	1	1			
33157114	However , few guidelines discussed sleep as a therapeutic intervention for diabetes mellitus or described the potential importance of sleep quality and duration in glycaemic control.	described	few guidelines	the potential importance of sleep quality and duration in glycaemic control	1	1			
599274	599274	HasA	live	effect of die	1.5849625007211563
305759	305759	HasProperty	my bathroom	paint white	1.5849625007211563
371735	371735	AtLocation	purse	home	1.5849625007211563
383073	383073	AtLocation	a ficus	a mall	2.584962500721156
135425	135425	ReceivesAction	vcr might	find on dine room table	1.5849625007211563
110385	110385	CausesDesire	insanity	scuba dive	1.5849625007211563
344147	344147	HasPrerequisite	fighting the enemy	violence and weapons	1.5849625007211563
127973	127973	HasPrerequisite	examine thing	patient	1.5849625007211563
129492	129492	HasSubevent	run errand	meet someone you know	1.5849625007211563
499790	499790	IsA	car	expensie.v	1.5849625007211563
497132	497132	IsA	any bacteria that can cause disease	pathogen	1.5849625007211563
517336	517336	UsedFor	dentist office	have your tooth xrayed	1.5849625007211563
 14194	 14194	HasA	Some people	a tendency to abuse drugs	1.5849625007211563
290587	290587	CapableOf	flowers	add color to your office	1.5849625007211563
 35740	 35740	UsedFor	a passageway	walk along	2.0
 11293	 11293	AtLocation	yearbook	trunk	1.5849625007211563
308133	308133	AtLocation	a razor	a cabinet	1.5849625007211563
542083	542083	IsA	The Missouri state song	"The Missouri Waltz"	1.5849625007211563
314868	314868	UsedFor	flask	wine	1.5849625007211563
127619	127619	HasA	women	short hair like men	1.5849625007211563
225351	225351	IsA	Binalong	a charming village	1.5849625007211563
178403	178403	NotDesires	person	be alone completely	1.5849625007211563
 88211	 88211	AtLocation	potato	clamp	1.5849625007211563
300783	300783	NotCapableOf	road	have to be pave	1.5849625007211563
475525	475525	IsA	tomato plant	poisonous but tomato be not	1.5849625007211563
565025	565025	HasSubevent	get warm	hug your toe	1.5849625007211563
109905	109905	AtLocation	something	water cool	1.5849625007211563
283968	283968	HasSubevent	play card	wager money	1.5849625007211563
 53871	 53871	IsA	There	outbreaks of anthrax in western Canada	1.5849625007211563
414672	414672	AtLocation	tea	refrigerator	1.5849625007211563
 77765	 77765	HasPrerequisite	change society	be a crusader	1.5849625007211563
162394	162394	IsA	american president	name george w	1.5849625007211563
280644	280644	CapableOf	wood	burn when lit	1.5849625007211563
263576	263576	CapableOf	you	watch world through tv	2.0
248090	248090	IsA	cell phone	portable telephone that fit in your pocket	1.5849625007211563
586619	586619	IsA	le miserables	book by victor hugo	1.5849625007211563
534580	534580	CapableOf	he	promise you rose garden	1.5849625007211563
206139	206139	CausesDesire	arrive early	wait for someone	1.5849625007211563
 71702	 71702	CausesDesire	listening to your answering machine	make a phone call	2.0
  8659	  8659	HasLastSubevent	fish	tell a story about fishing	1.5849625007211563
492385	492385	Causes	killing someone	a bloody mess	1.5849625007211563
 46192	 46192	IsA	celery and onion	both type of vegetable	1.5849625007211563
211877	211877	AtLocation	trash	dustbin	3.0
303356	303356	IsA	analog signal	any continuously variable signal	1.5849625007211563
303335	303335	IsA	plant	form of biological life	1.5849625007211563
473340	473340	IsA	saddle	equipment	1.5849625007211563
 59909	 59909	HasPrerequisite	hang out at bar	be over 21	1.5849625007211563
594679	594679	HasSubevent	create something to help other person	you be award somekind of medal	1.5849625007211563
242405	242405	HasLastSubevent	get warm	give one last shudder	1.5849625007211563
570335	570335	AtLocation	an isle	sea	3.4594316186372978
558703	558703	UsedFor	convicting a suspect for a crime	justice	1.5849625007211563
285839	285839	ReceivesAction	much of human life	do by hand	1.5849625007211563
518114	518114	HasA	Some people	glass eyeballs	1.5849625007211563
234360	234360	IsA	hydrogen peroxide	deodorize and bleach agent	1.5849625007211563
330770	330770	MotivatedByGoal	wait your turn	you're used to it	1.5849625007211563
210345	210345	AtLocation	an apple tree	the paradise	1.5849625007211563
 72796	 72796	IsA	an audience	a group of people	2.584962500721156
 19668	In 1866 the owners of the east blockfront of Madison Avenue from 41st to 42d Street mutually agreed to set any buildings back five feet from the property line '' forever hereafter , '' except for stoops , cornices , railings and bay windows .	agreed to set back QUANT_R_1 buildings except for	the owners of the east blockfront of Madison Avenue from QUANT_S_1 Street	cornices	1	1			
489354	489354	MotivatedByGoal	travel	have fun	1.5849625007211563
438819	438819	Causes	purchase cellular phone	another product learn curve	1.5849625007211563
 27742	 27742	NotCapableOf	Above the tree line, trees	grow	1.5849625007211563
218747	218747	HasSubevent	eat dinner	get sick	1.5849625007211563
 13140	Following the decision to withdraw tram services in London and replace them with buses , the station closed just after 12.30 am on 6 April 1952 .	closed	the station	just after 12.30 am on 6 April 1952	1	1			
133110	133110	UsedFor	working	earing money	1.5849625007211563
400275	400275	UsedFor	design software	communicate with computer	1.5849625007211563
492429	492429	IsA	Medicine	often	1.5849625007211563
271737	271737	HasFirstSubevent	play lacrosse	read rule book	1.5849625007211563
498332	498332	AtLocation	saxophone	march band	1.5849625007211563
 51166	 51166	HasPrerequisite	have checkup	find good look doctor	1.5849625007211563
120057	120057	UsedFor	start fire	barbecue	1.5849625007211563
109098	109098	AtLocation	a desk drawer	a school	1.5849625007211563
20838345	Some antipsychotics , in particular , clozapine and olanzapine , frequently cause weight gain , dyslipidemia and diabetes mellitus.	cause	Some antipsychotics	weight gain mellitus	frequently	1	1		
 38014	 38014	HasSubevent	sit down	deep vein thrombosis	1.5849625007211563
596330	596330	AtLocation	a landmark	the countryside	1.5849625007211563
206939	206939	HasProperty	Eating fruit	healthy for people	1.5849625007211563
253140	253140	CapableOf	A maniac	plant a bomb	2.0
  9018	Participants included people like Frank Cruz , chairman of Gulf Atlantic Life Insurance Company , which has prospered on the region 's large Hispanic population ; Mike Medavoy , chairman of Tri-Star Pictures , and Jose Lozano , publisher of La Opinion , the largest Spanish-language newspaper in the United States .	is publisher of	Jose Lozano	La Opinion	1	1			
140834	140834	HasSubevent	bathing	use soap to clean away dirt	1.5849625007211563
 59519	 59519	AtLocation	car seat	car	1.5849625007211563
514947	514947	HasProperty	lady	sophisticate	2.321928094887362
210005	210005	Causes	see something new	run away in fright	1.5849625007211563
522383	522383	CapableOf	judge	object to verdict	1.5849625007211563
 85384	 85384	MotivatedByGoal	memorize	know something	1.5849625007211563
120679	120679	Causes	lying	getting ahead	2.0
491682	491682	UsedFor	memorising	get experience	1.5849625007211563
384491	384491	CausesDesire	cold day	drive to work	1.5849625007211563
404655	404655	NotHasA	lose job cause one to	salary	1.5849625007211563
 16691	Henry was Governor Edwin Washington Edwards's choice for Speaker.	has	Governor Edwin Washington Edwards	choice for Speaker	1	1			
437641	437641	MotivatedByGoal	ride horse	you enjoy it	2.807354922057604
551836	551836	AtLocation	tanning lotion	Hawaii	1.5849625007211563
235808	235808	IsA	george bush	evil man	1.5849625007211563
 73746	 73746	CapableOf	flower	give nectar to hummingbird	1.5849625007211563
112751	112751	CapableOf	mayor	welcome visitor	1.5849625007211563
578064	578064	AtLocation	ice packs	a house	1.5849625007211563
319608	319608	IsA	They	both in the animal kingdom	1.5849625007211563
305586	305586	IsA	lighter-than-air rigid airship	no long in use	1.5849625007211563
  7254	  7254	HasSubevent	getting in shape	good health	1.5849625007211563
362565	362565	HasProperty	candy be dandy but liquor	quick	1.5849625007211563
  6589	Lewis did n't show up at all .	did show up at	Lewis	QUANT_O_1	1	1			
29518575	"""""""""""""""Recent research data produced by """""""""""""""" multi-omics """""""""""""""" technologies ( genomics / epigenomics , transcriptomics , proteomics and metabolomics ) , suggest that many potential biomarkers might be helpful in the prediction and early diagnosis of DM2."""""""""""""""	might be	many potential biomarkers	helpful	in early diagnosis of DM2	1	1		
271507	271507	Causes	sing	soar throat	1.5849625007211563
 40734	 40734	UsedFor	a board game	acting on one's competitive nature	1.5849625007211563
571204	571204	UsedFor	cornet	view orbit of earth	1.5849625007211563
476686	476686	CapableOf	weather pattern	change	1.5849625007211563
  3830	  3830	HasA	fireplace	fire	2.584962500721156
 32545	But other Administration officials saw virtue in the absence of new measures .	saw virtue in the absence of	other Administration officials	new measures	1	1			
326021	326021	UsedFor	club	meet your friend at	1.5849625007211563
108537	108537	IsA	The guitar	a country western standard	1.5849625007211563
246693	246693	HasSubevent	someone you love dies	you feel very sad	1.5849625007211563
366300	366300	UsedFor	strike match	light candle	2.584962500721156
184715	184715	UsedFor	reproduce	pass on gene	1.5849625007211563
25345504	To overcome these challenges , authors propose to focus on the treatment strategies that employ shared pathogenesis and common molecular denominators involved in the aetiology of T2DM and associated NDs.	propose	authors	to focus on the treatment strategies	1	1			
443021	443021	UsedFor	subway platform	wait for train	1.5849625007211563
496656	496656	UsedFor	eating lunch	enjoyment	1.5849625007211563
274395	274395	AtLocation	someone	a Chinese restaurant	1.5849625007211563
210497	210497	DefinedAs	Israel painted frog	Discoglossus nigriventer	1.5849625007211563
508651	508651	IsA	person be likely to cook in his house and freezer	place to store food	1.5849625007211563
361820	361820	HasProperty	Some songs	instrumental	2.0
186410	186410	CapableOf	plumb	exist in bathroom and kitchen	1.5849625007211563
154345	154345	HasProperty	football players	fast	1.5849625007211563
207972	207972	HasProperty	amount	give in hundred of dollar	1.5849625007211563
 11591	Three hours before security forces stormed the hospital , she said , one of the Thai soldiers , dressed like a patient , entered her ward and told her to turn off the lights , lock the door and lie on the floor . ''	lock	QUANT_S_1 of the Thai soldiers dressed like a patient	the door	1	1			
246107	246107	CapableOf	a son	wave to his mother	1.5849625007211563
102690	102690	UsedFor	seeing art	education	3.3219280948873626
276036	276036	DefinedAs	degree of paranoia	begin of sound operational think	1.5849625007211563
183360	183360	Causes	water plant	plant to grow	2.807354922057604
 16258	Is n't there , in the end , a touch of sentimental fakery here -- a suggestion that Roth , the scourge of everything false , has dressed himself up as someone else entirely , as the kind of Jewish writer of our time who , in childhood , really did survive the fascists and Nazis of Europe , and grew up to tell the tale , shivering in fear ?	is the scourge of	Roth	everything false	1	1			
291946	291946	IsA	Flowers will die if they	not watered regularly	1.5849625007211563
155112	155112	HasA	some house	chimney	2.0
