source,prediction,target
person capable of,b'standard and',[start] jump over puddle [end]
hot and cold is a,b'scary on on than store that dry in from the time in it for group off your restaurant or your weather up about a treatment his money as to',[start] measure of thermal activity [end]
Yahoo flickr,b'closet as clothe off game into than world water into for law off to time is money s to a house off many something and all of with for',[start] an undisclosed sum [end]
walk around lake used for,b'somebodys book up and cards that law cancer into part of water to metal that ground the day clothe during from good of place like your food of good',[start] hiker [end]
land used for,b'unite their like his for in of house out more with their up on one for your something that part who it are like you to live is it',[start] grow food [end]
go to a concert has prerequisite,b'selfconfidence at their person from part',[start] obtain tickets [end]
exercise has property,b'seeds by up of at like hair when vegetable of united states during his kitchen his day their their hair than be for the good his self all their',[start] necessary for health [end]
the Senator q u a n t o,b'scratch than patient people from outside on united with their sentence from law up who person to park your city more on all of his country from a time',[start] the votes [end]
wrestle has subevent,b'strand with that them on the ground between them and meal into from clothe up to grow that vegetable from something person with them is in many people about',[start] arm lock [end]
hamburger has property,b'closet book than good food you do lose very country on clothe them like hair something at be no a group who his book for your healthy of you',[start] well cook to prevent food poison [end]
a doctor used for,b'healthy system with it the book more this in clothe treatment s friend life of pictures an clothe who an states s house by an mouth during his their',[start] maintaining health [end]
newspaper is a,b'youre for food for water them their clothe in house in on for at that states a book when be one in for it your time an part and',[start] document [end]
sea has a,b'contentment',[start] seawater [end]
a Hard Lesson ruth mc mullin,b'cylinder together system up or closet down water hand treatment or money their law water out is treatment someone in of one to small you quanto1 on many be',[start] the newly formed Harvard Business School Publishing company [end]
do housework has subevent,b'healthy off time cancer food it',[start] wash window [end]
rock is a,b'youre in be break them or person during than for place with be your key be a ship like on no at all out by one it are for',[start] solid object [end]
cotton at location,b'outside water item clothe on that vegetable when ground at of your country to water for someone with very an water about your hair an food who to it',[start] a field [end]
hayker is a,b'destroy object speak for time s book from word into the cards s around them about good the seeds for no person who all to call and something someone',[start] hyiking [end]
er diagram is a,b'outside by heavy than someone them a sentence someone as food that mother with it and water when people at part during another like of an the heart many',[start] conceptual schema for database [end]
holiday shop has prerequisite,b'cylinder your good your city your weather what have take you work to work very healthy when more no good to healthy by all when someone another you his',[start] save money [end]
Everyone including Angela Vaillancourt new york,b'sentence to watch store his sentence is defence s out to important you get to seeds it in that world who his treatment for light to watch that something',[start] performing to street noises of robberies [end]
a glasses at location,b'safety when person treatment cancer',[start] a nose [end]
a public university be located,b'contain about for be in and concert at than people than law at in someone s be like place with with many as on his heavy at water for',[start] in the city of Sulaymaniyah in Kurdistan [end]
rem-dream state is a,b'defence over of and in your country during that group off who good when the group on many you that treatment what an sentence them you in at water',[start] neurologically and physiologically active state [end]
ducky defined as,b'phone their it at in someone about water with this game that work who school who and to person to small in at for their some part as that',[start] rubber duck [end]
reading a magazine causes,b'law s conclusion day and united by ship s political states together and it than their to to food with water are their united who a pictures about be',[start] to take up time [end]
finding the truth has prerequisite,b'closet by them their treatment for food from and clothe by heavy your pictures for an clothe is place something when an president you you someone a their clothe',[start] investigation [end]
dance motivated by goal,b'paradise item of for law than object of water and clothe from food out water into their world of them at some more during more on water that united',[start] bring pleasure to guest [end]
attic used for,b'outside for one to money about an meal off it are cards from for it at who in of who more are all when them than part be an',[start] storage [end]
bathroom used for,b'seeds with with and and united hand who house and states before their office at for all it who all by self good and your healthy the the heart',[start] groom [end]
be on time is a,b'destroy program male people health by cards in the defence it object off who house system up your food his ground than light it it one with you more',[start] good trait to have [end]
building a cathedral used for,b'succeed than culture on them it s object you money as line by cards or object as sentence water that treatment when some this their united for one of',[start] wasting natural resources [end]
something at location,b'safety down animal cancer treatment from seeds food during in states food what one your time as place many water at get many many to quanto1 than his one',[start] end of it life [end]
pay cash be for person who desires,b'sentence cards item life m by sentence key food that water water off with a heart on and their person their time about them at it by part that',[start] avoid pay interest [end]
most ameracans not has property,b'paradise in out who place from pictures the states up from day as line to few than good them with you being water you their that food that of',[start] fit [end]
surf the web has subevent,b'heavy chinese on of and and water treatment what from and your person and in it or his meal by be more you his be their person it of',[start] use Mozilla [end]
an article in a magazine used for,b'cylinder or book people out who healthy item during people s object by sentence pictures their meal to object on their car his mother with of it for on',[start] reviewing a restaurant [end]
drug has a,b'outside program male in person about and law up in chinese your sentence united book s many something like in from someone water out for all about another his',[start] medical effect [end]
lizard at location,b'somebodys office a city a conclusion of object your money food are self clothe in it by for with person on the good by it at to be more',[start] country [end]
A rainbow is a,b'jam food bad get learn you get make look something put to learn not become take make get buy quanto1 his table see that very an car something with',[start] a multicolored light arc [end]
bathe has prerequisite,b'date people s jam of chinese s law of treatment with treatment than chinese s friend s and pictures over the day with be their part during many someone',[start] get undressed [end]
03:03 associated,b'date yourself their the closet up the clothe into more this self healthy clothe life clothe water who of good their finger this as someone that more person the',[start] with Fulminant type [end]
many kind at location,b'closet or seeds in at it their sentence an states by book be for them your day on from at this more than of from as something for water',[start] model [end]
breathe some fresh air has subevent,b'date cancer in on out up to object with part',[start] feel good [end]
electric fan at location,b'cards up',[start] home [end]
bring home some fish motivated by goal,b'object food money learn see make go have make you different find get have small lose you be use one get to small might be might make person on',[start] fish be good to eat [end]
go to work has prerequisite,b'date over hall life water out for person and friend and hair during it water them for be for part for someone that president his chinese a place someone',[start] remember where you be work [end]
most case of sexual dysfunction receives action,b'sanction to the treatment an ground s community as world cancer s friend up are mother the city to park you have all as burn in be with in',[start] cause by psychological factor [end]
Older adults may experience,b'heavy of closet on as up who with something what person be house as treatment to something it good when the treatment when a person to something something you',[start] both diabetes - related barriers to diabetes management [end]
a woman french huguenots in,b'jam together up law item person at day as defence item or treatment and weather from food during the line it it with all it part who their time',[start] a portrait [end]
candle at location,b'scratch off people clothe the treatment them of law states out for key into in people in all that treatment in clothe who your ship your world his united',[start] candelabra [end]
pretending has subevent,b'gaining and religious political center down into night life who water your person treatment as closet in who it the book on his it this with on person are',[start] put on a costume [end]
eat apple has prerequisite,b'outside of hand and higher treatment before world as united up them the treatment your country off are money s water treatment of part that for to you water',[start] buy apple [end]
talk to someone has prerequisite,b'deep at to serve at be be healthy or water on money or person and time out up you an middle about all many some of very the pictures',[start] speak with them [end]
a kitten at location,b'symbol hand people you culture',[start] a veterinary's office [end]
cowboy is a,b'scary together disease at law into life mouth with person are conclusion up is lit than someone water when word and the weather what are that healthy their of',[start] part of oklahoma history [end]
criminal court capable of,b'deep',[start] pass sentence on guilty person [end]
bus used for,b'seeds s model states or sand between cities',[start] mass transit for city [end]
attending a lecture used for,b'selfconfidence for his heavy that house after food something and pictures a place what place to a meal are no many a good to cook person when to light',[start] listening [end]
The results support,b'model into world to object than hair item of them into their treatment be pictures to law out when person are country their house more are water about for',[start] the hypothesis that there is an association between signs and symptoms of CMS [end]
androgen receptor variants are thus able,b'destroy food time out life and cards than money life the newspaper are object than world you you something something are you live it someone get be an city',[start] ligand - independent [end]
calorie receives action,b'supporting up',[start] obtain from fat [end]
man become angry has subevent,b'scary from and jam with to important by closet out or jam it the newspaper and to watch person who the united part than a clothe them out as',[start] he crush paper [end]
paper at location,b'plate up object clothe life in heavy book out of night out more treatment from book when treatment s you an concert who something for something with all your',[start] ream [end]
a desk used for,b'model program bad get good learn be book one another chinese in all this clothe at their their mouth his library that chinese who you a chinese by at',[start] putting your computer on it [end]
bontebok defined as,b'seeds food on their line about person who their mouth about their country in object be place up something one a water a law from no you in your',[start] Damaliscus pygarus dorcas [end]
budget be balance has subevent,b'youre treatment world against for chinese over it as strand it in out to important or from this united in someone by something many house as your treatment and',[start] deficit be eliminate [end]
his or hers birthday causes desire,b'supporting in an quiet with them is date or during with them their out for some with from part them s all than a the place you part as',[start] buy something for a loved one [end]
Kanun is a,b'phone than object s closet out treatment by book by often to male on world from them someone water your it for good at your country an time on',[start] a stringed instrument [end]
lying causes,b'selfconfidence up day to soft be building in of all for world than heavy day from at it from for house is money out something for to might united',[start] problems [end]
Judith O'Savio is the president of a 29-year veteran of,b'succeed from person their house with like concert that country what food on something with to build as country on to important something and an group his friend by',[start] Westchester school music programs [end]
someone at location,b'sentence s',[start] baby shower [end]
you capable of,b'sentence world beer in person out or healthy during treatment your time of united with your place the world as country and a friend that many with good to',[start] learn things by listening [end]
salt causes desire,b'plate than hand at food for people the cards down s house treatment your law off your mouth a friend an money something with all good your good out',[start] drink water [end]
find lose item has prerequisite,b'law by their it something for than something and part and with that something your it to at it an heart is a for to an with the pictures',[start] ransack room [end]
a bus at location,b'seeds as someone them something it to water than hair to friend it for city on with from of the pictures your person them it an time in them',[start] a city [end]
someone at location,b'scary on that to often out from conclusion s standard cancer their office treatment water on that clothe when ship up in your job to prepare to it water',[start] barbecue [end]
slap capable of,b'youre closet of during on during his concert or outside during to succeed up of more when part you no his in his in his the their for from',[start] amount to assault [end]
go on vacation has prerequisite,b'gaining and item house m more on hair s their object your day is clothe as good something as pictures what their your ship someone when being who part',[start] research transportation price [end]
smoking used for,b'selfconfidence cancer together day item it that object an book water in it life life house and that person his world their pictures than many money up for one',[start] impressing others [end]
see movie has prerequisite,b'jam people water up who united clothe',[start] find out what be play [end]
lighting a match used for,b'phone or object at his united off of all from ship and friend of for law when place out an law who be it and be water you them',[start] burning some wood [end]
have asthma attack has prerequisite,b'deep day money become be do your mother of know as united house m out s in get out their your self with someone the sentence many be to',[start] smoke cigarette [end]
shop has subevent,b'phone about and out is law with part with the sentence them on to find a group of from them and united someone are of you your clothe is',[start] one sometimes forget what one intend to buy [end]
Koji Inagaki is,b'scratch cancer hand money on that audience up an audience for pictures from healthy more out up his time the group on in someone by money you for some',[start] a 25-year-old unemployed security guard [end]
debit card used for,b'youre states gun car see eat an day and concert life disease is treatment more it and one more at in this water be place that part their place',[start] pay for thing [end]
person not desires,b'contentment',[start] t ofeel bad [end]
A photograph has property,b'sanction something find live you do his hand of take one are speak by library from at in for prepare on another that finger as country on you one',[start] called a shot [end]
a hair roller used for,b'paradise together by cards of book or chinese cancer food treatment was treatment the law law clothe off an united the day at all clothe more during and house',[start] styling hair [end]
sail on the sea has prerequisite,b'closet from person with the ground when clothe more to money than good as car it who it a place from light be good something as at more be',[start] sail a boat [end]
overweight person capable of,b'paradise and day during you book than object a time from chinese who healthy of water than be place in water out something like very the meal his food',[start] burn calorie during exercise [end]
soy bean paste made of,b'seeds and enemy against the library than closet treatment is house hand off from mouth about are good who something someone are your place to be with more the',[start] soy bean [end]
going into a trance used for,b'strand book at person the strand who concert to small from change up a defence them as world his line the car from place another very united one you',[start] Regressing to a past life [end]
accommodation receives action,b'cylinder into blood clothe from ship from closet is money their object it this hair when clothe it the group to use and it that object about something it',[start] determine on case-by-case basis [end]
A hand capable of,b'safety food',[start] hold a ball [end]
Ruth Bader Ginsburg is,b'object down out s university to healthy than friend them at word to often from time you that grow what many your place many something be good water his',[start] Judge [end]
people at location,b'defence to very for store their money and something get many people the country them at that someone more who on have very all it when on their in',[start] at an airport [end]
A girl capable of,b'strand for it something it good about one up you be law at an time on more that money you very the office for something to get on get',[start] join the choir [end]
Sushi defined as,b'safety in than than for his clothe',[start] Raw fish prepared for eating [end]
a chess king capable of,b'jam down in during something with an newspaper that strand to neighborhood be the healthy with to job their day of your house of one during it for the',[start] move one field at a time [end]
everyone's ears look different - capable of,b'strand on them the world them by often as healthy down you one you it and treatment you place something out an world the day than for their united',[start] like fingerprints [end]
Most of the recommendations were related,b'succeed food',[start] to obstructive sleep apnoea [end]
vestment at location,b'date book at for place about are time about an book more as law treatment in you that sentence part on in something a key is person like to',[start] in church [end]
Heyman is,b'jam food time up water with them an food up of car with their states the ground up on no person like the food are more part to make',[start] male [end]
competing causes,b'cylinder item book that often as library treatment or the weather and food their the sentence water at good you water by your them and house cancer from like',[start] jealousy [end]
system used for,b'scratch of food hand an weather with object for states on book of and seeds before house down by your meal as house who part from and of for',[start] particular purpose [end]
theater ticket used for,b'safety and laws',[start] get into theater [end]
an ocean at location,b'scary than',[start] the globe [end]
cell phone at location,b'selfconfidence s dish day with part of treatment at part or closet off who house your day of that ship his states who your heart their that in no',[start] shelf [end]
paying by check has prerequisite,b'destroy resource job up health go to destroy someone be work his clothe be white of you find a library many house them be very you person and more',[start] a picture I.D [end]
deli restaurant used for,b'safety food disease to small them with be form to you work an house good many you watch some an ship to call in be someone a car for',[start] hungry person [end]
Everyone 's polls show crime as,b'seeds treatment program the cards your cards off his food when culture life day chinese and self self time more of that world from an person what the book',[start] the single most important issue [end]
stool at location,b'law to do your phone have that gaining more for more by his pictures up for all be an house a it like it his something when know out',[start] specimen jar [end]
spaghetti is a,b'supporting concert desk at them your cards by finger out of heavy s law them and his place like his in this someone one about like it the something',[start] a form of pasta [end]
ride lawnmower at location,b'somebodys or ground on on food with house disease as desk to painful what ship about something of more as pictures at your place one more good more water',[start] garage [end]
remembering causes,b'phone than object united night for soft your item their states by library for important in on with many of them his treatment of part when being with one',[start] realizing that you had forgotten something [end]
person desires,b'supporting sentence dry up an job an date who ground of seeds from hair part from something the country his money what know when many them out it be',[start] stability in his life [end]
make up is a,b'scary',[start] compact [end]
The goal of the basket-ball is a,b'strand than states the law more by united by day with united who united book s the item at like like person someone you learn to watch more water',[start] a basket [end]
a back yard at location,b'plate from a healthy out about when self higher off them who world as states out more and in you the object his healthy it like his book who',[start] a suburb [end]
a stick at location,b'destroy program bad speak time by law who person a office in being and hair with one their money to quanto1 his in his chinese someone as at to',[start] butter in a grocery store [end]
attend a classical concert has last subevent,b'date over s seat by world hand s law system for word at united for school a package their world them an word the clothe is this treatment as',[start] applaude [end]
People get into trouble if they not capable of,b'deep than day food treatment office the date food than healthy people the pictures for many people more people at for them someone many people his house with someone',[start] pay their bills [end]
you capable of,b'sanction something do do you important in change you the healthy more the object as object at something the library in know be take a ship get a water',[start] buy all sorts of groceries there [end]
A lucky charm capable of,b'gaining water it you person many hair who money with money your hair something you more all who very with being like know something your one all his treatment',[start] give a person good luck [end]
one book of bible is a,b'jam people world states m than clothe in food as important what at good object treatment that united with part is heavy more during them when this your car',[start] psalm [end]
seeing an exciting story causes,b'heavy chinese world food their lot out their pictures your united as food be an item are like part by light their a united out in like your one',[start] sharing that story with other people [end]
mat in in front at location,b'sentence treatment with someone out be conclusion down you food to object as office day out of one someone more water you to house treatment your object something be',[start] door [end]
playing games causes,b'outside food while to self law as important with you ground about on on money and with water is pictures it for light be a water s it them',[start] fatigue [end]
Cheers receives action,b'deep people people at their country is food their self time as self united night about their united on a mouth his place as the water an healthy for',[start] set in Boston [end]
adjuvant chemotherapy is recommended,b'scary than culture treatment up or closet by important on food down who money their',[start] for patients with lymph node metastases usually [end]
go for a run motivated by goal,b'symbol down job',[start] exercise your dog [end]
The capital of Svalbard is a,b'supporting hand of treatment the center and ship about part down it up with food at from your day the pictures are your money on at very one is',[start] Longyearbyen [end]
dog capable of,b'object from up to airport at of people an food and cards that chinese be chinese in your finger of many their of them more that very heavy many',[start] be many colour [end]
warren part of,b'phone of object m m up from self ship on night food into person by hair and to money or more treatment out than a people s be good',[start] ohio [end]
the man receives action,b'jam program change make go more get human make watch person it go no book another have you an line one for call your hair your object by one',[start] raped [end]
have heart attack has subevent,b'youre treatment time treatment d restaurant your city in world treatment their united the sentence time in part on people to metal the the day s to learn are',[start] you feel pain in your chest [end]
eat apple motivated by goal,b'scary as closet during out more be ground to make in weather when',[start] you be hungry [end]
flower on your table has property,b'scary off on during food up treatment than house treatment it friend about in the newspaper at some house on with them with another an key you get all',[start] nice [end]
know if you healthy has prerequisite,b'heavy chinese item in your item something of their them your united an hair and pictures the object be at a the time as part what very it that',[start] examine your breathe [end]
592 ( 31.6 % required,b'heavy his chinese their people s up than for good them something them what place for to that that heavy one who good that their for good out by',[start] ICU admission [end]
lot of person receives action,b'scratch down office house on that strand them by weather into people your united in chinese as car to important and it that hair as president is treatment when',[start] scare of reptile [end]
going to school has prerequisite,b'contentment up important human do sleep a time from sentence and united on part out and them a the group be the car and someone on be good something',[start] motivation [end]
The coalition is seeking to have,b'supporting weather hand on in of with than it at treatment the law that defence',[start] musicians paid directly for use of music online [end]
Tactics is a,b'destroy program body up from soft than friend a pictures up when world their mouth on no by chinese an friend good with good something out them be an',[start] the means and methods by [end]
An arm is a,b'model',[start] a useful appendage [end]
deja vu at location,b'strand together system by self community by library system between water for time than chinese s that friend on out your book an money and place at at his',[start] middle [end]
volcano at location,b'symbol as world from ship be house culture during the shoe cancer at time the self treatment as often are object them are pictures than water about no you',[start] top of mountain [end]
a coin purse used for,b'chinese at a phone his friend at it another in like them more as treatment for a law during out like good the food on on as one are',[start] keeping excess change [end]
get drunk used for,b'seeds over program with some you work about something all an weather their vegetable be for light who be like many people when to the group from water are',[start] person with mental problem [end]
god causes,b'selfconfidence from something good you more very item more as law in the closet is book you be a ground are very something person with more something very be',[start] miracle [end]
cup has a,b'supporting jam',[start] coffee [end]
kiss causes desire,b'contentment up book on the money with treatment from hair water off on chinese that ground who at them and treatment the book what like this be you an',[start] help someone [end]
Very elder humans has property,b'jam food off day your line you money than world with good food at hair treatment many food them an day and be place their someone person you a',[start] feeble and weak [end]
agents capable of,b'healthy your work like for more than something in be world people out them someone who out and it you your mouth another an world of your in them',[start] list houses [end]
glue stick used for,b'chinese or library food the object for states into with more treatment out s country by part from money of be good when be for with very house when',[start] glue piece of paper together [end]
visit museum motivated by goal,b'object and dish treatment and culture about pictures your water',[start] it be good artist date [end]
going somewhere causes,b'chinese at to have might object are meal his office out s clothe to time or at one someone your heart and that of very an people and of',[start] really get lost [end]
comb your hair has subevent,b'model cancer time up a restaurant life mouth that whale cancer time on at treatment your mouth in them that sentence all with be more his car them out',[start] look in mirror [end]
Egyptian pyramids has a,b'sentence program money the important in have good for very culture treatment it person from city from are people you person in person many be more person and some',[start] rectangular bases [end]
compete has subevent,b'cylinder or important at of place during as culture about more life at people up about with that law be prepare more that pictures with in them them and',[start] poor sportsmanship [end]
unite state is a,b'contain about it it be on the seeds from with be sentence on with food for someone for light when house s them them more person for some person',[start] same size as brazil [end]
irvington part of,b'law book together law with something who person more and heavy day life s clothe life out be place more them in your pictures who for his people that',[start] new jersey [end]
person capable of,b'standard',[start] learn until they die [end]
cutlery drawer at location,b'outside food while place a concert it who healthy cancer food who law the pictures a healthy during their it for water something his law when their be no',[start] your own kitchen [end]
person go to work at location,b'heavy with his than up off his of during out out out with someone like for with their your at like to be some as the for like an',[start] subway [end]
cold weather causes,b'date something you take hold your car their car for it of make might house by very your ground on be the time get someone for quanto1 his chinese',[start] frostbite [end]
The oilseed radish can be grown to scavenge,b'scratch or object s book and cards as weather',[start] nutrients [end]
most child not capable of,b'law book than word as law about for your object what in an important up is at someone like some your chinese in person you his this that very',[start] wear wristwatch [end]
driveway at location,b'succeed down item at on it something like your object more it it when money the ground who house to friend of many people are your law to watch',[start] car [end]
a QUANT_S_1 caliber Daewoo assault rifle is,b'chinese out',[start] QUANT_O_1 of the weapons banned under the law [end]
horse at location,b'model time object water it by resource out about an shoe as important in healthy treatment your clothe as weather about the key and your weather of on the',[start] field romp [end]
a saucepan used for,b'standard out for like house to park out with on it this to play all their to water something it them at very house from person is all to',[start] boil vegetables [end]
pie la mode in french defined as,b'succeed or world food with on at book as office as closet or plastic an self house s their president or something are treatment that money about person their',[start] pie and ice cream [end]
buy something small has subevent,b'supporting hand car the pictures your object is food on water clothe or in it person your food when one than from the friend them an place at all',[start] you lose item [end]
a head used for,b'paradise down',[start] making a lettuce salad [end]
children capable of,b'strand a box have have know what go out your library from car for friend that have many place no with very like in for get person be their',[start] love [end]
vacuum the floors motivated by goal,b'outside with of at the culture by date than with on out s and time and good on some more his clothe s your treatment in the higher that',[start] do the housework [end]
horses has a,b'healthy about like know in person of place more when key treatment that friend than chinese when food for more to hair about no an world about all someone',[start] served humans very well throughout history [end]
A star capable of,b'deep together people food day by strand their weather the restaurant',[start] guide a weary traveler [end]
thread on nut or bolt is a,b'seeds your the item out a treatment his vegetable to day from states more this time something with more someone who in his clothe like very on of that',[start] form of lever [end]
earn live has subevent,b'plate treatment system and clothe for friend than food with self day s united meal treatment or of water the item who treatment as pictures his for your of',[start] prepare for retirement [end]
large item receives action,b'heavy and pictures system who higher hand during good who more your house of for store at of place in for no than from person who out something good',[start] haul to recycle center [end]
divider at location,b'youre up s concert them in house cancer up are food and the water water than your chinese of your place by part your person from your be part',[start] street [end]
answer phone has last subevent,b'model program person food friend them it that desk your friend their cancer when dry at all all an mouth from in quanto1 all all one more as good',[start] hang up [end]
person capable of,b'defence hand water of good more in get an jam to mail who many chinese the world are being like one than the chinese by your person that many',[start] go for trip on their vacation [end]
have haircut used for,b'model food for to human person more many',[start] tidy yourself up [end]
playing chess has subevent,b'safety food money very car one an healthy their small their desk as small that get some their very them their in the money someone all that take someone',[start] tension [end]
storm capable of,b'standard to an jam s on about the jam to money when self sentence more the time of good with part the water in a treatment what like be',[start] move west to east [end]
buy hamburger has subevent,b'phone down environment item water for healthy up the seeds the city water out by the president more in being their treatment with being from a place your car',[start] take restroom break [end]
lady capable of,b'plate than object time out who date food from law and package to chinese with of for of money into a pictures that friend are place when a country',[start] kiss pig [end]
basket is a,b'model a ground by states hand with this united than time from city that library who at on a library during that pictures something from more with get you',[start] container [end]
Humans capable of,b'seeds book together jam in heavy country player as self in sentence out when job something in their healthy treatment during something at at you one out you a',[start] taste with their tongues [end]
play ball has last subevent,b'cards people down in it something with part of more during and chinese water and president out who chinese them and your law in at at them is his',[start] go home [end]
first floor used for,b'seeds about the ship s on than states on part before house life off water of one at good his the hair you that clothe than and his part',[start] be beneath second floor [end]
automobile capable of,b'youre money become buy a newspaper more good use take like grow the self law very prepare out someone in play their at might dangerous on you being make',[start] hold certain amount of person [end]
dying causes,b'somebodys out in about person of your library your day food of them when plant his vegetable from an treatment on from something someone many very something and their',[start] an object's color to be changed [end]
buy christmas present used for,b'strand while important are communicate or culture book into this country or food s important or in something something all many you good for some on person for at',[start] make yourself feel good [end]
Flossing your teeth has property,b'seeds object food people them that healthy pictures you it be weather and ship something their the sentence the sentence more an house life someone a law of that',[start] routine [end]
person desires,b'defence book book your law in person who your money',[start] be treat with deference [end]
politician capable of,b'safety up book item and world for someone in people is object off water for for to use during at the self them up of this it them on',[start] agree with voter [end]
food at location,b'plate book off item food by library as important in people life hand in their food than with you in both food be this and them in it many',[start] bowl alley [end]
Members of crew capable of,b'safety off environment law treatment it life d for united cards clothe out them s people them by that you your the clothe for person their treatment from good',[start] row a boat [end]
glass of water has property,b'object',[start] welcome on hot day [end]
person desires,b'heavy at be a sentence that at by people in them an ship that food during an at water at with water for some to many be from an',[start] their mate to find them attractive [end]
get angry has subevent,b'outside out by higher the seeds cancer from hair during the clothe to city an healthy their them at the hair during of something another the people for the',[start] yell [end]
billfold used for,b'gaining off fun money money at an sentence the chinese out about of at object with one it person at someone who one an treatment in for it that',[start] hold your credit card [end]
have a heart attack motivated by goal,b'deep s',[start] smoked too much and excercised too little [end]
gather energy for tomorrow has subevent,b'scary while word in good you be strand more part than group his city from friend is part the person on at you all at get person from your',[start] rest today [end]
play has prerequisite,b'phone food or concert hand in both line on more treatment and money the important your ground as water out what many in water about your treatment from at',[start] learn game [end]
person not desires,b'cards at their than good a self for many pictures up an self heavy ship by an water of part be one are be your united that at from',[start] be drafted [end]
cow capable of,b'selfconfidence s lit player food as weather with someone s middle it and chinese to closet of as sentence when for be from for that water their more as',[start] quietly [end]
Steak used for,b'destroy law hand someone of united hand s at a house item their house in more part on an water them and for like more be of at many',[start] eating [end]
you capable of,b'safety down hand food in that important their water are ship are very world their law what your them for one are your for being their one your water',[start] act upon it [end]
telling a tall tale causes,b'plate day time their house on good to deep from law than one when kitchen more the chinese by many that clothe are for something them about who it',[start] laughter [end]
Tasmanian tiger defined as,b'unite be get that their up by water during are to learn be many the treatment one you many more person good to the people them than his that',[start] Thylacinus cynocephalus [end]
tickling used for,b'defence to not a ground who like money for call about water about and one to his their than in at many an ship someone person their on their',[start] forcing someone to laugh [end]
gazelle at location,b'closet up',[start] asia [end]
disk is a,b'seeds people s hair and heavy water that book on the friend treatment or law',[start] flat object [end]
Maricia Melcombe of Stamford is,b'closet at one your chinese of the city during part as often by book than money as heavy of some a place and the the world his food you',[start] a sister [end]
William Shakespeare is a,b'scary while like of at from concert what to library for nature their cards clothe into more part at an office s all with in them is of many',[start] a playwright [end]
relaxing has subevent,b'object',[start] drink lemonade [end]
car capable of,b'seeds up object law an concert system when book it the library for it your time an clothe as friend out at one as healthy are of from light',[start] hit cliff [end]
course receives action,b'succeed into shoe and pictures out is conclusion the states about time s chinese your self this who them for for good a food in you for many person',[start] offer at college [end]
not everyone is a,b'safety or defence them with someone is object when small of many object the money by more more more the weather more you one and them the law like',[start] from america [end]
bridges receives action,b'succeed food',[start] constructed over water [end]
An engineer not desires,b'defence water as to something get are their united to house about person like work what person that it to cook something one it someone no a clothe is',[start] a chaotic system [end]
Lifesavers is a,b'object food a object someone one the gun one more something something something someone their food with you person for watch an book get something with might not of',[start] a necessary item on any boat [end]
an accordian bag at location,b'heavy out time on a chinese over a closet on many world out off who place as the closet with like some an your of from on at in',[start] scotland [end]
buying something has subevent,b'somebodys on for their phone at in this with are clothe into more when chinese is heavy an united with from from many one for for to prepare by',[start] work with an agent [end]
diesel has property,b'cylinder on person off book off on self religious with money and in them water more about the book it from with it as something them from with something',[start] one of many product of petroleum [end]
i capable of,b'defence by closet during and book the object their in as weather to good than house about out more water up in a food and with the money out',[start] light match [end]
someone capable of,b'plate program speak by concert of restaurant between states and closet to often as defence it out a day at the house life in his ship is good someone',[start] paint a picture [end]
Her long legislative record of expanding women 's rights won her a large following among,b'succeed yourself program make see you sleep are house united it for self book an states another the ship one from you his chinese you some their with an',[start] women [end]
red meat has property,b'scary book s concert system the time water',[start] high in protein [end]
overeat causes,b'sentence item on water treatment off item for it united money that the job of good the world person someone someone someone it out like your self part on',[start] poor physical condition [end]
you capable of,b'phone book out people life of good down of that culture the object treatment part and food up than this people s at with an place is this that',[start] ticket to enter event [end]
restaurant receive used for,b'law your in store their on about the chinese what their of be his president something in get a object an meal something for a your people more are',[start] intake bulk food item [end]
commit suicide used for,b'succeed with with many hair s states your object on people treatment than on heavy treatment than who water who one out you might small his place with with',[start] person without hope [end]
a ring capable of,b'strand',[start] fit a finger [end]
seeing exhibits causes,b'sentence food',[start] surprise [end]
hospital patient not desires,b'plate s defence heavy of during of water of more by closet it when food in you someone who house and that them someone with all more when like',[start] be forget [end]
sit quietly has subevent,b'defence book are place light an culture the city than at friend about all in person it on of some them be that an heavy his more someone the',[start] look around person [end]
a stringed instrument at location,b'unite object a culture',[start] a string quartet [end]
most common hat is a,b'contentment in s out from food your culture who object with president off about food and food is money what one at in someone something in very treatment to',[start] baseball cap [end]
go out in public has subevent,b'defence of world sentence house',[start] you must be dress well [end]
mankind believes they capable of,b'safety up food',[start] conquer all [end]
mont blanc is a,b'jam than ground s patient when concert or closet off them when world at sentence people your person them out who for your person something by with them in',[start] mountain in swiss alp [end]
waiting tables has subevent,b'succeed down for on person it a concert or water down at more about with be good you something many all as in person many many someone an place',[start] fill water glasses [end]
the roots q u a n t r,b'destroy object person person who meal up at their book off by chinese your finger your people what at very money the money at to prepare when one someone',[start] the moment [end]
have checkup has subevent,b'supporting united change good another like with his culture your object a job his states more for some more to water their some be very be part a them',[start] you get pill [end]
send e-mail used for,b'scary to watch the ground out when book and weather out is street life restaurant more who be heavy many treatment out your person at be water at another',[start] communicate inter-office [end]
a street sweepre at location,b'law them s house off their friend more united an jam life off about water them from one at an of as house that water it in it out',[start] the street [end]
Curtains capable of,b'symbol yourself environment item money life item your country more more of treatment who book or of something no item one out it are many water is in you',[start] block light [end]
molecule is a,b'youre in with someone be your sentence a package and item the food at person who all for light of very house off be your book when water their',[start] small amount of chemical [end]
play lacrosse has prerequisite,b'phone by your up the cards than house and cards out treatment about person be people on with all this s and at someone in of more out during',[start] have net [end]
take bus used for,b'unite that it from at and water down with you than them them than his good to something who be be water during the ship one during something in',[start] poor person [end]
french restaurant at location,b'sanction for water over their friend and model during a concert united of food who time what like water in them of your treatment one and out by at',[start] many city [end]
seeing your idea become reality has subevent,b'defence food things your concert an important you a line be strand in that important who many people on at being it their people someone be person is someone',[start] the feeling of accomplishment [end]
maintain good health has prerequisite,b'healthy together day as treatment during at blood hand in money for united house s chinese your key water from clothe with the treatment for their president out your',[start] get more exercise [end]
embarassment is to receives action,b'selfconfidence off together than higher hand when chinese food up it food more the sentence object it from house life treatment at more them than an chinese of many',[start] avoided [end]
in anarchistic society there is a,b'succeed s speak',[start] no leader [end]
the role plays,b'scratch object make hold buy be desk on see a day s book you ship their the law the water on one of more you get someone for all',[start] compared to the whole range of old treatment methods [end]
tying your shoelace used for,b'sentence of center player with part into part of their friend water treatment up you part their food their of a food and all the book with in you',[start] keeping your shoes from falling off [end]
a grocer used for,b'phone to get it your world into that ground of with the job a person up a heart than be them on that place as people when call of',[start] Fresh vegetables [end]
television view has prerequisite,b'safety down program and metal as library s food before self president that quanto1 life in person of clothe treatment you very it on to small them are place',[start] time [end]
guard at location,b'contain office people food a cards treatment his states it part into someone for treatment a ship the sentence who a book is united by your friend at that',[start] military base [end]
fortune cookie has property,b'sanction for at as healthy at treatment to food by office about you an day on many one the mother for with the day and your day to learn',[start] give out at chinese restaurant [end]
going for a walk causes,b'gaining from s in from off your money who them at pictures at to finger them your of water for person for place you being in something of all',[start] enjoying fresh air [end]
willy-willy is a,b'law down money the self concert at for more water off water as group for something you be of something your car your book an food the their that',[start] dust devil [end]
works of art barrel madison avenue,b'jam to know at them than of of your time who important about an food for one at this from at no good the water up what an people',[start] last week [end]
this legislation is,b'supporting job become have be watch you use his united treatment it and book about his friend in no at water their that the house their to might law',[start] important [end]
Canada has a,b'jam while like place a job in treatment in self restaurant player about good life up from be for person of the weather more when this it the book',[start] six time zones [end]
know how stock market perform used for,b'symbol while sentence s mouth with on with that conclusion as job with people on water who you very world to food on part a states at of more',[start] technical analysis [end]
eating quickly used for,b'model into down life water food at person or states to book is weather their sentence many water their the world from that states than some when some all',[start] airport food [end]
love defined as,b'paradise or job gun book on self chinese out into at culture from treatment and friend of house together who that self water to often their clothe their time',[start] strong feel there be [end]
dress nice motivated by goal,b'model to on from them that blood and ship up to grow and chinese an city what their water a friend about more an object in all part from',[start] the men to look at you [end]
the major carrier be serving,b'sanction or world cards at place you important you get book at food what money a time your money like being your line the united his vegetable are be',[start] Las Vegas [end]
train engines capable of,b'date or hand that ground be hair treatment more that weather it than treatment them when object than be something something with have very be it as part be',[start] operate using steam power [end]
cat not desires,b'sanction together s date united meal on people or food on friend it for important and pictures their mouth about this chinese for person you one as law in',[start] live with dog [end]
movie is a,b'scary down restaurant cancer water s heavy office who time treatment by library or healthy your friend a friend them up you watch something their ship you their be',[start] series of picture [end]
revolution made of,b'paradise on a concert at one or for law of money it it who city off another something it like something a hair someone by house of them your',[start] sentient be [end]
celebrating has subevent,b'unite than model item life down and world and finger in the friend as closet down with this the friend by you no them are at something someone water',[start] honor heroes [end]
'Life With Dexter' is a,b'plate up money their city it good it life on a item when water as chinese for all the hair more that pictures than your healthy during your night',[start] a comedy radio serial [end]
destroying your enemy has subevent,b'law s states for form it be person their world with some on his ship s one their water about this house or your the president an world that',[start] you might get hurt yourself [end]
water has property,b'succeed down',[start] transparent [end]
tape television show has first subevent,b'sanction item',[start] program vcr [end]
giving a gift used for,b'model while phone good from group of ship and item an model who vegetable as healthy during with very person be his vegetable of of all out at in',[start] charity [end]
Stephen M. Cutler was honored last night at,b'deep for water more on by closet to often what water out with out their place his food to someone a money at the the water you in in',[start] commission headquarters [end]
a manila folder used for,b'succeed cancer concert united united day off from president at night out s world treatment treatment his president at your person this chinese your food during them you a',[start] filing documents [end]
"Tested is past tense, testing is a",b'safety what find know it take a united another learn it very world to eat many the city it make you not take know being like take for find',[start] present continious [end]
Debra Anne Klein is,b'jam or audience system m treatment the pictures before law on clothe from food more clothe and many money are their person during it them someone it someone in',[start] their daughter [end]
a nutcracker at location,b'strand',[start] a store [end]
go to sport event used for,b'sentence down together life in to yesterday who object for states to grow or the book as place that chinese is hair to the book is one a chinese',[start] cheer your team on [end]
Someone capable of,b'phone up cancer and metal for states when job over of self states or the friend than your key you with for his house into of to quanto1 treatment',[start] plan to go to the movies [end]
Large dogs has property,b'scary off and food the newspaper a hotel about good water their mouth you world them by house with be their clothe this that water on no on your',[start] affectionate and gentle [end]
eat has last subevent,b'closet water',[start] swallow [end]
semen at location,b'plate out on for to culture that self ship is cards in place about at time than good a hair at some a country an ship another more part',[start] a porno [end]
A person capable of,b'healthy into dish m up life states members that pictures and pictures who the pictures off about many it for good in at for with water water the clothe',[start] learn to read [end]
exam table used for,b'standard of concert religious on one with many than water your office as water than people during all for no and someone more more by them an people it',[start] write exam [end]
penicillin at location,b'plate problem water united them on more in that healthy than group on water from world at many water with you an key of all water in them your',[start] cabinet [end]
some dogs desires,b'healthy on in and class on who world off what your the money your people it of as treatment of people on in on your friend for no you',[start] fetch frisbees [end]
gun capable of,b'selfconfidence s healthy resource than in chinese to united out or treatment of in ship treatment to important from place them who like it more his clothe out something',[start] kill you dead [end]
March QUANT_S_1 Revenue QUANT_S_2 q u a n t r after,b'deep on off water than treatment by self date or of treatment during the item that president them about out down off are house that healthy off a hair',[start] the latest first quarter Hope Brook Gold Qtr [end]
making people laugh causes,b'plate',[start] the atmosphere becomes lose [end]
write a poem has prerequisite,b'destroy culture people gun in someone off it be mother more during be ship by pictures to place many their of at with the book who no and with',[start] get a pen [end]
spit causes,b'scratch money people water life water by object and item that line on them at to water for people their money is you very many more with some good',[start] fight [end]
open business causes,b'strand food food cancer hand up out or closet that friend for food during friend a office are food their food during know your friend by it part an',[start] make profit [end]
write letter has prerequisite,b'cards food s seeds life the restaurant or president life cancer',[start] buy paper [end]
american life has a,b'chinese up important',[start] get way out of balance [end]
see art causes,b'strand into',[start] appreciation [end]
teach other person used for,b'gaining cards sentence hair from it to city their vegetable an weather of united food be a package by in more to prepare what many an item from your',[start] share experience [end]
gazelle at location,b'law down together life and quiet treatment who united life at them down up of money as your it a states as in you something in more them of',[start] ivory coast [end]
horse has a,b'gaining in them than to cook with someone a chinese from food your clothe the object more in like one about good you for more something no part about',[start] really good balance [end]
this used for,b'chinese food on by law an line by money of house treatment who united them with on an clothe of in being for a clothe water it something in',[start] see wood [end]
flower bed defined as,b'sanction than of as direction into or closet system was treatment of states on treatment into with an seeds into out the water about this during who water of',[start] sometimes flower garden [end]
see artifact causes,b'chinese of blood the chinese to often who person s world it by person an cards with a finger when that clothe the water about be no who this',[start] bad reason [end]
enzyme is a,b'sentence office',[start] high molecular weight molecule [end]
divorce capable of,b'contentment as them be his friend to time with your sentence pictures about on united that friend is money in very key is person are in person many some',[start] include custody agreement [end]
howling with laughter has subevent,b'chinese at its house an pictures you water into them than it at them one that their than their and with person for your of it that you an',[start] crie [end]
14 reviews included,b'seeds for their from from his pictures an weather as ship or them of pictures his hair what very law water be house to more from one up it',[start] in this review [end]
mouse capable of,b'cards hand book good and self religious pictures as water of money and law of treatment is object more treatment that people by house more by a ship as',[start] life on grind [end]
dust at location,b'model of object to often up or states during at water with the friend treatment a money an day in are people it this person who the country by',[start] under bed [end]
Antowain Smith cut,b'contain by phone something it get of his self cards the healthy at it at more one like with that clothe it something on a in some out at',[start] wide right [end]
join army has subevent,b'defence someone do very water s on be in your key that hair s more from person it that at good many as an at that being in one',[start] go to war [end]
seeing a story has subevent,b'deep cancer hand pictures down are treatment during with that money up about part treatment for something you might baby one from be more be on more on the',[start] turning a page [end]
stand up has first subevent,b'sanction at you to speak get their shoe is law time of the defence good by day them than some person and like one than no as day an',[start] plant the feet [end]
a picnic table at location,b'contentment yourself system than group it house disease people by president than self clothe life treatment from united that person your people more from to their food something with',[start] at a rest area [end]
men with lot of money has a,b'cylinder or phone them be house and few s states more out at chinese an library of like many their book when place as the country what another it',[start] nice car [end]
fall has subevent,b'chinese something play use live the jam with another are house down his people from money about another someone are your people as one good the money an house',[start] you break a leg [end]
celebrate has subevent,b'youre up cancer in in from hand at to grow your house after it your concert for all his in them the sentence who all it out that something',[start] special achievement be recognize [end]
a magnum opus new york,b'model',[start] American identity [end]
Champagne seems appropriate to,b'standard their for a weather one as white be house at person your finger than one is more your treatment like very person by at as in some from',[start] QUANT_O_1 this splendor [end]
The secondary directive for machines is a,b'law food food hand house or water life on your self package by law than it who house when it you being on like no person with his one',[start] : Obey human commands [end]
the House had,b'plate program up book or pictures hand than sentence to healthy during their house on for that vegetable them with this be an healthy of as in it water',[start] a 394 - 21 roll call [end]
an erection causes desire,b'heavy them it and on their person for his group something from good it something your law with from someone on some many more for one as one when',[start] masturbate [end]
roller skate at location,b'sentence cards restaurant with their pictures the united s house at of more it as mouth his food as food of their it part it like one about his',[start] skate rink [end]
One impairment a person might has a,b'jam program person of treatment',[start] is bulemia [end]
obstruct justice causes,b'model while sound hand on their program the book with to kitchen about to plant than of no item with more to burn with no with no them at',[start] get arrest [end]
the impact of the latter is,b'heavy out food their group in united money than more money out s place someone and their of you have water from being their light the the of being',[start] modest [end]
handle proposal motivated by goal,b'law and day item the object and house of money who food as water you person a president for for light many house by all out that something when',[start] do your job [end]
having fun has subevent,b'jam or',[start] enjoying company [end]
hi-lighters at location,b'selfconfidence world book up his concert it who president for treatment more treatment off good of this with place an states during all an law about with all out',[start] a cabinet [end]
its proceedings take anywhere,b'closet and resource by package and food for group down between money between on a book what all it them it good the pictures at in both of with',[start] place [end]
kiss someone causes,b'youre in someone their book something one like to male to world on more you your the united the hair from like his their from like another them are',[start] lipstick smear [end]
data concerning,b'law from up something more it it good on another be on get of the object in to know out that at more of from of something one someone',[start] the prognostic strength of current tissue biomarkers in the diagnosis of colorectal cancer [end]
empty boxes at location,b'standard house to call place someone person something one your law than an treatment your clothe you you that at you place from that to cook no you quanto1',[start] a waste bin [end]
philosophy of mind is a,b'unite out',[start] subdiscipline of philosophy [end]
waiting tables used for,b'healthy down important on and house',[start] giving people food they ordered [end]
lp record receives action,b'phone food s house off that male who hair s states to go someone food by united an weather them that clothe by money who their place who from',[start] make from vinyl [end]
gas used for,b'youre on their water with as ground into water treatment the ship them on all treatment into who united their to you more who you it a pictures at',[start] use as a fuel [end]
educate person capable of,b'destroy concert hand who school the defence and religious s self audience during out at person and for their place during be person than like one s the your',[start] face hardship in life [end]
get exercise has prerequisite,b'chinese hand hand on in light is self than it who people on with someone than like are one it one an heavy in their more who that some',[start] play a sport [end]
Hong Kong is,b'object cancer item hair s closet their country cancer cancer from day for many self day to burn an weather is important who very them when them about on',[start] South Asia [end]
debate politics motivated by goal,b'closet cancer on as house of during of house that seeds or that book is world from his world up of an hair them to you be some during',[start] have good laugh [end]
light match has prerequisite,b'somebodys together with person or evil of friend or law day with an food an concert for in you it your self of a chinese with another at many',[start] find something to light [end]
The governor 's campaign aides offered,b'succeed off office treatment or culture from weather with object about sentence water for object is world up by object his the water off part a money on at',[start] a quick retort [end]
chewing your food has subevent,b'symbol are at more some out from contain of book is world house system are city s his food them about an chinese something part is many it of',[start] you might spit out some gristle [end]
see excite story has subevent,b'destroy phone s object as date in united for one is tune or place and time a world when in person for light them your them about to live',[start] hold your breath [end]
monogamy is a,b'deep at like it at one that defence be hair for hair off in someone water and many an cards the self treatment their it like one as person',[start] relationship between two person or animal [end]
go to a party has prerequisite,b'healthy item at out more you go something his states of chinese with all of with them in the food with have many good it for be part from',[start] put on nice clothes [end]
glasses defined as,b'model are it person in more them from object a city an culture as blow it for know that person another on a culture someone that friend the states',[start] a group of glasses [end]
the company clears only,b'supporting food fun for soft by newspaper and text your the city it by conclusion what get on take it by work you get like being an treatment that',[start] specific hurdles [end]
celebrate has subevent,b'unite up of heavy the culture a world to play are ground their water that world something that in in that to not the group who them about your',[start] band play [end]
A person capable of,b'unite from by off s the patient out at person and soft the healthy are the money during good in in in all when be person for something another',[start] twirl a plate on a stick [end]
get some physical activity has prerequisite,b'date hand clothe treatment treatment day system hand item out your water off by country more than an office this it them something it in an house s place',[start] run five mile [end]
horses receives action,b'chinese than ship their food out up part a object or object an seeds with money of the self heavy you one your heart who person as with the',[start] trained to jump over things [end]
piece of trash at location,b'seeds on be with a date their law about than for object you house life at from many with from with his them and more it a for person',[start] on sea [end]
someone capable of,b'supporting cards house who water more life that healthy who with water that treatment and for it their pictures what water water and and out who you you them',[start] hunt wild game [end]
nashua is a,b'sentence money out in person a item when office in get new the money them as place as finger something in that make a your house it like both',[start] city in new hampshire [end]
fight capable of,b'jam',[start] make person upset [end]
jewler capable of,b'supporting weather cancer or quiet hand is sentence who states hand about clothe in hurt or their friend up them the friend your friend someone when one you very',[start] value jewel [end]
sloth at location,b'standard television off agent life states cancer by chinese on an weather of president the person that states is it to healthy s all by that water up in',[start] burrow [end]
telephone at location,b'sanction time for from a gun about more your hand of friend a weather s money is person the weather one as library with someone person what something for',[start] earth [end]
convict suspect for crime has prerequisite,b'scary s blood on in about and law on s water or sentence by speak them about their country an group at more something to good something an money',[start] gather evidence against suspect [end]
many hats contain logos which has property,b'cards as pictures at water for to united on your money when with many states up more with them by with in your world when in be at at',[start] esoteric in nature [end]
Overexposure to the sun has property,b'deep on up for your library for book and healthy up or your weather off a hair s place with part you get part during your law who of',[start] harmful to human skin [end]
drink used for,b'scratch water by with the package up that chinese in president it part or food for at part in them with your heart it you all part his with',[start] quench thirst [end]
change society has prerequisite,b'unite at store from place about at them or than in of your in be break who as their of their your heart water you at good at an',[start] define society [end]
meet interest person has prerequisite,b'scary food to join his book out your hotel who office hand life day world friend as library to the desk another their law it the states be at',[start] you to leave house [end]
write story has subevent,b'symbol hand friend that line out system at money a restaurant clothe to desk on time in get united at good a city the clothe when a mouth at',[start] gather paper and pen [end]
a group of mourners at location,b'model over people them off with that conclusion their library the environment during as food to law at the library a friend at from the ship on all more',[start] a funeral [end]
hairbrush used for,b'jam out person your desk your concert item up the money of be chinese treatment is clothe as object about you play them with be good water up it',[start] brush your dog [end]
Some people has property,b'sanction are to not might sleep by office in to sleep the time as object in some part off them more than them their the vegetable and with person',[start] afraid of dogs [end]
find lose item has last subevent,b'date',[start] give it to owner [end]
person not desires,b'unite than ship their finger with with many united for light or in both food as something for your ship in it his ship who that something like like',[start] angry parent [end]
Americans has property,b'sanction cancer on the ground to culture by newspaper is newspaper in object their mouth about part during it good when office are this on have you person be',[start] proud of their heritage [end]
A roof defined as,b'phone and states cancer or concert into who sentence water s defence in this in their them up more when them with part them that at like on from',[start] top of a house [end]
playing the violin used for,b'chinese for in his world from clothe and jam of united by president about for good of for his treatment during good at more them and you this them',[start] the joy of making music [end]
woodwind instrument at location,b'cards the country the book and ship your water life on them the time as with this united one from his hair the place for light that more someone',[start] concert band [end]
a cottage used for,b'plate environment program water than for ground in out off as chinese from hair by mouth your office out about of on be that food s who you the',[start] vacationing in [end]
dress and pasta is a,b'model into gun united book in them the job an culture their newspaper them up person be something in them who place what get something all part the healthy',[start] type of food [end]
gold has property,b'symbol or book as speak than date together of their money',[start] shiny [end]
fishing causes,b'sentence together up house states clothe out as self pictures is united and healthy them a vegetable for chinese as self pictures of that the money his hair something',[start] having fish for dinner [end]
going to a performance causes,b'contentment program',[start] joy [end]
personal slight causes desire,b'sanction by food up of of law',[start] judge someone [end]
clamp used for,b'youre sentence animal m item s middle cancer that clothe water with one your object or that in to might expensive by your for your life who in that',[start] hold object together [end]
white key at location,b'model into of and united them at item down more with house up the item by united that weather their water by you many for their on his friend',[start] piano [end]
a lady capable of,b'cylinder item program water about something are chinese about part treatment about out your friend on like be chinese your object it something you water than water on it',[start] receive a love letter [end]
zoom lens used for,b'sanction s gun pictures',[start] see distant object more closely [end]
one food that may receives action,b'jam yourself food of hair for item as law life than self key for hair out what to object or at the city off to call it it to',[start] put in pan be sausage [end]
fight war motivated by goal,b'phone them for more someone at them you it more the city be many important be his city about to different another you a school person when you make',[start] we be invade [end]
curtain at location,b'gaining and',[start] the theater [end]
Richard S. Tedder is,b'unite to it for to build in someone someone one more out for a country your place who person in no house up who someone to work about your',[start] Dr. [end]
use calculator motivated by goal,b'model on over or jam to male of clothe as shoe food to city on time your united at it for quanto1 person it on your key than to',[start] do math [end]
Fungus gnats has property,b'somebodys world country them during more by culture as weather at chinese s around with one out on out the book when many treatment the money be of to',[start] annoying [end]
spend your time on this site causes,b'healthy down with many hair for world clothe s clothe about heavy water water of people up them water your day them more with it in like at as',[start] get eye stain [end]
success causes desire,b'cylinder on from water treatment at for hair between pictures',[start] have party [end]
soap used for,b'sentence down restaurant water their healthy into by healthy cancer during chinese them by car the money is word as world them from very food at this out are',[start] wash your body [end]
fish has subevent,b'contain s healthy key as ground more at part your hair in it part are the heart that object and the money his good at be with no this',[start] peer into water [end]
vomiting is to receives action,b'date over time from for break a package their office that line up up you break out an states when be it many an the pictures his healthy with',[start] avoided [end]
a sunglasses used for,b'plate with object cancer from on something who from states down what something something like world from on something by your states to watch from on a in it',[start] protect your eyes from the sun [end]
see your idea become reality used for,b'deep problem for from on than water than to word system into the water united united their people that at on very your person at a pictures you good',[start] attain goal [end]
give clue used for,b'closet of self law during a law into about his object the day or meal for of many of water or heavy part off is to it than you',[start] help guess [end]
a choker used for,b'somebodys out out at work one out during as object as few with very weather more by house that to the object out their clothe be their people to',[start] wear around your neck [end]
monarchy is a,b'law it be watch their people about someone as food during more to very chinese that like with on more in good good someone an pictures from from part',[start] old form of government [end]
some thing only work if they at location,b'chinese people by something live more good for food who person their water of your for them about more something good his all for like at one is the',[start] right place [end]
exercise has property,b'scratch off',[start] fun [end]
downspouts are,b'deep together player item more more a friend by states s deep in your money to important what the day that country an world on the president your food',[start] clean [end]
human interaction is a,b'closet in someone you be them you person from more for united of some it as their food an world one like it on from of someone and to',[start] game [end]
talking to someone has subevent,b'object about with it an community from house than of that time for money his world that their ground their people to prepare the country be of the their',[start] make an unusual face [end]
buy a shirt has first subevent,b'safety something person the money be watch know it open being that good from get more for the package their many it at on another another an them more',[start] try it on [end]
2 Diabetes Mellitus is,b'strand from to be at food at country of at object when dry you use and form are money in with no good when very money is quanto1 from',[start] a chronic disease closely related to personal life style [end]
anteater capable of,b'destroy sentence shoe world animal your mouth out it risk for ship into his healthy people about of many food during a word a good at on being your',[start] eat ants [end]
Most of the animal skulls are the result of,b'symbol at the pictures out more clothe m treatment to healthy key who key to newspaper the item as day out out what many that book a city one',[start] culling [end]
obesity is a,b'closet are more someone it out about one them at an day to healthy of that many house during all out them about in your people when part his',[start] correctible [end]
different breeds at location,b'gaining for an patient that phone you good your hair his culture you know their hand when more in like for light many them your law you for their',[start] dogs [end]
moisturizer used for,b'standard by house to nature about to person a chinese up that mother an key them for on their of to place a friend who a it your to',[start] spray perfume [end]
The bottle is a,b'plate problem treatment law or states cancer president to job treatment life life',[start] casting a yellow shadow [end]
person be kill has subevent,b'jam out people to pleasure over hand s food are chinese out is city from house hand to job what like their object on very heavy them on for',[start] that person be damage beyond repair [end]
watch tv show used for,b'defence at for for at as clothe your the law and food his day their place something someone them for at something on person what it be all your',[start] pass away [end]
meteorite capable of,b'gaining cancer environment clothe in at person at treatment at self treatment down their house hand what them in be place be many good you their their at a',[start] near planet earth [end]
climb mountain has subevent,b'defence down by his treatment and political ship more clothe player by ground out in house with you be one an states when house by like be some you',[start] bring oxygen tank [end]
Mercury is a,b'healthy world',[start] about two-thirds iron [end]
reading a newspaper causes,b'gaining world desk',[start] understanding world events [end]
tell story used for,b'seeds out for their friend something something get be school on friend out by seeds what of you it at that city them what no many good out on',[start] make person laugh [end]
a control room used for,b'sentence of concert and in out it from self day from finger of to speak of one you more many that seeds when light when no in person by',[start] checking up on people [end]
a courtroom has a,b'destroy states by chinese water during of the mouth by pictures off that culture about in many treatment your the water who water are like you be be that',"[start] a witness stand, [end]"
solor system is a,b'closet and culture people at at something your day with part who with in one than for that their many more for light at from part a an in',[start] wonderous thing [end]
The doberman is a,b'contentment with a weather what good your city of house 3 audience when pictures your book at many united than place out is healthy in good who his hair',"[start] a loyal, intelligent dog [end]"
someone capable of,b'plate from than up with for place a ground to gaining pictures to word of your book like it it that good who from something like someone you to',[start] eat a sub [end]
see a movie has subevent,b'scary into world out at to speak be clothe hand as fun the kitchen be park who person an deep many them to watch another are for to know',[start] watch and listen [end]
having fun causes,b'scratch with the package out on from water more as law up what with place an states up one his person be prepare who no your states be to',[start] get a criminal record [end]
execute fly kick has prerequisite,b'scary by book in clothe out about food to opposite when line the book person from form it the healthy during you to cook of you have his your',[start] get run start before jump [end]
The German-English Academy was founded by,b'object with at person them be them is book them at their item you work in like part out are an the clothe to take something another more more',[start] a group of Milwaukee German Americans in Milwaukee in 1851 [end]
a bullet used for,b'deep',[start] shooting people [end]
a baggage used for,b'standard in its chinese during more than in at as self clothe down what of at one in something out s like more like at some someone than as',[start] checking in at the airport [end]
Toyota makes vehicles which has a,b'selfconfidence food day to healthy more as weather who person life year is healthy that self your united with of people from it from some be no as at',[start] alternators [end]
Revenge of the Nerds II defined as,b'scary system resource program them for ground s meal to bad place you object them for your ground your city during being an vegetable a book your mother their',[start] sequel to Revenge of the Nerds [end]
something at location,b'object from your treatment of it out s chinese an book it water an car the treatment another and many many be you person that chinese someone in no',[start] open pit mine [end]
room key at location,b'sentence item day hand of house out your line a world hand on a kitchen up at get on very water out on being person your your place by',[start] at hotel [end]
badminton defined as,b'standard s date object person the center your friend about people or people who hair you to play many that object from being as be good something of more',[start] fastest racquet sport [end]
a person capable of,b'scratch down object s middle states out cancer on president treatment more part cancer in object off more and good on person them with that house of the ship',[start] swim in the ocean [end]
some mistake is a,b'gaining down resource on with that friend to person at house the food into all an object his the sentence all than that united that be good than something',[start] not correctable [end]
attend meet has prerequisite,b'contentment book than heart that friend off a ship of place an day in them during of from president and chinese on being during an pictures about be with',[start] get dress [end]
sunny weather has property,b'destroy world animal animal up hand water hand by sentence them on be ship a water up an law than part the united good your life out one in',[start] considered nice [end]
metal has property,b'date item together with you object it at food as money life their book something good them about this all out your united your car be person on you',[start] hard [end]
eating causes,b'cylinder your in the chinese a library between clothe when weather or water more life for light up who place your place as be you like them when all',[start] becoming overweight [end]
MDMA at location,b'standard to to get person when state about to soft be friend at for new treatment it like of his good water when part their an this a for',[start] a rave [end]
baseball field used for,b'healthy hand to not that seeds between cards it this world pictures when city than the healthy this treatment up your chinese of to friend for some be on',[start] look at diamond shape [end]
the Clintons to q u a n t o,b'gaining down for water that meal with it by world house together who object an states his in as object your mouth an hair like very clothe by more',[start] the retreat [end]
swear causes,b'phone over up in be water and tune than something during one who food you break you it to watch another very this that small person one it an',[start] make someone angry [end]
watch a movie has prerequisite,b'plate day fun a healthy s strand the ground people and treatment for ground water with an sentence to united to seeds during part than of something you good',[start] turn on the tv [end]
commit to memory has prerequisite,b'law cancer of people food with something very water from money s place them more at that no out their more to watch water you call for one of',[start] think very long [end]
an approaching car capable of,b'law water your car open a self book his book as ship at your chinese someone another from person get a friend is more their them get the the',[start] hurt you [end]
coins at location,b'defence water down heavy person as day of more who that treatment be hair on from of someone at something that food you water up than a with one',[start] a water fountain [end]
a computer mouse not has property,b'scratch down together life for heart as defence with of than heavy the library house out when object more that house at something be for in an united good',[start] living [end]
bill file at location,b'object something make look good no clothe more you know it be many the office on at his self that good it in one from good an hair many',[start] accountant office [end]
This is a,b'phone world money their ground on their healthy about the city s with the day by that someone on many for to learn for prepare one a good water',[start] a bottle holding a orangish fluid [end]
Onawa is a,b'symbol people item states item treatment system',[start] a town in Iowa [end]
an audience at location,b'healthy',[start] a show [end]
go fish causes,b'safety or ground states from pictures who word for more treatment and states their healthy your hair that money you his book out is place from the good out',[start] have fish for dinner [end]
A pain causes desire,b'scratch water from place you the house states from chinese and world as clothe it house who out a meal as hair that for you one of of to',[start] have an examination [end]
take oath has subevent,b'standard s job life house in at their hand or person an date are water water to your country what more out one someone with their someone be one',[start] touch bible [end]
selling your new book causes,b'youre band law out during something when healthy as heavy person them an seeds on that them as person from someone something you part your water the more part',[start] earning money [end]
Compassion and wisdom has a,b'phone',[start] a positive effect [end]
Ms. Ephron is,b'jam on their from his mouth the newspaper or person about of their key at more of a weather who you that it as chinese more a treatment on',[start] a novelist [end]
black-capped vireo defined as,b'phone at on a healthy by world states at treatment about on as small house s it something who in both of a the good on water of some',[start] Vireo atricapillus [end]
number used for,b'cards people day by book with his item to the car up to ship in this on get person them are good in from good a your chinese when',[start] work thing out [end]
wait in traffic has a,b'scary by state s ship as ethical that job you time that gun and laws in very book something person something their ship more all good out be something',[start] high economic cost [end]
you capable of,b'plate treatment',[start] drive onit [end]
person not desires,b'outside off on at and closet when united for them for object his vegetable an middle of one water and the book to an time them someone like water',[start] bad luck [end]
get contract has subevent,b'strand',[start] sign contract [end]
person not desires,b'sanction',[start] be drafted into the military [end]
someone at location,b'law s deep jam for person it water food of water during and of clothe are as someone many united to like water you to the treatment it out',[start] the compost pile adding yard waste [end]
something at location,b'unite in it your concert or the chinese about it that ship their and finger with a house your your clothe or on for it at be like at',[start] in newspaper [end]
fruit at location,b'strand in for more it to line like them like law in them than the office up like for some like a pictures their you their someone their food',[start] kitchen [end]
A dog capable of,b'closet your an united be for person the concert and date in more to chinese their president your world than their law is part off something out them up',[start] eats dog food [end]
hippies in april,b'cards than healthy in than their food into of time up as states about heavy pictures by his in on from one or on your heart to his clothe',[start] that year [end]
pacific ocean used for,b'selfconfidence s dish book who water of in on many money out are it the pictures at at a house or an friend your country up is all part',[start] swim in [end]
David Spade is a,b'law with something might mail by chinese up that there than light are place the meal with like more that in with the with have another it your than',[start] not God [end]
run in marathon causes,b'deep cancer hand clothe by book who vegetable out about place for person who president are for a key about it with in from as good than them of',[start] complete exhaustion [end]
sofas made of,b'cylinder world fun human it for friend at food about person his line by money his line up someone by them to build be water about part are their',[start] leather [end]
Apartments receives action,b'healthy world cancer in with for place for water more off you for part food an day s of you more that more his mother them than one and',[start] built on the ground floor [end]
there is a,b'sentence environment in hair people their resource from object who vegetable it and group who sentence them more person be water out someone and you some to that place',[start] bury treasure in carribbean [end]
Chickens not has property,b'youre closet culture world hair of world for of self office with of your ship into their your healthy their more on someone are to work during another an',[start] allowed in motel rooms [end]
A private foundation seeking to revive part of Newark 's blighted downtown is to unveil,b'law with to know them the law s you a meal as to it out it another a healthy to quanto1 be get for very good at on person',[start] a $ QUANT_O_1 plan on Wednesday to help transform the area into a round-the-clock neighborhood [end]
go on internet has subevent,b'unite than chinese at them what his sentence your water or state by group of one someone when work out when them as them to learn their his for',[start] spam [end]
fire capable of,b'plate in more you something learn be school of a key at your treatment someone person out than of many all something that book in another more who your',[start] cook vegetables [end]
"To ""act"" defined as",b'cards their for from on to sentence about out with that law s part it for from during you from like like with on to like of be at',[start] proceed [end]
The Loan Deal goes through on,b'deep than center in mouth in this self concert during out when day treatment it this house by hair be that self for a law a ship one from',[start] Oct. 6 [end]
kid capable of,b'cylinder s object with of water out out and president between chinese up from the food or place be person out you an package when an ship at be',[start] be brother [end]
job is a,b'plate in at as sentence the food you healthy into by often in you ship you to car your food as food what his them a water what like',[start] student [end]
desk drawer used for,b'chinese something have to cook with be food is ship an key with be something good person them by more one with have that it person an food be',[start] hold item use by office worker [end]
can receives action,b'supporting food and house treatment who',[start] find at theatre [end]
A comforter is a,b'chinese with an chinese their object as ship during it something all that meal it with in get are all as ship more at know a for more in',[start] someone who gives comfort [end]
run has prerequisite,b'defence about than them who something on you prepare of a clothe your house and that house what in no on your their light your be it at good',[start] just do it [end]
The Concorde supersonic transport is a,b'paradise food disease than game about this self chinese from city the pictures during them is world people person by food up at the weather by many someone something',[start] a beautiful airplane [end]
Elan Pharma conduct,b'outside hand item at at be heavy united during part the office to often and healthy from his united from to object are the clothe their an law be',[start] marketing efforts [end]
Many offices has a,b'destroy day or law from for on with you have be self office as gaining up from place than it something something who place more the hair many some',[start] canteens [end]
I has a,b'destroy for out than that united on from the closet with to library when library treatment or an states into on many you of no you something are them',[start] too much junk [end]
bone at location,b'unite on of by game and with an book about part',[start] church [end]
bulb defined as,b'closet together into house day for states your vegetable into more united people cancer to good in in be money from at his healthy part for their more you',[start] seed of some plant [end]
a baritone at location,b'contain down culture money up like day',[start] a singing group [end]
xml is a,b'strand from house their ground be baby another out that friend their desk on house in good when small you learn the clothe them be be get some at',[start] modern interchange format [end]
Steven Lonegan ran for,b'defence person music at be a healthy during a book off an country up from place at be your clothe of more with your law it when it on',[start] governor [end]
Brake lights has property,b'seeds treatment',[start] red [end]
yard used for,b'deep than important money be park out in being chinese more than money down good your item than for good something being you that to person your friend at',[start] distinguish property ownership [end]
clean your room motivated by goal,b'jam in to food when',[start] it be clutter [end]
a diva at location,b'deep book or closet for them is concert out of them who more part the job from you at no one by for person when call at like from',[start] an opera [end]
wait on tables has prerequisite,b'cylinder cancer with heavy for one of of united of your water over to library who from as hair up from on that in with at their their your',[start] get a job at a restaurant [end]
cash and credit cards is a,b'gaining phone cancer the weather for finger treatment be book together down or heavy key',[start] two ways to pay for things [end]
take stand used for,b'law and united for at more is strand to slow treatment is clothe s world before good them an states what their that their to know from for from',[start] get what you want [end]
Recent research at the Medical Research Council 's Environmental Epidemiology Unit is showing,b'paradise by it for his united of on it a city up off them their pictures what like some good than from with water than on very an person',[start] that impaired growth in fetal life have profound long - term consequences for health in adulthood [end]
a sound used for,b'defence to more your law more be clothe you good and the treatment it more by person and an ship with many with at some their you your them',[start] listening [end]
skeletons at location,b'seeds into gun hair it to neighborhood off someone be world object and hair states by treatment are healthy their money be part and heavy something more this at',[start] a museum [end]
the cop capable of,b'symbol with their from with from healthy their day for united president of of money about his office when heavy their ground the country it your culture be from',[start] direct traffic [end]
Light in the window is a,b'plate and item hand out a line into one and quiet when office of the country off in on all than an self at some on no his united',[start] a sign [end]
motehr capable of,b'cylinder',[start] sing to baby [end]
a toy car at location,b'object',[start] a house where children live [end]
drive to work causes,b'outside your place his friend one your water an jam their day treatment their office who it the ship from this food to be many good and this one',[start] promotion [end]
notebook used for,b'contentment something not it the office in treatment in states from line you united item their meal someone their book that finger than some good than one many that',[start] keep note [end]
the law takes effect,b'seeds down program something make use someone use have be small make eat something know be your mouth for good a pictures out out by a ground you learn',[start] Friday [end]
The 4MGS was,b'defence with many from up during who on to law s united than up more your game his president as at water be at of water with some by',"[start] the 6 min walk distance ( r = 0.477 , p < 0.001 [end]"
attend rock concert causes,b'healthy treatment together resource life jam of person treatment',[start] hear loss [end]
notes at location,b'sentence environment s political item or gaining jam between vegetable down about at for food into them of many on a law up on this your food at no',[start] screen [end]
bug has a,b'gaining from s it a treatment on pictures by money about at an jam their clothe treatment to work on the city your vegetable in from it out during',[start] leg and wing [end]
student capable of,b'unite water of during his place their object an day at on more by book something like many people someone your their all the self for their in from',[start] learn about literature in school [end]
a neighborhood map used for,b'safety about something take find see be make hold good for an water another get more that learn your work a water are very at it get their their',[start] navigation [end]
watch movie motivated by goal,b'standard or conclusion environment and cards between law than friend that house before treatment off and house than chinese from one that heavy part their clothe the person the',[start] review be good [end]
Safety pins is a,b'date of in s on than their country of you house with you to seeds water by house on at an world your item like a it be for',[start] sharp and can stick fingers [end]
meet person has subevent,b'outside',[start] exchange pleasentries [end]
turn something off you capable of,b'symbol down day that world people to food it on states clothe on clothe key money at of very restaurant the item all more that person by friend by',[start] this to leave [end]
child receives action,b'cylinder up animal book your car someone an audience is chinese them on it to grow it their the money for part something be like at more in from',[start] teach to hate and fear [end]
one space shuttle acronym is a,b'sentence together by cards states m clothe item down of person or it money water the line on for people and pictures in a united something with their all',[start] adi attitude direction indicator [end]
jump up and down has subevent,b'plate world hand that library from chinese by house cancer than time off someone than money for that place a food your people a car from person the sentence',[start] break leg [end]
fountain used for,b'selfconfidence for person be be house as weather from hand off treatment about at self time to food someone like place out up something good their many this for',[start] dispense drink [end]
water at location,b'cards or states of water their key them them be pictures it as country about the the object are for the book them a ship are for the your',[start] a bubble [end]
Chewing food in the mouth defined as,b'chinese for its united game as office by for someone than object an ground water by out your finger with water off you his water someone than it as',[start] first step in digestion [end]
someone capable of,b'model',[start] create a new form of life [end]
Valentina Alexander emerge from a haze in,b'phone than closet states item out or metal that grow food an office at school as hair on in no place as very people the country on you an',[start] Zinda Williams 's stunning African costumes [end]
coreometer is a,b'symbol in by place your important with healthy down what meal s mother who job at something more a office out when water about your food than to more',[start] pupillometer [end]
improving yourself has subevent,b'unite a chinese something know to grow off of house s for a cards their of at all that united a pictures at from your lot his treatment at',[start] join others of like mind [end]
some flower has property,b'sanction are someone it be work on person their library on house who law that country it many it your treatment more on water something one when united something',[start] edible [end]
Most people desires,b'scratch water of of who house to states from book you united it treatment his healthy as law people something who at your time when some many on it',[start] have friends [end]
you shake has subevent,b'succeed out are watch his library of united pictures your people who meal what their friend on know your healthy is world and something on more someone as you',[start] rattle it makes noise [end]
rain storm capable of,b'selfconfidence food system life key hand their car with with at their food is book and part and be them on be a vegetable a hair by this person',[start] water lawn [end]
Music causes desire,b'safety to a university up an few at it by food at like get one than in their people a it someone and part as good about the water',[start] relax [end]
make patchwork quilt has subevent,b'strand about about their chinese when food of treatment into part of money of many person your item is many for more with very good it person when them',[start] cut fabric [end]
person desires,b'sentence to at at from up by seeds s heavy and quiet what water are heavy by at his at of the in this as person like something at',[start] anykind of sex life [end]
subway token used for,b'succeed people time person it a concert cancer their item their united your line be friend them from to get many in both heavy be that for no you',[start] passage on subway [end]
Pittsburgh and Boston both has a,b'seeds of states on place their pictures at clothe by pictures with it a healthy the object from part it them one is one at good that that in',[start] old things [end]
reach tentative agreement has prerequisite,b'contain out human your sentence for people with it to change as few states who group for many heavy with being who many all on that many be from',[start] communicate [end]
cannabis at location,b'destroy date object day more very law off to ground at friend it them from their house with of in get their someone one good a their place out',[start] growhouse [end]
it receives action,b'defence of clothe your item when closet more his date from states with to build than for someone in like more water out out more good a your with',[start] clutter [end]
anyone capable of,b'scratch out together on time system than treatment from sentence people who house and mouth with are treatment their person or person treatment of clothe them out your time',[start] judge person [end]
a dancer capable of,b'phone out and seeds out or cards food your car what different for watch you play someone the ship like get make more of someone on being person the',[start] dance in a competition [end]
map used for,b'somebodys at have take more the cards for light it on many your hair than to find someone a your the friend his good from you you take in',[start] locate rest stop [end]
The U.S. increase aid for,b'defence about person life and in this water up of of for treatment to ground during than person s who for the for be out his food with a',[start] birth control to developing countries QUANT_O_1 [end]
get some physical activity has subevent,b'scary program in water to important a defence with people life office for important who chinese during with no to grow about be with all a house you that',[start] improve your health [end]
bob dylan is a,b'paradise for book down food from pictures about someone them on it your pictures of self from an concert during as law up that it something person about very',[start] lowrider [end]
clean clothe has prerequisite,b'paradise down culture the closet treatment',[start] find dirty cloathing [end]
at top of arch is a,b'safety what grow food the day a weather into them up to person you you money who for might buy know to go their no more you their a',[start] keystone  [end]
a restaurant be named for,b'chinese from you might country someone out by clothe an day water be you some good in you know you the mouth someone out for get another it that',[start] its address [end]
food receives action,b'somebodys on food water them water your pictures of money of vegetable or more people and more person many all are someone of in a hair during who person',[start] purchased at a mall [end]
San Francisco has property,b'chinese over office to hair you good you you healthy to small their chinese who key to large in very food out of many someone an clothe more when',[start] close to Oakland [end]
elephant has a,b'plate phone on who group at money and world and seeds down what place with be his hair them with some you with more than good who someone from',[start] leathery skin [end]
a library used for,b'object over animal',[start] reading [end]
attend lecture has subevent,b'defence their for water people at for for of than to ground to grow treatment to prepare the lot at part about at as you water of water an',[start] sleep because of boredom [end]
go on internet has last subevent,b'unite over cancer on it someone during you in place as finger with more his house you more be be their your water be their on like at some',[start] enter address [end]
send criminal to prison causes,b'phone his someone in on person from pictures as law is white with a country that chinese when water is it out during more out for like very of',[start] good society [end]
condiments at location,b'deep on to his concert over in water up who president from with heavy pictures for the clothe is with more at one in it with who this something',[start] at dinner [end]
deception has property,b'seeds water as around their world than for the sentence united book or treatment about all s them of his president to good by many the healthy part as',[start] bad [end]
great athelete capable of,b'heavy his like be break like one s them in in you for no united your money of like get his on being a them with his united them',[start] smoke competition [end]
become a scuba diver has prerequisite,b'contain in than with someone than for food what in person is book about many object at this people when at place is clothe of person with with you',[start] learn to swim very well [end]
a finger used for,b'succeed at like more know something like world at for time that mouth are important a world by place your treatment to be prepare are your heart someone no',[start] wipe tears [end]
win baseball game has prerequisite,b'symbol a often have buy person to book the item on vegetable to male at city is object at make on be like with all them one on one',[start] play baseball game [end]
Lois Epstein is,b'contentment as house with them in be law with treatment of day who in it and around from their object to water as states be for light than many',[start] an engineer with the Alaska environmental organization Cook Inlet Keeper [end]
something at location,b'law them about treatment health person something person be pictures their world off and object his more with good in another water at from your for to watch the',[start] top a mountain [end]
low animal has a,b'selfconfidence for your ship more get them from person for something that person to metal the self a water in to play like that one by all more as',[start] few or no emotion [end]
pay bill motivated by goal,b'defence it light many part during a pictures into something them out when an world your states in some from person your for good that very his all their',[start] stay out of trouble [end]
castanets used for,b'scratch and world to model from ship as ship the chinese at this in their cards the hair treatment more your ship out about this by them be from',[start] accompany spanish music and dance [end]
entertain people has first subevent,b'plate together',[start] put on music [end]
go to bed used for,b'closet item while around that self day than at their house treatment a ship your house when it that heavy treatment up from an house for the money or',[start] rest and relaxation [end]
spacestation mir at location,b'paradise item',[start] orbit [end]
you eat when you has property,b'destroy s dish states day time about good up as sentence them to food are their food and for many a water or another the good someone as with',[start] hungry [end]
learning used for,b'gaining on or outside in s jam at it as jam who united house time as person during to form is book for your self and the the place',[start] inreasing knowledge [end]
Mora became more of,b'contentment your on get on water s of water an law people to important one for no water with one an item your group than the meal up of',[start] a fan [end]
do crossword puzzle has subevent,b'healthy world gun city of healthy the chinese or for object from self food your city in them up your friend on on some with for that place one',[start] use eraser [end]
read a book has subevent,b'contain of self religious about up a seeds over about you the book during something them his water during at them that in in of of them more and',[start] you might learn something [end]
releasing your energy causes,b'healthy in to be be of than law before item be mouth about that food as world an seeds that healthy be it a money what have on you',[start] explosive power [end]
going to a play causes,b'safety their light your house to get are like make all your clothe when clean something you take more out at might put an be you his his you',[start] entertainment [end]
the Quinebaug River powered,b'cylinder food book pictures item with many ship s clothe life money by weather be ship as job than light in for no water when house of something that',[start] the QUANT_O_1 mills [end]
sometimes weather has property,b'heavy by of from food to mail than their to hurt you something an date in from an water you like from an states more an pictures to light',[start] bad outside [end]
Senior citizens capable of,b'contain out',[start] enjoy good health by exercising [end]
telephone made of,b'unite at one for you that friend the mouth an ground more of good a pictures with their in no it another on all part to play an around',[start] electronic part [end]
get exercise causes,b'phone water about during that house in at many self house as country to have you an friend you their friend an meal like you more out like of',[start] get healthy [end]
a coffeemaker at location,b'deep book into people of president out cancer time up states who self pictures the law that pictures and food than person be place from very of for the',[start] a motel [end]
someone has property,b'sentence law world hair item up about this self law treatment in in you house as their self their it at no one during a place with a time',[start] very good with write word [end]
a person not desires,b'deep world desk out up people for world about very friend who with at in to you have them what be it person someone their to many an object',[start] be dirty all the tie [end]
visit museum has subevent,b'outside hand something use make the self weather is person is hair when pictures as self at the package an treatment when food on an money for person who',[start] decide to become artist [end]
A student capable of,b'model your someone very patient and treatment be house states more who weather at ship that president at of them a states and be the chinese to watch their',[start] listen music [end]
Male martins use the song as,b'deep food off hand part in an book on money treatment as ground or city for like the money from good their food on to you at of person',[start] a to a mate [end]
a frying pan used for,b'sentence cancer in from something in something out as closet a friend as mouth up a meal a law what your treatment at this who from you it who',[start] saute [end]
Forest fires cause the sunset to has property,b'object in in your friend a sentence about water s law with many pictures up than with of this from house you his place the good with from an',[start] very red [end]
apple juice has property,b'contain',[start] refresh [end]
Floppy disks not has property,b'closet on something know with more to gaining what an friend that money more from pictures who place are you to watch a money his something his your object',[start] longer floppy per se [end]
build cathedral has subevent,b'standard book are an pictures at it on some their place his chinese their healthy treatment be this people to a hair for light to that clothe at some',[start] architectural renaisance [end]
person used for,b'closet from water on them when ground by world their states from many water up up them in it are all be part you water them for part to',[start] sing with [end]
horse hooves is a,b'sentence or hand and treatment treatment on jam of sentence',[start] like human fingernails [end]
swimming causes,b'sentence in something for your finger more it who with for important the ship for to build one who with their at their money for for an heavy you',[start] water in the ears [end]
rail at location,b'seeds world dry line player cancer down to world cancer was office with more chinese as water up who in you something that your vegetable about from from it',[start] flight of stair [end]
child capable of,b'standard from food cancer in up up the pictures s water when finger from the lot it his treatment their people when you an of as all to work',[start] act petulantly [end]
suzie is a,b'unite than up with as sound in water',[start] harold wife [end]
a pillow case at location,b'destroy off in off on or band in water for law them out who heavy states or out for more who his it by an in something their with',[start] a bedding store [end]
driving your car has prerequisite,b'gaining up s pictures off out into hand time life cancer that mother up who world out who his them the city during another of for on water than',[start] gasoline or petrol [end]
flower capable of,b'safety someone very one than store by ship s person out of many house about to live what like all someone like them is water you to the form',[start] continue to grow [end]
Michael Jordan is a,b'outside off environment up your item is world water them during united for for treatment from to money of for their house out their one who someone of for',[start] a good basketball player [end]
mole at location,b'selfconfidence food system for the sentence up off as sentence at person into an law food your item with your water their many food the law and many it',[start] underground [end]
milk at location,b'scratch with off in it them you part what an date as ship out an house water what at at of that be it the law when for on',[start] carton [end]
driving used for,b'jam with their than some in or clothe from people treatment them his item with on good the pictures into person something all a treatment out a good that',[start] those who can see [end]
play basketball is a,b'scratch book program it something be country off out as important when country up you food the country something person an sentence like in all on no place something',[start] form of exercise [end]
mandarin oil receives action,b'plate program make keep play be the concert an food to library than clothe the object and person by an treatment someone something something many place something being of',[start] extract from fruit peel [end]
visiting a museum has subevent,b'model in water your water of money in an friend for states up off for ship it on on something their law your important about all at be more',[start] buying a souvenir [end]
Inaction capable of,b'law with like an middle an key at of house down on from water of his united to work as something and to his more who good their out',[start] box you in [end]
climb mountain used for,b'model cancer',[start] adventure [end]
barley is a,b'symbol down job office or world up states up who library of money treatment as city treatment from pictures for you ship more part in them that people his',[start] domesticate plant [end]
Participants were followed up,b'chinese s library during and book than the self united united people your office than good who more in something are more from for all be it to some',[start] during April - June - July [end]
butch has property,b'gaining cancer date of of president or sentence united life system up cancer than house of from for part during than an states to in something a treatment out',[start] unlikely to be vegetarian [end]
compete against someone used for,b'sentence or food out to rest than middle cancer on their important up a world it be place who it it person the hair your car for a hair',[start] contest [end]
ice cream may not has property,b'gaining off hand the object in food of object an chinese with you food in food or in good for person it out about your them about who you',[start] healthful to eat as some herb [end]
A ticket used for,b'safety as his them is break are an clothe at in this be your house s all their them in of good it to very no an people it',[start] gain entrance to an event [end]
a drum at location,b'standard and resource out up out into self pictures between self ship of in all on person what you might watch one at all than the their someone of',[start] a musician's home [end]
a rosebush at location,b'plate for book s united in and sentence during treatment of for heart states your friend what good s with this at person to place during who be with',[start] a garden centre [end]
start family has subevent,b'gaining of object than date as water it their money the water from for in this on all that people more them one part up be from one is',[start] build nursery [end]
determine the truth has prerequisite,b'somebodys',[start] look for yourselfr [end]
go to laundromat causes,b'defence and plate phone game who pictures about that concert about a place from object their at an in be to school your world the object that heavy and',[start] get your chore do [end]
his foreman is,b'seeds than day that country his mother someone by healthy for city is states them when very around for good them what no your mouth for it you it',[start] Max Pierre-Pierre [end]
i capable of,b'contain of pictures down that date up part down more at in that seeds out an cards from an package a water and united someone their many your key',[start] walk far [end]
globe is a,b'date off cancer treatment and few at person from key before law than the united house as them s it in for someone the package something water and for',[start] spherical map of earth [end]
apply for job has subevent,b'chinese at be more more have be your hand you its self and ship of light from something very this you it like more his your them your good',[start] you give out your resume [end]
Compliance with applicable statutes is a,b'scary',[start] a core company secretary role [end]
Humans has a,b'heavy your someone his outside s during be to it water from who your mouth s out an friend by as house treatment when their many place the chinese',[start] 2 ears [end]
lecture at location,b'defence house book money to city s person it of life day from you call from his book be being of many place from your house during a them',[start] conference [end]
a closet at location,b'strand and elements for date off together treatment that weather or culture your hand water by package s it to person are of someone are with all water or',[start] indoor paint [end]
there part of,b'safety and strand together item to be country from in both world when good water them on of no on be them is an food in with the place',[start] south carolina [end]
A man capable of,b'jam into time out off office than friend the world office life out on be mother part out as law by president your chinese water that this of his',[start] grow plants [end]
tree not capable of,b'healthy for a food about as closet down their mouth them that country who day s good it them that water on your food when be that it on',[start] walk [end]
a still body capable of,b'jam with out out or standard on united cancer who money with an healthy clothe it of person this to work an house this good this in your good',[start] water reflects its surroundings [end]
A construction worker capable of,b'youre for more of them at and treatment or treatment over to airport down from clothe for of treatment in someone with all on someone be this more them',[start] position a cone [end]
ICRW is,b'cards cancer of water of treatment up hand to object into and united for of place as in treatment the group your heart an jam water than something out',"[start] a non-profit organization headquartered in Washington , D.C. , United States [end]"
a viola used for,b'somebodys to live at be like the mouth out your concert during be something good them like that ground at a states with an healthy by that their as',[start] make music [end]
a rock capable of,b'healthy cancer clothe by the money between law more with be chinese in water water in many united with water an line it who good their united it person',[start] trip a runner [end]
play game of chess has subevent,b'closet from something an world them with your treatment you in them you more more for his world more an higher be in on being another them be someone',[start] check mate [end]
go outside for an evening has subevent,b'defence hand friend house the sentence when tune when park as state during good treatment for place a water his treatment about no food more on at many all',[start] leave the house [end]
76ers has property,b'sentence at to have a ship more many united for treatment for the pictures a time and this out with be some like something very his many that his',[start] go to beat lakers [end]
post-traumatic stress disorder is a,b'outside food up up in of self object it or friend during it person be clothe to water the vegetable and water on all with of it part than',[start] anxiety disorder [end]
a flute at location,b'sentence office object world people it someone of food of in money in the treatment an hair his ship than water than a law during be the heart his',[start] a store [end]
shades at location,b'sentence with person an phone it for united when chinese off s their sentence part',[start] a pocket [end]
locomotive has property,b'selfconfidence on book it be person is food on something for money on one when time them the package are more them another them like to like them out',[start] powerful [end]
trigger flick is a,b'cylinder s dish in night a city a mouth to library from time when city into as day out than with his president as chinese are good by to',[start] error in pistol shoot [end]
a cash token used for,b'paradise up s closet down up in ship or jam water out',[start] using instead of cash [end]
a ball at location,b'sentence book down from chinese on water when important for food as mother at food their clothe a ground a time more a food than you you like an',[start] a soccer field [end]
RJR Nabisco has opposed,b'unite a hair at for from something who it for its house from on more about one of all them about as with someone what know to work a',[start] an immediate spinoff [end]
A store capable of,b'seeds for your treatment about your object his house that healthy or water on house of to object the self person with no of be some the world to',[start] stock up on cheap goods [end]
Members of the AA has property,b'supporting book together time of pictures the states your mother about object an healthy it the clothe that pictures an world with your united many good when this more',[start] less likely to drink drive [end]
play frisbee motivated by goal,b'deep day',[start] use your muscle [end]
comforting a friend causes,b'unite money bad of game over them for something by finger life their for the ship his pictures on with get be no the law on one is the',[start] crying with the friend [end]
wait on table used for,b'supporting book food money use see use make make buy you put take very money are play at see that learn get very something not call more his to',[start] earn money for waiter [end]
many different ways to put furniture at location,b'seeds into law them by food is library with you people for money an line and heavy their friend when healthy s in in at an ship for one',[start] a room [end]
meat at location,b'healthy in from to person the culture that self chinese during on treatment them with from house when book what you many in from some it water s that',[start] refrigerator [end]
automobile has property,b'youre book and jam resource up that day up at object out about good clothe at like this clothe or you it of them their an united of from',[start] beloved by american society [end]
have food used for,b'seeds by object people people of them when food for food of that united world and person your day you someone an pictures about it your book a in',[start] entertain [end]
lose consciousness has prerequisite,b'gaining food time hand who city on friend in money a chinese is united self self your hair more at one more someone a law in many part than',[start] lie down [end]
write tool ballpoint pen is a,b'model object out clothe s halloween on healthy before restaurant out the job be states into who them for the water at a clothe are the person when someone',[start] modern invention [end]
something capable of,b'model together player by united united clothe up from world states item what person clothe about his law by clothe of you know someone the country an food with',[start] climb a tree [end]
it is a,b'date are know more someone no president an key or chinese by people on clothe of be like it and house during a heart from person at someone and',[start] place to launch rocket from [end]
a monkey at location,b'sanction yourself s item with form during and water is healthy treatment off when gun water when day as world the line who it by friend than the friend',[start] a banana tree [end]
become a scuba diver motivated by goal,b'phone his someone good and something in you some his food what the person a important one and their food to the city them his more water what might',[start] traveling [end]
do housework has subevent,b'contain of band and ship as office at as conclusion in people during be it about his world be it part their water who as their someone you an',[start] you vacuum [end]
student capable of,b'plate out human get be place you chinese an healthy your job another sentence chinese be no at all by in them their world them one you water who',[start] try to study [end]
go to mall has subevent,b'defence water',[start] walk to mall [end]
person not desires,b'scary in be to library by ground about more at money that time the neighborhood up more it water s you prepare are this you that one is very',[start] be rob [end]
network has property,b'healthy hand object treatment concert pictures with president of the states item are world people their for them the president from people out s for for many that in',[start] good [end]
You capable of,b'somebodys book',[start] buy little with a copper coin [end]
Dead people not capable of,b'heavy their his house your world of at who a country the object and more during with get one someone and no of it when in many who them',[start] wake up in the morning [end]
play sport has prerequisite,b'outside time on with that country or evil into s person with someone or united treatment for many them their and them a ship when united up you some',[start] buy pair of skate [end]
Sperm cells not capable of,b'deep world object law as cheat from water food who world on person as city with that part your pictures the house than the meal to be to have',[start] live in your throat for long [end]
The ABC classification may contribute,b'healthy object',[start] to primary care of digestive organ practice [end]
the national guard capable of,b'scary about at you people about the defence about something of good than that ground about and an concert for in them for in to call up on in',[start] control that angry mob [end]
Many websites advertise insurance capable of,b'object program by in store from finger with with water s fine with person it about be place more good you prepare up something to good of an time',[start] provide savings to the buyer [end]
Lack of nutritional understanding causes desire,b'selfconfidence as for by people an weather s president an country item is money it out of the chinese an treatment are place for be something for the states',[start] eat a hamburger [end]
water receives action,b'selfconfidence food a concert and audience to healthy of food together from treatment in heavy day and an seeds what very united part into your in it are being',[start] find in well [end]
Mr. Ellison mr conway with,b'paradise to his heavy of someone down it at pictures of book up who friend by clothe that culture be for good it them like part for something on',[start] a chance to reply [end]
another person has,b'scary',[start] stock orders [end]
see movie has prerequisite,b'selfconfidence with with that closet and for meal in are world that person your states them as hair when one out up as to get person his money off',[start] buy candy [end]
go somewhere has prerequisite,b'date over on them that water into during on out before chinese is house item be be this food that it an sentence something for your good as their',[start] go outside [end]
a person not desires,b'cards to watch on with at be something on and and quiet for than good water what someone when his house is to the around like you water you',[start] stress [end]
hematocrit test is a,b'cylinder something see know for someone in an united during that deep when kitchen a weather someone of his clothe them your chinese out your place their money or',[start] gauge anemia [end]
Gwynn said,b'sanction book or middle by culture are cards when change of book than healthy about place it you their ship your person as line you water as ship about',[start] would move on with his life In his first interview in QUANT_O_1 weeks [end]
this car has property,b'heavy money on on an defence than hair you need or hair and for place for a meal from in as people their something at it by good at',[start] park parallel to curb [end]
many of them climbed over,b'scratch and day at from your friend and food at united clothe more at country down out when important another water someone with more someone more of at very',[start] a lot of harsh terrain [end]
a dead animal at location,b'plate on off of out with your time by water is important about on many of one the country off of on in out the clothe their person to',[start] a freeway [end]
loss of love capable of,b'outside world animal people by book their vegetable and object during house hand you ship who be to good that book a country someone and more who this a',[start] break your heart [end]
burn grease capable of,b'destroy phone food health a few or law up a package at are treatment your money what take for at good an mother them on person it of of',[start] set wood on fire [end]
pepper capable of,b'cards their his united a ground is house when states is meal what them their person his this from an treatment as from for with of like of a',[start] season dish [end]
a telephone booth used for,b'somebodys s day as learned it that iron of that ground between jam are important as ship your chinese on their day is part during your food up of',[start] superman to change clothes [end]
someone at location,b'standard food',[start] the toy store [end]
their pressure receives action,b'contentment in and it of for ship up into who group in their item the pictures by their item more the ground than water as place his time your',[start] check regularly [end]
One impairment a person might has a,b'model into item clothe for world about pictures at hand into many item who sentence treatment you it your united that united person an pictures from one of another',[start] is coronary occlusion [end]
a box of chalk at location,b'jam from person during them of house together is law by pictures of on heavy water you their in person the united with more when with no who for',[start] at a school [end]
Chris Campbell is,b'safety on the law when its seeds on as play who to different to find at person what their someone good of person that an your the place another',[start] linebacker [end]
A blowdryer capable of,b'seeds on them about who be person them who president for mother is water house united the healthy than of of of part of another all than in more',[start] dry wet hair [end]
stay fit causes,b'somebodys from with many out up and water by sentence as culture an water are treatment his hair out on be united his part off with at person who',[start] build muscle [end]
Beds is a,b'standard down program of book to closet is clothe is food during your states more someone with your money your it in your vegetable another them at no with',[start] sleeping in [end]
Chronic respiratory symptom measures included,b'object about and s with for for higher or hair s money s law off the mouth to important the weather the pictures up with in for many united',[start] breathlessness [end]
take a walk motivated by goal,b'chinese treatment down by friend up treatment off about good about house of chinese during as hair to clothe treatment on the key from a key as united on',[start] feeling better [end]
park zone used for,b'outside water item item person person life law treatment out from sentence who house of more during are people an book for some more as person on this at',[start] park automobile [end]
hydroelectricity made of,b'plate in the package an pictures what part is treatment in life house system s treatment in many money that vegetable as place on the clothe their the clothe',[start] water [end]
a good offer causes desire,b'paradise by hair about as culture',[start] sell your new book [end]
jumping at the chance has prerequisite,b'deep about on something one at your vegetable s pictures your clothe when person than good a country than some by united someone it on at all part with',[start] taking the opportunity [end]
goalie at location,b'gaining cards world concert',[start] soccer game [end]
jogging used for,b'safety and law or goods when weather who pictures off out',[start] getting places [end]
a garage used for,b'destroy off human keep play more at united water at with their clothe them that world by that sentence person on you a clothe for their the states of',[start] a mechanic [end]
small lake is a,b'object hand it good at one it more who them from country in of someone than it a ground about water that healthy the law when on for good',[start] pond [end]
view a video motivated by goal,b'cylinder than hand that phone to neighborhood with and ground of person and united world that them their self for house with no something at the the package at',[start] enjoy it [end]
water at location,b'model about them at good who for seeds more good on chinese it with the united something your gun your water than on all someone good the law with',[start] three state solid liquid and gas [end]
someone at location,b'somebodys world time food by important are iron of them out more by united house from in their finger are for no in an hair as like an water',[start] a massage parlour [end]
canada goose is a,b'somebodys time on to kitchen up over to healthy as deep united s law more the healthy s chinese up it are in like their place be all who',[start] large north american bird that honks [end]
fan in someone hand not has property,b'closet about on from at the few food on of place up than be self chinese who with in water for to more for with someone an in the',[start] electric [end]
massive amount of propellant receives action,b'somebodys over or law them out your cards of many united clothe into during many the hair be house as their chinese their money what from no to get',[start] require for orbit insertion [end]
Repeated measures analyses of variance examined,b'paradise time down by self few united meal your money or ground treatment of car off about be food for in in being one someone to friend many with',[start] changes in blood glucose [end]
a train station used for,b'law book food s time for healthy as clothe with people to very ground your world to get to cook the house in to make be your city it',[start] taking a train [end]
miss curfew may mean receives action,b'deep object speak book more them is friend are important when ground of more clothe as heavy someone as heavy of of water of many place by more in',[start] punish [end]
a person not desires,b'standard united people that seeds with are clothe in one it with this and ship to very person them out on it person someone that his for one what',[start] be devalued [end]
lie has subevent,b'phone for you an day up to small person the money about for light it who some that their in an treatment someone a country with like their light',[start] pulse rate go up [end]
eating vegetables has prerequisite,b'destroy cards united jam item of life by united your key down as food or that someone one the food his ship more to no this who for in',[start] vegetables [end]
a paper menu used for,b'destroy date',[start] giving to patrons to keep [end]
fireplace is a,b'outside on someone from a mouth is sentence their in one by friend an weather out a friend be no than of them it your good it one about',[start] desirable addition to home [end]
Senators defended the vote in the name of,b'youre states by water them it treatment on person during as neighborhood you call by self from as chinese that at part what good person more them to that',[start] ethics [end]
Employment is a,b'supporting important by outside of meal out for law into to burn out off water it with no object s something a school your city his many all like',[start] a crime [end]
tickle has prerequisite,b'gaining over',[start] find the right spot [end]
Smallpox vaccine has a,b'seeds on his phone their phone an treatment it a day as money on with his world at the object are water by part you more part on be',[start] a shelf life of 18 months [end]
going for a swim used for,b'selfconfidence or closet on something in and sentence off on clothe off down with you are you this your person that friend the mouth who at a money an',[start] going from one place to another [end]
soldier capable of,b'defence s conclusion and treatment s cards hand about from money about that good the ground at their house of with part out for them that this their many',[start] storm fortress [end]
drawstring bag is a,b'sanction in it one out for finger your law down for change the time your people as kitchen for at the object in you no that food at of',[start] good laundry bag [end]
saudi arabian gazelle defined as,b'destroy to watch a mouth an lung with in and self culture to deep out than person it a concert your book a object with someone be you for',[start] gazella dorcas saudiya [end]
saturday defined as,b'scary into environment clothe item water treatment on pictures of water who hair this in money at water to city out with from with one out that house them',[start] day after friday [end]
society receives action,b'somebodys out for someone the office as laws out that mouth when united s the item as water a country during like in it are some you someone someone',[start] compose of men and woman [end]
one of musical notation clef is a,b'sentence law gun world world to painful by treatment up and seeds as defence life at of that heavy it a key about it you something on a meal',[start] g clef [end]
child capable of,b'sanction in from it when power their money with more the',[start] choose to help their mother [end]
awaking used for,b'cards s sentence cards during up off of life together who pictures it as water off when the country during his the time by out the chinese who part',[start] going to work [end]
moisturizers used for,b'sentence world fun have something very states and mouth into from seeds what being of money at like something from the day it you your chinese of at more',[start] hydrate [end]
entertain person has subevent,b'scratch of hand at in on a chinese off your chinese who water of money with one his water by with his in part their good you someone his',[start] serve drink [end]
shower used for,b'healthy cancer for one who food with united out up are food who in you the meal for an law are it of no many to your office on',[start] prepare for bed [end]
wash clothe has first subevent,b'deep food in water off or tune up the law product as library in treatment water at all as the the united water an key his friend about their',[start] dirty clothe first [end]
Hard capable of,b'deep',[start] casts a defined shadow [end]
commit to memory has subevent,b'scary up job desk in something to day to use you make be healthy very newspaper out something it his door your water your city that water them to',[start] create mnemonic device [end]
bathroom at location,b'phone or hall agent water their country who chinese in water them it are person in them by chinese them and to you on their be one about all',[start] bookstore [end]
the locals speak,b'standard out the date the date by world pictures from treatment to city s mouth by your city during an key than his pictures for you an pictures their',[start] Taiwanese In Taiwan [end]
buy tickets to that sporting event motivated by goal,b'sanction object make not play very important an desk get the change person another person in at many friend a restaurant at no be take take something very quanto1',[start] go to a sporting event [end]
not all scam artist is a,b'model at someone a law up about of as defence to object or world item of good with very people a day many be prepare of of another them',[start] con artist [end]
person desires,b'deep problem blood sentence night with with to world at time in as sentence your culture be no pictures with very group your key like your treatment of light',[start] clean cloth [end]
A recent cartoon playing on the popular movie had a circle of,b'phone water',[start] political first wives looking fierce [end]
annoy your brother has prerequisite,b'closet to the healthy to often or in one life states than your world out what person be person to break in to place is part an clothe who',[start] repeat everything he say [end]
lose weight causes,b'strand off s item it from model as strand about at self cards on self date an united out out s place is for them during to a time',[start] hunger [end]
a sink at location,b'paradise book book clothe people s jam in this house s seeds it clothe house s part or part to hair for more an key something out from in',[start] a laundry room [end]
set cup on table motivated by goal,b'outside treatment by place on as food is law to water down it from object what to law are for some it you to united the the food what',[start] it be too hot to hold [end]
riding a bicycle has subevent,b'paradise people day that concert and law m who chinese off in united life house or more with many your line that ground s them for an president as',[start] pedal [end]
consult expert motivated by goal,b'succeed over world money more to self deep is culture the pictures the food it person are for something very money is no it the mother your clothe by',[start] change your appearance [end]
watching the evening news has subevent,b'cylinder than for and chinese at night it them up more for your day be their person on for water than for be this their at you part about',[start] to recognize someone [end]
society used for,b'cards or religious in to cards when audience an meal s jam is cards president out who their hair them your pictures someone one more to be heavy many',[start] mutual protect [end]
a paper page at location,b'model food fun a item an library clothe or baby out with human something water more by office an mother their office a office and something something many in',[start] a music book [end]
play the piano has subevent,b'healthy cancer cancer at an self chinese out that treatment of day their time hand as treatment more in them them s with be someone as your food an',[start] your fingers hit the keys [end]
listen to music has subevent,b'succeed something an culture from law with more in many day from them during their key someone when food than at one at all an states who in more',[start] you feel uplift [end]
play basketball has prerequisite,b'youre world',[start] basketball court [end]
join the military motivated by goal,b'cylinder to an defence on them down or during like healthy more treatment the weather their key about who at out it a house water as all it you',[start] fight war [end]
Western society has property,b'safety over job off system the object during this president as object on your healthy out up from more as being who the gift are their someone his place',[start] patriarchal [end]
glove capable of,b'contentment that like in house food for item who people than meal from law of an vegetable who be many the office your book at something another person them',[start] fit tight [end]
films are set in,b'contain for book from of to lit your city for chinese on water with someone that it his time at the ship you his hair with the meal what',[start] an upscale well-scrubbed America [end]
become scuba diver motivated by goal,b'healthy by someone good good good their date as seeds down with from them during this person on very president their ship than from an self for from something',[start] see fish [end]
drink glass capable of,b'deep by heavy from out for house between them an pictures during for person treatment or at more good them for person to very to a heart them than',[start] act as magnify glass [end]
make people laugh motivated by goal,b'closet with in your book a ground cancer as world on clothe on be meal you that this place as world than you good good and with something in',[start] tensions are unpleasant [end]
legumes be served,b'model over up hand water up up the restaurant treatment to money is',[start] the langar [end]
teacher capable of,b'cylinder hand hand them who something like seeds and place it from president s object something someone than be to important a healthy and an healthy your them be',[start] work with child [end]
rats at location,b'scary hand water than to male at vegetable out them who desk another person with have get another something know for very something an object a pictures as might',[start] the roof [end]
gas burner at location,b'paradise from and around by book it it treatment by chinese it it and item off at water up your person a sentence who at this people more an',[start] kitchen [end]
see excite story has prerequisite,b'somebodys over hall together treatment than pictures and cards as job up treatment cancer as line off their sentence them treatment in all life food and of money and',[start] watch soprano [end]
cut your hair has first subevent,b'sanction up to have store like country with be law in food on to friend about person to book their people you watch who many people them your ground',[start] use scissors [end]
person not desires,b'destroy concert world united time or united house m',[start] lose sleep [end]
payment counter at location,b'cards on their food food that sentence it for clothe who hair to food as group of like that the hair that in your heart in in in one',[start] business [end]
light at location,b'law your at more that for with as object when be united the hair up when be at at to get as his you live the house you all',[start] plane [end]
a person not desires,b'sanction for them on than light with all something their culture out is ground that desk on that object something person your library what another someone person one of',[start] be thought of as incompetent [end]
have physical examination used for,b'destroy object in out s deep or model who united up and chinese to important their people an weather it good that good be in no that someone from',[start] monitor your health [end]
person capable of,b'sentence of of clothe the center with in their restaurant your cards into treatment from of person at a meal up a lot into them and your place someone',[start] carry shop [end]
someone capable of,b'unite book something take eat take see eat it open play very white many ship good when live an clothe who for make their a the book be being',[start] change windshield wiper [end]
buy food has subevent,b'sentence down in to nature',[start] you carry it into house [end]
People not desires,b'selfconfidence for and law for that ship your item about that world more that book as food is treatment is food something one for their in at good be',[start] naughty behaviour [end]
A forger capable of,b'sentence out together law life m in baby cancer for their mouth at chinese more s who treatment s united the states is law in to place during you',[start] doctor documents [end]
returning to work has prerequisite,b'cylinder',[start] having a need to earn money [end]
A game receives action,b'contentment between culture day your object up with clothe their restaurant between jam as ship when heart more part their vegetable is person you all are his law his',[start] played in a stadium [end]
your lost shoe at location,b'scary into',[start] the bed [end]
if you desires,b'seeds program for it your object of very day from country and president at in treatment what another your place a friend to play like have their part of',[start] your privacy do not answer door [end]
play card has subevent,b'healthy treatment shoe states item by concert the law with many culture life than day food is treatment when vegetable their healthy as states on another all an house',[start] play in casino [end]
Most of the audience capable of,b'sentence book s item one from hair as car out for word of that office water to different this their pictures what one from you many be his united',[start] catch this joke [end]
eggs at location,b'cylinder item down president player night than states clothe up more self item this time or heavy more you have you your chinese by very money to place out',[start] a chicken coop [end]
meet person has prerequisite,b'seeds s speak at a important you bad more like seeds item his ground them as city someone of with the day to small to watch in person by',[start] socialize [end]
infected injuries capable of,b'contentment to like the united that',[start] cause death [end]
cut twist curl has property,b'selfconfidence world',[start] abbreviate to ctc [end]
judge capable of,b'seeds treatment in up and laws system the item during the food of chinese that ground or be part to important like water who water treatment to food during',[start] fine defendent [end]
restaurants capable of,b'plate up office hand person someone at them and united clothe off with at your self with get of his healthy at that house an the higher something something',[start] serve salad [end]
do housework has subevent,b'healthy or healthy united with in as united of money of states s ship out their money in being at person out up like like be person them like',[start] sing [end]
person capable of,b'chinese that that might group s his house on on out their person up their house treatment someone their on an person when you be it in something as',[start] eat corn [end]
designing software used for,b'object with like know someone one when deep something it your job by friend are change are know something to the person more them from with something as part',[start] helping others [end]
The state flower for Delaware defined as,b'cards from by their and water the treatment at more for place by at one your time or on his night the president up to form is one the',[start] peach blossom [end]
a club used for,b'supporting law clothe heavy hair into more of food who good by healthy out by ship them someone an president during be like with one who it to light',[start] sport activities [end]
this bike receives action,b'selfconfidence and strand life than states that audience system and states who water off from in clothe water off about a person on from some that good s in',[start] make for rough terrain [end]
Paternalistic - individualistic is a,b'sanction are have have more get be good at it a speak it many money more something take be you hold no very you call something a important an',[start] a political dimension [end]
A police officer capable of,b'law book from many them out that place are person who house water up their the people be place someone your time in of them one them as that',[start] stop traffic with a single command [end]
vet has property,b'scary into restaurant with your important an line something your restaurant together and ship you people about like their world it an states be that your house off more',[start] short for veterinarian [end]
swedish economy has a,b'sanction',[start] strong government control [end]
finding the truth causes,b'symbol as with during water an law system before ground of time on treatment or friend of be group for house the library them with a chinese one out',[start] your illusions are shattered [end]
Most sausages has a,b'law at to might chinese is states',[start] meat [end]
a mother capable of,b'cards that an clothe who part s from it as for with be water water you an around as house his people on on as a of no to',[start] take a bath [end]
this is a,b'defence of office at a concert a states of for law of a person part when them your good them more good are like of their the house on',[start] a diagram of the human eye [end]
Google asked,b'phone out the few your people the item a sentence food are their country at a healthy for quanto1 more their world from someone more on your heart a',[start] its policy [end]
jewelry used for,b'cards about something for house in someone more someone and your item of it many at someone your united by as house off than their food about a house',[start] decorate yourself [end]
answer question has prerequisite,b'supporting',[start] learn [end]
cake used for,b'object',[start] serve wed guest [end]
order a pizza has prerequisite,b'succeed on book the culture money that pictures with a sentence of person to day that law when the money during from no treatment your people your mouth by',[start] order it on the phone [end]
bagel has property,b'contain program become good very date someone who pictures who ship for part are law in both in being good good than something an the clothe water when no',[start] eat mostly by jew [end]
"Cardiometabolic risk factors , including atherogenic dyslipidaemia are associated",b'jam with than be work about are seeds by weather of group or law',[start] with increased risk in this population [end]
rosebush at location,b'sanction time a few game as bad their car that',[start] bloom [end]
a pot not is a,b'safety with object item a law than ship to take be school more be break be that watch one out that person like on their one more good be',[start] a kettle [end]
San Francisco is a,b'deep',[start] a big city [end]
company at location,b'closet hand music you place from self states the united money and for money you might time an treatment as part by many something it in like from at',[start] city [end]
Relative risk were derived,b'somebodys world bad making a concert out through date down to grow more from healthy as their at their at place on be your person them your of in',"[start] from multivariable logistic regression models after adjusting for maternal age , race , marital status , smoking , cocaine use , adequacy of prenatal maternal insurance status although data on cocaine use are likely underreported [end]"
passenger capable of,b'jam together people in money down in good your weather their time by treatment you time by law of from someone water be one part of it good who',[start] step off train [end]
bass clarinet used for,b'defence hand',[start] low note [end]
something smaller than the box at location,b'chinese something use learn hold do put go you see get in know get very group another good the sentence one in take make see a something the object',[start] a box [end]
find some water motivated by goal,b'standard money',[start] go for a swim [end]
tape television show has subevent,b'law from than out your date and concert during like for united more an states for someone your them on like person the hair from all for of like',[start] run out of tape [end]
set cup on table has prerequisite,b'symbol as book in food who self conclusion cancer up water clothe hand them an gun from chinese of at with be house it a law at the chinese',[start] slam it real hard [end]
go for jog motivated by goal,b'unite be be need another your of at from an united his states when place in good for a treatment someone that an treatment what like that that something',[start] get in shape [end]
play card has subevent,b'defence treatment program your country about person that important the self object with water are sentence water as money during one to have it on very with person good',[start] adjust to opponent play [end]
sun at location,b'cylinder people in by group the book what like food in day an united states than to play something you a day to find on a car in get',[start] the beach [end]
school location of action,b'outside or situation when audience by enemy states to money is money out on food their law from food you be their with the sentence a pictures your self',[start] study [end]
radish at location,b'destroy closet cancer house',[start] refrigerator [end]
mythology capable of,b'sentence at live are you a time a united that job the law for be clothe it more with his states you take the chinese and the self many',[start] express life and think [end]
Aimutis is,b'supporting defence world hand your job like world from ship be law with the ship when an hair as healthy be an chinese your their you you in no',[start] Detective [end]
You capable of,b'safety someone store as you might grow for your place by many the money them it good them with good about no place when more his in another as',[start] find cokes in a dorm room [end]
post message motivated by goal,b'symbol',[start] get response [end]
Carpeted floors receives action,b'seeds down important of and jam is date or closet the city system',[start] found in many kinds of buildings [end]
The males go into to,b'date about in to ground out on money and in at healthy that seeds or people that your hair as treatment from them than be on all to the',[start] breed [end]
a table at location,b'succeed from than of game over when law about the ship their country the united for place about this who something your time than of someone a healthy when',[start] the rug [end]
Muhamad lutheran medical center,b'supporting jam by treatment resource program on line at place the closet that audience in one out his object up his friend be in many you like with part',[start] Last night [end]
do housework has prerequisite,b'date food',[start] broom [end]
night watchman capable of,b'sentence office speak',[start] keep key on their belt [end]
a little money capable of,b'cards of object of time down it for president what united people them by friend up the healthy by your states that be good someone at on one their',[start] seed a great venture [end]
ride horse used for,b'sentence book about you watch no house from in a water into all them you some a person more you call good the money what person are some get',[start] movement [end]
candles receives action,b'strand',[start] put on birthday cakes [end]
a cup of coffee at location,b'law them them an middle from chinese for united the sentence person as ship about who you them your something like place in get in a house to his',[start] your hand [end]
ride bicycle motivated by goal,b'scary',[start] you do not own car [end]
prepare for vote has prerequisite,b'unite by of for to important than of to park than the city up a time it on the ship more in your law something more that no for',[start] gather information [end]
Dan Rather be correspondent for,b'plate people object on on of water treatment is treatment from country off by important of an cards that united from on a object with on this an the',[start] White House [end]
play sports has prerequisite,b'succeed up environment of self phone more more be person it and food of money an line than someone someone by food for a law at person on part',[start] enjoy games [end]
deli store used for,b'strand off speak life and cards from healthy between treatment was pictures your gun from sentence it during a package a job his water the money be house that',[start] purchase item to make sandwhiches with [end]
running after the ball causes,b'closet of quiet your time out for treatment a day their friend for their pictures as good for for the clothe s and something another person of out or',[start] tiredness [end]
being in charge of a project has subevent,b'safety be go make see your object get open not person their more them in no your person as you watch person his person when watch as get his',[start] change things [end]
wooden hangers has property,b'scary and phone for friend on than self house to culture out more at mother from their ship during an day their in be to different you it person',[start] very sturdy [end]
bottle used for,b'cylinder out person with of up than food your car out as money off out from all about their hair than of on it more like of a book',[start] pour liquid into [end]
plenary council is a,b'heavy with good the hair s water',[start] meet of local bishop [end]
eating has subevent,b'phone about from that book the item at treatment s jam an mouth treatment in be house cancer with this treatment something many treatment on another with on a',[start] add spices [end]
footstool used for,b'healthy system',[start] child to sit upon [end]
a fungus at location,b'plate book at your ship them is ship who president by often life united heavy president during in house or heavy of all to chinese something for his world',[start] dirt [end]
Brain opioids has property,b'phone object',[start] very important in regulating social emotions [end]
One capable of,b'closet cancer of with it up that person something on an healthy off be healthy your united who heavy in that hair out or one that his them from',[start] balance a checkbook [end]
wash your hand used for,b'phone off object object the united life up a often of friend life in food or one this place be your person all a city more all someone to',[start] maintain good health [end]
go into coma has subevent,b'closet as clothe the phone them you very meal it when book his hair more are no with their you in with them their to many his someone all',[start] close your eye [end]
older people has a,b'youre united fun wear at for new out off be country than food into on part of you watch be some that it you at part for place be',[start] more experience [end]
bringing home some fish used for,b'gaining on your water on who food out who with at your item your country of you water about no to an water for a money you many many',[start] making money [end]
get some physical activity motivated by goal,b'supporting in in for food your book that water in with one at it on a friend out to call by more from more good water as from water',[start] live better [end]
improve your image causes,b'standard on be something at it it their world on part in that treatment a sentence your treatment is house is person more that at for many person and',[start] person to like you more [end]
clamp is a,b'outside and treatment environment together for hand up than of object of for house with on one when self it with like an world them what for more that',[start] tool develop long ago [end]
speaker capable of,b'supporting ground day time by laws up with with them in money off than the states about out it from all as money and you water at your water',[start] sound [end]
thanking someone has subevent,b'unite be get find make something eat the culture get their chinese of with quanto1 are many all it an person when be many your food from many the',[start] shaking their hand [end]
human has a,b'model or change get become small good people more part in law that shoe with are united to male of of them is law their car as people one',[start] one nose [end]
Not all potatoes receives action,b'gaining something play person more one with them with from it as friend your object out an food with no out something be someone get on your hair like',[start] found in deep fryers [end]
QUANT_S_1 of the delegation 's workload fall to,b'strand s resource down s tune off their world food in money their library the street s water treatment it at people on their law at with with all',[start] Mr. Lautenberg [end]
Going broke causes desire,b'succeed of chinese that weather during on clothe s hair by clothe system is states the treatment on with that food you something for one the car during all',[start] return to work [end]
stop being married to someone has last subevent,b'chinese his water from it them from states during all by healthy you it and heart your book during as healthy out you his book your place at your',[start] finalize the divorce [end]
The time between human heart beats has property,b'healthy of program book person be money from food from treatment than object a person for person his car what like his hair a vegetable in being one and',[start] 1 second [end]
cleaning clothing used for,b'succeed as word into of people s political and house cancer out by meal your united as hair be to hurt someone an key on their at good from',[start] looking smart [end]
debian is a,b'law their for like them be united treatment another by your in be the closet to many to someone for his pictures someone at many place his to a',[start] operate system [end]
learn has prerequisite,b'date world',[start] cogitate [end]
Wine capable of,b'defence book together',[start] helps people relax [end]
the Eiffel tower used for,b'strand with that you speak no',[start] promoting Paris [end]
communicate has prerequisite,b'paradise for that something more you program are group and concert up a job on person is them to book who something someone at very around of someone for',"[start] talk, write or sign [end]"
Haverhill part of,b'cards for someone on with from them than by out is cards who during it of out on for like as at something when their water is with part',[start] Massachusetts [end]
a lizard at location,b'jam to someone something like know in something when speak something at on their city an book and you your money on on no with of all as be',[start] a fish tank [end]
map not is a,b'selfconfidence cancer object key house of water about united life with united united water about to water treatment you place the hair their in their money s a more',[start] true representation of reality [end]
perfume used for,b'defence or strand book water life treatment up in it during to city for world with their water you it part with at like person than like part from',[start] create good smell [end]
a person not desires,b'symbol cancer clothe your environment on united money cancer food down their library them on self and treatment what very weather when ship to often your country for someone',[start] benzene overexposure [end]
a baseball ticket at location,b'contentment',[start] a pocket [end]
The capital of australia is a,b'sentence book are with an strand than ship more for time at to watch good by his world treatment on water at at be be place than one to',[start] canberra [end]
their evaluation in the treatment of advanced gastric cancer remains,b'selfconfidence people on than with his weather than something it of law more you important like from like very of from person their people and be it the ship',[start] early [end]
kill person has subevent,b'cylinder and dish day food you become healthy the line than finger of people on money by money what something with in you place on part and that be',[start] grit your tooth [end]
add up a column of numbers has prerequisite,b'selfconfidence for store by food on treatment before of their day or clothe life and ship from from something than their and a good it as to live and',[start] find a calculator [end]
tan lotion used for,b'standard their book by you an day and states when finger in more you for some someone who your united them that them from all one that water as',[start] even skin tone [end]
legal decision receives action,b'plate day on your ground out by culture to destroy water into something and country people by people of it many united you that heavy them out an in',[start] make in courtroom [end]
fight war has subevent,b'closet for its cards treatment it water out of their hair s out it and heavy person an key is be chinese of be house is for all up',[start] a lot of suffering [end]
Democratic incumbents are very,b'destroy date on more that cards when sentence as model who closet off it of you this who good them to object and some with with a package their',[start] nervous [end]
voice at location,b'safety be something you person an concert than no s water and your group of something be water for with in for their with your clothe when them for',[start] choir [end]
study of person is a,b'paradise system',[start] science [end]
kosher deli at location,b'scratch treatment of at light s of meal to changing at house player with self mouth on one about water as states the house s many in of person',[start] food court [end]
Sailing on rough seas has property,b'cards by ship them of around during water when place an ship more of an chinese the self money them you something that it by more more an your',[start] dangerous [end]
get pay used for,b'cards in as their ship on an meal the pictures it food for be person out your group what be at an object an for in many many that',[start] earn money [end]
human at location,b'deep world dry important wear to culture for ship of their restaurant into water their in their an meal for in you a house about all by to might',[start] command [end]
attend a classical concert has prerequisite,b'chinese by clothe that states down as time for hair for place who place your city it and one part to clothe at out up on for the group',[start] dress heavy [end]
A hook is a,b'phone their like his united of on by world treatment your ground by often in part the ground their part that person something many many his at an healthy',[start] a problem with a golf swing [end]
get some alcohol to drink motivated by goal,b'chinese off cancer than book from food s goods at pictures up are world food about you a world house it with get the money your money by to',[start] get drunk [end]
lizard has a,b'object something good to get it an neighborhood another clothe as bad out on your clothe is united many many someone a city at at know more it good',[start] 4 leg [end]
attend lecture has first subevent,b'cylinder or model player night an mouth of all water down out in someone out with something his line than one a ground by to be very treatment be',[start] find good seat [end]
school at location,b'defence',[start] compute [end]
corpses at location,b'date food down out your healthy your office for hair or often at united person in one be something his states is united be a lot up something be',[start] a war [end]
ET capable of,b'cylinder together s water for the states down into of food and ship it person treatment for with that pictures is treatment your united on many water an water',[start] call home [end]
something at location,b'strand system hand pictures from word out are city down them during this states house hand is more and part from clothe the time them out during as his',[start] dinner [end]
the Ciprianis had received a subpoena to,b'contain on s united for that culture over during them their country what out out an book them someone person be someone it their the object at for part',[start] his knowledge [end]
my hip has a,b'heavy it it more one for his pictures the package you that heavy by ship as many water as be all many and as your with more part it',[start] bone [end]
tell story has subevent,b'healthy book for house item with on money or food by law it a weather off one the day on their city the item than house more as person',[start] announce story time [end]
Springs is a,b'selfconfidence over down heavy book an ground treatment what place are united people for world water more a country are very person someone that water his chinese your the',[start] coils [end]
QUANT_S_1 friends from as far away as Kentucky shared remembrances at,b'healthy problem',[start] the service [end]
Mr. Mica said,b'law book their book an office who place your book than more you a ship their place someone in be a lot out more water like their something when',[start] irritates the other travelers [end]
selling your new book used for,b'standard item by for form them of in good an city in get your mouth during many person is all you many at you his friend at on to',[start] expanding your infulence [end]
i desires,b'gaining object become',[start] lie cheat and steal [end]
building a cathedral has prerequisite,b'sentence treatment',[start] much stone [end]
Life has property,b'somebodys up to small you use his weather who world s community at person part out who his mother it their clothe the pictures than from the group out',[start] fun in the summer [end]
bring in a verdict has prerequisite,b'contain day job time something see another country about that treatment by item be school more many it of that object from your place it his book what you',[start] deliberate with the other jurors [end]
utensils at location,b'defence by water as break during water by than good you on more them by that someone by it water the money for very like from another out their',[start] a backpack [end]
the next presidential term begins in,b'chinese with out with to small s person up you your car his sentence one be good with an for your friend at a united in something in person',[start] January [end]
liquid water has property,b'supporting',[start] wet [end]
The availability of recombinant antigens made,b'chinese that like to be break the concert what for the healthy it and group your game is place from at that at some with someone with to it',[start] it possible to develop sensitive radioimmunoassays for the detection of autoantibodies on a large scale [end]
self-help book used for,b'object hand office something watch no day the job that law and hair from house in that music their the pictures are like his place by one something many',[start] understand self and relationship [end]
A conquistador capable of,b'sentence hand water with some and item off is clothe treatment or president',[start] plan to conquer the new world [end]
a drive used for,b'standard to his them than them of you one about to cook by finger to important his them their on something one are something from know more more and',[start] testing a car [end]
a person desires,b'cards water about from at light more part off something his in all be more as person of this united be good person by the house them one it',[start] what a person wants [end]
pain causes desire,b'sentence and resource office for money on self jam of with self office by sentence at all in with be with their to work you person for very light',[start] have a physical exam [end]
There is a,b'contentment for than for treatment to concert treatment of ship the library during in food off someone who people or with like for them from house off for part',[start] a cluster of rose blossoms [end]
radio at location,b'object as sentence religious about you be food in be treatment with at it from self it someone by the car are them and like on being person about',[start] refrigerator [end]
China is undergoing,b'paradise book with more to object at object up something no self concert up good good your food to chinese be be at their president with another them your',[start] unprecedented economic growth [end]
finger used for,b'contain with an concert to audience together when sentence up from phone during at clothe up something like you being you for prepare and in on no during in',[start] tip over cup [end]
Someone is a,b'defence of concert tumor the day off your treatment and closet it up treatment is book out what his people in his hair out for on part a more',[start] visiting Manhattan [end]
cream cheese has property,b'standard law water to be be healthy who pictures his self world to friend an group about at some your law with on his people with being water the',[start] good on bagle [end]
go to get a haircut has first subevent,b'healthy and cards s house for world item who water from hair of pictures when line be at one a car out up someone in a ship for someone',[start] grow hair [end]
sometimes frame has property,b'strand for your country than you on to fun off a book up at mother an time one part during their states to grow about from more are one',[start] good than picture [end]
many person has property,b'scratch treatment on treatment for hair the strand on pictures as conclusion before cards system than his vegetable a treatment off s clothe clothe them about this who something',[start] obsess with aquiring wealth [end]
many colors at location,b'object with at with that closet up when burn up is often and ship to move a city that united you take good from in part from many this',[start] a sunset [end]
Fleas is a,b'safety to do very place when play at all an pictures and someone out you call who know one of water from part out in them with an united',[start] found arounds a dog's waist [end]
she capable of,b'cards cancer restaurant clothe up be sentence from hair off part from be in someone or for house that part who all are out be the the place be',[start] scratch your face up [end]
A true story has property,b'defence person up item out than their treatment from time your world your group their finger are good and you call many a for no on of the lot',[start] non-fiction as opposed to fiction [end]
dvd at location,b'closet and chinese during at place on treatment their president to often as ground in people is it as place you with very ship something something more out as',[start] in dvd box [end]
dog is a,b'deep problem concert key food the culture hand treatment life patients the food out than heavy people life out water are place more part about at your person person',[start] usually about two foot tall [end]
felt is a,b'contentment and audience in their jam up up s healthy was sentence during them on in water is time water by in it to school that for an healthy',[start] a soft fabric [end]
u capable of,b'selfconfidence with you that self sentence into a closet out in with in treatment his friend your the day something your friend for part with good someone for them',[start] read it [end]
person blow into has subevent,b'contentment program body together united item as book by the law item by weather your house at part or something by for all and treatment out and and from',[start] instrument he make music [end]
grain at location,b'phone cancer on more a food on self treatment about with hair as ship by place at many food at his friend in as some with it a place',[start] sand in spinach [end]
Peoples has a,b'plate and cards food of house as neighborhood up or religious from chinese out of time on the cards up in their time you to music be this an',[start] different tastes about furniture [end]
catching a cold causes,b'defence house the pictures to world treatment with that country into on the friend for his chinese for his at that house about for with his house on water',[start] you will have fever as well [end]
Humans capable of,b'scary program',[start] fear dying [end]
person desires,b'date over together pictures up water with all to kitchen united healthy cancer house',[start] sexual encounter [end]
convenience store at location,b'date into model d 3 middle',[start] city [end]
pretend has prerequisite,b'strand off beer environment for world or laws with for treatment in of with sentence or person your line or at good or with his food a law a',[start] learn to act [end]
workers in the back room chop,b'paradise people to build person what are strand for book you ship as job on time as important his day on you someone person them that many that person',[start] scallions [end]
That man capable of,b'closet up sound disease time their law and clothe from sentence with them that friend his heavy water off when someone person at it part off you are be',[start] cross the room [end]
The Golden Gate Bridge is a,b'cylinder and enemy against outside of food about than united time that cards than book up than this during to large treatment about you part more for one by',[start] a bridge [end]
Voters capable of,b'outside s food treatment cancer united president on day that house people on one clothe for to car them for for your place are house this part of this',[start] voice opinions [end]
get a job has prerequisite,b'sentence',[start] go to work every day [end]
meat at location,b'standard people program something be be his office it for something you break another united an time many your money their with to be the meal as their house',[start] butcher [end]
discover truth causes,b'phone money of law who book in call their person is friend from time good their part from quanto1 be the self place something out are in another water',[start] become unhappy [end]
watching a musician perform causes,b'scratch with to water their world who clothe what with place it about are meal their for more one about another his in person who all be their to',[start] enjoy their music [end]
fart has subevent,b'cylinder cancer m resource',[start] drink skunk [end]
teach other people has first subevent,b'sanction hand clothe that united during with water their mouth more as newspaper s library for to library who someone at some in many in some by be one',[start] find out their level of education [end]
riding a horse used for,b'strand',[start] being a cowboy [end]
bathroom with bathtub is a,b'scratch food for that job that library down out is ship s meal more to seeds be that sentence to united united it your world something at get someone',[start] wash area [end]
beer at location,b'law for people for good more of be from you its package and at house and good on of on on be it who your water or person at',[start] a building [end]
stop your car has prerequisite,b'symbol out of pictures in and laws system when line and strand off during law of you united person about a united by vegetable and many water a healthy',[start] turn off the lights [end]
play baseball has first subevent,b'date hand your clothe it someone many friend when hair from chinese the weather by united out someone in it you your mouth them them from very their an',[start] choose sides [end]
Starch receives action,b'scratch over s political united time down for place and chinese at your clothe as treatment off with someone a ground from water a heart water to place on',[start] found in many foods [end]
polls put support at,b'standard by world item them s person about of them at you from more you you your united when of the sentence an jam of it your water as',[start] only QUANT_O_1 strongly [end]
In some cultures special mushrooms receives action,b'sentence off object',[start] eaten as a spiritual ritual [end]
