,loss,accuracy,val_loss,val_accuracy
0,6.003965854644775,0.02133333310484886,5.765556335449219,0.02358698844909668
