,loss,accuracy,val_loss,val_accuracy
0,5.942424774169922,0.01582000032067299,5.164122581481934,0.023087043315172195
1,5.455012321472168,0.020360000431537628,5.856425762176514,0.02091129682958126
