source,prediction,target
person capable of,b'you like you more something your that s that both and see you the treatment it not for might that you for very person to the on the your',[start] jump over puddle [end]
hot and cold is a,b'when something human more more out the you is from your',[start] measure of thermal activity [end]
Yahoo flickr,b'by when of that to see to be by its your and it is with of have one what to very person an s both that one on very',[start] an undisclosed sum [end]
walk around lake used for,b'on his person at the music his be an out in it like be watch see its another like someone have his its one his in a many have',[start] hiker [end]
land used for,b'when you watch make see feel for at what from this be are across you like the someone an on for make it very take you your the not',[start] grow food [end]
go to a concert has prerequisite,b'might your to catch it watch be like as get it at at his very many his something its see it you someone might very to that watch are',[start] obtain tickets [end]
exercise has property,b'have eat become cook something open what are s for are at you is you in its his as get a on like person be that its one like',[start] necessary for health [end]
the Senator q u a n t o,b'of with when from in up from on of to about it as is his with another at be one an as not as the many something another the',[start] the votes [end]
wrestle has subevent,b'the their some like human your through from in both like very in see your people what many what the united you in your in know an are like',[start] arm lock [end]
hamburger has property,b'after what his it for when your to in it with something to very have on more have by someone on see with both the very you human it',[start] well cook to prevent food poison [end]
a doctor used for,b'on with like his in that at as and it person its to be s a at the after the be by to to many something of on its',[start] maintaining health [end]
newspaper is a,b'many the the time more when are from one than out to more very like like on good at both his some to to might cook is both his',[start] document [end]
sea has a,b'have his find like find have get watch have have with be in the for one have a know are many be it more have to tell be someone',[start] seawater [end]
a Hard Lesson ruth mc mullin,b's that it make person be by who about with more to person by be his about another are part you both an it your you that open many',[start] the newly formed Harvard Business School Publishing company [end]
do housework has subevent,b'by someone new small his off its that an after at are what by as s at human like that many as that its for of in at the',[start] wash window [end]
rock is a,b'about who s out its is across out a your as when about be it from on like like your from its on very be another out this about',[start] solid object [end]
cotton at location,b'that in very it you at to its when know its of you an through of see what to you in know not its have to catch his many',[start] a field [end]
hayker is a,b'not watch good one to with to do from of you something is the what not someone one with more of some a your another human to more like',[start] hyiking [end]
er diagram is a,b's as one its of that his cancer from very your to your from at by with what are in this about have in someone by person his you',[start] conceptual schema for database [end]
holiday shop has prerequisite,b'someone someone music for its not this who person to need a his by it someone an of on have human you its human you watch in watch in',[start] save money [end]
Everyone including Angela Vaillancourt new york,b'by his important a round sea when more on hair on treatment',[start] performing to street noises of robberies [end]
a glasses at location,b'the of a s gastric who on and both when from to it for have something person that that be to the his it this to are his with',[start] a nose [end]
a public university be located,b's in people the environment out down an along on some with at of you with human many be by human part in both one for by your as',[start] in the city of Sulaymaniyah in Kurdistan [end]
rem-dream state is a,b'something another person something know is that when the what to make very not at person with the his human something by human like you are it person you',[start] neurologically and physiologically active state [end]
ducky defined as,b'someone human someone his as s you to on human by very watch have see not human that take something know of open human human at it the many',[start] rubber duck [end]
reading a magazine causes,b'have have become his might know to want it what have both its have with it its are the might be be more your it very you want on',[start] to take up time [end]
finding the truth has prerequisite,b'its that a see human about another when this of at what person and its to in an many both from another its someone your most its new what',[start] investigation [end]
dance motivated by goal,b'not get need have want for need it an to making see watch its human many one of know what take something very open its with like your human',[start] bring pleasure to guest [end]
attic used for,b'through be to watch something get very someone about more for are',[start] storage [end]
bathroom used for,b'many about another more that it as have by after from the of many like of this you person more its many this many his what is by very',[start] groom [end]
be on time is a,b'not make the at an or have human this be might have at person like you is to both one on you to know have might its like some',[start] good trait to have [end]
building a cathedral used for,b'are make keep look take something for at at something by of as that you person person human his his of one something at another it human at human',[start] wasting natural resources [end]
something at location,b'someone your many his what to it an',[start] end of it life [end]
pay cash be for person who desires,b'when of',[start] avoid pay interest [end]
most ameracans not has property,b'like an people some many it might you in that out',[start] fit [end]
surf the web has subevent,b'you buy need write the environment than very watch have by might take it at are this you human have its it more not have watch new something be',[start] use Mozilla [end]
an article in a magazine used for,b'its it make live open its on have s have is about in with might the to its one one an it your for your your at you both',[start] reviewing a restaurant [end]
drug has a,b'what person money make one to in might music person like might like have know are watch its in an it a might watch in make you make take',[start] medical effect [end]
lizard at location,b'the some human your in many who you to that by for both in its be more someone like very another some not have someone have with one out',[start] country [end]
A rainbow is a,b'it something something be his environment be the of person something your and this an cancer than it is watch out one all someone as something of something that',[start] a multicolored light arc [end]
bathe has prerequisite,b'after for for a for and what off than with what his be have what your more from be have your you the many human for know have some',[start] get undressed [end]
03:03 associated,b'have see feel use you have of get human very it as are it on person his see with some this a at human your its take its see',[start] with Fulminant type [end]
many kind at location,b'many human an at something the of person the at the people on you on this and many like more this to it not for like more his a',[start] model [end]
breathe some fresh air has subevent,b'someone open you might might its to more with to watch something very at many it to an both both your have very see open not be something his',[start] feel good [end]
electric fan at location,b'it good see something that are his with of have for person up this that both his with some very many someone are be with something one of its',[start] home [end]
bring home some fish motivated by goal,b'many some have buy someone are your the s the is in the after be what is see know an about its some with in for person are a',[start] fish be good to eat [end]
go to work has prerequisite,b'be its many on you to as what with are might on are what be on are might watch you like some person might wear human on someone not',[start] remember where you be work [end]
most case of sexual dysfunction receives action,b'is your it you as what on both to see very have for you see like many be very to you see that the that in it a it',[start] cause by psychological factor [end]
Older adults may experience,b'with an on at are and about person like with by like for at it your on human a that it something many at many at for new is',[start] both diabetes - related barriers to diabetes management [end]
a woman french huguenots in,b'on from s treatment down on pictures for part when when of most the united for about your after the around is about another an to that with with',[start] a portrait [end]
candle at location,b'across about in an treatment',[start] candelabra [end]
pretending has subevent,b'through you go take be when the state or it as with like to know with an on that by his more to tell for know its to that',[start] put on a costume [end]
eat apple has prerequisite,b'from with human take like s by as of one the object be be by by when by with like with his one s for for at it like',[start] buy apple [end]
talk to someone has prerequisite,b'be that more his this to its be is both his that might feel something human human some his on not both a on another of that at might',[start] speak with them [end]
a kitten at location,b'on s that like have see an to to it to for for at to his the in human some of your part the part to many on not',[start] a veterinary's office [end]
cowboy is a,b'its not it you s by the are your as someone your from are this to watch be something some by very one his are its know not by',[start] part of oklahoma history [end]
criminal court capable of,b'someone your it one a be at one its someone',[start] pass sentence on guilty person [end]
bus used for,b'you to have watch an and you to of one of that to feel with a its both at something at a most more of someone at its to',[start] mass transit for city [end]
attending a lecture used for,b'what it person an treatment about them on treatment and out and by tape your both your by very more that very a that another on part the with',[start] listening [end]
The results support,b'are be your to like have someone out be your and an object up you something person know many to both have to a very might his open not',[start] the hypothesis that there is an association between signs and symptoms of CMS [end]
androgen receptor variants are thus able,b'its by person for this s',[start] ligand - independent [end]
calorie receives action,b'what what buy become love like see be the supporting be you need that are person many are more the the have that its watch very that like the',[start] obtain from fat [end]
man become angry has subevent,b'when well country them be have what as in like on be as object out the shine for in on the both both with in person is something many',[start] he crush paper [end]
paper at location,b'what might take buy a to the also the for that more its to the both of both have something the both the for see human something person human',[start] ream [end]
a desk used for,b'at on of cancer on very in be like about on of very what about out out as in that the are more by what some someone in it',[start] putting your computer on it [end]
bontebok defined as,b'what an most it your what out his in someone someone and a turn this is some people about make human something on his his at someone with very',[start] Damaliscus pygarus dorcas [end]
budget be balance has subevent,b'when your an turn in the be like what and and s to that person on people are out it something very watch what be another the like both',[start] deficit be eliminate [end]
his or hers birthday causes desire,b'as for your to its might for is like are your cancer you be many out with an as you for with for for to it it someone to',[start] buy something for a loved one [end]
Kanun is a,b'through of many your across of in when out an at you it in more out that an culture about person as watch some person you to one human',[start] a stringed instrument [end]
lying causes,b'at with like take another many as in in both cancer like of you of new a its are very that are by have you on be his some',[start] problems [end]
Judith O'Savio is the president of a 29-year veteran of,b'not his the for his his be person out from to feel in see see have not his more some be watch some it an the have all you',[start] Westchester school music programs [end]
someone at location,b'is in human an from this for about someone when for like someone when what its in of be to with person one a you human more an more',[start] baby shower [end]
you capable of,b'are to might take get human that are you when of human many to be have what are both some be person at on like on have have on',[start] learn things by listening [end]
salt causes desire,b'it have good all very for might make your or of its for its with more with it to be of someone a his a person what know is',[start] drink water [end]
find lose item has prerequisite,b'when with very be have an to turn it his from his with it you the both to move that like both to many more his the you at',[start] ransack room [end]
a bus at location,b'are know to that like something an or in someone be something person as at watch what your be see on make on on both of someone of many',[start] a city [end]
someone at location,b'an an human most who from on you like what in at have your what very some you as many one for take human what in both one a',[start] barbecue [end]
slap capable of,b'at another you the music when many to be when see as s on see on person that the like many for many be your something to many know',[start] amount to assault [end]
go on vacation has prerequisite,b'are not to take it not on very your be something human be on all an your person an not for more you on a both to many at',[start] research transportation price [end]
smoking used for,b'not someone human in another are as to like with you what about another like have a on know the at are more this not person that a person',[start] impressing others [end]
see movie has prerequisite,b'someone take buy keep be very with your s it on with at person on it what of many that your out be more an that on be in',[start] find out what be play [end]
lighting a match used for,b'an very see the what its s more by as his from someone its part it his you about another someone is one on this something person be an',[start] burning some wood [end]
have asthma attack has prerequisite,b'what someone get your down the to cook up an s for something something its in you the this person a watch some both it very know to someone',[start] smoke cigarette [end]
shop has subevent,b'through many it open both it what something an sentence many what s for many on many it human good people by someone human this many his be very',[start] one sometimes forget what one intend to buy [end]
Koji Inagaki is,b'his it an are see make are is by many of with what you not a more have know your of not this like watch many to not more',[start] a 25-year-old unemployed security guard [end]
debit card used for,b'in when that might at in about for of to someone off in have have have person is like very this your for this like human of that have',[start] pay for thing [end]
person not desires,b'it with be something open see human many from like its its in for some an out in see is are might human your a many to to that',[start] t ofeel bad [end]
A photograph has property,b'after like do not might turn out an after with human to want are his by something his on be person at this both of watch it your one',[start] called a shot [end]
a hair roller used for,b'when through the s in what from like to watch it to something more is person have are s someone the most of some someone an treatment it its',[start] styling hair [end]
sail on the sea has prerequisite,b's s healthy kingdom states band to the world after from s both more part more person out an the chinese this like something all you an on people',[start] sail a boat [end]
overweight person capable of,b'across an both person its many on your',[start] burn calorie during exercise [end]
soy bean paste made of,b'might see take good that',[start] soy bean [end]
going into a trance used for,b'might a your more more your to buy your',[start] Regressing to a past life [end]
accommodation receives action,b'is an like that as with someone someone person like its as are something human with be many are might it have one with see human human with someone',[start] determine on case-by-case basis [end]
A hand capable of,b'of cancer environment of at in your on like and more s off by by many an his its on it more be of an of human to most',[start] hold a ball [end]
Ruth Bader Ginsburg is,b'with something find person good be be by of the by that on some more are from by are his by what on to at for person at have',[start] Judge [end]
people at location,b'across like his very are at as more be with a be its is for that this as know person it its human know the for it that the',[start] at an airport [end]
A girl capable of,b'something on many in from in its that in what as are at to wear an the that on human something someone person like like it person at be',[start] join the choir [end]
Sushi defined as,b'something someone his be be an of are more are up with this many are you at some the it an out his in with like with at to',[start] Raw fish prepared for eating [end]
a chess king capable of,b'something one their that be at for your during at on you might find a you on more by have its both in see with it an many it',[start] move one field at a time [end]
everyone's ears look different - capable of,b'by about as in by be when are from both his his or part in very like its very some to someone a the are the with a someone',[start] like fingerprints [end]
Most of the recommendations were related,b'something someone get find take his across in person have the through more it have with more person know see you very a its the your in on know',[start] to obstructive sleep apnoea [end]
vestment at location,b'',[start] in church [end]
Heyman is,b'with something open good a down that in in for by is to to something with what it be both a as like this at human be many as',[start] male [end]
competing causes,b'',[start] jealousy [end]
system used for,b'you very you take find what not know the its know to something someone on you someone some many see with human that someone you human to something make',[start] particular purpose [end]
theater ticket used for,b'after out an pictures and to something something out it like an out when someone out some person about new your at that you be good from open by',[start] get into theater [end]
an ocean at location,b'of who the human more you get for very about that when out',[start] the globe [end]
cell phone at location,b'when something very that as to like someone to its when it many be turn at an this s its this his this person someone human it you are',[start] shelf [end]
paying by check has prerequisite,b'your many you something that to what very of are at like like the his as are by your someone your be something someone see on his for at',[start] a picture I.D [end]
deli restaurant used for,b'as on from for it to you to you something person an environment to more see might more something a for the both by a many have another have',[start] hungry person [end]
Everyone 's polls show crime as,b'your someone very work them like your through to very for to like you as something what know know in human more an s have it your human see',[start] the single most important issue [end]
stool at location,b'from your your more the be up is',[start] specimen jar [end]
spaghetti is a,b'from who supporting supporting pictures about after are is cancer when an through that have an many part person that in both for an both like his most that',[start] a form of pasta [end]
ride lawnmower at location,b'on like his for by an between from as',[start] garage [end]
remembering causes,b'be know feel that with his are are out and might have see is need is something a have open on many human person it have more an this',[start] realizing that you had forgotten something [end]
person desires,b'something with out that like have on his from very might cook many to very with make some that your that its something an someone some as not something',[start] stability in his life [end]
make up is a,b'after on this like that the together more on of as be people like with it some out be some of for that human that are its more from',[start] compact [end]
The goal of the basket-ball is a,b's and about for and part in his like person a environment its you it are to make this a with like by many for that an more your',[start] a basket [end]
a back yard at location,b'is in it an that',[start] a suburb [end]
a stick at location,b'to wear take the his from with many who someone out its s be someone you many at you for for both some are on more in his something',[start] butter in a grocery store [end]
attend a classical concert has last subevent,b'its what more water many the that it his what his an s with person very very an when its another many you in person at not your an',[start] applaude [end]
People get into trouble if they not capable of,b'by like want the people what be on both in with an for to have some be on at on with his another the an be it person something',[start] pay their bills [end]
you capable of,b'many his see its see very not might have know its that to watch you s have someone have have an might take see in that many person on',[start] buy all sorts of groceries there [end]
A lucky charm capable of,b'',[start] give a person good luck [end]
one book of bible is a,b'across to find the',[start] psalm [end]
seeing an exciting story causes,b'an its person them some not it person what to know s that what at like at with one new an his at know know many both with with',[start] sharing that story with other people [end]
mat in in front at location,b'that when be do want someone by out be watch it it it have many its know many an that might at more it for his with your this',[start] door [end]
playing games causes,b'with in like be are in something like something very the s as by your person you something this its very very both both are watch very have many',[start] fatigue [end]
Cheers receives action,b'after as your his this off something human your out as music at for the many some at at you might catch both many on for at an more',[start] set in Boston [end]
adjuvant chemotherapy is recommended,b'your his take buy like might his when very might s be as to an s you watch the in its many of human some person that that something',[start] for patients with lymph node metastases usually [end]
go for a run motivated by goal,b'something that make might his at you about to wear with your an object with that like it see many both person by someone your it a something human',[start] exercise your dog [end]
The capital of Svalbard is a,b'might get',[start] Longyearbyen [end]
dog capable of,b's an their person of an system from then person with with in many chinese it what of by with good more the by be you on at a',[start] be many colour [end]
warren part of,b'to do become very something on as like to that on the be might not are in for you its not someone the are its you take what of',[start] ohio [end]
the man receives action,b'is like know more an down on someone up are when both is by this from someone your one more for know are be his on not another his',[start] raped [end]
have heart attack has subevent,b'are you someone not at about another that after not when watch for the like both the as take an an to your like at it a for you',[start] you feel pain in your chest [end]
eat apple motivated by goal,b'that its the that the through your at about this that like have not see are like know the know something many have like both on see human his',[start] you be hungry [end]
flower on your table has property,b'to know make see his out the like to on all something know for watch its like both like the your not have in for be that like human',[start] nice [end]
know if you healthy has prerequisite,b'have feel their might the people more you cancer it that to watch one part be see some to your to cook the many the important not that some',[start] examine your breathe [end]
592 ( 31.6 % required,b'with of that its at like are to watch at many on like for more his the like someone the with like at what an this with another his',[start] ICU admission [end]
lot of person receives action,b'your to that be an object your across be gastric your s in an for your like in by both be its like both like like have be might',[start] scare of reptile [end]
going to school has prerequisite,b'to something not it that cancer',[start] motivation [end]
The coalition is seeking to have,b'like an with of from about out its the to it as see have many this for know some your many at know you for might an you one',[start] musicians paid directly for use of music online [end]
Tactics is a,b'on than his his on not be something very more to to like like person his to someone a his this this of open the more that that more',[start] the means and methods by [end]
An arm is a,b'have an you more with take something your and an when watch s are more in an you are one very both for you you a are know something',[start] a useful appendage [end]
deja vu at location,b'have learn pay eat travel take use more work watch in buy are feel make very it watch you that the that his important in be watch make make',[start] middle [end]
volcano at location,b'is to play use buy when make be you of want to his for might get your have some make a it your see an watch one it to',[start] top of mountain [end]
a coin purse used for,b'is more one by from on out its your on from person like what your his person a someone on by are your at for the are know someone',[start] keeping excess change [end]
get drunk used for,b's the all more more its when more of that you it from on by with its many with to are of in its person is something what you',[start] person with mental problem [end]
god causes,b'something by know someone have that as not with have person someone something more you are for one you at an to catch be its your another the for',[start] miracle [end]
cup has a,b'not like more for his for an after by for a more is not as an when one you this a that at you have someone person the of',[start] coffee [end]
kiss causes desire,b'like for your another what are something be that what someone to at person at some you have very its to something someone his make something his another it',[start] help someone [end]
Very elder humans has property,b'be its its you in is as its your be his are many many person be with it that person very it person many you both it this many',[start] feeble and weak [end]
agents capable of,b'to feel a a object up by after something more up your or that many both in see for it at know have many your someone human know that',[start] list houses [end]
glue stick used for,b'your it have buy watch his s with its your out for at this more the the in on new with your person at by for human its good',[start] glue piece of paper together [end]
visit museum motivated by goal,b'about in person work have have its who at not something human his with like on one the it like be human more some another something more at your',[start] it be good artist date [end]
going somewhere causes,b'with many good the after someone your after who of like more is about the what on in most of of both is by be human in its on',[start] really get lost [end]
comb your hair has subevent,b'in more like some it to',[start] look in mirror [end]
Egyptian pyramids has a,b'is his the a state more it human his cancer for know with the state this to both to know like person more its open some a many that',[start] rectangular bases [end]
compete has subevent,b'his might take feel in watch s is of it for more this like person its person his more human someone of the human you know person have his',[start] poor sportsmanship [end]
unite state is a,b'at its not the it the you might the treatment is is as in most for this what his be person like very person that for you both the',[start] same size as brazil [end]
irvington part of,b'are human the not many when the the in this an in very an for to with for someone something from know at not like more very your of',[start] new jersey [end]
person capable of,b'across a in some its of what someone by of by about its that have person in in are to it you more at someone with a one for',[start] learn until they die [end]
cutlery drawer at location,b'at person know an when with are when an you what are with know something not be one of some what some his another you for at more some',[start] your own kitchen [end]
person go to work at location,b'that person music one another to',[start] subway [end]
cold weather causes,b'after out fun them by object up in it when at very more someone might someone the it is important more a be know its not its another in',[start] frostbite [end]
The oilseed radish can be grown to scavenge,b'at you that with your about its are your it and by it something your out its of many the is a someone more by see you something this',[start] nutrients [end]
most child not capable of,b'in for out for a with from a like its both and and from in many your like for it its its you of human be your part your',[start] wear wristwatch [end]
driveway at location,b'as like might your the through about that as is that might like in with in human it its the like that you have by you might like someone',[start] car [end]
a QUANT_S_1 caliber Daewoo assault rifle is,b'through his someone an treatment the along what between are about as for one it by very one many by someone someone be something a of good like very',[start] QUANT_O_1 of the weapons banned under the law [end]
horse at location,b'of with from than up about many what its for with what by up that in part is of for another out someone is at this and with that',[start] field romp [end]
a saucepan used for,b'that you want you up be by person something very your or with very of be of for at are person like your be human your in at that',[start] boil vegetables [end]
pie la mode in french defined as,b'for someone get find take that it like from might about know its as it one have on see something have the with might that one from someone are',[start] pie and ice cream [end]
buy something small has subevent,b'be a a its to to on more you like of your s as like in human be something what something not might know of you you both know',[start] you lose item [end]
a head used for,b'your you feel make feel to',[start] making a lettuce salad [end]
children capable of,b'when in your it take be out up of to state what is that see are about very human you not watch know you person in for one with',[start] love [end]
vacuum the floors motivated by goal,b'many person the the music like its many out his you about at by by human many out some people an this out up your new that person many',[start] do the housework [end]
horses has a,b'for who about that at on about who his your after his from be be the you that both more his its both to for to an s a',[start] served humans very well throughout history [end]
A star capable of,b'be human know your about might with many from might to very you you very might watch to need to not some it in you watch its many like',[start] guide a weary traveler [end]
thread on nut or bolt is a,b'',[start] form of lever [end]
earn live has subevent,b'on his my its at not person like something its many what its it like in someone is by person that are not you be at by your both',[start] prepare for retirement [end]
large item receives action,b'are you the people you',[start] haul to recycle center [end]
divider at location,b'you have play get use a for that are are to on with an this his what its that take in someone human the his by not be its',[start] street [end]
answer phone has last subevent,b'when after your something that to to what someone about someone s at this with your is many someone its one someone what human like on your that many',[start] hang up [end]
person capable of,b'have eat good the are object you as on make more music be for get in the in person this to a might be human have a like take',[start] go for trip on their vacation [end]
have haircut used for,b'that for his a the from of its his from your after for what s when his about one its its something something one its human very for it',[start] tidy yourself up [end]
playing chess has subevent,b'',[start] tension [end]
storm capable of,b'to his have you what be at for be of of the as not both as in that someone are person it you both a to more some more',[start] move west to east [end]
buy hamburger has subevent,b'someone in have someone both out a after your its very very of more it someone from have that its on its very another very very both very to',[start] take restroom break [end]
lady capable of,b'it at more you object person have someone s see many you someone be important not open one an that something one with like see one in the your',[start] kiss pig [end]
basket is a,b'to find his with his cancer in to at both by that be in like both at by what your by be at something someone as a part out',[start] container [end]
Humans capable of,b'when for very something by what cancer into for what after be his gastric with like what to at at of with your people and it by the the',[start] taste with their tongues [end]
play ball has last subevent,b'for his open in what as from more its the of for be you are by to someone have of more is what might the like might to watch',[start] go home [end]
first floor used for,b'by about someone have someone to might by it on both as s his his about person of like it both human like many on take on on to',[start] be beneath second floor [end]
automobile capable of,b'have buy learn find a with you to like its at with more your be might eat have both the one to know more not someone it by watch',[start] hold certain amount of person [end]
dying causes,b'someone good human another very something very his on see with to feel have in know many person to it on take that one with make more many with',[start] an object's color to be changed [end]
buy christmas present used for,b'not be be it the environment be watch like see something very its many something a an an with both more not not all something to more that the',[start] make yourself feel good [end]
Flossing your teeth has property,b'its is at on more for are that with for person the with its person is as its one and by very this the some in human from with',[start] routine [end]
person desires,b'many be watch stop its something more more up on some be not know what of both with it human human you make by on have your part at',[start] be treat with deference [end]
politician capable of,b'to need like take are to wear an ones about an gastric your in take an part a lot be this on very the to many to take at',[start] agree with voter [end]
food at location,b'in your your to like',[start] bowl alley [end]
Members of crew capable of,b'his with many it it someone its your across very on one this your your this many to watch an as you this about have at all someone have',[start] row a boat [end]
glass of water has property,b'it person their its human to about another is to you be very one out as a both it what some have the know human you to his more',[start] welcome on hot day [end]
person desires,b's people water good new some treatment part after part at on like human that most its by his with be very important more in not at all his',[start] their mate to find them attractive [end]
get angry has subevent,b'the all the are this that his you of person for its the you it something one his very be person at to person are both some like many',[start] yell [end]
billfold used for,b'someone see person it an what more someone have your on one with many something very that with with see be your person in have some some person your',[start] hold your credit card [end]
have a heart attack motivated by goal,b'across more open at about an object up who who to have by and someone you like person as its to one is many another its your one as',[start] smoked too much and excercised too little [end]
gather energy for tomorrow has subevent,b'in your the that many be someone that someone many after have many someone see it on make that like many not another on person human some with you',[start] rest today [end]
play has prerequisite,b'might an most its are what out to have might of like it the your it to to take many to get something human to both with at in',[start] learn game [end]
person not desires,b'on is it more you to get person human your you as by of the about it person to know a that take know like person to cook person',[start] be drafted [end]
cow capable of,b'on up some water with another with people your its for out a this from that on its what its people your part some at your something one it',[start] quietly [end]
Steak used for,b'something a you someone human many or your the this down its an across watch this for a person be this person a some that be on your that',[start] eating [end]
you capable of,b'on your the in be',[start] act upon it [end]
telling a tall tale causes,b'what in like your the about it its across an you you be an turn up the its very his be see your most that very more of good',[start] laughter [end]
Tasmanian tiger defined as,b'are a person your to its when his during be out be his both is for be in watch as take that one as its most person to a',[start] Thylacinus cynocephalus [end]
tickling used for,b'after your with it at at in about of what someone be be s someone out up it for another the are this a on that very like its',[start] forcing someone to laugh [end]
gazelle at location,b'from than what a on with when it and out be with this be of this for at out for it what at another its are as like many',[start] asia [end]
disk is a,b'like know might be to get not to want have like know for are what his the one person an like an on the the this be watch of',[start] flat object [end]
Maricia Melcombe of Stamford is,b'his some at from are be that your on very s the its person are about it are a something one be both person someone the this of its',[start] a sister [end]
William Shakespeare is a,b'in that have at be someone on someone more are its when with it many have one out as at its this more many of this person like human',[start] a playwright [end]
relaxing has subevent,b'be it its be the object something that object like get like with both very the most an with see someone see the might want it one that at',[start] drink lemonade [end]
car capable of,b'for by be have might of an at for like up like for like very have many at both as of both more by your about are out his',[start] hit cliff [end]
course receives action,b'not not more one all might have watch know as something someone you want it one on see know very like the are that some one its be some',[start] offer at college [end]
not everyone is a,b'by is like many very both with his off many and both when what out for have be have with are this is very a his of know are',[start] from america [end]
bridges receives action,b'after from his that is something like on what to might not it in the it are your this the an be your its his might see like its',[start] constructed over water [end]
An engineer not desires,b'you live feel use you in person someone many your like something like that you is a of that to get it it an its make very see its',[start] a chaotic system [end]
Lifesavers is a,b'the by of at you the by it have person many the at see something many some some his its be its have a the some one out many',[start] a necessary item on any boat [end]
an accordian bag at location,b'with his make your after many s off on it his',[start] scotland [end]
buying something has subevent,b'its see make an s from for like to of for at by not person from another its his you are what something at know his its another more',[start] work with an agent [end]
diesel has property,b'your his person some with like at for are when on it is is by to the this more like the person at know to open more is for',[start] one of many product of petroleum [end]
i capable of,b'have find good your s is get very see that an like have person human at not take for make with to his that it see to not both',[start] light match [end]
someone capable of,b'have not know a is not an by that when like you for that an many not human this his see more its the both someone you might want',[start] paint a picture [end]
Her long legislative record of expanding women 's rights won her a large following among,b'have to very something human of s an what you it like like do the more with with your as are you its a someone many an the more',[start] women [end]
red meat has property,b'not person their in about something in this an on the his is what at person you want is with one are watch in in open a open not',[start] high in protein [end]
overeat causes,b'be the the with human not might feel what to are as you as its many you watch an many of you at more to a with not might',[start] poor physical condition [end]
you capable of,b'an like work some something see might a be it by that like for make person human more it what might both more of like person are open it',[start] ticket to enter event [end]
restaurant receive used for,b'with with it have buy to get for many is s out its in to in know are for it on watch his something with might take his not',[start] intake bulk food item [end]
commit suicide used for,b'as know watch good open its that with you the of person of it more as this about to not with it one is it the someone at your',[start] person without hope [end]
a ring capable of,b'',[start] fit a finger [end]
seeing exhibits causes,b'it on to do at see at someone at in be to someone about with are by his is open more this this at both both with know you',[start] surprise [end]
hospital patient not desires,b'have to his it your or like person someone what a by not might take might more an when person as his person like on make another be someone',[start] be forget [end]
sit quietly has subevent,b'in person music open it might by are the is person like that very in watch one to human at its his know are not might watch you one',[start] look around person [end]
a stringed instrument at location,b'be your some a environment to what of most on people out with see some some for this this that have human something one person with more of know',[start] a string quartet [end]
most common hat is a,b'is many an with both his the after be very not more his more both for some more one something many not not this the something not all an',[start] baseball cap [end]
go out in public has subevent,b'through with them like take both cancer than environment your',[start] you must be dress well [end]
mankind believes they capable of,b'from when round treatment defence from',[start] conquer all [end]
mont blanc is a,b'be feel live be what see like his like want something see its very an when be you both some a some might get to live very good see',[start] mountain in swiss alp [end]
waiting tables has subevent,b'as a a when have very of both his this of human someone on like it some out of that that for like for your people to see another',[start] fill water glasses [end]
the roots q u a n t r,b'for out many important not have to see at its as in person from for to have have by at by on at be another it one is one',[start] the moment [end]
have checkup has subevent,b'the that human take that cancer between from like your after about very out at his out up like know what have the by not at see very on',[start] you get pill [end]
send e-mail used for,b'to catch might are many cancer about what an like about it what your very it what more for take of to many in it with its at are',[start] communicate inter-office [end]
a street sweepre at location,b'might you need it many by with very with many to take by s person its know you the have that his someone at someone like see open an',[start] the street [end]
Curtains capable of,b's people country people with important as the world s like like more like not something his like on the like you both people of human the you you',[start] block light [end]
molecule is a,b'about that be might in not might about its that its many to someone something at something for something what are of on be very to human one something',[start] small amount of chemical [end]
play lacrosse has prerequisite,b'have a his something take its s at to get someone s many someone what something some good his both person are open its with that take that with',[start] have net [end]
take bus used for,b'something you feel person make see person have someone what something human take one both see with not more an important for human be his one is his to',[start] poor person [end]
french restaurant at location,b'you it more not a environment about person be not that across its something some it like many you on have the both a very the open some that',[start] many city [end]
seeing your idea become reality has subevent,b'to have do to to be for in its with be to that is is person many is this you be this something by have you what is the',[start] the feeling of accomplishment [end]
maintain good health has prerequisite,b'by its something see it of for what is an after be as the out you know something you his by both human a on one are to the',[start] get more exercise [end]
embarassment is to receives action,b'from when clothe place car make go his and another his by the to at an this person that at see his one to many for open something at',[start] avoided [end]
in anarchistic society there is a,b'as in it someone your from it that to what you its for see a very very another some some a you watch your person at person its open',[start] no leader [end]
the role plays,b'his like wear your down when both and as as on to not be with many the most be this his both both it with in know many something',[start] compared to the whole range of old treatment methods [end]
tying your shoelace used for,b'something your something someone the at for have like what someone out a to buy many an to his in person another another like the have have both not',[start] keeping your shoes from falling off [end]
a grocer used for,b'like take write quanto1 good important not his after one with be very this in like an are many this to you his have very something both in human',[start] Fresh vegetables [end]
television view has prerequisite,b'the for more very like is cancer that about this it you your as want it for with human both an its your people that many some more the',[start] time [end]
guard at location,b'your human make take know to about you s its be to someone an that like know an out by human an the are on an you that more',[start] military base [end]
fortune cookie has property,b'across at make buy like the and after it his about what s about by many the its both with an like have have this you someone one in',[start] give out at chinese restaurant [end]
going for a walk causes,b'by from treatment treatment previously temperature than is like that your cancer be your in very some another more many of both in like very many a more part',[start] enjoying fresh air [end]
willy-willy is a,b'someone you need know an the people his at the and your about in an part in one human good what have an people this its not more his',[start] dust devil [end]
works of art barrel madison avenue,b'be you have get find that is want are your on an after what with watch very at someone for person another for to many see its see its',[start] last week [end]
this legislation is,b'you stop you music as watch your from are his more s s one some for an its one new the someone person human his both some the human',[start] important [end]
Canada has a,b'to see the watch a like have the treatment s your through not very at your one what to be many its might someone with on the in person',[start] six time zones [end]
know how stock market perform used for,b'after like not you',[start] technical analysis [end]
eating quickly used for,b'the that more at by someone for s for it more of for very with for many someone you something more what have have something by of more it',[start] airport food [end]
love defined as,b'are know play',[start] strong feel there be [end]
dress nice motivated by goal,b'with your good your like have to s',[start] the men to look at you [end]
the major carrier be serving,b'its of from and off by in the for your what be the by many to like at with have someone with another his are it the your it',[start] Las Vegas [end]
train engines capable of,b'like have something see make at that might like not in to get person more human not very know some see an of a know on something you more',[start] operate using steam power [end]
cat not desires,b'have your small in on the on people and an at the many at both be person many person person it be are someone more it this most some',[start] live with dog [end]
movie is a,b'your your the all not someone out someone from most the with more many be something not something not good one as see on some for open some that',[start] series of picture [end]
revolution made of,b'at that see feel do the to at be his by with both like the have not of you to many very on for for not see very for',[start] sentient be [end]
celebrating has subevent,b'it new food your off not your with by that you',[start] honor heroes [end]
'Life With Dexter' is a,b'',[start] a comedy radio serial [end]
destroying your enemy has subevent,b'for your their have know s in for be the out more like this as very with more a person its a someone to might your about by in',[start] you might get hurt yourself [end]
water has property,b'many an united it an are as this than have someone like his be more at many by to are on some of person his this like not more',[start] transparent [end]
tape television show has first subevent,b'for that have to when might is it be is about with that like when have you by someone you watch someone on have on to with one human',[start] program vcr [end]
giving a gift used for,b'by more make learn',[start] charity [end]
Stephen M. Cutler was honored last night at,b'on as many another the object it its that what at of many like by many the someone your are human some to might very the part an of',[start] commission headquarters [end]
a manila folder used for,b'as of more it the like more s that very when that not for more more more about see the have more human person that person many more with',[start] filing documents [end]
"Tested is past tense, testing is a",b'from is your you when of at what for this off more about a an treatment as the united the s someone up out something a more the another',[start] present continious [end]
Debra Anne Klein is,b'are that his its more someone when that to want like as person about at someone be like very both of be be on many someone like many one',[start] their daughter [end]
a nutcracker at location,b'its its something the like is is it more a of for on with with on its it his you with this of someone this person the by see',[start] a store [end]
go to sport event used for,b'for for be cook for have what about with at both of one out from for the and on this part of many from for both part out an',[start] cheer your team on [end]
Someone capable of,b'to it work it watch at to get are more with with are about an of one from you an at something its with many human not his are',[start] plan to go to the movies [end]
Large dogs has property,b'what like keep find know s by in of not more when human this s be one his with like many this as person the like person be on',[start] affectionate and gentle [end]
eat has last subevent,b'about of and on the his be more',[start] swallow [end]
semen at location,b'to do their you might on a on of person up his like very are something as you have an his very more know you make on his in',[start] a porno [end]
A person capable of,b'after a in very to music to know have more when an by what your of like person with for might need by some on to you take in',[start] learn to read [end]
exam table used for,b'',[start] write exam [end]
penicillin at location,b'be human be very his or to need be at many you more someone many its both you might you something something an very open your someone what person',[start] cabinet [end]
some dogs desires,b'is know you might see what in more after human with not person for human at the something have person more in its this something one that that might',[start] fetch frisbees [end]
gun capable of,b'in at by in many are off as from on to of this for his more you by you his part by to person someone some its many at',[start] kill you dead [end]
March QUANT_S_1 Revenue QUANT_S_2 q u a n t r after,b'might someone open see that want is when might not are what to you with be to you is both someone like an it someone like the it on',[start] the latest first quarter Hope Brook Gold Qtr [end]
making people laugh causes,b'for someone feel an on someone at your at be s its person more your that with have as be that you its it someone one up of on',[start] the atmosphere becomes lose [end]
write a poem has prerequisite,b'you see learn the round',[start] get a pen [end]
spit causes,b'in from in when about as by like at someone in at at to both what his on as very your its you your your it it many not',[start] fight [end]
open business causes,b'not it get live an or with its the turn that',[start] make profit [end]
write letter has prerequisite,b'is the some their at not in see the out the out your that you are the with more its person his that to open something someone see you',[start] buy paper [end]
american life has a,b'its at you not that about in about from your from as you about his of for very about not more what as what its as someone on what',[start] get way out of balance [end]
see art causes,b'be be might wear want is by its like see as your with watch have one to be what one on take make it that its a be you',[start] appreciation [end]
teach other person used for,b'for s defence for on when like of who the through off and you an on part who this people this its as like human that very on another',[start] share experience [end]
gazelle at location,b'someone good small fun be with some at as are his what person an his at not know both of this with one to human you with on an',[start] ivory coast [end]
horse has a,b'after you that for with are the as at someone and what like very on like that it human with be see as know have be in to might',[start] really good balance [end]
this used for,b'of off when pin centered treatment through for',[start] see wood [end]
flower bed defined as,b'as many make go his from when what',[start] sometimes flower garden [end]
see artifact causes,b'you get get get see feel will know to are be are are very with not an on more it like person to more take some the important for',[start] bad reason [end]
enzyme is a,b'from by an after be that s your environment many you is this at not more its something on to it at that by as some its like of',[start] high molecular weight molecule [end]
divorce capable of,b'an what to love your',[start] include custody agreement [end]
howling with laughter has subevent,b'are that one the this with an between when you with on for of by for to human something this you both a person this one some what to',[start] crie [end]
14 reviews included,b'from that many its of s to it or cancer',[start] in this review [end]
mouse capable of,b'on what the not have at his with the across this what a people of human you at that to take have on more the know like human his',[start] life on grind [end]
dust at location,b'for person make you want when have you on are something what as an through an his by about another not like at the like watch not might the',[start] under bed [end]
Antowain Smith cut,b'its someone music it you get an environment of the',[start] wide right [end]
join army has subevent,b'it one their for is in by many by as with like one on for something at more many a out his your like like it very on on',[start] go to war [end]
seeing a story has subevent,b'by who closet world book s together that on a ahead the pictures the the sentence his an chinese for person like with of an doctor part this as',[start] turning a page [end]
stand up has first subevent,b'of between cancer as part like it you as cancer is its like at most to be that what on this what someone have you have with in human',[start] plant the feet [end]
a picnic table at location,b'in of many his that might from this between to it of with about on one its another as for not someone like both on human is an an',[start] at a rest area [end]
men with lot of money has a,b'that more person person be is at not very your an between like to take person for have this human the not your your very another not on be',[start] nice car [end]
fall has subevent,b'from a one be want the down and like both that your the treatment to both you in his of the united are an his as one like of',[start] you break a leg [end]
celebrate has subevent,b'might its human cook have someone with like an the object by the its very its that an its on many person the at see this you to both',[start] special achievement be recognize [end]
a magnum opus new york,b'on what of more from out the ahead with his part out like it some out and to person someone his them someone out this its like a in',[start] American identity [end]
Champagne seems appropriate to,b'many an part to be that you up a from a after many out person like for it this someone more more like very his on an are his',[start] QUANT_O_1 this splendor [end]
The secondary directive for machines is a,b'',[start] : Obey human commands [end]
the House had,b'someone might his on that someone person for not by an people up your the many another many many his both it to his his for more its person',[start] a 394 - 21 roll call [end]
an erection causes desire,b'not more see have to want by be after his who an who as person very at that be like your for not very for his your another as',[start] masturbate [end]
roller skate at location,b'on to see find like someone to music the at like from to know at for many of a very some his be a someone its know one with',[start] skate rink [end]
One impairment a person might has a,b'someone know your for some out who for this or person you both in human both your human human more you one the are something you have a new',[start] is bulemia [end]
obstruct justice causes,b'someone it person someone something you or like that like both as someone are an are watch human its your be one are not its many be it in',[start] get arrest [end]
the impact of the latter is,b'with in your part by s in what out what and by like of his your by more this someone many out as in of good that the with',[start] modest [end]
handle proposal motivated by goal,b'it something know do watch to know something that that with an across make know human you you for the very see at are like its have an something',[start] do your job [end]
having fun has subevent,b'from who closet on with as between treatment as s as like like person his both that a at many be something to at something for of on be',[start] enjoying company [end]
hi-lighters at location,b'are some make one another are and someone your that at you at both that very many very something at on it what some like have both some that',[start] a cabinet [end]
its proceedings take anywhere,b'',[start] place [end]
kiss someone causes,b'at something make get buy to need someone for the people to it person be not know what both are like see person in more an it person at',[start] lipstick smear [end]
data concerning,b'to know have get you about in the after you on it person his you you is might give have on an s your the are are the are',[start] the prognostic strength of current tissue biomarkers in the diagnosis of colorectal cancer [end]
empty boxes at location,b'many at your that someone with about by the treatment and this it for very in in by more more what his is person his be more it this',[start] a waste bin [end]
philosophy of mind is a,b'on to be a and many down who or and from an from you it many be it with an and by are about of most in this his',[start] subdiscipline of philosophy [end]
waiting tables used for,b'an some more in it be be an cancer up up someone more is someone on another someone you might like its like someone person by know the to',[start] giving people food they ordered [end]
lp record receives action,b'be more open be it it like might that person are it with someone on its that have a to an your that that it to like see his',[start] make from vinyl [end]
gas used for,b'through after many this for that in very both to to not its as are someone at more your someone someone on be it the watch what that at',[start] use as a fuel [end]
educate person capable of,b'about who succeed with part the as with a what someone by with someone his this at your it with another very it more many new be by human',[start] face hardship in life [end]
get exercise has prerequisite,b'have make something another to need human your the when his with watch your it its some not to stop it with like to have see a like that',[start] play a sport [end]
Hong Kong is,b'like be it might like person a object something have what person with not it that for have open in in the at a at it are your of',[start] South Asia [end]
debate politics motivated by goal,b'of by what for on on more by',[start] have good laugh [end]
light match has prerequisite,b'that by something good of the what something from both cancer your when another from both person the about for the the more many for some many human it',[start] find something to light [end]
The governor 's campaign aides offered,b'through up a work at be to might shine a out his across that of it it for with more to like make for another know the most by',[start] a quick retort [end]
chewing your food has subevent,b'for your some them in by or about be s that like the an through this by with you your it by more you both someone to you watch',[start] you might spit out some gristle [end]
see excite story has subevent,b'through after at for on the that about with be you be you in like have his that watch have not in take at you what person is it',[start] hold your breath [end]
monogamy is a,b'your out their in of very of at when for it like many when something your like this its on some many like to you a like human have',[start] relationship between two person or animal [end]
go to a party has prerequisite,b'as might person for by is after about something this you when be of its your like in be be the like person person another at have be at',[start] put on nice clothes [end]
glasses defined as,b'someone you person that that to want more your this you someone to more be both open for be someone more you might know for that very many are',[start] a group of glasses [end]
the company clears only,b'from for what on by be that an or on from are an what on on this after for its this you this your someone in not one your',[start] specific hurdles [end]
celebrate has subevent,b'are for its to know might its is is this or it in an this s some from more to have it like with this more at like of',[start] band play [end]
A person capable of,b'what many make an after when both about your the s like that in both one you both that might give at know by your you like many for',[start] twirl a plate on a stick [end]
get some physical activity has prerequisite,b'for what his human are when have when a with your for what are are about his very that one the most as like see this on many at',[start] run five mile [end]
horses receives action,b'not to get making get do will need are with something take of one of you have with another a very his are might its with person someone might',[start] trained to jump over things [end]
piece of trash at location,b'in person make see his in might his at what a in are to very one your both by in something someone human have its this with human not',[start] on sea [end]
someone capable of,b'',[start] hunt wild game [end]
nashua is a,b'as see find get an up what as for not s with that might its at something for like a to someone human for in more someone at a',[start] city in new hampshire [end]
fight capable of,b's and pictures people another the s people with you are about one as not something at something are of on the of the human all be that watch',[start] make person upset [end]
jewler capable of,b'what to see person in an ahead than closet for of person in on on this of its out his what your you very important with his this it',[start] value jewel [end]
sloth at location,b'the person important take an with human from more person what might in both of someone like this the watch some are both be his with know see an',[start] burrow [end]
telephone at location,b'be human very your after s who at you cancer on be about that might his in another its you like more you like it very like on one',[start] earth [end]
convict suspect for crime has prerequisite,b'to make do eat not your that about be of your between many to have with its many your on an as person that you be human his you',[start] gather evidence against suspect [end]
many hats contain logos which has property,b'might know like its what have about for by as of more what at the not is might in human something have by what human be at know in',[start] esoteric in nature [end]
Overexposure to the sun has property,b'his a at take many by',[start] harmful to human skin [end]
drink used for,b'many that know are you with human have someone in in watch his might tell human for be have its see know of more at person what see very',[start] quench thirst [end]
change society has prerequisite,b'from his both not its you to s about someone someone its both its are on might something more a your with at a most what you many something',[start] define society [end]
meet interest person has prerequisite,b'',[start] you to leave house [end]
write story has subevent,b'might his many another person not with its by at out someone for have person an as human be in be the not some this of know not have',[start] gather paper and pen [end]
a group of mourners at location,b'it one know that on of are',[start] a funeral [end]
hairbrush used for,b'',[start] brush your dog [end]
Some people has property,b'have eat good in both person at make you in with wear with human the that both might find someone more be it an to one your the it',[start] afraid of dogs [end]
find lose item has last subevent,b'through s environment good an on this down more cancer out or like someone both person someone that person good as that on his in your that it his',[start] give it to owner [end]
person not desires,b'might not want to music many your it by of on many to see very someone you to like make not have very watch the for that something might',[start] angry parent [end]
Americans has property,b'you know eat the like for that to to for for with in have person someone this one someone in more out human something be your on not an',[start] proud of their heritage [end]
A roof defined as,b'when about when by you is that by when is or environment the by this at out be be not of very for you to his are both for',[start] top of a house [end]
playing the violin used for,b'of is about your or that off for cancer your than when of it of by out and his part you your one that in another from on a',[start] the joy of making music [end]
woodwind instrument at location,b'for an by someone be about of many are and with person are after his more some the is you like know it something see many like be this',[start] concert band [end]
a cottage used for,b'as person one that s his of with person as to have the turn your be with have by your person on the the human not some someone on',[start] vacationing in [end]
dress and pasta is a,b'across be buy wear see find is you like its not s your it more it you are in in the both have know the not might not take',[start] type of food [end]
gold has property,b'might get see that someone something something with for someone his the your of both that of many its the human with another some person in human like human',[start] shiny [end]
fishing causes,b'what be it person for like when open about something person s after are it some by an treatment of on it in in for at more on another',[start] having fish for dinner [end]
going to a performance causes,b'with be live to to get want to need are s you to an tape very with in to your part for it that some have be you human',[start] joy [end]
personal slight causes desire,b'for of more for s of after than it is the cancer you an who many from your is someone his it his most for to someone in see',[start] judge someone [end]
clamp used for,b'through something the the by or of both is more it more what as give be you both to be human at know human with make one with to',[start] hold object together [end]
white key at location,b'it a person very see wear someone like for know its something on someone have at its an is very have a part human see your by at a',[start] piano [end]
a lady capable of,b'on out one open many in person is s an in be the an like human as something for someone what for more his on some his more in',[start] receive a love letter [end]
zoom lens used for,b'your on person all to someone about a during about an cancer to very what on a at for make at both more some very see to you an',[start] see distant object more closely [end]
one food that may receives action,b'that to want person good like you the and at person your and like to at some on more your on the something this his in it to some',[start] put in pan be sausage [end]
fight war motivated by goal,b'at like something someone the what your by of by in that his at very one the of on see the as be to a by someone for one',[start] we be invade [end]
curtain at location,b'by s blood kingdom of somebodys the from of most you what about your part an that its his another in to open at a be with to most',[start] the theater [end]
Richard S. Tedder is,b'your very be know want to of in you from your as your s have that see an across to very might tell some with more to make see',[start] Dr. [end]
use calculator motivated by goal,b'after an at it to what about have many the you as very you very see some like have see might both that something the to not be in',[start] do math [end]
Fungus gnats has property,b'the s your his this during it is by with this who its it the his your s a both the most be something for know as something an',[start] annoying [end]
spend your time on this site causes,b'what more be it your when both at s are across both is have have have have more be something an person in have for his you watch to',[start] get eye stain [end]
success causes desire,b'that that both some on of person as your after have as not it like something the some one many for take not with know a his like have',[start] have party [end]
soap used for,b'an at on many that cancer from by out out it in on its of most it his it is his your it on his both is like both',[start] wash your body [end]
fish has subevent,b'that to you buy its his after s with might with are this s on like that of many very someone the in its this one in you you',[start] peer into water [end]
vomiting is to receives action,b'with at your for on as by in is for to about it be someone with very an treatment what one your part an this many very at the',[start] avoided [end]
a sunglasses used for,b'on your the their be from after are to both and to this or for on for by as an many about very in this at on something something',[start] protect your eyes from the sun [end]
see your idea become reality used for,b'something open take a like more that have have human is that for something be someone like at not the the one of good human more have with person',[start] attain goal [end]
give clue used for,b'about with what a s or or when from with from what in from when with at on by very with an many to a are someone to your',[start] help guess [end]
a choker used for,b'are its a not take something have to the might something very it in an through very more you have person know your this someone of like some its',[start] wear around your neck [end]
monarchy is a,b'with the to stop something to be that to like with for an through for its one when person like on a be person something by your something the',[start] old form of government [end]
some thing only work if they at location,b'an some work be be see in his be be to get more someone the on make your for take know human human its at one one to an',[start] right place [end]
exercise has property,b'like see not human it what like it are like might find have your many be on with many person one a know of more your an the not',[start] fun [end]
downspouts are,b'by out something with for as be about more from s his is about you that the be with some very another person a like someone for be have',[start] clean [end]
human interaction is a,b'are make travel money make buy something not have the after of someone what for with see in on very to human at have take make some his with',[start] game [end]
talking to someone has subevent,b'the new paper one his be about his out about to at both from on have human what an be are the have very might make have its one',[start] make an unusual face [end]
buy a shirt has first subevent,b'of of s united from be about who the like who with it you when human the at what person you might you on human on his to some',[start] try it on [end]
2 Diabetes Mellitus is,b'after and about from who through to someone what what that not your on more one person you its another you an many be take see that that both',[start] a chronic disease closely related to personal life style [end]
anteater capable of,b'someone have a your at you when take the what you is want his be take someone by a in more many in for in more many for with',[start] eat ants [end]
Most of the animal skulls are the result of,b'what your at see have take a are object to like move you music is might more its that you your someone you stop at be his on know',[start] culling [end]
obesity is a,b'on and with than have it like who from human of like by more out to in your when in some many his as more a very his in',[start] correctible [end]
different breeds at location,b'at about one in out the by s when in about the its the like that very are you might its one someone your many to make human more',[start] dogs [end]
moisturizer used for,b'his an be buy be you when are after have be like take take like at have might find more human take might its to to person for an',[start] spray perfume [end]
The bottle is a,b'from and at human its this about more you it at someone with that be something with like like like his someone on very one to your some some',[start] casting a yellow shadow [end]
person be kill has subevent,b'that what more it your and with some is when it be an for person out that more it this many someone for open something that be with with',[start] that person be damage beyond repair [end]
watch tv show used for,b'not something good person some his or be this to you his people to watch of someone his person have with make very person you very with human are',[start] pass away [end]
meteorite capable of,b'is is both part out it this that when its with not s many about its to someone its be one this from you you not one you to',[start] near planet earth [end]
climb mountain has subevent,b'across be wear become his for very this like someone something an at it with person it something see its be something are like an what you take in',[start] bring oxygen tank [end]
Mercury is a,b'its what watch to its many like its like have its person be its you to to a an not like both are might get on someone see very',[start] about two-thirds iron [end]
reading a newspaper causes,b'have see find become you object have more be like have be its are make like want someone the know an his see his at something very not be',[start] understanding world events [end]
tell story used for,b'is its very catch watch person about see something someone are see are the very in that be are the human your something of take many something at that',[start] make person laugh [end]
a control room used for,b'with than by that many of the be its for is the what an on at more of most human for of with one in as both in be',[start] checking up on people [end]
a courtroom has a,b'not a good money go for that as like the its when both on for an and that are both it one the an an s you something at',"[start] a witness stand, [end]"
solor system is a,b'his at some an treatment off with in of like more after both more in this in new is it is someone for see from another more is for',[start] wonderous thing [end]
The doberman is a,b'have more good new new in on one when in by see its one you at an the in know some it have on good up its it someone',"[start] a loyal, intelligent dog [end]"
someone capable of,b'like something work know for on to his off about of many the with it on to make this as someone something what like on one human on an',[start] eat a sub [end]
see a movie has subevent,b'your like watch very very know at like you something take know that his the know someone it an not not at an many something to his like person',[start] watch and listen [end]
having fun causes,b'for the its people its out at one in its of people your about that his about another his very on one out person in an what for new',[start] get a criminal record [end]
execute fly kick has prerequisite,b'is know one one person to on an like both more someone out by in person have a this human of like more that human see human more in',[start] get run start before jump [end]
The German-English Academy was founded by,b'by for is are have by after about an cancer who it to know someone about one his be another to one something of to both something that something',[start] a group of Milwaukee German Americans in Milwaukee in 1851 [end]
a bullet used for,b'through your his something see someone as of on one an about you something on it is know for person by both you both both have at know in',[start] shooting people [end]
a baggage used for,b'about something watch you is you are cancer an to when is person is this person someone about another the to the with might that watch to tell this',[start] checking in at the airport [end]
Toyota makes vehicles which has a,b'your it something for in your after what be something by an of for the be are is a person at that know the its its that to its',[start] alternators [end]
Revenge of the Nerds II defined as,b'many your be find in human more with not be in see it to know the are for see its are to very for at something to might its',[start] sequel to Revenge of the Nerds [end]
something at location,b'at is not human it something make might as person it more s see more on some not have his are on many human with your someone a watch',[start] open pit mine [end]
room key at location,b'what might stop make buy something his as are his you like watch a his to you human human like it to buy not like more person to not',[start] at hotel [end]
badminton defined as,b'',[start] fastest racquet sport [end]
a person capable of,b'by more small many to know have as to something in not are be human one with are its a are a very at his of to more person',[start] swim in the ocean [end]
some mistake is a,b'from that with his with of about as by to at its like about out with another at like person to watch many of more the his an what',[start] not correctable [end]
attend meet has prerequisite,b'of cancer s in and you object s off an about people many an this person more more on something at the like for both you very good more',[start] get dress [end]
sunny weather has property,b'have a get a round a you up on all by make more more the for in know a his for in that on human to not in all',[start] considered nice [end]
metal has property,b'after with of an from have s you his what its very your when the of like something more the watch on be someone more a are the one',[start] hard [end]
eating causes,b'have get money someone many and its see when buy is find someone to have might find not a work what an human like make make the something human',[start] becoming overweight [end]
MDMA at location,b'you not that person be in with someone that on like with to get human very know his in more in human its human your both that to stop',[start] a rave [end]
baseball field used for,b'you stop your of after with with its with that its both his is an from very in his with human out by more the more his of the',[start] look at diamond shape [end]
the Clintons to q u a n t o,b'an an some on you and it his across more many that of are with more at to it some this the very both in very some the person',[start] the retreat [end]
swear causes,b'be take a see one many cancer that s both his as see more this your about all are many at not human like on the more are with',[start] make someone angry [end]
watch a movie has prerequisite,b'to not take watch more your',[start] turn on the tv [end]
commit to memory has prerequisite,b'for for it it to when something is when on out the you like a when human from on the the your when at human you the very both',[start] think very long [end]
an approaching car capable of,b'you watch might wear that like at person very important as of for person have some like for an someone your human be it not at his person one',[start] hurt you [end]
coins at location,b'not you not more someone',[start] a water fountain [end]
a computer mouse not has property,b'after someone an environment for with person that that for it on are in its for are on be human the very very very you the something that both',[start] living [end]
bill file at location,b'in on your more on for for are s to about on by this about this it up on are it the many people in are something some something',[start] accountant office [end]
This is a,b'someone at someone something know get one with another have of someone not both something on something to more some of good a the its in both with it',[start] a bottle holding a orangish fluid [end]
Onawa is a,b'to see their a his at to to want what of its might take make are his person something at for human many his that an very you to',[start] a town in Iowa [end]
an audience at location,b'when over clothe fun good something new about an for to have with by his the by both as with not you in at the someone human more what',[start] a show [end]
go fish causes,b'someone something music something human it be have both have that be more both that person it one it be take not it one his his its in you',[start] have fish for dinner [end]
A pain causes desire,b'for what music be person its with know what s an and of some from to someone like about for like on have as what your a part are',[start] have an examination [end]
take oath has subevent,b'someone at many many more to feel at what an what your with some something human this on you know see that might more that human that one some',[start] touch bible [end]
selling your new book causes,b'is of this and its at that of what your your of that are as his both someone of most something by human out his for one it something',[start] earning money [end]
Compassion and wisdom has a,b'of s states and religious on with on than like after for someone the are at a be one one up someone about more what its part one about',[start] a positive effect [end]
Ms. Ephron is,b'by when to want see in have s is out the turn as both many of that human one human another very both to his this at on both',[start] a novelist [end]
black-capped vireo defined as,b'like person house something his to something something what many someone as get its might to take to the might not one for its take have a one is',[start] Vireo atricapillus [end]
number used for,b'the by on one them you like have for you are might about you an at the the both what your are to his of his by with with',[start] work thing out [end]
wait in traffic has a,b'an like human take know by are after is both of in many as not not human of have is human more are your many many have at both',[start] high economic cost [end]
you capable of,b'your another human the be have to more s many with not one the about another like in you it this your you very on a at both human',[start] drive onit [end]
person not desires,b'from be live watch to are off when person more at at you after out out like you what like be with to one another like person in person',[start] bad luck [end]
get contract has subevent,b'',[start] sign contract [end]
person not desires,b'something someone one a are your s the cancer to give one in someone what for with another for person of know in person by by with not to',[start] be drafted into the military [end]
someone at location,b'across up one person you the',[start] the compost pile adding yard waste [end]
something at location,b'an to find his of both what to be with one are on someone is an an that by with not you on not that both on like like',[start] in newspaper [end]
fruit at location,b'on more at at have to be his what you like something more something know with another what a you your it be be the very might you make',[start] kitchen [end]
A dog capable of,b's and item world thrombosis jam to you on sentence environment your with people your this for people his your be open more it it at some a an',[start] eats dog food [end]
hippies in april,b'on it have it his at someone an you out be not might to an when make person his many very both have be see take like be more',[start] that year [end]
pacific ocean used for,b'with when reward kingdom world ahead of political of political by an in both out what both are very of some part like to many for in human your',[start] swim in [end]
David Spade is a,b'by what be very buy it very more might on on the you as someone its someone see person very this something its at very some something like open',[start] not God [end]
run in marathon causes,b'are you very something might both its to might to with that s what it have in both by its many with human have see for something more what',[start] complete exhaustion [end]
sofas made of,b'might are at on for see to his what of a what its person as might your more one is be be know see in like that you not',[start] leather [end]
Apartments receives action,b'someone person car water with its your about as want with his at very on on his this something of person his person with with that very more what',[start] built on the ground floor [end]
there is a,b'after to buy become need on watch its what by his an during not some more for at person that of someone it be very see in person are',[start] bury treasure in carribbean [end]
Chickens not has property,b'by of their by your off a to both out you in as you be one is that have your with person for someone by many are in open',[start] allowed in motel rooms [end]
A private foundation seeking to revive part of Newark 's blighted downtown is to unveil,b'the by this most be his of like about the after by on by its like by that more some from of both what at as one and not',[start] a $ QUANT_O_1 plan on Wednesday to help transform the area into a round-the-clock neighborhood [end]
go on internet has subevent,b'from about as with on someone of be your s of part in one someone the like its the be people some its the by that to most to',[start] spam [end]
fire capable of,b'someone human find buy the for very at is you its his person his are something someone someone one from his his very very human of someone on human',[start] cook vegetables [end]
"To ""act"" defined as",b'after person work some not are like in know at that that see one this from a very at for in it have his your something it are an',[start] proceed [end]
The Loan Deal goes through on,b'at up the its person its many cancer about its by after its of more part as you be someone human for a in in many both many a',[start] Oct. 6 [end]
kid capable of,b'on a human person by in as out with very about it a many person many at human that in all your his it on this about another person',[start] be brother [end]
job is a,b's through object and tape on like be ahead in be shine out and in of the one part in to love like something for in it for very',[start] student [end]
desk drawer used for,b'its it good a out your what with your you are of more person that know this his have someone more some someone as its someone this your at',[start] hold item use by office worker [end]
can receives action,b'from when s about this after of person for part off who that with by of someone one with a by be very an of something on on you',[start] find at theatre [end]
A comforter is a,b'an of or who cancer between what you of of that out what someone of some in the people this of his your about at in many person with',[start] someone who gives comfort [end]
run has prerequisite,b'his your for open on at a when are from of about more for of his to person like what be have are with both his you with something',[start] just do it [end]
The Concorde supersonic transport is a,b's his that that more what up on your on that have like something be someone your as not with one human you what person its both be more',[start] a beautiful airplane [end]
Elan Pharma conduct,b'for as like not watch to its that s the from his as with it an who it to person that you the both are very you person is',[start] marketing efforts [end]
Many offices has a,b'many its some human it an s who and the who at that in the very an from by with at someone one more about the about are an',[start] canteens [end]
I has a,b'his have keep you you for the off to be many are your its at your at his be person be to your for your very at for see',[start] too much junk [end]
bone at location,b's after give many person your that after are like have not person something human see something you be that be your in very on both his with human',[start] church [end]
bulb defined as,b'through is work water the well from by from its the treatment about a both be its of your like is people more be are that in most someone',[start] seed of some plant [end]
a baritone at location,b'is many your more something might are as of that at your cancer more something that someone person to be in you it is with see something it what',[start] a singing group [end]
xml is a,b'for s treatment in both after many in by to when for an',[start] modern interchange format [end]
Steven Lonegan ran for,b'with person it human that with the that on at about your his when more person are his be at your on both as more you is many a',[start] governor [end]
Brake lights has property,b'across its more more its about in on be his from s after be be about of more the on both one with be some on person his like',[start] red [end]
yard used for,b'through to wear might need like about not like about not at it both your its that many in this on make in with human that by be know',[start] distinguish property ownership [end]
clean your room motivated by goal,b'its of into off your cancer you you what an when have a more out be a what its very something someone with see good in be in something',[start] it be clutter [end]
a diva at location,b'that his take the',[start] an opera [end]
wait on tables has prerequisite,b'not one someone human another s the be treatment about some to do his turn are one many more your your s at its very watch be not your',[start] get a job at a restaurant [end]
cash and credit cards is a,b'to very need take your with many and after when the by on like you be more out one more be an both an like both an part that',[start] two ways to pay for things [end]
take stand used for,b'when from it at something one from when its s its across s up what to like be for are have many your with both to know to to',[start] get what you want [end]
Recent research at the Medical Research Council 's Environmental Epidemiology Unit is showing,b's out food time book people the environment about your with its s that on for a in people by you it its to it an his out up',[start] that impaired growth in fetal life have profound long - term consequences for health in adulthood [end]
a sound used for,b'through of s to for have with person be is be its its the shine up on know like your with another someone an very something be for something',[start] listening [end]
skeletons at location,b'on his very know know by your out you when that is of are many at like for that might many you very someone not be another like it',[start] a museum [end]
the cop capable of,b'',[start] direct traffic [end]
Light in the window is a,b'when something his take open in your like your environment that have out his his its it some be open in to an many that human this in it',[start] a sign [end]
motehr capable of,b'in by of from this down many this you the across with are are when for part someone what that his people for for your very more this with',[start] sing to baby [end]
a toy car at location,b'its your that on his by of s an off than that many people from you as the with to like know many to it more to a person',[start] a house where children live [end]
drive to work causes,b'as in be take like both his across to both many be s have have it at with another have a one as more some someone see his have',[start] promotion [end]
notebook used for,b'as your some more not with many to you at to the of have its not like that that it many this that person what have with person in',[start] keep note [end]
the law takes effect,b'might very good some very know more see human are an people up both someone are you both for some an an you person you his you more this',[start] Friday [end]
The 4MGS was,b'by your open like like about more in about are out for as as his an in more like another it an treatment of something for his someone from',"[start] the 6 min walk distance ( r = 0.477 , p < 0.001 [end]"
attend rock concert causes,b'an some work open very person someone an of people as at by with the the as might a at the an the by with not as the his',[start] hear loss [end]
notes at location,b'the its all good all to their',[start] screen [end]
bug has a,b'',[start] leg and wing [end]
student capable of,b'at someone you want that',[start] learn about literature in school [end]
a neighborhood map used for,b'many out important be the as as in by out to have something human in be know by be its both on human have like know know of his',[start] navigation [end]
watch movie motivated by goal,b'be more take work a is its are your when have be its not many that some his this out more to human to not it someone one person',[start] review be good [end]
Safety pins is a,b'from you find that both s out are like to the you like for more have many a be that see at in an that its of you both',[start] sharp and can stick fingers [end]
meet person has subevent,b'in your new many with your from after that are its as what for more at one what have it very open the its have your a are more',[start] exchange pleasentries [end]
turn something off you capable of,b'',[start] this to leave [end]
child receives action,b'on by about be on many cancer are about most from this are by that many with out in more with both many many of another something his in',[start] teach to hate and fear [end]
one space shuttle acronym is a,b'you stop get be in to wear many an at both by more out a out about know not your some very it one one out someone at its',[start] adi attitude direction indicator [end]
jump up and down has subevent,b'like in one for out out as have that for very when see you very have in human have not both like very know with person its very might',[start] break leg [end]
fountain used for,b'someone very take feel buy know its both s what very someone a are this the not very human something with the in something many know something someone be',[start] dispense drink [end]
water at location,b's his take good water the out with your s on many like this to love his human most on with your of with with many his many your',[start] a bubble [end]
Chewing food in the mouth defined as,b'to find might see feel what at person his and your about a many to it are it at another not some to many very that human have like',[start] first step in digestion [end]
someone capable of,b'by in one for on many off what of treatment of with from from of of by from many what on what many your many of another that very',[start] create a new form of life [end]
Valentina Alexander emerge from a haze in,b'',[start] Zinda Williams 's stunning African costumes [end]
coreometer is a,b'by what person a when at who at your be are across when something are its someone like with more very know is that like the with see someone',[start] pupillometer [end]
improving yourself has subevent,b'not are person that its when very by about this it is someone when in something be in like the are in on a like know its in the',[start] join others of like mind [end]
some flower has property,b'on an be make human an up and what what its on the the be both your from an out from that of more one the by some the',[start] edible [end]
Most people desires,b'be his find a in what have for with make it as get make an s more know are you like some for to watch a on make something',[start] have friends [end]
you shake has subevent,b'not watch good with part his by be as have of have human as something on it his both with good very not some like many another with the',[start] rattle it makes noise [end]
rain storm capable of,b'his on this the across something that at on be s its out person by the part some some one like someone person someone very many some some this',[start] water lawn [end]
Music causes desire,b'have have go person it with important its human person for be something like human of it be both human it a an s more many person be take',[start] relax [end]
make patchwork quilt has subevent,b'that a the to of this s to to more cancer to your',[start] cut fabric [end]
person desires,b'from that something good on human',[start] anykind of sex life [end]
subway token used for,b'something have take your at many that be the after an environment a that it some for very see many some like both an at an what in some',[start] passage on subway [end]
Pittsburgh and Boston both has a,b'',[start] old things [end]
reach tentative agreement has prerequisite,b'about many have might not is in very that when out someone are its are his be human in human to human to it a his your a his',[start] communicate [end]
cannabis at location,b'are one person one many by what to what in as see at many to you see you take by make might the be take its many many very',[start] growhouse [end]
it receives action,b'is his both his its is on both of his off up the an gastric at of a both is more many one the that very in the at',[start] clutter [end]
anyone capable of,b'it on your many like person to take your its not of a have his have that human in it know one to you someone see on for many',[start] judge person [end]
a dancer capable of,b's on your his across your as after by to watch the as is to many about in to in see you more very the most of an for',[start] dance in a competition [end]
map used for,b'through through closet and treatment on pictures out',[start] locate rest stop [end]
The U.S. increase aid for,b'like it it with to buy an what it someone out are it by its be open see his at that an in might it more of be someone',[start] birth control to developing countries QUANT_O_1 [end]
get some physical activity has subevent,b'to music you might get an or that an and be about see by its in many his from are is this many human that like have not his',[start] improve your health [end]
bob dylan is a,b'about who closet food friend their the well treatment at by be it an religious your s from of their as to the part one that another a by',[start] lowrider [end]
clean clothe has prerequisite,b'to might music person someone s at with that its that you up a its are to watch as might very have might make by many not some some',[start] find dirty cloathing [end]
at top of arch is a,b'like the someone good with on person the what at more your on at know to catch with that a on the have a someone not you not something',[start] keystone  [end]
a restaurant be named for,b'at be not get be see very be this for both after very it that someone one to watch human for at it in someone you very one human',[start] its address [end]
food receives action,b'his not watch get keep what when buy his what might see one the you someone it for see some with something be you with an of human something',[start] purchased at a mall [end]
San Francisco has property,b'are what music water and very both more s out is s person its have by the its most people out your most people his his out out by',[start] close to Oakland [end]
elephant has a,b'to music good country for know of watch what many in to want of might at to both have know that more its many this an in by you',[start] leathery skin [end]
a library used for,b'to find find someone the after his who your out',[start] reading [end]
attend lecture has subevent,b'at be person know want it more might you is more to something someone know you both something an its like it be person it human to your your',[start] sleep because of boredom [end]
go on internet has last subevent,b'by like get find someone someone you are many with both be are that to an in not someone see not human on human an its one that something',[start] enter address [end]
send criminal to prison causes,b'',[start] good society [end]
condiments at location,b'through a water on what to of with that the at his many this or one with some on very very at to at this something his your many',[start] at dinner [end]
deception has property,b'someone see eat keep watch like very an about at of person up the state your you in his more this person your someone some know not more person',[start] bad [end]
great athelete capable of,b'by it something to turn music up who the at out about more your the about something what that not at not are you for at like more the',[start] smoke competition [end]
become a scuba diver has prerequisite,b's many it its its by be when person of at this who this this for by in people like are it be person its by by on are',[start] learn to swim very well [end]
a finger used for,b'in your small very have it of on both to music',[start] wipe tears [end]
win baseball game has prerequisite,b'might his might something know something see one very what not take someone very the the one his someone that make the in take might his it his the',[start] play baseball game [end]
Lois Epstein is,b'are to know his his in by with many',[start] an engineer with the Alaska environmental organization Cook Inlet Keeper [end]
something at location,b'its very have feel take take its are for are out to see some something person the what human more of all see you it are for person with',[start] top a mountain [end]
low animal has a,b'what know go use the about watch might know you get both person an in with like one at like are the both his in this his not have',[start] few or no emotion [end]
pay bill motivated by goal,b'not to have make wear the with it be are it with you want with very his its some that for one you not see some many in not',[start] stay out of trouble [end]
castanets used for,b'an of when',[start] accompany spanish music and dance [end]
entertain people has first subevent,b'his your their at are with as as at it it with with person at person out some that one an as for very like see to be for',[start] put on music [end]
go to bed used for,b'are its an his when to very s in it what at his person more with a many in know to have for the are something like its the',[start] rest and relaxation [end]
spacestation mir at location,b'that a the its to what up someone for a be this your with for on by you know have with some in to human another as that in',[start] orbit [end]
you eat when you has property,b'your be not more for about many be an about many out you the part his more something of some that not very your most be at of more',[start] hungry [end]
learning used for,b'through out a love might that object about many at about a culture up in not human be part that with like your about it on some be by',[start] inreasing knowledge [end]
Mora became more of,b'when as watch someone many across many s out of for have his in are out what on one be you someone be more someone very that to one',[start] a fan [end]
do crossword puzzle has subevent,b'on by your the when it someone and out with be as and are its very your with person an across of the most with know what it one',[start] use eraser [end]
read a book has subevent,b'your by in about many is is about of most out to the both its out when in what have out for like in your as his in it',[start] you might learn something [end]
releasing your energy causes,b'as to give find at more someone for the environment your when by to take be the in be his part have his its in might it are a',[start] explosive power [end]
going to a play causes,b'are one new of many it at this on your or by s you in many many someone out from not have be with your his the person of',[start] entertainment [end]
the Quinebaug River powered,b'something your many your',[start] the QUANT_O_1 mills [end]
sometimes weather has property,b'is your them person in something what to for for your an this his be that many as at a person have in another many more some on an',[start] bad outside [end]
Senior citizens capable of,b'when who defence word the well for this to state an like when many to tell both an at by you to like for it very person something in',[start] enjoy good health by exercising [end]
telephone made of,b'as of and down',[start] electronic part [end]
get exercise causes,b'on and of from the s be are his off are that its is someone on with you be this for his are for someone someone with know that',[start] get healthy [end]
a coffeemaker at location,b'on out for by it for for it than from both to about many you are s very at its a the many out by someone the out something',[start] a motel [end]
someone has property,b'from of',[start] very good with write word [end]
a person not desires,b'an as his more both be an after this and out person be one the be many on more one someone someone of know very an this very like',[start] be dirty all the tie [end]
visit museum has subevent,b'as not to cook the as might know when on not by when your its both both with this some at one be for his many you person an',[start] decide to become artist [end]
A student capable of,b'you take buy live you the',[start] listen music [end]
Male martins use the song as,b'not an one in out like by in what what you its might want on both on at you his by for at this like in its by many',[start] a to a mate [end]
a frying pan used for,b'be live do play do',[start] saute [end]
Forest fires cause the sunset to has property,b'with up many good some on out on you of very with for with with this person a what his this are the human some this more you to',[start] very red [end]
apple juice has property,b'to are to someone your by cancer what what more from very for on person of your one it you his to have both one what not your part',[start] refresh [end]
Floppy disks not has property,b'someone one you do it his to give what more what watch more of at with some for in the this his you more are it some its his',[start] longer floppy per se [end]
build cathedral has subevent,b'you have go take not it see more an in watch that want get its to see in with very its have someone to get on open human are',[start] architectural renaisance [end]
person used for,b'the people music at what s',[start] sing with [end]
horse hooves is a,b'not take feel use use someone to be someone is have not it be his watch at not one new on watch something many its that for to watch',[start] like human fingernails [end]
swimming causes,b'his this water them good it your what to at with both as the state as be in very watch at something at be this to you human open',[start] water in the ears [end]
rail at location,b'by from this of off your like many after be you about that is be your the are part that of a on a out about be are for',[start] flight of stair [end]
child capable of,b'like have an of of of and be at are',[start] act petulantly [end]
suzie is a,b'something something something something with a after not someone and person more as his part to to very see for for in one many the this someone person person',[start] harold wife [end]
a pillow case at location,b'when to do you are music when about someone be very are his as might to are to know his it someone a watch some very not on in',[start] a bedding store [end]
driving your car has prerequisite,b'that it a what what at be be its have at are of something to very a about something the many both you his not take human by it',[start] gasoline or petrol [end]
flower capable of,b'like with about something by his with out up is see at the with your s a the to more very someone to make its person on have many',[start] continue to grow [end]
Michael Jordan is a,b'by at to you be an in in human person its that to are both what more on his as like very with someone in both what many are',[start] a good basketball player [end]
mole at location,b'many more to catch watch you that about not you and see at one your an your of his your from in the its the both many are his',[start] underground [end]
milk at location,b'after as more to are to on for you that in it his your what see an his after by by with might that many in to with know',[start] carton [end]
driving used for,b'something one it an from by cancer to the gastric out by to give to watch out person like see you it his for have a like an s',[start] those who can see [end]
play basketball is a,b'something to you need a music in might give one like that person by your an when see person for many it the be more to it very one',[start] form of exercise [end]
mandarin oil receives action,b'what you be do its music to take your to in person with might find with one that see many person what not at like human with in some',[start] extract from fruit peel [end]
visiting a museum has subevent,b'from than at with your the at that by an down',[start] buying a souvenir [end]
Inaction capable of,b'in in you that to his for it and at many its from this and about of the you see be this it its both out from at for',[start] box you in [end]
climb mountain used for,b'his to join you s as be something person a at have is for make not not might find not to buy a his know might have know might',[start] adventure [end]
barley is a,b'after to feel want to his at someone',[start] domesticate plant [end]
Participants were followed up,b'through in on from the are when your about human as across on more more like to have by one his an more an you its this on you',[start] during April - June - July [end]
butch has property,b'many like keep get become take something many from with know is many his you want the for both of at to have human you with might his see',[start] unlikely to be vegetarian [end]
compete against someone used for,b'in to you want your what to in might both when the that an what to have by in person it are to both in something someone you with',[start] contest [end]
ice cream may not has property,b'like with both be in at and of that like with that by of what it for be what on you you something to one by know to might',[start] healthful to eat as some herb [end]
A ticket used for,b'you have do your his are when someone that be an from an are his someone many both its for to someone someone many the for on that some',[start] gain entrance to an event [end]
a drum at location,b'about out them of an as what s are out from with about like someone its out his be you his with on someone in this on like one',[start] a musician's home [end]
a rosebush at location,b'might his not have that of like on its by its about as very something be with the of be your what of of your it more with the',[start] a garden centre [end]
start family has subevent,b'of s on you in his are you s your by his in are many both one as this of it are you you in know like to you',[start] build nursery [end]
determine the truth has prerequisite,b'the see person make see want see his s very s cancer and you on new its another by to make some have the not something more new that',[start] look for yourselfr [end]
go to laundromat causes,b'after about a a environment or to something both it at your at human an environment an by out of the united at on it by you are more',[start] get your chore do [end]
his foreman is,b'of between then many s cancer or to more the after many of the state of most to are many you not be in know out person and all',[start] Max Pierre-Pierre [end]
i capable of,b'like to that know when are as its its like about human of you it see to catch see something very might might be more your both your someone',[start] walk far [end]
globe is a,b'about in a his object when what that environment down s by for many very part on something both another a both part person them on a both one',[start] spherical map of earth [end]
apply for job has subevent,b'be need it someone something in might you that its of you on a might need might need what a might that at its one one many for make',[start] you give out your resume [end]
Compliance with applicable statutes is a,b'what something be the environment at many at at more many',[start] a core company secretary role [end]
Humans has a,b'for its one new his down as when an you and what by to to are part that be many both what person very his that not many this',[start] 2 ears [end]
lecture at location,b'in with someone know its might might is his that on your are you at of one one many more are know your his to see to one something',[start] conference [end]
a closet at location,b'with for when his to about his to not with an as have as like many on with see something someone with the an very for are human to',[start] indoor paint [end]
there part of,b'is on someone very with the and at out by from to not like by something out are for both you you its a person it out his as',[start] south carolina [end]
A man capable of,b'after with many people some both after part many are more when many are what out are more its open very person more good new with not like someone',[start] grow plants [end]
tree not capable of,b'when about at about and this down and after be who cancer treatment your by for very person of like more from most the very on with person your',[start] walk [end]
a still body capable of,b'its some work know an across his you for a for not in the it someone of the to someone the about be human at like many with to',[start] water reflects its surroundings [end]
A construction worker capable of,b'',[start] position a cone [end]
ICRW is,b'not many someone see tell the cancer on in on in are by his in to both to your on for you what the the be this at someone',"[start] a non-profit organization headquartered in Washington , D.C. , United States [end]"
a viola used for,b'have go wear do making watch a what buy your after live one is not it see one you something the many make new new know see good open',[start] make music [end]
a rock capable of,b'for in many very it might his out more many like are the this is by its another the on that have an with in not is have something',[start] trip a runner [end]
play game of chess has subevent,b'when in one someone an like have for in his at as through for that many at of on what out person from be that of know by what',[start] check mate [end]
go outside for an evening has subevent,b'to it new them it that for to might very to very of in what what in both when someone your what one human person very to his it',[start] leave the house [end]
76ers has property,b'is for it that with more that an when the s an like in on more as his as person about of your its his person some for someone',[start] go to beat lakers [end]
post-traumatic stress disorder is a,b'someone for it watch one something like make human you of at one many by you not know something not his very it know a more have more with',[start] anxiety disorder [end]
a flute at location,b'from to feel to when of during the together like up and about be person with someone one of it this it from this some some many by you',[start] a store [end]
shades at location,b'that for an for be have what the s is when at by for on to that have more his this in an people out that to person in',[start] a pocket [end]
locomotive has property,b'its that your to you like for a from something that and out on to make more an as not an when know by a many your out be',[start] powerful [end]
trigger flick is a,b's like go keep that out many like have what in more that to give to at like that at an very be know in with both human very',[start] error in pistol shoot [end]
a cash token used for,b'to feel learn store person something in someone are you to s an from know what more many its a what be very one person it see it one',[start] using instead of cash [end]
a ball at location,b'after it important water with another it have about are have both this as human is his that one for see know something something good is your for some',[start] a soccer field [end]
RJR Nabisco has opposed,b'of the patients',[start] an immediate spinoff [end]
A store capable of,b'',[start] stock up on cheap goods [end]
Members of the AA has property,b'from with what important that from the across who many an at that in as the by from as both for his be an and at your your what',[start] less likely to drink drive [end]
play frisbee motivated by goal,b'many your you more in person the that like many is be are on one to watch his be that its someone be human you are very an to',[start] use your muscle [end]
comforting a friend causes,b'the be person more this off like a religious some on the across to an object human some like its someone is your with know what very some person',[start] crying with the friend [end]
wait on table used for,b'on who an as of both with a are what be about is at as at the in as on you not what with to more for something more',[start] earn money for waiter [end]
many different ways to put furniture at location,b'of a with out of both in at when a on your on at what something you s is some with be are something to human someone by one',[start] a room [end]
meat at location,b'like very eat do to not is what to take for make to wear human person it many know more have not both the one is might that person',[start] refrigerator [end]
automobile has property,b'at it very be more to as the during to something might on both you an with some a as like person in at like your more by in',[start] beloved by american society [end]
have food used for,b'on many someone that many the about with many to that an out one a is many for someone like like one its at in see one this the',[start] entertain [end]
lose consciousness has prerequisite,b'have person important make human might feel want the what that need might buy not both your someone both be a know to do know an at very important',[start] lie down [end]
write tool ballpoint pen is a,b'many person the a be have with at be with his environment in that with see of like one in person something for know of some it by at',[start] modern invention [end]
something capable of,b'are like an its his up what when its many for its s like at to both person by know someone someone like something by something not one his',[start] climb a tree [end]
it is a,b'to do not person human it human the environment up like something on not with your the like more for its it are person with human of the this',[start] place to launch rocket from [end]
a monkey at location,b'to need when many with like see a',[start] a banana tree [end]
become a scuba diver motivated by goal,b'by by when your during his out that to that is have be like you of you on an people person someone the are in this some this someone',[start] traveling [end]
do housework has subevent,b'an like to wear take with something at might not when see by that his someone be see are its are the more this the most know one his',[start] you vacuum [end]
student capable of,b'have learn learn a his through an cancer the turn its music or more very to someone human most are have that make the very a an more many',[start] try to study [end]
go to mall has subevent,b'the s be more one in with both an treatment after is both more you of for a both part one be in know some to you many the',[start] walk to mall [end]
person not desires,b'are very person on you on not in this off its are your on his very by are have both it are like it on something on you are',[start] be rob [end]
network has property,b'its one someone in on by his at with the of about with his this as on another something this that its for human at be its very an',[start] good [end]
You capable of,b'with out at to on like after as at as what of your and be that his about not more some another at a as more something have as',[start] buy little with a copper coin [end]
Dead people not capable of,b'his it more for by about one when something out with that out more of of in the more out out are in person human be the another its',[start] wake up in the morning [end]
play sport has prerequisite,b'the like live his this after',[start] buy pair of skate [end]
Sperm cells not capable of,b'for be use know be someone when on person for in at someone when what very both you both what many by are its with another as more something',[start] live in your throat for long [end]
The ABC classification may contribute,b'someone in one someone of the in you his an across know be many with in see have his know very person of some have human in not very',[start] to primary care of digestive organ practice [end]
the national guard capable of,b'are at person good more when to watch have for an and of like be of one about some his to you this one it an your your person',[start] control that angry mob [end]
Many websites advertise insurance capable of,b'something have feel become that might want have to you and have to know not its some something someone might might get his his his like person for person',[start] provide savings to the buyer [end]
Lack of nutritional understanding causes desire,b'of of into an by with about many from what who in part your cancer',[start] eat a hamburger [end]
water receives action,b'on person small open have might like at in this out up about not an the more his s that an both a by that are its with for',[start] find in well [end]
Mr. Ellison mr conway with,b'not human more at this your who at what at this be not what human its the some his with something that be at are the it person as',[start] a chance to reply [end]
another person has,b'with at something that not very this cancer s many from many s and as this its your in person its part something more some out for with like',[start] stock orders [end]
see movie has prerequisite,b'to its someone not make person very you with take might more see one something take human be an you its both its one that for something a some',[start] buy candy [end]
go somewhere has prerequisite,b'at that human it open for are something out the with know his is at have you something you make his your one in might that many another it',[start] go outside [end]
a person not desires,b'what give play use make to be to both is see your the tape something be see not might see its more with like someone with be like very',[start] stress [end]
hematocrit test is a,b'from s word on on another that about for at are for the more more about are from about from many one up many part something at in on',[start] gauge anemia [end]
Gwynn said,b'to feel you get live when at an out more his about for an state more some the human have something like make a this something many an it',[start] would move on with his life In his first interview in QUANT_O_1 weeks [end]
this car has property,b'across his know open not someone have its might both more s its be someone an and many it be with to one human at that for it something',[start] park parallel to curb [end]
many of them climbed over,b'your your someone make a after what on at in someone be be very both person the many like make very the it not know to you that someone',[start] a lot of harsh terrain [end]
a dead animal at location,b'your out many water as at with that from a your be you you is your very some someone of person an by an both that this its one',[start] a freeway [end]
loss of love capable of,b'like like someone in another someone as you that see by you more very it something someone to his the many make that it to its on more it',[start] break your heart [end]
burn grease capable of,b'across who succeed by across when through is more it and to for like person this at in very one as this with by someone the your by what',[start] set wood on fire [end]
pepper capable of,b'after from your about about be in what is of with when in its be in of as as an be his very its one of an it to',[start] season dish [end]
a telephone booth used for,b's his see your as for in what as about to for people up in in you with that someone are on with an in its very with its',[start] superman to change clothes [end]
someone at location,b'of who what not someone is to to',[start] the toy store [end]
their pressure receives action,b'at by his person that for about his with this his more the an of by you with by very the very both in many more at some of',[start] check regularly [end]
One impairment a person might has a,b'across as take human are about your cancer at for when what your people the of someone one someone this this with in in you not its for like',[start] is coronary occlusion [end]
a box of chalk at location,b'from about about of that off about than for that about for this s are an are of be your the this is on person more are for the',[start] at a school [end]
Chris Campbell is,b'for what that be not are you to not you might out an as more the not like at to for the by it some one have like for',[start] linebacker [end]
A blowdryer capable of,b'that for you what not many as it his who on your is an on a someone be are at very for this is see see that human like',[start] dry wet hair [end]
stay fit causes,b'from many very quanto1 at out and part of a part in many part at to might are it as for not on good what you at that many',[start] build muscle [end]
Beds is a,b'when out for be very something be have his to not to feel of a it like in like are something your not take see see know many not',[start] sleeping in [end]
Chronic respiratory symptom measures included,b'have to go',[start] breathlessness [end]
take a walk motivated by goal,b'for be wear someone something the you off its after to person be s both that more what with the its on in like of to his this like',[start] feeling better [end]
park zone used for,b'is have take get an like to in it more is for it the your with its of something what his that person in its human its of a',[start] park automobile [end]
hydroelectricity made of,b'are that human one person more the this to be something at be something this in more are are are it to both you in open to the with',[start] water [end]
a good offer causes desire,b'in more be do that of as it from very as on in have about that of many and both your when you to at person a person your',[start] sell your new book [end]
jumping at the chance has prerequisite,b'',[start] taking the opportunity [end]
goalie at location,b'by what find more have you at at s that out like what you are person you that with an in have by his in know one this in',[start] soccer game [end]
jogging used for,b'someone know wear an round there after you both an at both to both person his by at your someone a an by another the like know by have',[start] getting places [end]
a garage used for,b'be you watch it like in have many you want is more many at it have on your person what some it that be on his with to tell',[start] a mechanic [end]
small lake is a,b'',[start] pond [end]
view a video motivated by goal,b'in who what your for of as it to it s to of at a cancer or that of not to this by someone it person of your the',[start] enjoy it [end]
water at location,b'from an more be take an be of it person that to is s of some someone many people on it on human on a your it like person',[start] three state solid liquid and gas [end]
someone at location,b'as the new the what on on that your of more have more in someone that might watch very you both an it very human someone at human a',[start] a massage parlour [end]
canada goose is a,b'at out all on this that to are for have with this who to need you on a person is very by its most this what the for you',[start] large north american bird that honks [end]
fan in someone hand not has property,b'of into people them this or of very s are his the to very the at all on on that to your are on person in not at an',[start] electric [end]
massive amount of propellant receives action,b'is more small it that with in by in it as a that of something of many on more a at something another to his out is open it',[start] require for orbit insertion [end]
Repeated measures analyses of variance examined,b'across and when that after its many from the at this than are your its in that a people like an are like a many have your for with',[start] changes in blood glucose [end]
a train station used for,b'in to buy go might for what person the on might the be as on many in the treatment to watch what of more at with another on with',[start] taking a train [end]
miss curfew may mean receives action,b'after and about someone of are to someone about as your you to have of you to have of see his his with someone by on with at like',[start] punish [end]
a person not desires,b'like to buy see its both out of be something something a at see are might an to its to might feel at you more your of someone a',[start] be devalued [end]
lie has subevent,b'something make wear good one about you is in an about it this like be your to at like in for some your someone be both that you it',[start] pulse rate go up [end]
eating vegetables has prerequisite,b'is not to to see for of someone like not out at both out someone some another are both with good someone like this of something are with another',[start] vegetables [end]
a paper menu used for,b'as one an when like very in as that the on it for that be are person something his this from another very for for at person with in',[start] giving to patrons to keep [end]
fireplace is a,b'its is one you the by what about more many many many on something be like you something by the that you his on an it by some with',[start] desirable addition to home [end]
Senators defended the vote in the name of,b'an are make feel feel more the s with to s in it be see an when one you many what that many it the part are not it',[start] ethics [end]
Employment is a,b'an this be do might not you have person might its this s one of very one at for not have an as it on know very more human',[start] a crime [end]
tickle has prerequisite,b'is is are have an at of human by it in a at what both very human as its for might not the something have what many of in',[start] find the right spot [end]
Smallpox vaccine has a,b'from after both in as s is many by or when be when to this by on another out at are both person an be some are with by',[start] a shelf life of 18 months [end]
going for a swim used for,b'its be person person water be on an and its when is that not for something by some its are on very to have human the very it see',[start] going from one place to another [end]
soldier capable of,b'in up with what be something it not see you are someone person have at more by his both many more person someone your another be good an one',[start] storm fortress [end]
drawstring bag is a,b'your be get wear get his together to to buy the by by his both are very not have many your another see one it something are it your',[start] good laundry bag [end]
saudi arabian gazelle defined as,b'after like might at it of from have someone with that for more to both this out some be open your the what not the you be more many',[start] gazella dorcas saudiya [end]
saturday defined as,b'at is that something more it are it at you something you out for at by this more someone by both like to some more some your like the',[start] day after friday [end]
society receives action,b'of the their for be when as be his are be what what be are for something an treatment its not an this s his on in to to',[start] compose of men and woman [end]
one of musical notation clef is a,b'have live quanto1 person a cancer and it its part that to know someone as know many the an be another an it in an be in many human',[start] g clef [end]
child capable of,b'when up something like very its be cancer during you',[start] choose to help their mother [end]
awaking used for,b'an his know the on more with of person to watch out when human his this is on someone at human it an part someone his by very be',[start] going to work [end]
moisturizers used for,b'not you feel your by what to with at to for the are are like you have the human his might its see many it are something by person',[start] hydrate [end]
entertain person has subevent,b'from you person watch your you people its many this like to more to love for to with like one as person many very an be human know for',[start] serve drink [end]
shower used for,b'about in both in by through from cancer treatment that as its from out when in that are very your its more this to like another this an about',[start] prepare for bed [end]
wash clothe has first subevent,b'when like an when most like be by',[start] dirty clothe first [end]
Hard capable of,b'your human be know see not it a treatment of a',[start] casts a defined shadow [end]
commit to memory has subevent,b'as your more something his s be what you music for the of some as your that are more some in all with know to take to watch like',[start] create mnemonic device [end]
bathroom at location,b'to feel like that to in in you for not about see in in are what you his by not be more to the many your his human of',[start] bookstore [end]
the locals speak,b'through after that more its to music that you its to see many many s both are for this about person something some a are by in to most',[start] Taiwanese In Taiwan [end]
buy tickets to that sporting event motivated by goal,b'from in more not one the between that out by off s from both more a are in one its are most it someone of your an as your',[start] go to a sporting event [end]
not all scam artist is a,b'from the a work make are that your up on at are of at see to the an from it at like more be for for its in all',[start] con artist [end]
person desires,b'for something open it more of like you by be be like with take what see to one to are might you see know a on you know like',[start] clean cloth [end]
A recent cartoon playing on the popular movie had a circle of,b'to give a with your be that as music s s at on be on someone person like something have more both person by it what be open for',[start] political first wives looking fierce [end]
annoy your brother has prerequisite,b'by about out by its cancer for its from this of as by its one this the with with that both person your that someone the as a more',[start] repeat everything he say [end]
lose weight causes,b'',[start] hunger [end]
a sink at location,b's an their good all a',[start] a laundry room [end]
set cup on table motivated by goal,b'by and after most this about it s and treatment down to see on at the most out out it from on its for by with a his at',[start] it be too hot to hold [end]
riding a bicycle has subevent,b'is by its have take on his it might in someone about to both as of an many you is human both something are know see a his person',[start] pedal [end]
consult expert motivated by goal,b'be get to its have in you to to be as is your as get what make human with not some watch you know watch for many more at',[start] change your appearance [end]
watching the evening news has subevent,b'many for one something on more to it from this from person what of one its many very person about it an what your someone the its person someone',[start] to recognize someone [end]
society used for,b'about about something for something many like that his your out s someone someone on something someone his on on it at the another of know the many in',[start] mutual protect [end]
a paper page at location,b'is on for on that from who on it about are very something be watch to tell it at to make very at one some more at your a',[start] a music book [end]
play the piano has subevent,b'to it to human an for what it his as his from something this to are to your for very that not very for one what your this from',[start] your fingers hit the keys [end]
listen to music has subevent,b'to someone person another very what the that both you what to get at one are you on the on not that human are very that some human in',[start] you feel uplift [end]
play basketball has prerequisite,b'you you make make your like someone his that his like with one like like might that be both your one to the watch might might see like your',[start] basketball court [end]
join the military motivated by goal,b'of by person another of by when out s for by cancer in his s many people what s this part when out it in very for most like',[start] fight war [end]
Western society has property,b'your from many another this down the object by its about you it the be that the about for in have its part in not new are like the',[start] patriarchal [end]
glove capable of,b'you get make something make someone are someone see you might not an as are not for watch your know make the in an someone that see a something',[start] fit tight [end]
films are set in,b'when you person in what an through for very in of his about what many many the be the part a like it on on someone about all very',[start] an upscale well-scrubbed America [end]
become scuba diver motivated by goal,b'someone the people people water',[start] see fish [end]
drink glass capable of,b'the be see work take person by like on a on your or a more at be some its more your out out from an you your both with',[start] act as magnify glass [end]
make people laugh motivated by goal,b'from with for what many after or when by many who as like to with human about to its human your you by both of it an as as',[start] tensions are unpleasant [end]
legumes be served,b'by it open many someone up it by as someone the environment an to human its the with see that of more is a be very know have you',[start] the langar [end]
teacher capable of,b'someone see not be what not many have many you what it you see many one something for a something many its your more at human another another for',[start] work with child [end]
rats at location,b'that are important that in about about it after its in a across person on it be another be be more be not his some more from to his',[start] the roof [end]
gas burner at location,b'as as at to want the or with many and to you with at it from the by someone many of to watch your people this by are a',[start] kitchen [end]
see excite story has prerequisite,b'be have buy watch person might are in be both someone a in might very some an to wear the person one are for might have something an to',[start] watch soprano [end]
cut your hair has first subevent,b'to to move make find for when on both an together to for the you at one his like it to a that you are know that with with',[start] use scissors [end]
person not desires,b'to someone not very it on with not something be at are out of you its are more as you is take many of human are it see like',[start] lose sleep [end]
payment counter at location,b'by and on person to when about person from like is the as in the part his about an as have the many very in both your you very',[start] business [end]
light at location,b'at someone open with to you',[start] plane [end]
a person not desires,b'to someone a that be it an in one one with with human one its with its know not at more in have like have good many know a',[start] be thought of as incompetent [end]
have physical examination used for,b'when in them many this through on about about that have the are after very someone is about an people the very at have you something a in of',[start] monitor your health [end]
person capable of,b'as see you the after in have have with you as both of take be an s of be one for have you on at the at in like',[start] carry shop [end]
someone capable of,b'it someone work people people from watch both to it one about his like your to watch of know this by like his your his another an be that',[start] change windshield wiper [end]
buy food has subevent,b'on be know something person take the as are its on one your more someone see of many more know by of an your person of in an your',[start] you carry it into house [end]
People not desires,b'it might tell its like in see the through in have you that person someone have like its at to watch some in an with some with very human',[start] naughty behaviour [end]
A forger capable of,b'from is take watch see want a across it an environment its on be have the of know at a you many for take not not for it your',[start] doctor documents [end]
returning to work has prerequisite,b's the your it more your object an environment many cancer after s at that person of more out by it a out its both part than his good',[start] having a need to earn money [end]
A game receives action,b'about is important its by what have very about another like s when more many something someone you the are for its one you not more a in like',[start] played in a stadium [end]
your lost shoe at location,b'with a food water world out your down you for when as after in your many very his in another a more part be very more many it that',[start] the bed [end]
if you desires,b'his in this his off out an and most that in like someone something of your person some more his for in new by in for of its one',[start] your privacy do not answer door [end]
play card has subevent,b'its to not your to what the like on be at by about the more for are of like it be to tell his more its like someone on',[start] play in casino [end]
Most of the audience capable of,b'across are you something for an by out the s like to you by from person many someone in know like more as his person to an the this',[start] catch this joke [end]
eggs at location,b'your water food with many in someone about part person by by his when to many your people its new very the important up like many human someone an',[start] a chicken coop [end]
meet person has prerequisite,b'might take a it know to are on you someone someone to have you watch one someone your more know have your one you his not your in many',[start] socialize [end]
infected injuries capable of,b'something it live his out for of of both are by that what at this at be have many a with more like something some on more it are',[start] cause death [end]
cut twist curl has property,b'you you take person the s for it your in be by from you see an and that person his this about some another you see some not more',[start] abbreviate to ctc [end]
judge capable of,b'have it good house out his in a by very what might live an that with on be with on it are your very not be at more some',[start] fine defendent [end]
restaurants capable of,b'might want it his when see what want many his are something in its this are person his of more both your not this for see be one something',[start] serve salad [end]
do housework has subevent,b'that someone someone open something for on many the be after to your when its of be the what to the in it you take a about his it',[start] sing [end]
person capable of,b'it some it that an cancer of it as might what as at you watch that by some to very in in all your very one in know your',[start] eat corn [end]
designing software used for,b'someone many quanto1 a with you with your the about a environment the object a tape from someone what is the the to cook like an his human its',[start] helping others [end]
The state flower for Delaware defined as,b'with someone have to get like its person to your to the through human not very watch is something it you get many might see some of that know',[start] peach blossom [end]
a club used for,b'you your one their this s with for the with what on what that not for are not to in its by what on an with your someone have',[start] sport activities [end]
this bike receives action,b'through a become human to might at by in at are environment of are with the people be person your about your the by like both someone this very',[start] make for rough terrain [end]
Paternalistic - individualistic is a,b'at is for like when in have at what for on might you an by very your something more like for like something more out its something human very',[start] a political dimension [end]
A police officer capable of,b'be be take your you off as not at is as in one are very like an from some of someone are his be person is his this to',[start] stop traffic with a single command [end]
vet has property,b'you wear buy you their your at watch what watch by be what the his of many a not one more the it that the someone see many one',[start] short for veterinarian [end]
swedish economy has a,b'are many many most after very of treatment during about an treatment than you at in out like be its like human on human you your many both like',[start] strong government control [end]
finding the truth causes,b'that it one very something its you the with with not by are have have more human both very human is watch at on be know an an for',[start] your illusions are shattered [end]
Most sausages has a,b'what human buy look your with might arrive you what someone as in the be important from person at at to its his human at something what of human',[start] meat [end]
a mother capable of,b'when many many most what as are when for not your for something something is is more that at of with the out many both out more with human',[start] take a bath [end]
this is a,b'an very buy make go on person be want like take at at in human someone person your an my his see your an very that human like make',[start] a diagram of the human eye [end]
Google asked,b'many as it not the in one for someone with a and at person from more and this the about by human one be something be at his someone',[start] its policy [end]
jewelry used for,b'after many not person like at in someone you in an are by be this when very it by the in the part out someone to watch very in',[start] decorate yourself [end]
answer question has prerequisite,b'something something take that what are on might very someone to you',[start] learn [end]
cake used for,b'something an person be in something like know be watch many to it more human at very for in many be one person like some more with person something',[start] serve wed guest [end]
order a pizza has prerequisite,b's and treatment with another in treatment at states by or environment and by out an your by at you of a for one as this your with his',[start] order it on the phone [end]
bagel has property,b'when off their you it something you get with you be the well to have that might to see take his his have like watch be your by are',[start] eat mostly by jew [end]
"Cardiometabolic risk factors , including atherogenic dyslipidaemia are associated",b'what very good human to very very important when see that watch for know with human to an be it something like like see be the one as your',[start] with increased risk in this population [end]
rosebush at location,b'its its person person new at out about part his at see for both it out its new your someone human that to like many something human person your',[start] bloom [end]
a pot not is a,b'at when might something his through to both is your his when your his part up a in know that his both his more of more are both for',[start] a kettle [end]
San Francisco is a,b'after someone your someone his of for as about that many from that like by it with what out what at the as both of his as an be',[start] a big city [end]
company at location,b'by after at more it to that with the be with very is when what of very by from know are is to an the your people someone like',[start] city [end]
Relative risk were derived,b'is to keep you is more are when with person it are when the might are your someone it his your on not know with both person on to',"[start] from multivariable logistic regression models after adjusting for maternal age , race , marital status , smoking , cocaine use , adequacy of prenatal maternal insurance status although data on cocaine use are likely underreported [end]"
passenger capable of,b'your the watch the in very of one than might at about in one it your s many you on in at not in in a people his you',[start] step off train [end]
bass clarinet used for,b'through up be human both by out it for by you to his many his what on of on a more by someone someone this with on that more',[start] low note [end]
something smaller than the box at location,b'when to go to turn up with need to that across their about like both in see some some an an his what person like your like make some',[start] a box [end]
find some water motivated by goal,b'that his that to it in your about many out at out of something you want something very both open very like at open many person from to human',[start] go for a swim [end]
tape television show has subevent,b'that might something have feel its out like to more have his to your you are at a like with its one its know his to your it have',[start] run out of tape [end]
set cup on table has prerequisite,b'be person important person good know his as your by the object its you have with an part on in the not in human something one that not at',[start] slam it real hard [end]
go for jog motivated by goal,b'to like it that what s cancer be heavy out to be when like when that someone your as it both see might someone human be it one at',[start] get in shape [end]
play card has subevent,b'is many people water them its to person something its something of something that many this an be might something someone in many someone to its good the one',[start] adjust to opponent play [end]
sun at location,b'across from for for and about up from many cancer to to be it of at human his very person what as something as have your part when in',[start] the beach [end]
school location of action,b'as more something you for that as on this for with is it person are is have with very an you know a more like it not one many',[start] study [end]
radish at location,b'across at that someone you like at be its person its for it that have many many like are more person not might your very it a know the',[start] refrigerator [end]
mythology capable of,b'as something human not it is what like something the that something very take with like you with might need know have know a on an your both might',[start] express life and think [end]
Aimutis is,b'through something see open have want in human on see be across by s his many your it by your of its both you in see his its on',[start] Detective [end]
You capable of,b'like to do your when in when a for might you music be very that it human with something might it an person one an of watch your you',[start] find cokes in a dorm room [end]
post message motivated by goal,b'to catch know the cancer what what is be many the what the state as need see by might know might something that very its many his on not',[start] get response [end]
Carpeted floors receives action,b'to want might want it someone that not you what are that many many not human on one at another for human by you with very be be an',[start] found in many kinds of buildings [end]
The males go into to,b'to his person person for be up of to that on this by s it his like you very not it person very one on to more both see',[start] breed [end]
a table at location,b'his like your not that of with person at on an down is someone the your you watch this from an after of at many a at many very',[start] the rug [end]
Muhamad lutheran medical center,b'many what to buy know like when know is what when human very are like someone in person its the many someone something the an an this are the',[start] Last night [end]
do housework has prerequisite,b'someone to take his by you to something a you and this it about might catch someone by in your people the person that someone on you this it',[start] broom [end]
night watchman capable of,b'its to music this up to get see be on on someone out the more the not it to like have human its many with in something to someone',[start] keep key on their belt [end]
a little money capable of,b'are more its very many the in person his like it it person this is might a part by human his it both human its to have you see',[start] seed a great venture [end]
ride horse used for,b'to make make take make that have you to his s out it person for open a this on with person know a in with good its person an',[start] movement [end]
candles receives action,b'with in someone person something for what your out many its its with very what with you his its this you to its human an part an for a',[start] put on birthday cakes [end]
a cup of coffee at location,b'might something his know it to not more about for a have person one to someone on a of at like it person a for more someone at some',[start] your hand [end]
ride bicycle motivated by goal,b'might like it a is want you have be in in like with human his person what an more its one its might watch very some someone what one',[start] you do not own car [end]
prepare for vote has prerequisite,b'from like need take have s',[start] gather information [end]
Dan Rather be correspondent for,b'from off for what by to cancer through like from many that of human by after like a with its someone when be at more for most be more',[start] White House [end]
play sports has prerequisite,b'the for many one out your environment to music when what about be his very not on it at person very important of it good you your a its',[start] enjoy games [end]
deli store used for,b'from up for like person very in your to turn an treatment by through his what that for of most person something are about something the very more its',[start] purchase item to make sandwhiches with [end]
running after the ball causes,b'like that like something make is out be in this for someone out about see know its a this like person many are that to the the at for',[start] tiredness [end]
being in charge of a project has subevent,b'the the with person his at its this s for a of someone up an be someone it as for know to that to have his at its it',[start] change things [end]
wooden hangers has property,b'for you live the at have is of a many is be from like is like for of by when someone out to something have more in something with',[start] very sturdy [end]
bottle used for,b'to see not be are on his environment from have its as to see of be many to might very more what its a someone in human have see',[start] pour liquid into [end]
plenary council is a,b's people food and then by treatment up from that are be an and very an part in people than it more its another many at on his its',[start] meet of local bishop [end]
eating has subevent,b'to do',[start] add spices [end]
footstool used for,b'by is with its an in very of part at with about of in someone as part his is an people someone many people the of your one up',[start] child to sit upon [end]
a fungus at location,b'that more have take have watch its many it at what might his something to make in to catch something very you his human like take with watch its',[start] dirt [end]
Brain opioids has property,b'to it to know someone s from very about person as like for its for your it of see what human that what be many more by be good',[start] very important in regulating social emotions [end]
One capable of,b'like the it the as you in on for in might do to make be this out of very at the it someone with more for both a are',[start] balance a checkbook [end]
wash your hand used for,b'be want to like want be something at watch its about you what that human more you watch more watch person be open watch in not his to human',[start] maintain good health [end]
go into coma has subevent,b'from who both with this off and to this who and are and treatment about at out person that very at another about both of on in you something',[start] close your eye [end]
older people has a,b'not human to that have want person to take someone what get in that might to someone you are watch with with another be human person it more it',[start] more experience [end]
bringing home some fish used for,b'be something important make take might about one person human are like both are its its some for one what you something with very some with a that a',[start] making money [end]
get some physical activity motivated by goal,b'with with to you on many your is in many up after when are in by you about an treatment the this is many you have in many at',[start] live better [end]
improve your image causes,b'when like like an when his',[start] person to like you more [end]
clamp is a,b'after its your both at you it have to its when what more in both both like like see by an it is on with have not some the',[start] tool develop long ago [end]
speaker capable of,b'after person be buy buy s are this about at with very be at for for very with to open a someone in be to very you it be',[start] sound [end]
thanking someone has subevent,b'what more a some someone that you its more have a you to very that its at many on a of both this on human like human be an',[start] shaking their hand [end]
human has a,b'as an see be to',[start] one nose [end]
Not all potatoes receives action,b'have it important know for your',[start] found in deep fryers [end]
QUANT_S_1 of the delegation 's workload fall to,b'many out them person an',[start] Mr. Lautenberg [end]
Going broke causes desire,b'',[start] return to work [end]
stop being married to someone has last subevent,b'',[start] finalize the divorce [end]
The time between human heart beats has property,b'many it you very give take be need for it see human for not person be something good some good some good person in know like some to know',[start] 1 second [end]
cleaning clothing used for,b'in the the on are like more have at its from be about of its this your of know of have are see more his some on some his',[start] looking smart [end]
debian is a,b'of of together of from cancer up of who to something that and out an like that from an his from part your and at a part with an',[start] operate system [end]
learn has prerequisite,b'like you making eat become might need an are for know is make on one as an have more to not have human more some human in very you',[start] cogitate [end]
Wine capable of,b'across in at with up many or what in both his about many be an after your both more one are like more something human someone very another have',[start] helps people relax [end]
the Eiffel tower used for,b'are some see get not that at the when make as an in one for are this by it on one in one very this many you very on',[start] promoting Paris [end]
communicate has prerequisite,b'have might like are it that in with you of to do for buy you something not have make for to its to catch very one to find have',"[start] talk, write or sign [end]"
Haverhill part of,b'something his an across many what you to at something your his that someone someone have on some on like human person to an at have both with on',[start] Massachusetts [end]
a lizard at location,b'that the people the environment people and like very very part an object on his an gastric your in a important an more out in very human its something',[start] a fish tank [end]
map not is a,b'on to give wear something for an',[start] true representation of reality [end]
perfume used for,b's by its more on are off in this you as across be it out by be some about by that in have his one some a many its',[start] create good smell [end]
a person not desires,b'to it music them as to to of when an for your in on it like human an through very both what that of that that that for person',[start] benzene overexposure [end]
a baseball ticket at location,b'be like very his out an down what at to what you for it the his another an across are his both for like something more one an are',[start] a pocket [end]
The capital of australia is a,b'across more new water more that its are it to not this at an are of person of something human something at another an you in that know be',[start] canberra [end]
their evaluation in the treatment of advanced gastric cancer remains,b'across of out new like have someone of are like about to know for might to to see have it not you what see an both his more an',[start] early [end]
kill person has subevent,b'by this an people that at this for your that like very have what person like one some very in many with his human like good its many are',[start] grit your tooth [end]
add up a column of numbers has prerequisite,b'by by to catch on like from when his treatment and s than with that part than with his it something as a of both his one with like',[start] find a calculator [end]
tan lotion used for,b'it not not human watch person in at someone it on some be that person for one from human this from with you on one human person as new',[start] even skin tone [end]
legal decision receives action,b'it on another his many for this to what you',[start] make in courtroom [end]
fight war has subevent,b'to catch watch its watch s of that it you are is like of with many one in see another for are more its many not his to are',[start] a lot of suffering [end]
Democratic incumbents are very,b'not make get wear know what when watch out person it you music person one many its with another you in with some a people on its a more',[start] nervous [end]
voice at location,b'not something see get more out have his treatment an with many on a word that in it with an also you know someone as see some the to',[start] choir [end]
study of person is a,b'on s them you when to the off s many off of on what this for of something an it be one be some by the your the with',[start] science [end]
kosher deli at location,b'when to his know like the',[start] food court [end]
Sailing on rough seas has property,b'on many its by and after you off you like about the as of not both at some both for it that this and human human from its something',[start] dangerous [end]
get pay used for,b'when s yard hand at at about an treatment during at in from this by that be what be both its by human some your of more someone one',[start] earn money [end]
human at location,b'someone see feel you out to give know not take it want are that someone your you take a to the its open with to stop an an an',[start] command [end]
attend a classical concert has prerequisite,b'when from on one to you by system what like this to enjoy its defence that many by object have one something know a another by your more of',[start] dress heavy [end]
A hook is a,b'when and when at like by is through an by to very it on that when in an s many more are this an gastric be it what are',[start] a problem with a golf swing [end]
get some alcohol to drink motivated by goal,b'by out for one the his what in on most in part',[start] get drunk [end]
lizard has a,b'his someone have that as more its this on more as to at to it have more be that both the more a an this a something by both',[start] 4 leg [end]
attend lecture has first subevent,b'when on your one as of that is cancer as from very both its about you be it be know some something your at know human of you very',[start] find good seat [end]
school at location,b'',[start] compute [end]
corpses at location,b'in s healthy sentence files culture with that s what when of more out to are his very human many another with on more his a many for open',[start] a war [end]
ET capable of,b'like its some for the',[start] call home [end]
something at location,b'after to take might in for',[start] dinner [end]
the Ciprianis had received a subpoena to,b'the this the human have see want a environment to that his many an object some its the human this this his by your someone a work of a',[start] his knowledge [end]
my hip has a,b'are at are to an after that with another like the treatment many about another on one his of very with to open it something you someone like with',[start] bone [end]
tell story has subevent,b'with for to someone as what is about are at your and on a it it its are a you is very his someone your someone human his an',[start] announce story time [end]
Springs is a,b'to get person person with in many by the this to s',[start] coils [end]
QUANT_S_1 friends from as far away as Kentucky shared remembrances at,b'on them person for this you and in both as the',[start] the service [end]
Mr. Mica said,b'that as you someone on something its both your s to that on someone at human as by to something is are more this many very his out an',[start] irritates the other travelers [end]
selling your new book used for,b'across many important it very very this of all and be across person what the people many more it your on more with good for something its his by',[start] expanding your infulence [end]
i desires,b'have watch have feel want with you it more is need on its know its with in not on might might read by to it very some not some',[start] lie cheat and steal [end]
building a cathedral has prerequisite,b'are more your open person might both out in person you about his are person someone be very with have on both something person the your in some not',[start] much stone [end]
Life has property,b'through up in more this s through who are like at person from it at of all be human a at both human person up many as have very',[start] fun in the summer [end]
bring in a verdict has prerequisite,b'it at that on when have at its of see is very on your have that in know more that something its this its something you an not for',[start] deliberate with the other jurors [end]
utensils at location,b'from up the all on what your',[start] a backpack [end]
the next presidential term begins in,b'with a place one them someone your of the this down about this you for a his some out about your both some something someone be both very something',[start] January [end]
liquid water has property,b'have learn something be are to of make person more its an at like you get many something that might need not one an you watch like know might',[start] wet [end]
The availability of recombinant antigens made,b'to want be have the music in not both after in his many not at someone are to more to stop by it the person in not human it',[start] it possible to develop sensitive radioimmunoassays for the detection of autoantibodies on a large scale [end]
self-help book used for,b'someone one more one this cancer out his of for are like like know his part out to stop human be not an another your to its on not',[start] understand self and relationship [end]
A conquistador capable of,b'you want like the state an you be watch not its the when it of person your are more at some for to one its it that might catch',[start] plan to conquer the new world [end]
a drive used for,b'it have your very see watch as see the that by very his to to person an out something for someone have at have be person something you know',[start] testing a car [end]
a person desires,b'to know are his across someone have very are it person its see what be are might its see are both both this something have human your be open',[start] what a person wants [end]
pain causes desire,b'not very human something be',[start] have a physical exam [end]
There is a,b'might buy it you object something see something take might at his his have are of in very that the his have human it you with in human this',[start] a cluster of rose blossoms [end]
radio at location,b'not its the in some might s of its at more you that that know more with this person its very the part in all someone something with a',[start] refrigerator [end]
China is undergoing,b'its very play',[start] unprecedented economic growth [end]
finger used for,b'your some more all your what person an across his by at one person are not one in a some be another you one an for a the your',[start] tip over cup [end]
Someone is a,b'someone on more an for in of with an through very might that your for on are one of of by to a his something at like many to',[start] visiting Manhattan [end]
cream cheese has property,b'with as very love not about not what his across is the that someone about at not at person be on more are one some of many be are',[start] good on bagle [end]
go to get a haircut has first subevent,b'',[start] grow hair [end]
sometimes frame has property,b'in in many a you for more of are an when like of are you to an very as you more an with more for make very with something',[start] good than picture [end]
many person has property,b'from more more person his up it to his in very from this the by like what with that not one some with be you your the human this',[start] obsess with aquiring wealth [end]
many colors at location,b'about a person on for by about with you and out when that in of human about the on it when be his be its a like person with',[start] a sunset [end]
Fleas is a,b'for you feel an like of that at the out as something to about this the it a that of see with you have an have of more in',[start] found arounds a dog's waist [end]
she capable of,b'in many person good be to not be across that with more more in the s many it like something is very your that more your of both for',[start] scratch your face up [end]
A true story has property,b'through your in many to turn on there out s with many for to cook his person about at be for the treatment like to someone for person you',[start] non-fiction as opposed to fiction [end]
dvd at location,b'is with at it watch at something it like to on something a of the an about are by it its a person an you like this more is',[start] in dvd box [end]
dog is a,b'to music an defence like be its what more out something one something an',[start] usually about two foot tall [end]
felt is a,b'many about by from to see a off be this',[start] a soft fabric [end]
u capable of,b'for and',[start] read it [end]
person blow into has subevent,b'when what might know want that about in that it as you to at very for the with to cook like an after that at more someone his both',[start] instrument he make music [end]
grain at location,b'you making like you',[start] sand in spinach [end]
Peoples has a,b'with many all more someone on you to like might the this from an turn to to at in it of like someone his very more his someone not',[start] different tastes about furniture [end]
catching a cold causes,b'that when music be many you is might with many more its for know at might at in many his as it you its more this like like human',[start] you will have fever as well [end]
Humans capable of,b'your of many both for at at this off are like a your you that it one from to a that something as the be person on a an',[start] fear dying [end]
person desires,b'',[start] sexual encounter [end]
convenience store at location,b'what another a my someone as very to like are his by both by both its this it you more in more are not might that for another what',[start] city [end]
pretend has prerequisite,b'for at person his to an between',[start] learn to act [end]
workers in the back room chop,b'might are you you for someone at many as for more s from by know in at that more are person have not are be you for another at',[start] scallions [end]
That man capable of,b'the new it know its by an at your that its with that you be with with you as an you what at very person your some many someone',[start] cross the room [end]
The Golden Gate Bridge is a,b'be his get see find an with his through someone by of most it its one on one by many like many its not in be in in person',[start] a bridge [end]
Voters capable of,b'an what catch get learn a',[start] voice opinions [end]
get a job has prerequisite,b'at like make know very have have it at be might his to in tell be very make the someone is someone more his see you watch someone the',[start] go to work every day [end]
meat at location,b'its like something good work to like have his s its to a for the this when your about it not are might that a most of like like',[start] butcher [end]
discover truth causes,b'something open feel human both that might both like what its give what what more you not his many more have someone of human another you see something like',[start] become unhappy [end]
watching a musician perform causes,b'something not want a like need his after person human this and another not this for make that an both this your part what like someone is many his',[start] enjoy their music [end]
fart has subevent,b'are what know see make for its might someone by at is person an on someone your is for might his be watch to open might at his more',[start] drink skunk [end]
teach other people has first subevent,b'many as that on to to at that might of an on your like it as both are to a not in at his his many this about not',[start] find out their level of education [end]
riding a horse used for,b'through of at the',[start] being a cowboy [end]
bathroom with bathtub is a,b'the are be the the about your treatment up are by s it from be his his to a about something one of not of one in something an',[start] wash area [end]
beer at location,b'you an very good work with like you',[start] a building [end]
stop your car has prerequisite,b'that to music with person from both what when know for many of the his you to it on very human very that many both with see someone be',[start] turn off the lights [end]
play baseball has first subevent,b'through many you making find by environment the thrombosis for out at is in an steps some to human by both the state as it more your at its',[start] choose sides [end]
Starch receives action,b'someone with like something an on have your with at many for his more the an be very might it for at that someone the very not by both',[start] found in many foods [end]
polls put support at,b'at one have live open an treatment up when his during its as your you his be are as are is a about an most person of the that',[start] only QUANT_O_1 strongly [end]
In some cultures special mushrooms receives action,b'what might something human you have like be something one with see to very more very in something have someone many human his at see another on like at',[start] eaten as a spiritual ritual [end]
