source,prediction,target
person capable of,b'might might when an out when for when for are after for with who out it or your this with from at from is light up with what very',[start] jump over puddle [end]
hot and cold is a,b's or environment a together against treatment from in part as to get many type during that it this s their clothe is one of all that his book',[start] measure of thermal activity [end]
Yahoo flickr,b'are to know make dont a object and about many with for many like an have their what their in its do his its that more one is be',[start] an undisclosed sum [end]
walk around lake used for,b'and s as from with of its like your object of as both is its the this out s to many people the with what from many out from',[start] hiker [end]
land used for,b'something food s on it someone like you to live or it your work all up its at your this and one someone and more the in the many',[start] grow food [end]
go to a concert has prerequisite,b'and of together of an',[start] obtain tickets [end]
exercise has property,b'together by one than object for jam what his ahead at their and in the hand and of type its key out more on light this that day an',[start] necessary for health [end]
the Senator q u a n t o,b'might your at more might are of his about from off s at his s of from the that in on both the like two the you with more',[start] the votes [end]
wrestle has subevent,b'together or from s after with or members s heavy or heavy states and law or outside with treatment the key part many part treatment his clothe than more',[start] arm lock [end]
hamburger has property,b'when at two as for his down for about the of you have and while his its be out his your off you its like more your heavy by',[start] well cook to prevent food poison [end]
a doctor used for,b'out the an might find like to love someone very book their time in very have and the person out it an number of you an both his it',[start] maintaining health [end]
newspaper is a,b'on when be its in for it your its an are and out that of it is both more s their is their his an treatment the you have',[start] document [end]
sea has a,b'to his it for while as',[start] seawater [end]
a Hard Lesson ruth mc mullin,b'out from in as to look who room than good many be country their ground for food the world as this and with for their an country to food',[start] the newly formed Harvard Business School Publishing company [end]
do housework has subevent,b'on your person one while all with it an off about with of light at than to something more very is by their it from of many to be',[start] wash window [end]
rock is a,b'into like on than to of out by is it their for to get it out be very object is this with on is to its very light on',[start] solid object [end]
cotton at location,b'with and an or while your than an together who up at than two its of all up what what his is while all for its to the you',[start] a field [end]
hayker is a,b'the be look someone in two be to that',[start] hyiking [end]
er diagram is a,b'when s at what someone what like not',[start] conceptual schema for database [end]
holiday shop has prerequisite,b'by someone many to',[start] save money [end]
Everyone including Angela Vaillancourt new york,b'in that his about his to for something to for that something you are while what very what by from many that two by your the that to an',[start] performing to street noises of robberies [end]
a glasses at location,b'be feel might not and have in are are the for you you out very is what make that the to very to find their do that not light',[start] a nose [end]
a public university be located,b'like person the both many as on this its at have person all what have you not very that what you dont for is someone an on of as',[start] in the city of Sulaymaniyah in Kurdistan [end]
rem-dream state is a,b'when you make the after an s an',[start] neurologically and physiologically active state [end]
ducky defined as,b'to might to like in very for their into in as that it for as and you be on more that very are someone to an after what something',[start] rubber duck [end]
reading a magazine causes,b'by someone with up of their s who out to not what you with out from for two all many one what is in be something it of their',[start] to take up time [end]
finding the truth has prerequisite,b'to to something when an into you you down that off their out off all is is as more with his out more that from be an both his',[start] investigation [end]
dance motivated by goal,b's of world at and its together what',[start] bring pleasure to guest [end]
attic used for,b's of disease for key and well its culture cancer down about this cancer off their religious in treatment on in your heavy your culture for treatment at your',[start] storage [end]
bathroom used for,b'it at play his when in and your by the while what light to have his with at at as on both you might person than something what it',[start] groom [end]
be on time is a,b'your you his from more what what not to with about more an at might watch the an at have this at all from with a light an your',[start] good trait to have [end]
building a cathedral used for,b'',[start] wasting natural resources [end]
something at location,b'a in water at an be up to go something his not with that get someone very someone are a are be do something that have all many with',[start] end of it life [end]
pay cash be for person who desires,b'and their person its',[start] avoid pay interest [end]
most ameracans not has property,b'about them with you or its you by that and across of by its heavy its at them who as his while as more light as all into an',[start] fit [end]
surf the web has subevent,b'his your watch be at you by be into at like of someone their when in this the both you with the like it of what their light someone',[start] use Mozilla [end]
an article in a magazine used for,b'to can on their up his when with of it for on in an out with by out an treatment and both is with to many it that with',[start] reviewing a restaurant [end]
drug has a,b'something like in from on from out for all s their his on by might money s by their at and to the light very of and them someone',[start] medical effect [end]
lizard at location,b'out with person on the something by it at to own light on this out with all many light at from person it it to their and very light',[start] country [end]
A rainbow is a,b'as the with watch your the that that you have something of that be are this you you very for of is very someone at what to that your',[start] a multicolored light arc [end]
bathe has prerequisite,b'a get a the together with all on one during many while part his as be that you for for his out in more up from them the like',[start] get undressed [end]
03:03 associated,b's of in their into be of your object as together the states out in you both part for light and the self is an problem the state to',[start] with Fulminant type [end]
many kind at location,b'on',[start] model [end]
breathe some fresh air has subevent,b'together by your ahead is gastric ahead of type of one for problem people of as one what its book with their life type an item in people and',[start] feel good [end]
electric fan at location,b'of of book of what from in you about all is what about you it your you like an be might this this of with an to what on',[start] home [end]
bring home some fish motivated by goal,b'off food day treatment thrombosis off inside key key the heavy on with at all that people is book or this of both many all s treatment up from',[start] fish be good to eat [end]
go to work has prerequisite,b'be might a for someone that up like to to their s are at more at is in to someone from their as your might at it by have',[start] remember where you be work [end]
most case of sexual dysfunction receives action,b'from to about very might by as like in by with in to on with of all with its to very for be up on this that about out',[start] cause by psychological factor [end]
Older adults may experience,b'it do its the treatment to have person to something something you with that very his them for person in many to the their very an the for with',[start] both diabetes - related barriers to diabetes management [end]
a woman french huguenots in,b'your the it it it with about its of many after not you that in with their that that with out up you someone this up this to with',[start] a portrait [end]
candle at location,b'after what',[start] candelabra [end]
pretending has subevent,b'to make to very on his when buy with on about have have by not it an is what your it all who his your are as be on',[start] put on a costume [end]
eat apple has prerequisite,b'are money take do light light the while for to play out for its watch something and what watch many to work and your many them about this it',[start] buy apple [end]
talk to someone has prerequisite,b'up you to with about by its s of very after as its s is the at both be on more his like someone many as your treatment their',[start] speak with them [end]
a kitten at location,b'as to might be off about more about for out of of your together off is what out out his associated away off you both with it in it',[start] a veterinary's office [end]
cowboy is a,b'might to do for the down what are s to their of is s to that his when to dont be at like out be more more their and',[start] part of oklahoma history [end]
criminal court capable of,b'a from what something what with like it of what about what with its all into at of person up by it this from a their to its of',[start] pass sentence on guilty person [end]
bus used for,b'on s that on your into is and and for up when an',[start] mass transit for city [end]
attending a lecture used for,b'',[start] listening [end]
The results support,b'like its person that with their his his are by about for many an while might in out its very this many from this is with very their with',[start] the hypothesis that there is an association between signs and symptoms of CMS [end]
androgen receptor variants are thus able,b'you look store all about its it and to be after his by an after have someone this two more all your are all someone out of many your',[start] ligand - independent [end]
calorie receives action,b'with them people all away out by and with all and what in it from on his about more this than both or to very for two more very',[start] obtain from fat [end]
man become angry has subevent,b'out s after the ground the well treatment ahead them disease as time their place type his of a food the music your day their different all out you',[start] he crush paper [end]
paper at location,b'his the you of a through an for as with while your are about from of from it from one in both it of both one their two on',[start] ream [end]
a desk used for,b'your for his like that its its you down someone by as something his by by out to many light an it when your be your his what have',[start] putting your computer on it [end]
bontebok defined as,b'up something one a up while for and to you in your in all off its on at more what what about one your person to very his an',[start] Damaliscus pygarus dorcas [end]
budget be balance has subevent,b'are for food disease by them its might it your with very be two out is more that not someone all its an while of it about by many',[start] deficit be eliminate [end]
his or hers birthday causes desire,b'when about them s by about that the his you up as as on of two them about about up about as it at for what what to this',[start] buy something for a loved one [end]
Kanun is a,b'like the your when for',[start] a stringed instrument [end]
lying causes,b'it two for from is up out while for to might become up with many many out its many type with that have as new than at be very',[start] problems [end]
Judith O'Savio is the president of a 29-year veteran of,b'into its on to get something and about very his are by the be object their and as someone out out many both its like is their that many',[start] Westchester school music programs [end]
someone at location,b'into person car object disease of food off on chinese by on an',[start] baby shower [end]
you capable of,b'the watch with an and s at that while very you to on what like at in it many while you more light than a both more this about',[start] learn things by listening [end]
salt causes desire,b'as you your to your cancer while all treatment your s s of part its by to are to in in a part its at by two your very',[start] drink water [end]
find lose item has prerequisite,b'at it an off is out for to an you the its what all when of all out the more by light you their of with them with this',[start] ransack room [end]
a bus at location,b'from of the it two for as it or about in them on on many s in your and it what someone with and an be two from more',[start] a city [end]
someone at location,b'while very his and in your or to something to s his to at it his into his for of on it very many that be on them when',[start] barbecue [end]
slap capable of,b'up you watch his that his are his the their for and you be for that by their very in by is the both this for both on on',[start] amount to assault [end]
go on vacation has prerequisite,b'something have get watch their your after someone up your them its you like your to live you have you their good very both what for for make his',[start] research transportation price [end]
smoking used for,b'that to his to their',[start] impressing others [end]
see movie has prerequisite,b's',[start] find out what be play [end]
lighting a match used for,b'after out is both at be its while be might you while very person be something when what at the this many light of their this from an of',[start] burning some wood [end]
have asthma attack has prerequisite,b'are have do your them is out the it many be play very its to become watch and to wear your something on both very you have what to',[start] smoke cigarette [end]
shop has subevent,b'of from is and by for than of or your disease is and for be is into about with many from its on both it with one of to',[start] one sometimes forget what one intend to buy [end]
Koji Inagaki is,b'his its to something on in s by s you are to an or that about for you their many on for its from what that you it more',[start] a 25-year-old unemployed security guard [end]
debit card used for,b'you very at in out to be you that not and and might the with are what might an an more an more the dont like the something with',[start] pay for thing [end]
person not desires,b'it someone to are out of with all and be and out off the very of one into it from it to take this as in one that on',[start] t ofeel bad [end]
A photograph has property,b'in for something on what that',[start] called a shot [end]
a hair roller used for,b'off and of the you at',[start] styling hair [end]
sail on the sea has prerequisite,b'it two like might need be be while not at more what its your for do you more their for their might his of your for to two your',[start] sail a boat [end]
overweight person capable of,b'be its in on out at like is the that his like are the are on in that his it all that make all for two that for all',[start] burn calorie during exercise [end]
soy bean paste made of,b'to might something someone are your in to something with when the after to for at for what in many while light up your many all his his their',[start] soy bean [end]
going into a trance used for,b'his his become you of both or is s',[start] Regressing to a past life [end]
accommodation receives action,b'it the one to might for to that from about with this into of in it with at you by this your many and from both very by at',[start] determine on case-by-case basis [end]
A hand capable of,b'as is two its and off in you into more out that be of their into at light one or all in from is two the associated up all',[start] hold a ball [end]
Ruth Bader Ginsburg is,b'by your many many your you out and be into their his are might be like is have their are have one what its by on on many its',[start] Judge [end]
people at location,b'with more to on what to while it when on their off their the at the as at be an what by very one in in as at its',[start] at an airport [end]
A girl capable of,b'that be you not someone by for something to about on on their like like an treatment be what more that very all and in that an more their',[start] join the choir [end]
Sushi defined as,b'while their that not your when their is with in both from at while their you and be about at an with you the all into your gastric what',[start] Raw fish prepared for eating [end]
a chess king capable of,b'its their with both is are it have the very for the an out and might have as you to see of its two something his are very on',[start] move one field at a time [end]
everyone's ears look different - capable of,b'you his something someone an off the be out for out for in light all from as like all away you his more be you and at an very',[start] like fingerprints [end]
Most of the recommendations were related,b'might be getting that at what someone like about is might what for an are of an and by on what is it it is light many to wear',[start] to obstructive sleep apnoea [end]
vestment at location,b'that have is on in is the be not out like to buy might buy an might very you very might someone what light it very in all very',[start] in church [end]
Heyman is,b'up on up more up by his are the its very on like more many for to an and it on this as two as you from its what',[start] male [end]
competing causes,b'at and the that by your them and of for what like and in by that it more on from two the in by at his like on from',[start] jealousy [end]
system used for,b'when by that something as that cancer by from and of very their are more or this out than by to your to your with them and their your',[start] particular purpose [end]
theater ticket used for,b'to something to about many at their by many at to on its at at from two all his your what of its be you is to that it',[start] get into theater [end]
an ocean at location,b'into up it many of out into s his this of with that to its its the out on someone his all or the many you their them in',[start] the globe [end]
cell phone at location,b'while up his his on of into and their that',[start] shelf [end]
paying by check has prerequisite,b'of a about many out on be',[start] a picture I.D [end]
deli restaurant used for,b'from up food on to on in when as its his after like up many you what from light you what more light than to make about out when',[start] hungry person [end]
Everyone 's polls show crime as,b'of a that of that to its cancer after what more with at at by than for the treatment what that while out on and by light be all',[start] the single most important issue [end]
stool at location,b'into an with a at like it his into and you out as their while to like have them is like for it with a you not many from',[start] specimen jar [end]
spaghetti is a,b'in like his that might very his into like what is something something up more by his from is their on many in the heavy someone of more its',[start] a form of pasta [end]
ride lawnmower at location,b'of s between to like your to out what its off up an',[start] garage [end]
remembering causes,b'with and of of at that of part when on with and your with more more away out into the your on is many your by his that people',[start] realizing that you had forgotten something [end]
person desires,b'the the the people what not',[start] stability in his life [end]
make up is a,b'your about',[start] compact [end]
The goal of the basket-ball is a,b'like to like will about someone you together to something more up on be like from from of to dont their as an an object from what many by',[start] a basket [end]
a back yard at location,b'and in you off in his through it like',[start] a suburb [end]
a stick at location,b'something money go something food on object to call with and to to an very at light all in it this one be that your in that them more',[start] butter in a grocery store [end]
attend a classical concert has last subevent,b'something their play an after have the both is this your water or many more that like have on the all be his this you its your in you',[start] applaude [end]
People get into trouble if they not capable of,b'while people at for them of many into one to something who in someone while people about out than type your be part his many the that in this',[start] pay their bills [end]
you capable of,b'something by many in might be it like its it by at the you you feel your on something you for in a in something about one many on',[start] buy all sorts of groceries there [end]
A lucky charm capable of,b'might very is about like of by out many off his treatment it out by you by your when all what you the as two at on in be',[start] give a person good luck [end]
one book of bible is a,b'to with',[start] psalm [end]
seeing an exciting story causes,b'from off by all their after after out in one treatment the both in type that key as on the in in you like his your food it up',[start] sharing that story with other people [end]
mat in in front at location,b'are someone more very you to are many your object more be very are watch in an something more two it a all be you have what with light',[start] door [end]
playing games causes,b'and is for very for is through what you s it up an treatment from two an what this of many very more with you your more that on',[start] fatigue [end]
Cheers receives action,b'like on a something his up as like as an after for something more to getting many their this many about out his at as the them who its',[start] set in Boston [end]
adjuvant chemotherapy is recommended,b'of with from more the about you while to are from into an to what his into and his and both with someone that from light more on as',[start] for patients with lymph node metastases usually [end]
go for a run motivated by goal,b'might his someone to about have what that off at to of all who something out about an and of his what an it its you their that by',[start] exercise your dog [end]
The capital of Svalbard is a,b'your like the about both your of one away is you is in people of it on its is like by from two one on it someone very an',[start] Longyearbyen [end]
dog capable of,b'your your of during up of than be that up and many or in out for and both than with their in be with than one by many light',[start] be many colour [end]
warren part of,b'to to with more when out than is',[start] ohio [end]
the man receives action,b'you your like very for his the might your on by like something you you a to his something many its you an with an s their someone from',[start] raped [end]
have heart attack has subevent,b'his on people to s the the off s to of it up this many of their as on what like your treatment all on his and many from',[start] you feel pain in your chest [end]
eat apple motivated by goal,b'something light for all for that for an together on from for your them about be in for water by light up out s his with their this as',[start] you be hungry [end]
flower on your table has property,b'like a a with about with his on with you in two your up on all what you to more its watch that to do at its person like',[start] nice [end]
know if you healthy has prerequisite,b'from be play play the up as its into s it what something and your of and his of both about at with at it its with both many',[start] examine your breathe [end]
592 ( 31.6 % required,b'up that someone two by and down away for an out by an',[start] ICU admission [end]
lot of person receives action,b'off to your and s ahead an problem or pictures treatment for water about this outside with and heavy people s his object an pictures at your one disease',[start] scare of reptile [end]
going to school has prerequisite,b'a the the be the might and or very when its about at its might that with that that that all when many more to his out many this',[start] motivation [end]
The coalition is seeking to have,b's for both from his on into and year s across out with to not his at from type more its expensive on the clothe it many out of',[start] musicians paid directly for use of music online [end]
Tactics is a,b'by your an or their up or about this you might an on be not be at your with for his into of your what something on for an',[start] the means and methods by [end]
An arm is a,b'that from someone by when at when out up by from is an treatment this many it on for your you the be this the this it in their',[start] a useful appendage [end]
deja vu at location,b'to on very your them an with and at at at his',[start] middle [end]
volcano at location,b'something by someone you that are it than water about from very watch the television its an associated more two an that many very both the be it their',[start] top of mountain [end]
a coin purse used for,b'from out',[start] keeping excess change [end]
get drunk used for,b'a be be make not make to together or make off its treatment and heavy to sure like not all what not on your that its many many it',[start] person with mental problem [end]
god causes,b'and a to get very up many with and together together when be of what be his who that by it what very what its your all from from',[start] miracle [end]
cup has a,b'your a like his of at more an like of many the and your as a by more and many what on from someone very as at his for',[start] coffee [end]
kiss causes desire,b'up them and what the its after s and be object an from on it in as many by than light to two in is this with both people',[start] help someone [end]
Very elder humans has property,b'and your an with and be',[start] feeble and weak [end]
agents capable of,b'and it you on something off an cancer of your to might of of be on and from you are this about than your to like on all with',[start] list houses [end]
glue stick used for,b'from about in be and when be after is is while when out out s be at that is for one be you like as what the and part',[start] glue piece of paper together [end]
visit museum motivated by goal,b'you that buy light very off is are from to up on from from on as of both your by for in an out for all for to someone',[start] it be good artist date [end]
going somewhere causes,b's too hand out and australia of in cancer item and cut after people treatment disease cancer that finger with as both part for two from and an day',[start] really get lost [end]
comb your hair has subevent,b'something them that watch of with be very object while them out as very in the ground s new during it you what as for someone to in and',[start] look in mirror [end]
Egyptian pyramids has a,b'are it you its in a as be be person and play you get like its be watch have watch for take see in might be their for an',[start] rectangular bases [end]
compete has subevent,b'that of in people more that in with in them s very into it many to his be are be while like his like its of very their of',[start] poor sportsmanship [end]
unite state is a,b'for is might of s together disease inside s for of it while is while its an for in and treatment your away or at both all while to',[start] same size as brazil [end]
irvington part of,b'while be more that its it while on for his what that is s both an what is have with have a what very two it when all more',[start] new jersey [end]
person capable of,b'',[start] learn until they die [end]
cutlery drawer at location,b'',[start] your own kitchen [end]
person go to work at location,b'what',[start] subway [end]
cold weather causes,b'your by make do the something in someone for is his is you out a together by new his on to both that from person more one with many',[start] frostbite [end]
The oilseed radish can be grown to scavenge,b'up them off with its what s his be that what its an',[start] nutrients [end]
most child not capable of,b'into might something your down in away off by very that s this up their to more about very gastric on it on someone it to wear be more',[start] wear wristwatch [end]
driveway at location,b'might',[start] car [end]
a QUANT_S_1 caliber Daewoo assault rifle is,b'to need at to on s its',[start] QUANT_O_1 of the weapons banned under the law [end]
horse at location,b's off against type type key problem outside problem of on the ahead at states in it disease this out an the object as for that person his united',[start] field romp [end]
a saucepan used for,b'after one it them at very up from an after during to people from it it into in light one many with light that your that you very as',[start] boil vegetables [end]
pie la mode in french defined as,b's too their off its',[start] pie and ice cream [end]
buy something small has subevent,b'about when arrive or treatment the s by an you at all of on in what is more on their type for people all you at and treatment and',[start] you lose item [end]
a head used for,b'after to their as as on like its be s the for people or with for all in the by his its gastric than both part to have an',[start] making a lettuce salad [end]
children capable of,b'off against item than very after in for television to be clothe and in on your pictures be white about on that world an at at on what about',[start] love [end]
vacuum the floors motivated by goal,b'on than more his cancer after your about in the after that an or very an out in on that that an you and its more with one for',[start] do the housework [end]
horses has a,b'the for and to like about from are of this the its out the to not both than be this to the more light the with a an his',[start] served humans very well throughout history [end]
A star capable of,b'out in their be might fun his expensive their room and music away by all at your water its money at all on with all this more with and',[start] guide a weary traveler [end]
thread on nut or bolt is a,b'with when someone light in his into like its from about that is many it many all is their with about is and part that from what out and',[start] form of lever [end]
earn live has subevent,b'of his the that it the as to after for your by of is that out many by in both who very to very to something up many its',[start] prepare for retirement [end]
large item receives action,b'of from in for out than from by of its off an',[start] haul to recycle center [end]
divider at location,b'out of your after by a ones s treatment between object from their their world in to state it this this type in and to the water for to',[start] street [end]
answer phone has last subevent,b'on an with from in into up than what more as is their are all is is on two for from his with them up the the more one',[start] hang up [end]
person capable of,b's through self defence than m at by ground on that gastric into one from out to people off his of you two and all type away by with',[start] go for trip on their vacation [end]
have haircut used for,b'be not it two someone it what you a in what to buy very make at the your like person more it the your an watch that make you',[start] tidy yourself up [end]
playing chess has subevent,b'it light them their into the are someone up that are someone very that do someone to wear you you be to in light his is it it you',[start] tension [end]
storm capable of,b'of and with and the like in their treatment of its s of one is for all into it at and all while at their for that from at',[start] move west to east [end]
buy hamburger has subevent,b'at in have their up with to have your on your be out out about his is this about to what a two someone a as with that his',[start] take restroom break [end]
lady capable of,b'',[start] kiss pig [end]
basket is a,b'might up his be up in s into more with and you out your from is what the what someone that might your his more many light at be',[start] container [end]
Humans capable of,b'might to will like something at at as s out you like be are something have who on what about more their have all about your more for in',[start] taste with their tongues [end]
play ball has last subevent,b'together down and and characteristics item after sentence along treatment',[start] go home [end]
first floor used for,b'his are his the s you that something all and his together you in by this an be have with for at have by your its more from and',[start] be beneath second floor [end]
automobile capable of,b'out your in someone their at might fun on you person is be watch the world what his fun more all it more than in an money an hurt',[start] hold certain amount of person [end]
dying causes,b'from an and treatment from as is up and or and their its this s up who like their and its the very of part s for them out',[start] an object's color to be changed [end]
buy christmas present used for,b'something something all many you',[start] make yourself feel good [end]
Flossing your teeth has property,b'that the one more an are at the after you of that off on an his who in all to with all s it of two what many as',[start] routine [end]
person desires,b'you get need in might wear from might you go',[start] be treat with deference [end]
politician capable of,b'up like at the off off up of this his at on treatment an at is an from be on from for one you more the by at all',[start] agree with voter [end]
food at location,b'to when in might and be that and and in it many as of it is into and this and by you something all and you for you while',[start] bowl alley [end]
Members of crew capable of,b'by that you what what many for not on of from something someone to like is the the an with light to might set that of someone very what',[start] row a boat [end]
glass of water has property,b'up from from his in s his gastric his from be s his gastric more to are on both for the object than is in two by the both',[start] welcome on hot day [end]
person desires,b'at of type with away for out to and be from is is many the the while people more many an that it them is is many many the',[start] their mate to find them attractive [end]
get angry has subevent,b'its at the by with of the when the for for the more their from are one many that with in the are all more for in someone at',[start] yell [end]
billfold used for,b'it person state out this food an his in for not that in their object of on of by this be food in and at to something more all',[start] hold your credit card [end]
have a heart attack motivated by goal,b'of their type up or in during from and on disease the',[start] smoked too much and excercised too little [end]
gather energy for tomorrow has subevent,b'and the person on at you or while what your from your down from be your on to both more while it for with them at be you might',[start] rest today [end]
play has prerequisite,b'together than out what need in chinese about your treatment from self of their united in is state on part of and states an with a at his heavy',[start] learn game [end]
person not desires,b'something have wear be for an be need when wear at you that in their all all from do what do on the your object their on people for',[start] be drafted [end]
cow capable of,b'up in money be up while for that like their about as on light for it all his from than one of what you might something you have that',[start] quietly [end]
Steak used for,b'on an people them all for like more be of at many about to be his for as it you up it the while to like light for more',[start] eating [end]
you capable of,b'your its for what to your about someone and to your while be are more to two more for like two more what be all up and both from',[start] act upon it [end]
telling a tall tale causes,b'for by a s both in for more what about it it is might what the object on out many on that two their more many from all someone',[start] laughter [end]
Tasmanian tiger defined as,b'after many more person an to to something something to his that more to that be and at more his like on a many its their this as very',[start] Thylacinus cynocephalus [end]
tickling used for,b'as that in its what an and across is their on their is like all than in by light his like someone be light on it out at your',[start] forcing someone to laugh [end]
gazelle at location,b'and as one is at while many up be while when as is your up be on it all by an on for what and one when many by',[start] asia [end]
disk is a,b'after their human is to people that treatment in by across his like from treatment when this away of that it you it very that very an and its',[start] flat object [end]
Maricia Melcombe of Stamford is,b'of of type a from its the the together together',[start] a sister [end]
William Shakespeare is a,b'into at an or it is with its its both',[start] a playwright [end]
relaxing has subevent,b'be that many not to out as while in more as their their the out it up its someone all be might a on it light that something light',[start] drink lemonade [end]
car capable of,b'like something store an',[start] hit cliff [end]
course receives action,b'something them for for and on as in you for many person to his with an key them someone more of and and the new off this one you',[start] offer at college [end]
not everyone is a,b's player the weather at you well and world into on in very ground while its sentence you australia away treatment that people it on all that restaurant their',[start] from america [end]
bridges receives action,b'be do it work with its as his from might the be very for all the in as is two an',[start] constructed over water [end]
An engineer not desires,b'might it to',[start] a chaotic system [end]
Lifesavers is a,b'out his you together out at your place its good it of of all than state them that food you them all or with his for of very water',[start] a necessary item on any boat [end]
an accordian bag at location,b'the it with by by very you of from on at not while what more their this who watch the on to make about very light by by to',[start] scotland [end]
buying something has subevent,b'might with what from from about its for and to what by to with out',[start] work with an agent [end]
diesel has property,b'the very it its with it as something what and with at one for people its an from his his all out out is as two on you all',[start] one of many product of petroleum [end]
i capable of,b'out a that something all that its watch to getting of all you the state that good off one for your their country from his this very this two',[start] light match [end]
someone capable of,b'while more at to together from in also and very after for more disease at more treatment your his out its many the of on from is this from',[start] paint a picture [end]
Her long legislative record of expanding women 's rights won her a large following among,b'the your one from you of to off by their about an be s that to in of that as and that not someone many very his of your',[start] women [end]
red meat has property,b'the very one what at for their his in at you the and and to watch more of in with light and its is on what someone their is',[start] high in protein [end]
overeat causes,b'with with your after someone it out an as is and on more up his s one when to might in in people all more its many very from',[start] poor physical condition [end]
you capable of,b'up than this people or treatment ahead an',[start] ticket to enter event [end]
restaurant receive used for,b'a a your from the that',[start] intake bulk food item [end]
commit suicide used for,b'its to very are out you might at his or with with all with its as very the this with very both is one on of very the your',[start] person without hope [end]
a ring capable of,b'for about this all it its as by about his like to their of more for at your s it your about that with on your of by to',[start] fit a finger [end]
seeing exhibits causes,b'his its look all very out in that up s s your while at their very at them is and from you two both someone someone of what many',[start] surprise [end]
hospital patient not desires,b'together after religious and that law during with out for',[start] be forget [end]
sit quietly has subevent,b'on in more is be about an from his on of the off that for his when all your about light of more very at you to it is',[start] look around person [end]
a stringed instrument at location,b'its the have the while at what have up that up is more up it you be to that by with like with one up for their what it',[start] a string quartet [end]
most common hat is a,b'',[start] baseball cap [end]
go out in public has subevent,b'you a want make person their it the like is of see at watch be in very in watch be for what in to take a in it an',[start] you must be dress well [end]
mankind believes they capable of,b'to very very that with like something its up on when at for by with what for the are it by his and that what very with and for',[start] conquer all [end]
mont blanc is a,b'that that on than for your with about by with from in out who when for that very of many away out his and what to many more on',[start] mountain in swiss alp [end]
waiting tables has subevent,b'you something many all as in for many when someone an what about one be like as what as have by have you you in someone have more an',[start] fill water glasses [end]
the roots q u a n t r,b'what at very while while from at to',[start] the moment [end]
have checkup has subevent,b'at more to what their while be when be its off while like to an out its like in more all very at a you that your like something',[start] you get pill [end]
send e-mail used for,b'by with as in out your its at be might at this it what like to to the gastric all be by with you his this up a all',[start] communicate inter-office [end]
a street sweepre at location,b'at at an might might is to out many up about out who many that out or very of people its your treatment s where them on as of',[start] the street [end]
Curtains capable of,b'into that an from his it many you be to have as his as someone to the of an s to do out the heavy them as someone out',[start] block light [end]
molecule is a,b'for like of type than his be by with their to their up that it their be your s it by very as his many their with all who',[start] small amount of chemical [end]
play lacrosse has prerequisite,b'to what will not make watch with is feel is after with you not to might work like someone that you for you be an something very this with',[start] have net [end]
take bus used for,b'something new book and by out the be ground of his in and on someone this or that money that very you that you this your at his them',[start] poor person [end]
french restaurant at location,b'like will in at of while like like many by by at on while two on who on on its all as is with you out about one your',[start] many city [end]
seeing your idea become reality has subevent,b'up on out by it up away you together of that when them or on out in your its many the food many an his on this s this',[start] the feeling of accomplishment [end]
maintain good health has prerequisite,b'while up from s with the treatment for their his down your treatment at for in from one their and and one with out is very both the it',[start] get more exercise [end]
embarassment is to receives action,b'from your this one at more as into about very down into of it very their who this as light its this while and as all many for two',[start] avoided [end]
in anarchistic society there is a,b'into at more than something it more like many their for them who that this more all is light an like have their very light their his the the',[start] no leader [end]
the role plays,b'your the the on one of is might go someone for many for very its it his about many that you the while a have in and light is',[start] compared to the whole range of old treatment methods [end]
tying your shoelace used for,b'by their two like that and when the the while',[start] keeping your shoes from falling off [end]
a grocer used for,b'as out be its on that like very that when its of to both for in in its in for its to at an to it to do you',[start] Fresh vegetables [end]
television view has prerequisite,b'of his treatment treatment item disease on that together from its across from treatment or for very this cancer type s by than type and his by the united',[start] time [end]
guard at location,b'the like their person by might on by your while at that as that of his is someone your on and both at to it someone the and you',[start] military base [end]
fortune cookie has property,b'when the not person by the gastric both is when to that that very to watch its be an be might it two your s with both while light',[start] give out at chinese restaurant [end]
going for a walk causes,b'of in for while for at you out about all of all by from out in this that for to in you to it that its more you something',[start] enjoying fresh air [end]
willy-willy is a,b'be to something your or your about an s very as that the and more when their from light by from to something very as two this by have',[start] dust devil [end]
works of art barrel madison avenue,b'at his make at and its after up up what an what their their at something with on the an are more what at with that by many more',[start] last week [end]
this legislation is,b'in in work about their about the for might to its their be about for that are be of from one as of from you someone is is of',[start] important [end]
Canada has a,b'be for person this that when more when out it the to the while what by have have by on light this are two from more their as do',[start] six time zones [end]
know how stock market perform used for,b'you very an to of on by not about at of more and more than do for to it your the for like very by two than person up',[start] technical analysis [end]
eating quickly used for,b'about their both by many that s into in by s all by someone at with for their be as both by that more their many what this on',[start] airport food [end]
love defined as,b'your that in that what is to its after at their while this as its are at light of both your you it light your both one more it',[start] strong feel there be [end]
dress nice motivated by goal,b'like be a in about more an off in all into from more by do something that about of that the this this your your something to to wear',[start] the men to look at you [end]
the major carrier be serving,b'your in like to your on the too to and are from in his out about about to set many and from with it light it is with all',[start] Las Vegas [end]
train engines capable of,b'on its something light with them or be it light by be s out this treatment with on all of for and and an out away its by someone',[start] operate using steam power [end]
cat not desires,b'its have work their when for on very that to become very that you to your watch what of its light an both out their two to something for',[start] live with dog [end]
movie is a,b'a a in at you when get their and you be be its as of at at for many you by to you to buy when a be their',[start] series of picture [end]
revolution made of,b'after its very something is of for by their of and all and it all that be the treatment you very the type that that that the an be',[start] sentient be [end]
celebrating has subevent,b'together the it very heavy',[start] honor heroes [end]
'Life With Dexter' is a,b'something the it more is its while both all like might a for at as watch an you have a out be many its like two as light to',[start] a comedy radio serial [end]
destroying your enemy has subevent,b'after on what its while someone your the its an you that out with from all is by the to the expensive at all out his more than be',[start] you might get hurt yourself [end]
water has property,b'off in be something all treatment what a ground with from them the the pictures or with you you this s in more with as it the succeed with',[start] transparent [end]
tape television show has first subevent,b'might get their what you you off very together on its are as their out up by all that something what all this be the person be with as',[start] program vcr [end]
giving a gift used for,b'with and that be from your of out between out at in what for the both treatment their their many to it them the it as from an as',[start] charity [end]
Stephen M. Cutler was honored last night at,b'after to someone when and at and the key you after out up who an like from light from his what to be at the to their its you',[start] commission headquarters [end]
a manila folder used for,b'up at your that what an of at many as you about who many very',[start] filing documents [end]
"Tested is past tense, testing is a",b'your it make you',[start] present continious [end]
Debra Anne Klein is,b'while on all their to what it it might might not might for to you it something its its from by like something from as have to your his',[start] their daughter [end]
a nutcracker at location,b'its his set its at on with this while an with many you its by out your with you out as be more this their be be to in',[start] a store [end]
go to sport event used for,b'might that at is after to or about is might need for his an you a at like the as an like someone with very it more in this',[start] cheer your team on [end]
Someone capable of,b'your by you with for his on into of to at up to what that out that its all is more from someone at on on at with with',[start] plan to go to the movies [end]
Large dogs has property,b'that his be is s what that are on it by your are all be that to see on their at what someone something as what that someone you',[start] affectionate and gentle [end]
eat has last subevent,b'by more light more at what many have at very be when the s where from someone its their their both like one be like in at and like',[start] swallow [end]
semen at location,b'about a ground at and on during an',[start] a porno [end]
A person capable of,b'its it watch look many at for with very',[start] learn to read [end]
exam table used for,b'be for might look is',[start] write exam [end]
penicillin at location,b'like do with you up while many his down in you your like an what to buy and do many with this your might set their is have for',[start] cabinet [end]
some dogs desires,b'as an all people on in on your like for with its as and his that that be out about at the an for two light light this their',[start] fetch frisbees [end]
gun capable of,b'',[start] kill you dead [end]
March QUANT_S_1 Revenue QUANT_S_2 q u a n t r after,b'to about out his',[start] the latest first quarter Hope Brook Gold Qtr [end]
making people laugh causes,b'in very work light person your that',[start] the atmosphere becomes lose [end]
write a poem has prerequisite,b'with many its to what what the with one from and with his about is you in by by be this on as two it many it by its',[start] get a pen [end]
spit causes,b'for by their you',[start] fight [end]
open business causes,b'are light their be have like your in be it by all is with an on that you for that not with as that to two the an have',[start] make profit [end]
write letter has prerequisite,b'and this be while all that',[start] buy paper [end]
american life has a,b'something person this their while like very might more while your to you want the the be to an succeed someone have good you you be their be two',[start] get way out of balance [end]
see art causes,b'to to watch are to with about be by the that with like out who',[start] appreciation [end]
teach other person used for,b'up by and treatment after while what off an in gastric your after one while is of their of their many with your at their by from his on',[start] share experience [end]
gazelle at location,b'your to a be after in you about in about into of your out of a both an are its all the their both all it more with it',[start] ivory coast [end]
horse has a,b'',[start] really good balance [end]
this used for,b'of and of in in for about than',[start] see wood [end]
flower bed defined as,b'something them you out the object away this type is both person one away for a food his that with someone all of his light you very new from',[start] sometimes flower garden [end]
see artifact causes,b'are with all that to its of about be with both this your like be with out as his as more light out s someone for person the to',[start] bad reason [end]
enzyme is a,b'after with all and treatment after at this its while like be an across them his be all at their its of in be very you more by on',[start] high molecular weight molecule [end]
divorce capable of,b'might have in very his on s to in to his about an or what that be have its this its the on the an to in on by',[start] include custody agreement [end]
howling with laughter has subevent,b'to need and with that for your healthy from that you not are that person up your people it out as new for it up at your city at',[start] crie [end]
14 reviews included,b'what learn something their be to need more something to think it very learn them the go a find light their you go in with see that make more',[start] in this review [end]
mouse capable of,b'his it someone his you your after more by a from as as you and you at you and to dont is your by very all from this when',[start] life on grind [end]
dust at location,b'from many in by when it an',[start] under bed [end]
Antowain Smith cut,b'like with that have have something new you in two out at their while you your treatment with its be very both and on at to have all from',[start] wide right [end]
join army has subevent,b'it something light might get do an or that watch in an for an off your on your their that be it it someone a associated their of be',[start] go to war [end]
seeing a story has subevent,b'you might see light from be while be on more on the as to be to while more their many with more you you about and have an with',[start] turning a page [end]
stand up has first subevent,b'and than when for and across it s together as by an the heavy than by to very with in their their gastric is two the united on someone',[start] plant the feet [end]
a picnic table at location,b'that very it something have more from to their you',[start] at a rest area [end]
men with lot of money has a,b'like might set at when watch as the be what be it someone on on their an what your might might in have you in have with this you',[start] nice car [end]
fall has subevent,b'its someone it your its as a something the to an after your an s you might the its that his by on it is and two in very',[start] you break a leg [end]
celebrate has subevent,b'off his your the the out from all or out that heavy its clothe to both is of two its their treatment more their on of for is part',[start] special achievement be recognize [end]
a magnum opus new york,b'it is like it do something on with out it it light its two your with at at like and someone like his his out is the this what',[start] American identity [end]
Champagne seems appropriate to,b'be its very like very for by at as in and with of its what the and have very you it as be many light for the all when',[start] QUANT_O_1 this splendor [end]
The secondary directive for machines is a,b'with when people at be on to for that with his for more on of as in what an very by both for the its treatment and and of',[start] : Obey human commands [end]
the House had,b'into an with this many after while of as in treatment with more as light someone when at it what by it on to you watch in what you',[start] a 394 - 21 roll call [end]
an erection causes desire,b'with from what might when many after for its very with when at all than of their all to two to more your them more for all of your',[start] masturbate [end]
roller skate at location,b'about very many of by it many it like of its this off and all you that it that that from by very it when as as the for',[start] skate rink [end]
One impairment a person might has a,b'a go and in by its on have very',[start] is bulemia [end]
obstruct justice causes,b'after many with light to people with from with it you at with its for their for many s with them by both what be at all an that',[start] get arrest [end]
the impact of the latter is,b'of his off your from on or after the and of with the into in what to what with for of and as as as someone by the that',[start] modest [end]
handle proposal motivated by goal,b'for for for by s is',[start] do your job [end]
having fun has subevent,b'on up in his are is together out who you your by his ahead at to more and this its both this by its from more one all in',[start] enjoying company [end]
hi-lighters at location,b'a about make might like when an you about with out out that very and and his from you something many for his as something what you of that',[start] a cabinet [end]
its proceedings take anywhere,b'up it money it might watch many at in by of with his as be what of on this their that an you your out about light on an',[start] place [end]
kiss someone causes,b'to the at its like his be from like what very its into about with your to make is for many about your its be someone up its all',[start] lipstick smear [end]
data concerning,b'to when out that at more of from of many when someone like might his as in for light when more when very out who on two out in',[start] the prognostic strength of current tissue biomarkers in the diagnosis of colorectal cancer [end]
empty boxes at location,b'its that at as is from that to s',[start] a waste bin [end]
philosophy of mind is a,b'together when their about and culture together on object while gastric as book away up that united to ground what as their problem than water this part up your',[start] subdiscipline of philosophy [end]
waiting tables used for,b'in might its its off that off his into s',[start] giving people food they ordered [end]
lp record receives action,b'by it might that his through about who an and from from to have its for as their from you their on like your you at at with their',[start] make from vinyl [end]
gas used for,b'to get something to you have not you down a out at an off like make them by with you two its you very more something when someone very',[start] use as a fuel [end]
educate person capable of,b'by their work very s in treatment treatment by of the about that this gastric its one an ahead at on many from people about more to in this',[start] face hardship in life [end]
get exercise has prerequisite,b'are might it on an the in their by your that need to look you have out and have like at with for at one when a them its',[start] play a sport [end]
Hong Kong is,b'it an an in an while out it when this about on for two is both all at two this is it on one very both many an both',[start] South Asia [end]
debate politics motivated by goal,b'his become it have an at your to you and as it many your something the ahead to succeed all on your book all one the human very by',[start] have good laugh [end]
light match has prerequisite,b'in you it your of of a by with all or what more you when its their more by it this by by someone to to have very this',[start] find something to light [end]
The governor 's campaign aides offered,b'up by both his out in on treatment many object on at both as object your while with by people its by for their than to many type and',[start] a quick retort [end]
chewing your food has subevent,b'about many people food an or out during this on as have of one about it in on as that both it by many that of one when this',[start] you might spit out some gristle [end]
see excite story has subevent,b'with when while on into what you your cancer together to both than than be at the an s both their all the as by be for its you',[start] hold your breath [end]
monogamy is a,b'off against cards the glasses while this together up away as person the white and for heavy disease this the one its treatment from them disease during by on',[start] relationship between two person or animal [end]
go to a party has prerequisite,b'in the food this gastric many that while all be are from to need in is is in be at in at the you do is is on this',[start] put on nice clothes [end]
glasses defined as,b'together or for it on than ones off that of the states as heavy sentence as gastric type is people its water during light light be type off it',[start] a group of glasses [end]
the company clears only,b'on more it by what you get like its an too that s more at you your for as you make light what light as an in of on',[start] specific hurdles [end]
celebrate has subevent,b'that in in that to not the',[start] band play [end]
A person capable of,b'be their in in in in s be are have what to very have its you its an',[start] twirl a plate on a stick [end]
get some physical activity has prerequisite,b'as it in it them as it in an like s what about two all and its be his and an what is you their might do like on',[start] run five mile [end]
horses receives action,b'about your new you',[start] trained to jump over things [end]
piece of trash at location,b'to with from what what from and treatment who after for the s their an by light all out that light and in for their this to more what',[start] on sea [end]
someone capable of,b'to the more its as and and out and you when its like out while for for on all and more what something who in this at light this',[start] hunt wild game [end]
nashua is a,b'to a something in that your treatment from to need out what have you your with an it of more light be do to hold what on someone something',[start] city in new hampshire [end]
fight capable of,b'from s while the treatment and about as his at an object up his with with your type from it who on for one many by it that it',[start] make person upset [end]
jewler capable of,b'up up them the their for their together when them into very his as what his all all his treatment an an both light many very with is them',[start] value jewel [end]
sloth at location,b'by is all to',[start] burrow [end]
telephone at location,b'into the with this as to with what this many his for you of by light about to wear be someone that the to like two what their might',[start] earth [end]
convict suspect for crime has prerequisite,b'for many this as at more than into about very an by more is from all while is his an to with the the as someone someone its as',[start] gather evidence against suspect [end]
many hats contain logos which has property,b's to need what in your environment when in be against at it what more s on all treatment up very object his of many this more many treatment',[start] esoteric in nature [end]
Overexposure to the sun has property,b's m with in you get have important your year to plant from human this the clothe off be jam about at and of is united the water as',[start] harmful to human skin [end]
drink used for,b'',[start] quench thirst [end]
change society has prerequisite,b'as light of is your to need you at at at an out for person that more many with of this about with light and both more as their',[start] define society [end]
meet interest person has prerequisite,b'when to the about have their or it the gastric be when your you while to dont something have that with a about at many where an like by',[start] you to leave house [end]
write story has subevent,b'your and at what a on the on it a of very while and very their by for all of as many into who to for someone up to',[start] gather paper and pen [end]
a group of mourners at location,b'at out is an like person from the ground on both more out what like very light on to it in this very many for light up the food',[start] a funeral [end]
hairbrush used for,b'as his watch light someone someone with be when it up it many while an on very for of for its of light is this its part be very',[start] brush your dog [end]
Some people has property,b'',[start] afraid of dogs [end]
find lose item has last subevent,b'out that by a something what on something is person when something that very watch is in their country its you more your one very water up of to',[start] give it to owner [end]
person not desires,b'for your you in watch his about something that by like like its is the after many out s many from all more what someone of on from its',[start] angry parent [end]
Americans has property,b'like it good some your might someone on have you off up very your out many what in to its his many watch this it from your all its',[start] proud of their heritage [end]
A roof defined as,b'up its all and with an while that while like on from out than very by two up all is their you something as have very is all this',[start] top of a house [end]
playing the violin used for,b'for his about many be like for as and into you are while you for and from his this up it what that is his their like more many',[start] the joy of making music [end]
woodwind instrument at location,b'to to to his by the after off for might of someone at like of the treatment up in it you out about many at is both you of',[start] concert band [end]
a cottage used for,b'that out about what on is that like someone might you and from while out up you it be two it your key up what to it like and',[start] vacationing in [end]
dress and pasta is a,b'something in its at more what about something all on might your have you on many light its more many it from like someone as your it that it',[start] type of food [end]
gold has property,b'for to about is that for your what about when the very from his you s while that is by like and very all this and both from one',[start] shiny [end]
fishing causes,b'for what while his like of that might get his gastric something you feel be important when is like what a it by person your something the it have',[start] having fish for dinner [end]
going to a performance causes,b'and',[start] joy [end]
personal slight causes desire,b'what person work what to find you the',[start] judge someone [end]
clamp used for,b'up to might you to your or your down out in that with of as very from your off many by very be associated his his out by on',[start] hold object together [end]
white key at location,b'that many their their by while on and when on into like at it up off about as an for by two to watch by with them about at',[start] piano [end]
a lady capable of,b'be at your be it something you with that is on and from like you to someone and very out your s be you you might not like many',[start] receive a love letter [end]
zoom lens used for,b'something your money make to watch at many out at the something is your very work an it more his someone more an the be light person an an',[start] see distant object more closely [end]
one food that may receives action,b'to like to at by that off its while it it to something his from be you someone its the and their many for one up up an and',[start] put in pan be sausage [end]
fight war motivated by goal,b's cut book on about as hand its cancer disease by money s ahead than year for this key its chinese an for more that people disease into more',[start] we be invade [end]
curtain at location,b'about for like very that something that into from with all be about to their very all its while what it be both one that in many all to',[start] the theater [end]
Richard S. Tedder is,b'while and in it all up who off during that about your by out who for part than its part that his the the for part what one of',[start] Dr. [end]
use calculator motivated by goal,b'by is it for their down it on your its together while on with them it that on a with this out for to to his both very be',[start] do math [end]
Fungus gnats has property,b'on out the both like many treatment the both be gastric about someone your and in at his its what you in on one his an key of this',[start] annoying [end]
spend your time on this site causes,b'into very your its to for with it in like at as the world more an from very what a both be you an object you might it it',[start] get eye stain [end]
success causes desire,b'it you the like someone it about the at a at its it by do of and by be very their it their and of with someone light from',[start] have party [end]
soap used for,b'',[start] wash your body [end]
fish has subevent,b'that at at and into his down at be into very what by your as all into your an treatment its you its its and two them his all',[start] peer into water [end]
vomiting is to receives action,b'up its object as out many what you your his at with out about with it more its the the with you at that light by its his light',[start] avoided [end]
a sunglasses used for,b'on something water your that to about from on its in it their of on their its by that all is the by you more it all it very',[start] protect your eyes from the sun [end]
see your idea become reality used for,b'about that something on very together between many gastric s while his or as as to not is its while to your treatment your from for at both on',[start] attain goal [end]
give clue used for,b'about up as his might dont off is to it than you out you what an with something your and their your and their on your to many in',[start] help guess [end]
a choker used for,b'to',[start] wear around your neck [end]
monarchy is a,b'with on more in have by about an with from from and by his after s at to people from your s your both for one your that out',[start] old form of government [end]
some thing only work if they at location,b'might get become have his about for like at not is off like something more to know up as that be at all their watch and like your what',[start] right place [end]
exercise has property,b'a go person with when a off s while its you the in both an have your to need by you more be might make their that use have',[start] fun [end]
downspouts are,b'what in be dont are its measure on the',[start] clean [end]
human interaction is a,b'are an very two like have on that about someone and work what you feel his and watch in all like for very the it light to set of',[start] game [end]
talking to someone has subevent,b'to to their what to might the while be of the to into out his to something a what is you be by your of of a that all',[start] make an unusual face [end]
buy a shirt has first subevent,b'the person their of or is on all for this together more type more it and the more more associated more more the type more of a at person',[start] try it on [end]
2 Diabetes Mellitus is,b'are money in with his with is in that are very',[start] a chronic disease closely related to personal life style [end]
anteater capable of,b'of about or this when out s as at is treatment this in it your or that their that many to two very its their very in be his',[start] eat ants [end]
Most of the animal skulls are the result of,b'about up for out off what many off between part while one into that that as more their and very is and out one it out what its from',[start] culling [end]
obesity is a,b'to the become you',[start] correctible [end]
different breeds at location,b'be need like for you get what take wear have your money an why very very make what to need you wear the it that buy its not someone',[start] dogs [end]
moisturizer used for,b'on their very to have a or who or it is to about like all an is the out many an across all his you and what many by',[start] spray perfume [end]
The bottle is a,b'out or treatment s and treatment and people while object when your day is key with that both his all this many treatment to cook people all of is',[start] casting a yellow shadow [end]
person be kill has subevent,b'to when what like while that on and of very on for to to are as have who very your in on one at light from light when have',[start] that person be damage beyond repair [end]
watch tv show used for,b'off after for at its on off what while be out your pictures you something as part of the this as object in and part into be an type',[start] pass away [end]
meteorite capable of,b'together in be the contain by heavy object by ahead away into treatment the clothe between their for at food many that day is an state up many in',[start] near planet earth [end]
climb mountain has subevent,b'you be very an and when is to like be together than on an ahead your pictures its like someone your water about out in what its both people',[start] bring oxygen tank [end]
Mercury is a,b'about is like a in to with someone that from from on someone his after both away it you at the very all is their to its is this',[start] about two-thirds iron [end]
reading a newspaper causes,b'for than from it with someone for for their be into is off than more this from someone this your it you with a your type more you his',[start] understanding world events [end]
tell story used for,b'you on its that of of what that with someone than make it with at from its it about someone an when the treatment about a in be be',[start] make person laugh [end]
a control room used for,b'you about many that about when an while the in very its out with many what with an are your of the at an across more by their you',[start] checking up on people [end]
a courtroom has a,b'by someone watch its are on his while by be its might get what in something when someone about in an as a as someone out from on the',"[start] a witness stand, [end]"
solor system is a,b's animal pictures or for ground treatment from self religious problem in this as their ahead when one more food for more an culture an this disease is key',[start] wonderous thing [end]
The doberman is a,b'off your that not it is its in both while out you are very person of the both of and its this more them up to more an many',"[start] a loyal, intelligent dog [end]"
someone capable of,b'',[start] eat a sub [end]
see a movie has subevent,b'while an with many out to together at you out by and while its gastric this that the many one it it with on an you is more an',[start] watch and listen [end]
having fun causes,b'up on people all be up off and when in be to that like your up while and is its is light with from it this on them someone',[start] get a criminal record [end]
execute fly kick has prerequisite,b'it the a his or to your of its when two about it what might have be this light many more two you on all like someone on in',[start] get run start before jump [end]
The German-English Academy was founded by,b'together out book an hand this to restaurant up disease system into on its self this to succeed at all your person away many treatment away off his food',[start] a group of Milwaukee German Americans in Milwaukee in 1851 [end]
a bullet used for,b'what a',[start] shooting people [end]
a baggage used for,b'in something it something like more is at his together than to that an together it on for have many on all more all the chinese all you this',[start] checking in at the airport [end]
Toyota makes vehicles which has a,b'it with its watch from it in its very with as at many your to someone all its it its like many two from of two than his in',[start] alternators [end]
Revenge of the Nerds II defined as,b'are look you go what an treatment you about your or their for listen at this this your this two their be be like very your be in have',[start] sequel to Revenge of the Nerds [end]
something at location,b'of and many many be you in that into into',[start] open pit mine [end]
room key at location,b'might on to s out on into and your up of by to its its of it its into like what who to like light you many in his',[start] at hotel [end]
badminton defined as,b'like many light one while be that be what something is more like to his while what is you something of very their by on more it in at',[start] fastest racquet sport [end]
a person capable of,b'you its take like many about with that into very while the treatment than very that by two many treatment than for something be light up this what on',[start] swim in the ocean [end]
some mistake is a,b'his the',[start] not correctable [end]
attend meet has prerequisite,b'from an and it on it s an up about be with light than from by with many from light out this at your like for his as their',[start] get dress [end]
sunny weather has property,b'while its by be the while an that the gastric that something what it two an with in on out and their their it more as and both your',[start] considered nice [end]
metal has property,b'about to it to your in is down be on s you when out an his type something it and all out more is of of in from your',[start] hard [end]
eating causes,b'up at its your them as at both what by from all be something on on light the you your from at like that person many more it one',[start] becoming overweight [end]
MDMA at location,b'like in his when to feel by their s something for might his by to do all when more up what in the their like something his of an',[start] a rave [end]
baseball field used for,b'for as its off this of to its for and be while an when his after is be what than with with their is many for the their than',[start] look at diamond shape [end]
the Clintons to q u a n t o,b'in his work your it have might like very are by more it with many more very many his out from it very all for this their an as',[start] the retreat [end]
swear causes,b'it its more of type off that its across very it an treatment with them this or as have you and is of his both be on what and',[start] make someone angry [end]
watch a movie has prerequisite,b'when to have to want to about in his',[start] turn on the tv [end]
commit to memory has prerequisite,b'are might their more to watch by you s',[start] think very long [end]
an approaching car capable of,b'from off the key of is',[start] hurt you [end]
coins at location,b'to at something that you you it to their to with that to about something his about and who it that in its more with like of more the',[start] a water fountain [end]
a computer mouse not has property,b'up his make like at something be while up what with this like at that on for of of a from this into than on more is from your',[start] living [end]
bill file at location,b'what make work by by getting need from get an are look make it your to feel many its make with make his find at you look like not',[start] accountant office [end]
This is a,b'at on out from to s for very in both of from all out it their and all that that someone as more out its on their its its',[start] a bottle holding a orangish fluid [end]
Onawa is a,b'when while book is be on s at while on many the off many when is like two your about by your',[start] a town in Iowa [end]
an audience at location,b'your have that someone what in you a on that might it what something something someone when is watch like by watch to an many person and one on',[start] a show [end]
go fish causes,b'that it money his on out away you into the from out your an are to not is be both the all your is is both an its in',[start] have fish for dinner [end]
A pain causes desire,b'out its at as an for to drink many music of to might feel than place be state or and all one from by light and people this what',[start] have an examination [end]
take oath has subevent,b'by with what more out his up with at your be their by what very like many is their all that by is in your an is many one',[start] touch bible [end]
selling your new book causes,b'to what from something something you want your world the interior the like more what his are on you it that buy to very in you very this this',[start] earning money [end]
Compassion and wisdom has a,b'with their all light that an you to with light you might person by one it his that two your its its more in be and it many for',[start] a positive effect [end]
Ms. Ephron is,b'a out his like that it as his against a treatment on and their to have their this type a person its with many with light someone them in',[start] a novelist [end]
black-capped vireo defined as,b'something something in as of during the culture on part of your at his an in of out with than place for on both your one s than for',[start] Vireo atricapillus [end]
number used for,b'from and to are to after from when is your like when while at an by your up what with many by by at with more with many an',[start] work thing out [end]
wait in traffic has a,b'with many person something their the that very as out be up for them than out you have in them its all you by that at it what on',[start] high economic cost [end]
you capable of,b'in and its off during while than very that be be might',[start] drive onit [end]
person not desires,b'to to dont the something to s while at s like its treatment its at more an about a associated with be while very you the very its is',[start] bad luck [end]
get contract has subevent,b'it an this this about this or at be',[start] sign contract [end]
person not desires,b'up a like one by to to on treatment his its across out s at two what light is his his your at for many your treatment about at',[start] be drafted into the military [end]
someone at location,b'out you get get like take like wear the work it light what is good and something have his to learn and good very something all one is it',[start] the compost pile adding yard waste [end]
something at location,b'to someone might have something on about it at be like at like their into is by of it as have you are what very be might be its',[start] in newspaper [end]
fruit at location,b'like for this like in both of you on someone to at like out out at many people out about a and them s many light is one this',[start] kitchen [end]
A dog capable of,b'together',[start] eats dog food [end]
hippies in april,b'his watch on from its are on your from have like like what something for like his on with their someone their of from you on you are two',[start] that year [end]
pacific ocean used for,b'when a too',[start] swim in [end]
David Spade is a,b'like more light is with about with who while it up than something be its this out at light the in as at their the for both you that',[start] not God [end]
run in marathon causes,b'a like about it with in from and it than about of this off your s with on be while you more their while two on his very both',[start] complete exhaustion [end]
sofas made of,b'up or by out to watch off to this that are about for be you an at out by out with for at very the with the his on',[start] leather [end]
Apartments receives action,b's of your treatment that the treatment off while people and and both key s that on of of more out one his one during in with at their',[start] built on the ground floor [end]
there is a,b'you like be not something someone and you like to like are its many what the more with do out is both on like at by many the something',[start] bury treasure in carribbean [end]
Chickens not has property,b'while many food more on what at to for someone to an what in more for as from be his like many of one by light light its as',[start] allowed in motel rooms [end]
A private foundation seeking to revive part of Newark 's blighted downtown is to unveil,b'about something it it be in for very by at on his when his very like the food is for one the many light an heavy someone light and',[start] a $ QUANT_O_1 plan on Wednesday to help transform the area into a round-the-clock neighborhood [end]
go on internet has subevent,b'when about more people them as s to their as as for with them to both the s is across it is you be by light in is be',[start] spam [end]
fire capable of,b'what might its its about that like need s become at your',[start] cook vegetables [end]
"To ""act"" defined as",b'are you take like like will on to like its be at more while more someone what light and is be set of at his someone you an at',[start] proceed [end]
The Loan Deal goes through on,b'by from be that into into by s be his what what your your across on of as something on on all at all this the united who light',[start] Oct. 6 [end]
kid capable of,b's after person someone someone an against across an on at be s s by person that you go into from different their the word your object his very',[start] be brother [end]
job is a,b'his your an like very when when like a out what like might know what might to do more your might it the its at its many this light',[start] student [end]
desk drawer used for,b'',[start] hold item use by office worker [end]
can receives action,b's and that like something an day in associated more key an restaurant to hurt an with your self your both all s what at its type to two',[start] find at theatre [end]
A comforter is a,b'when off ones food s in at treatment than for more in with out your gastric up out in with for on out away what this the states from',[start] someone who gives comfort [end]
run has prerequisite,b'what in their on by their down many be find at learn your dog as want out more with from this their it by someone what all very very',[start] just do it [end]
The Concorde supersonic transport is a,b'off together by this that at the defence off many self food type or the television that part is that of their by that both treatment is for for',[start] a beautiful airplane [end]
Elan Pharma conduct,b'when someone light to',[start] marketing efforts [end]
Many offices has a,b'and than it something something person away more type to many',[start] canteens [end]
I has a,b'by something all on many you of is you something many an cancer together to an its it on them at on on of as with of than their',[start] too much junk [end]
bone at location,b'at an an it with for you his when light like all an from to their into his very to on be their light you by that for their',[start] church [end]
bulb defined as,b'to be on have at its after someone to',[start] seed of some plant [end]
a baritone at location,b'his person might it that for its its and an',[start] a singing group [end]
xml is a,b'when in people for very to to be be are by at as their by for both in it is out with what by two at that your from',[start] modern interchange format [end]
Steven Lonegan ran for,b'be your might get more with many their it when it on its for is to its his it out what is something as do like something be might',[start] governor [end]
Brake lights has property,b'into more on of by up many out when your from people more more you to to person more what their an be one of a light light as',[start] red [end]
yard used for,b'out and out the culture problem that to feel your state at one on his them as light their state by food more you very very its work by',[start] distinguish property ownership [end]
clean your room motivated by goal,b'by more one their when by by the s across be like very by from to in two it out your and of people from and treatment of part',[start] it be clutter [end]
a diva at location,b'you do his at by set on two two at like make you someone all very light on an across it at light up his two many to its',[start] an opera [end]
wait on tables has prerequisite,b'as an their from on that you with what their from is your together with your who in is to an about from more be someone very for light',[start] get a job at a restaurant [end]
cash and credit cards is a,b'for to very your treatment his through at by with at them his this when them in out your for that like his of that someone out the at',[start] two ways to pay for things [end]
take stand used for,b'be be be look its want their up with is off are be the about is very like to to more with on a for as on you what',[start] get what you want [end]
Recent research at the Medical Research Council 's Environmental Epidemiology Unit is showing,b'by is all light and with it than this on an after s this its as is of one up on your from many for and be of from',[start] that impaired growth in fetal life have profound long - term consequences for health in adulthood [end]
a sound used for,b'and an its both many about at their and you after this than it what to are of its by that an at your his who all in is',[start] listening [end]
skeletons at location,b'are look music more be not and you something light on is might take take be make by take of something his be many light of many like do',[start] a museum [end]
the cop capable of,b'about when heavy their together disease outside while disease as be s the the this away treatment at be of very you to like this of as your them',[start] direct traffic [end]
Light in the window is a,b'in on all is s about at s on at his after from their what your on light and an to make of both at you be someone on',[start] a sign [end]
motehr capable of,b's about a too on with on about that off is want you have be state when have is associated on that be them very object as it on',[start] sing to baby [end]
a toy car at location,b'that his make take very to in that after that into your from their as out from from his in you many by at an as from and what',[start] a house where children live [end]
drive to work causes,b'of into off this when to by many about while s what in light it that on from light to do its to many an associated for its and',[start] promotion [end]
notebook used for,b's',[start] keep note [end]
the law takes effect,b'of for about many and or away than and from you about who and while an during of his more its very the both his this on its at',[start] Friday [end]
The 4MGS was,b'his at not light a be at of your with by by something very to someone the might it like on its both to not that this with very',"[start] the 6 min walk distance ( r = 0.477 , p < 0.001 [end]"
attend rock concert causes,b'by have need know are more is very you with their more an with what their very their have many be to wear many his the watch with something',[start] hear loss [end]
notes at location,b'',[start] screen [end]
bug has a,b'to',[start] leg and wing [end]
student capable of,b'are work up while their out the hurt for their this two at that you be that like someone and with be someone more the its person out by',[start] learn about literature in school [end]
a neighborhood map used for,b'its your his have more an',[start] navigation [end]
watch movie motivated by goal,b'a into have that that s into their gastric the object the after its both many its more light all more people it one as its as his his',[start] review be good [end]
Safety pins is a,b'might on at an the like to',[start] sharp and can stick fingers [end]
meet person has subevent,b'something good music and that it about his for something from many by someone light one at this with is in is all as have what person someone what',[start] exchange pleasentries [end]
turn something off you capable of,b'might about for the object',[start] this to leave [end]
child receives action,b'and into what for is from be like at more in from of of more to his more for very from someone on both be light them his by',[start] teach to hate and fear [end]
one space shuttle acronym is a,b'on for people and by in s and s with their together for what out its treatment your and is object you the many his at your their all',[start] adi attitude direction indicator [end]
jump up and down has subevent,b'that as its on your s for very from at the its on them out your by about it out as your while on many with you their what',[start] break leg [end]
fountain used for,b'what will take do is sleep about for have need more for something that in that to',[start] dispense drink [end]
water at location,b's out s the for its gun s while for the contain at to water off at someone their chinese than water is at someone more that many in',[start] a bubble [end]
Chewing food in the mouth defined as,b'your by person water key you his after many into it as you be have in their of an very you at that in their in a for to',[start] first step in digestion [end]
someone capable of,b'his like work to',[start] create a new form of life [end]
Valentina Alexander emerge from a haze in,b's in money good people its',[start] Zinda Williams 's stunning African costumes [end]
coreometer is a,b'for a while one when in about your up than to more you off about to might a ahead who be at is out its more their to many',[start] pupillometer [end]
improving yourself has subevent,b'its that have a off at is very are his off at might are about you in your are someone its is by light that your that its with',[start] join others of like mind [end]
some flower has property,b'after it your be out on treatment your of its as',[start] edible [end]
Most people desires,b'up what something a at your for people be while what it that something of on many both their people many light up at it many for its like',[start] have friends [end]
you shake has subevent,b'into your to work up and or on more many as people for by many the it more out what you what and light is have what you set',[start] rattle it makes noise [end]
rain storm capable of,b'and be light on be of is are the ahead up as more with is while light from with that two the of someone with you both that someone',[start] water lawn [end]
Music causes desire,b'when what have it do and gastric as',[start] relax [end]
make patchwork quilt has subevent,b'you need not for more with what on this in its not is your money than good and many more in one an at have many have something his',[start] cut fabric [end]
person desires,b'at his at of the in this as that like something up the when your off at to their for you many is their someone many and on a',[start] anykind of sex life [end]
subway token used for,b'from to get look in from of by is into its you from your be an off his while to in all as someone to many his while for',[start] passage on subway [end]
Pittsburgh and Boston both has a,b'like what it them off is on very of people up of out in what for one from one at very watch two his have light on two people',[start] old things [end]
reach tentative agreement has prerequisite,b'at their with the after many in light up many be is what someone more with and many as someone with it from its of person at its one',[start] communicate [end]
cannabis at location,b'like light in of a from what of is something its it very you might the this your his that an your two the to have light out and',[start] growhouse [end]
it receives action,b'with in like up when out out more on what your this this his many as from the on to your your at of an many by than that',[start] clutter [end]
anyone capable of,b'together for from or method',[start] judge person [end]
a dancer capable of,b'the not very get make its or someone on what person what many all of new on their more for that with you at very his are with by',[start] dance in a competition [end]
map used for,b'from s than the cancer inside or both this into on in their treatment treatment between part up it what someone people for light this your many at your',[start] locate rest stop [end]
The U.S. increase aid for,b'into it do for the for what out into more with a you someone at that two as to have of their an out and this by that something',[start] birth control to developing countries QUANT_O_1 [end]
get some physical activity has subevent,b'with you to at about be on all about at you and by for both be and their what very more out into and one you as very be',[start] improve your health [end]
bob dylan is a,b'while from a after by up that up about of what very s as like it up on and very be this into who you watch out out one',[start] lowrider [end]
clean clothe has prerequisite,b'for the different at what someone that or with with to for more an at many what very it and this when both the by to more with all',[start] find dirty cloathing [end]
at top of arch is a,b'for s their are to might their s what you their are when this for both part up is that type on their this their by all more with',[start] keystone  [end]
a restaurant be named for,b'out you dont look to it what for to watch about that object his this its state and one at your their good be watch for new up in',[start] its address [end]
food receives action,b'on from like its for of in its you you might with an it from while be their into at at to are as his it like your the',[start] purchased at a mall [end]
San Francisco has property,b'as in very its out of while is or for more when your of your the gastric the s both for all to its it at both out one',[start] close to Oakland [end]
elephant has a,b'after them with his you with while very that you in from one than its his is what with than its object it up that two to their on',[start] leathery skin [end]
a library used for,b'you what make do for very with on you that go in have light your sound is work as watch by a with an work about at very to',[start] reading [end]
attend lecture has subevent,b'its what might your hand at as you at of that very the its something you something from have an in light in all what its what its many',[start] sleep because of boredom [end]
go on internet has last subevent,b'when be be want about have be together s like at two with its at more its as his his on by and while by as his you many',[start] enter address [end]
send criminal to prison causes,b'when and ones down out outside off states for like out of its their heavy both during them many associated by as from as the both its object or',[start] good society [end]
condiments at location,b'while on all about at that in it with you the while to are and many many for to his out up more for their its is by that',[start] at dinner [end]
deception has property,b'be buy his their',[start] bad [end]
great athelete capable of,b'of at',[start] smoke competition [end]
become a scuba diver has prerequisite,b'',[start] learn to swim very well [end]
a finger used for,b'by more your up to be up the treatment of out when both this his the associated s one the be type an as your for on what its',[start] wipe tears [end]
win baseball game has prerequisite,b'to at something on be like with as to your its by the at light his and its when what that you that might the out be is in',[start] play baseball game [end]
Lois Epstein is,b'while all object to to need than many for light than many the with his the that as the their all it it the his like one his very',[start] an engineer with the Alaska environmental organization Cook Inlet Keeper [end]
something at location,b'with when in and while at from about for to watch the of with all at is in more his with on and by for that one in their',[start] top a mountain [end]
low animal has a,b'what make someone to play like have want by know do to might something have play about the go in light new to be look good for person someone',[start] few or no emotion [end]
pay bill motivated by goal,b'into more it person your his about that very his into their it an gastric about be with that something than its to many out with their be many',[start] stay out of trouble [end]
castanets used for,b'by',[start] accompany spanish music and dance [end]
entertain people has first subevent,b'be you take do be off from the like get is on a off an it his someone as more all your into your with of of very be',[start] put on music [end]
go to bed used for,b'it have light very up from an of for the object or its very two your their as light a and with the very light someone and on of',[start] rest and relaxation [end]
spacestation mir at location,b'after like its many in an ahead from both while its all during its its for it its associated as like you not all who its your its and',[start] orbit [end]
you eat when you has property,b'and for what as that or out out your after as with be out its to while for you his at and treatment be that of his its in',[start] hungry [end]
learning used for,b'to to you his as are are s and very s when you might its might that and out their as you his by have for an for an',[start] inreasing knowledge [end]
Mora became more of,b'like with person an its your after their and to his of this what of you in their at this and light someone all someone your his and their',[start] a fan [end]
do crossword puzzle has subevent,b'that the your together on on be or for are off what to for the like two them is both is it what as its more someone more its',[start] use eraser [end]
read a book has subevent,b'like a at one that in in of of than more and many of more its what what very very very an watch by all is their many from',[start] you might learn something [end]
releasing your energy causes,b'together like light its gastric it s while by book on both the chinese that for type your country or of and restaurant their disease your water off his',[start] explosive power [end]
going to a play causes,b'its more someone at might watch an of you up his you about for what their have that watch an out light someone to get someone with and an',[start] entertainment [end]
the Quinebaug River powered,b'by the an in what and or what as of very very you off than it his who the at this in at you in one its with a',[start] the QUANT_O_1 mills [end]
sometimes weather has property,b'are someone you need make make watch more while something many what it all its like do with new the it their like to look of people your all',[start] bad outside [end]
Senior citizens capable of,b'when with off of for off between while about you',[start] enjoy good health by exercising [end]
telephone made of,b'up in be it watch on on his to what an as the to like it at two one from the more like one someone as on an many',[start] electronic part [end]
get exercise causes,b'in you their their on their like you into out like is have his with with one you be is its watch two someone and by for have be',[start] get healthy [end]
a coffeemaker at location,b'into someone something more out be s from while of for the at on more of of this as and his across from as with one their light to',[start] a motel [end]
someone has property,b'to',[start] very good with write word [end]
a person not desires,b'are its more be it person someone about to look out of one is at on this its an out your an more by in on you is something',[start] be dirty all the tie [end]
visit museum has subevent,b'when might be to get his',[start] decide to become artist [end]
A student capable of,b'at of many when from and be the might to watch their in two more like as from its you its his in to do more more when that',[start] listen music [end]
Male martins use the song as,b'the money small different their',[start] a to a mate [end]
a frying pan used for,b's m',[start] saute [end]
Forest fires cause the sunset to has property,b'its what from up you',[start] very red [end]
apple juice has property,b'like many his be up s what at the that about at very their it to you of more you something their you about all on many two to',[start] refresh [end]
Floppy disks not has property,b's after religious their together together with object away at people and steps that their this the both cancer into light one disease treatment in more by this disease',[start] longer floppy per se [end]
build cathedral has subevent,b'you his get a might for at to s more at like at you off than for person than light about light something who someone on more for its',[start] architectural renaisance [end]
person used for,b'in by an be be s you like when for his to of you and when its his of it what light what for might in light with be',[start] sing with [end]
horse hooves is a,b'together with you with an states states outside out as hand your country away as in with by part from treatment that the restaurant for their as in the',[start] like human fingernails [end]
swimming causes,b'to need will their you with like at for an you up from with be grow many about your door someone two his an both from an at that',[start] water in the ears [end]
rail at location,b'up at in you something that down what all about from it from by to this by very on and part about than them about many your at be',[start] flight of stair [end]
child capable of,b'his will their and when you with its as are to like is be might his and to like and like like for your with on its more and',[start] act petulantly [end]
suzie is a,b'that at their might when the on at up its by of with the about very in your that the from to are all what very many to make',[start] harold wife [end]
a pillow case at location,b'up for food more his up by an like something their with than as both or of is your the more by by very someone and all as in',[start] a bedding store [end]
driving your car has prerequisite,b'your his on the like like an into for what from that their as at have at its by very very two light at his it for his their',[start] gasoline or petrol [end]
flower capable of,b'what making look someone like a room than have to become have need when play on by not want to know something in the to watch what make many',[start] continue to grow [end]
Michael Jordan is a,b'and of for what it out off treatment at like of for of on an when treatment the its an in by this with people of more their this',[start] a good basketball player [end]
mole at location,b'to with your off their',[start] underground [end]
milk at location,b'together at have is both object as the restaurant and enemy on your problem than restaurant out what it your clothe out at on from and food their with',[start] carton [end]
driving used for,b'the water',[start] those who can see [end]
play basketball is a,b'for',[start] form of exercise [end]
mandarin oil receives action,b'what a a about someone something something about as something more of people into the think up his work by make very getting of his the like might need',[start] extract from fruit peel [end]
visiting a museum has subevent,b'off together ahead treatment resource jam in clothe band at ahead to white of for treatment off than fruit than its an of key than and this its an',[start] buying a souvenir [end]
Inaction capable of,b'to when of type and to his off who while their out be the that when as very its to that in and with one about many its two',[start] box you in [end]
climb mountain used for,b'to to make you when for',[start] adventure [end]
barley is a,b'might have have find a at when might something that be his is at that it be about what make from all you do be watch many at an',[start] domesticate plant [end]
Participants were followed up,b'to about something what get do for two be it to watch what from more for something be while of you an the more his might make his have',[start] during April - June - July [end]
butch has property,b'for s its at this out to in people about their out what up this while you his more of one their to more is and its with that',[start] unlikely to be vegetarian [end]
compete against someone used for,b'something for out it by the his you that for food your and your very in light you two an it of a with by at with more be',[start] contest [end]
ice cream may not has property,b'in on for about it up about your them s for might have its s an s their their at its many what what it what more someone this',[start] healthful to eat as some herb [end]
A ticket used for,b'be become person money take it to very',[start] gain entrance to an event [end]
a drum at location,b'what you might watch that making its together the play off of in more an in his object on as want on like light for for on from people',[start] a musician's home [end]
a rosebush at location,b'by about with about many is to to the while to with it out or into one the out up more as with out and more what their as',[start] a garden centre [end]
start family has subevent,b'together that many more by type between food an key than this during treatment than heavy from both both type for its book their water their associated that its',[start] build nursery [end]
determine the truth has prerequisite,b'',[start] look for yourselfr [end]
go to laundromat causes,b'to when up to',[start] get your chore do [end]
his foreman is,b'when its about them what by your of one it s from at be and for at two for an with on a this it than very to have',[start] Max Pierre-Pierre [end]
i capable of,b'off about a you about another disease s while many treatment its object your law to one away away is water for very this you person for part his',[start] walk far [end]
globe is a,b'for s it in for very the and to have and for what it more and both for be as more by for as in to light and the',[start] spherical map of earth [end]
apply for job has subevent,b'something by this you it is are both your them while the for person with in is his that be their more them an more up all of person',[start] you give out your resume [end]
Compliance with applicable statutes is a,b's against succeed band s thrombosis of world out as world away as food out from of their water between very restaurant to watch that many their food disease',[start] a core company secretary role [end]
Humans has a,b'for to about and treatment after off away disease cancer or about type out by and chinese away this as all s type more its to their your and',[start] 2 ears [end]
lecture at location,b'',[start] conference [end]
a closet at location,b'might it look person what not with very with all is',[start] indoor paint [end]
there part of,b'and be play two out s an ahead many by while while that by part for that the sentence it his an for one it is of an while',[start] south carolina [end]
A man capable of,b'to something are light with your',[start] grow plants [end]
tree not capable of,b'it watch them your off your of people an that it on your its it of more light its like have all your their of of on many in',[start] walk [end]
a still body capable of,b'might might something to go in be',[start] water reflects its surroundings [end]
A construction worker capable of,b'of on in and with than on by or what more off while for type with of part at out from is in be and and you its the',[start] position a cone [end]
ICRW is,b'in in the the the together inside you ahead than up out with your clothe up is as by very in its treatment all than someone all up your',"[start] a non-profit organization headquartered in Washington , D.C. , United States [end]"
a viola used for,b'its on at at while with an by by that their as very that an about in you not someone an of for on one than is their two',[start] make music [end]
a rock capable of,b'are a food an his like more it their out it that the something to wear light at one an out his in an it two its it what',[start] trip a runner [end]
play game of chess has subevent,b'while more an out this out on many into them be very of and gastric of in be the and your by the be for you this many one',[start] check mate [end]
go outside for an evening has subevent,b'a from his of s be its from on at many about very that the about in is this of of from both what more very for what many',[start] leave the house [end]
76ers has property,b'of out with in up off while to very down that people who many and both s your clothe into of in very all who object is at out',[start] go to beat lakers [end]
post-traumatic stress disorder is a,b'off the more it you on are with of is at all by be country of at to their to both more up all with their out out you',[start] anxiety disorder [end]
a flute at location,b'his to not in it many',[start] a store [end]
shades at location,b'about very listen with away your into that of all for very you about his out by on all by this very is this this with their more for',[start] a pocket [end]
locomotive has property,b'the person food more you be',[start] powerful [end]
trigger flick is a,b'out out food with his at object of all is object off more it two two more your knowledge out that fun at to good them your money in',[start] error in pistol shoot [end]
a cash token used for,b'you very very be with in very for while with that it out that at your and two as the at from it is two all into them his',[start] using instead of cash [end]
a ball at location,b'after for a out more is that',[start] a soccer field [end]
RJR Nabisco has opposed,b'of of or together along with',[start] an immediate spinoff [end]
A store capable of,b'by the in person with and of of its the while to like you to what what all is many very what very might person its two his have',[start] stock up on cheap goods [end]
Members of the AA has property,b'that by an after with your for many his when this s its and two like to you the while it by two for his the and to many',[start] less likely to drink drive [end]
play frisbee motivated by goal,b'with on in its of as off',[start] use your muscle [end]
comforting a friend causes,b'you on with more up what the that on something is to out you get what very light a many of that not at many by you in more',[start] crying with the friend [end]
wait on table used for,b'might with on with up and is',[start] earn money for waiter [end]
many different ways to put furniture at location,b'for its when someone what in in at its of for his to about out as his in with that and in both very his in more his and',[start] a room [end]
meat at location,b'when very both is at in into the for for s that as of for all or it s from two all it as and to many very it',[start] refrigerator [end]
automobile has property,b'its to watch you it make at many an while of by their more by in is might like someone with more of all someone than have this from',[start] beloved by american society [end]
have food used for,b'',[start] entertain [end]
lose consciousness has prerequisite,b'his will at to a are its s its many together than something as on your many his to both who are and an out what at have that',[start] lie down [end]
write tool ballpoint pen is a,b'what',[start] modern invention [end]
something capable of,b'on by for of or be about the and an out with what and your are on the its you something is you in one their for you that',[start] climb a tree [end]
it is a,b'like it on their into by like from his at the and more than like on an of the their this its in many their all up an to',[start] place to launch rocket from [end]
a monkey at location,b'its for at the while two about than to not the their from from with many with as what for with it on as is with with be all',[start] a banana tree [end]
become a scuba diver motivated by goal,b'off s girl',[start] traveling [end]
do housework has subevent,b'are person people all their s from both their very you',[start] you vacuum [end]
student capable of,b'',[start] try to study [end]
go to mall has subevent,b'and in you from you you to',[start] walk to mall [end]
person not desires,b'it something new it more by not you that to about very to are have something and the you you might it in for an with the have it',[start] be rob [end]
network has property,b'up the one from on its s for for many that what on their when that with its its to have by like of someone that and for all',[start] good [end]
You capable of,b'for at person with as as your through s to when that by all into out of from from both their the key of light your them away more',[start] buy little with a copper coin [end]
Dead people not capable of,b'your while someone and in of or s is in both about many this on it by than is light be the from many and your on very very',[start] wake up in the morning [end]
play sport has prerequisite,b'you are their and are have your when not not you and an to not light for like on of to the watch to its sure very their someone',[start] buy pair of skate [end]
Sperm cells not capable of,b'about like the the and',[start] live in your throat for long [end]
The ABC classification may contribute,b'on on from you go out away s as something in on be like you about on out be this be of you its you at have your on',[start] to primary care of digestive organ practice [end]
the national guard capable of,b'his with for as while for in to to are into in as the that what and to two their you their for it about out be light it',[start] control that angry mob [end]
Many websites advertise insurance capable of,b'your and what you off up during to you have an its what a you are the what with in to its light be its an the their that',[start] provide savings to the buyer [end]
Lack of nutritional understanding causes desire,b'by it might on off out for be what for the be and of all more by the its treatment an for by more all with their as of',[start] eat a hamburger [end]
water receives action,b'of your what very off than into its like it many of with very and across than many you what one what and to for that this by the',[start] find in well [end]
Mr. Ellison mr conway with,b'that very something for from it what like you for something on it with their you its and light by one be is you an an as that by',[start] a chance to reply [end]
another person has,b'to when to out who you',[start] stock orders [end]
see movie has prerequisite,b'its in its out up as to at from his it like an of more many in at out be his many both for this of an to on',[start] buy candy [end]
go somewhere has prerequisite,b'at something have it an as off for your or into their your as with at his and as it for more on their and its it for their',[start] go outside [end]
a person not desires,b'it something his after is to the that like you together you when might play of very their both the you many for your all and an to many',[start] stress [end]
hematocrit test is a,b'of up is in your out out your out many while the from it the you is all this all this with many from its that its as that',[start] gauge anemia [end]
Gwynn said,b'you can like your to',[start] would move on with his life In his first interview in QUANT_O_1 weeks [end]
this car has property,b'of from in as of is its into it what of at out into and an from for in part at their that his one of very with very',[start] park parallel to curb [end]
many of them climbed over,b'',[start] a lot of harsh terrain [end]
a dead animal at location,b'the to make you on by out its with their s to not with someone from that all as be on be with that what your many as an',[start] a freeway [end]
loss of love capable of,b'to someone that something a by in and up about is to to that their into it an into you you to your that watch the be many it',[start] break your heart [end]
burn grease capable of,b'together too from while an glasses against culture disease',[start] set wood on fire [end]
pepper capable of,b'at from is their after from for and of is to its the off that it or about what someone that like them and you and from them who',[start] season dish [end]
a telephone booth used for,b'your and on their or is cancer during your off up of its the together and from very many away away their you this from for be his out',[start] superman to change clothes [end]
someone at location,b'with a and and be into out for people or about an after its with his than in by you light about be your that as by at as',[start] the toy store [end]
their pressure receives action,b'its to feel the to the with as out his by your as their s more this by this on both you you might their on have is light',[start] check regularly [end]
One impairment a person might has a,b'it your an that s of an in many together of both in all type an disease more that this more than in someone out your from with your',[start] is coronary occlusion [end]
a box of chalk at location,b'into in person the into very are when with what something for and that out is with it to someone and on many to very their them someone than',[start] at a school [end]
Chris Campbell is,b'what',[start] linebacker [end]
A blowdryer capable of,b'by of of of type from of people about than in more away off with at as his many from it at their as is from two in your',[start] dry wet hair [end]
stay fit causes,b'with out on be together disease by that very at this in disease of very both in it what about from it and in his of at you two',[start] build muscle [end]
Beds is a,b'together a bean it in your law as world key in with and the blood this their at all s the television their key part an chinese as them',[start] sleeping in [end]
Chronic respiratory symptom measures included,b'to up his while many his while with in for many is in for to up be his and with this to when when on and as in from',[start] breathlessness [end]
take a walk motivated by goal,b'to out their on the off what you up as want on in the shine out that you the be an with for you person of many by all',[start] feeling better [end]
park zone used for,b'while people clothe book for by across people for very up at the television to their on to at of as its treatment from in by light that at',[start] park automobile [end]
hydroelectricity made of,b'it do play them as',[start] water [end]
a good offer causes desire,b'while many the and about to to your ahead off of two his from an at for one as and treatment by an gastric their of at both its',[start] sell your new book [end]
jumping at the chance has prerequisite,b'out',[start] taking the opportunity [end]
goalie at location,b'by its very out as for with of many your are is what in at on you in it more its very out up you watch and this out',[start] soccer game [end]
jogging used for,b'out as someone an up off for their state to love or people s an money off someone his all your the music out someone to very very his',[start] getting places [end]
a garage used for,b'that a person on as a of for their up of of his what his on and their who it in the very as to that and light more',[start] a mechanic [end]
small lake is a,b'a on many be might for the the',[start] pond [end]
view a video motivated by goal,b'with by for very with with while at in the off at very as his you s more with at its many you by people s in by for',[start] enjoy it [end]
water at location,b'your up your on than on of all while the with with with is that might make their it with someone very for on from your for this than',[start] three state solid liquid and gas [end]
someone at location,b'by on to for an through and are',[start] a massage parlour [end]
canada goose is a,b'might the',[start] large north american bird that honks [end]
fan in someone hand not has property,b'its by to might to and for with is an cancer the be on be at out than one many all for one be both by light your your',[start] electric [end]
massive amount of propellant receives action,b'be will wear at with their as what from watch to get something than their someone who in all all and very light your very in have to that',[start] require for orbit insertion [end]
Repeated measures analyses of variance examined,b'be you work in in to off up to s many with more be have the by on is light is an out from of many you with your',[start] changes in blood glucose [end]
a train station used for,b'what become music the',[start] taking a train [end]
miss curfew may mean receives action,b'as as from of of',[start] punish [end]
a person not desires,b'by in out on it and to need his while his like as with all his you is its that not it its both one in its by two',[start] be devalued [end]
lie has subevent,b'that their what wear very to its when might like their is you in many might to what and more with this and you something very it out who',[start] pulse rate go up [end]
eating vegetables has prerequisite,b'off the have his object about to gastric than heavy for key their ahead someone his of all by them their states than more than that for on you',[start] vegetables [end]
a paper menu used for,b'about all be you go in an after with in it your for at is his your you while by you on with you to at what someone light',[start] giving to patrons to keep [end]
fireplace is a,b'it be something light like their it what a it have make that set all his its on at of is this very something about as might its that',[start] desirable addition to home [end]
Senators defended the vote in the name of,b'as out that while off what while this treatment an key that this both with someone them more their its that at to you your one them someone as',[start] ethics [end]
Employment is a,b'by you have something a you your them his across as like that like at like from more to might both all to in is it on them with',[start] a crime [end]
tickle has prerequisite,b'its a your while by in on the by with and it who and are that',[start] find the right spot [end]
Smallpox vaccine has a,b'at the in water its by and you when like on be that',[start] a shelf life of 18 months [end]
going for a swim used for,b'together by that that in the key when food away as ground away cancer from at with his item the united all their disease for many and part up',[start] going from one place to another [end]
soldier capable of,b'',[start] storm fortress [end]
drawstring bag is a,b'your while at the object in you while that at at of of your the for from by from more to not its someone out one it all to',[start] good laundry bag [end]
saudi arabian gazelle defined as,b'it for have your s a for with this be about for something with one away up and this while the and its many to at you by with',[start] gazella dorcas saudiya [end]
saturday defined as,b'might to its out while from with an out that',[start] day after friday [end]
society receives action,b'its a of during for in while are what you are someone are are their what at two all as are like on that have many its both from',[start] compose of men and woman [end]
one of musical notation clef is a,b'that with it someone an about it you as on what out you his its it is be the object what them very that by light very that and',[start] g clef [end]
child capable of,b'something good work their its with very and to like very the might live very person be person about by be many and its two this and all light',[start] choose to help their mother [end]
awaking used for,b'the get have make someone to together out the might in your at two light your an more many and is its different at all and is have someone',[start] going to work [end]
moisturizers used for,b'like something store light be it what your are are at have watch on their you your in at do like all like very you it on something like',[start] hydrate [end]
entertain person has subevent,b'like is at with his down as their to want someone his both light out all all you might watch of two very person when it from in of',[start] serve drink [end]
shower used for,b'for an people your it of with many to have as on at your after at your its your of your treatment his by your its while you the',[start] prepare for bed [end]
wash clothe has first subevent,b'after like all by of of an while his on about their s and with at your s part about one this that two both people your by someone',[start] dirty clothe first [end]
Hard capable of,b'to on to need that your like',[start] casts a defined shadow [end]
commit to memory has subevent,b'something it his might about what your like that like two to look be their have all someone that make the all this its have is more an that',[start] create mnemonic device [end]
bathroom at location,b'by about them and as you',[start] bookstore [end]
the locals speak,b'together through pictures outside key object out away of clothe that water type at its ones from and sentence at by book many treatment all disease',[start] Taiwanese In Taiwan [end]
buy tickets to that sporting event motivated by goal,b'what be a his at more be together its want very well up with have not watch more an turn his you making and find all is know them',[start] go to a sporting event [end]
not all scam artist is a,b'with its that to not the be while of two that them while two this up as the as at for his their that people at with many as',[start] con artist [end]
person desires,b'it two light might become your into like might do of light when on them it its at with it more with what that in someone at your and',[start] clean cloth [end]
A recent cartoon playing on the popular movie had a circle of,b'on its for up to',[start] political first wives looking fierce [end]
annoy your brother has prerequisite,b'might are to in in to about is what an out to an when your after with of light very both his at that for you the of many',[start] repeat everything he say [end]
lose weight causes,b'after very your s very you for to are by at out by the while his s more as out it about a all out as two on from',[start] hunger [end]
a sink at location,b'while of to to for by into is its its from to with your to that s while the heavy you that you his is by many be out',[start] a laundry room [end]
set cup on table motivated by goal,b'to are for from it you to you the the or what something like you get is the it many this light that make do and something more to',[start] it be too hot to hold [end]
riding a bicycle has subevent,b'with many your for that and s who many an about many out of the two at its its both it more out it many and people be you',[start] pedal [end]
consult expert motivated by goal,b'for by this what is at it its its s at by with with their with this to you be its many its many for with on and this',[start] change your appearance [end]
watching the evening news has subevent,b'its for this all than and in their at you off about your in light at light them as someone his for many to it at from for its',[start] to recognize someone [end]
society used for,b'what will have your music someone or take to be pleasure many learn be money what person be become light do make make more new its not more two',[start] mutual protect [end]
a paper page at location,b'be at do their be s with and and about many out your in that the very that like you as your when an from in you his are',[start] a music book [end]
play the piano has subevent,b'like in them them s with an that as your to make its watch someone have in more in someone who its with for them is more all from',[start] your fingers hit the keys [end]
listen to music has subevent,b'when this the at one at is its on by its of an the while you of of that very it someone for more it his part his the',[start] you feel uplift [end]
play basketball has prerequisite,b'you are buy have keep might be his are that have someone as is might find from in the on might more up with by watch with on your',[start] basketball court [end]
join the military motivated by goal,b'about more all out it their be the as very it you have at someone is from all out you at very in its its with on in someone',[start] fight war [end]
Western society has property,b'up a be be off the of its the very like a about an the heavy for that their out one on by someone very is be the more',[start] patriarchal [end]
glove capable of,b'like be getting like very your off at something his s them into by to an very both be with like in of more than all many people at',[start] fit tight [end]
films are set in,b'his something at the in you into by with this into what their is an after for their more from of the the might set this than more as',[start] an upscale well-scrubbed America [end]
become scuba diver motivated by goal,b'might very like do do have from an its for while something you what about about light someone out the be what in that have like all of light',[start] see fish [end]
drink glass capable of,b'in very on for its to when its s s off off s on at an like someone by as have than is like on your be what that',[start] act as magnify glass [end]
make people laugh motivated by goal,b'like will all that to feel in in and with his in that about an you not be are the ground up light its is for have like light',[start] tensions are unpleasant [end]
legumes be served,b'in their you like very to a too on that are his treatment the you something it an when you about by from to for at as might it',[start] the langar [end]
teacher capable of,b'off be to might not their and treatment by its contain be food in someone very with as object up is you this that very the pictures be type',[start] work with child [end]
rats at location,b'and as out for very or off s between their as into for type in by the from you like light all out it the by one from an',[start] the roof [end]
gas burner at location,b'up up its it do something when at this many s an by for his at at their you their and on a part from for very one you',[start] kitchen [end]
see excite story has prerequisite,b'about up them people in all and that together of out and very as their as at and the as be from someone their all it what on on',[start] watch soprano [end]
cut your hair has first subevent,b'to have their to you up by to out be are someone while might know have be something very at person with to find of more like their person',[start] use scissors [end]
person not desires,b'you become very need in at something as be of it an into is what someone when a both this its this in someone as with by to the',[start] lose sleep [end]
payment counter at location,b'like that his by that in is his in in in what that that their your to be are out like like with a to it on as many',[start] business [end]
light at location,b'might at to get your his you together the up you and on your into on to more what to light you of you like what by is to',[start] plane [end]
a person not desires,b'that is something person your up what about someone of one of many is very of by it in more you watch is have their an what out be',[start] be thought of as incompetent [end]
have physical examination used for,b'on like it like that while be in you that s from at on by their about out more at as light is all what have that be as',[start] monitor your health [end]
person capable of,b'at a that on an through into while and your or someone many as as have one and your and and very with from of with it its for',[start] carry shop [end]
someone capable of,b'with what as be for more be have the food be food or to wear what on have is it their the his by both on with of more',[start] change windshield wiper [end]
buy food has subevent,b'at is all out out someone while it many is by more the are what one with what them at it to not two its two his your both',[start] you carry it into house [end]
People not desires,b'when with its out them and for what as at what be about all you their to the sentence as both this your their to more light be more',[start] naughty behaviour [end]
A forger capable of,b'a s that the through see is in out about their you with have both it this the type to tell from is it have and more someone light',[start] doctor documents [end]
returning to work has prerequisite,b'up out for in their you it have for light at more out what that them and the its very what an all many its two as person all',[start] having a need to earn money [end]
A game receives action,b'his to become is to something you',[start] played in a stadium [end]
your lost shoe at location,b'from than up from many what be you to something your people its on the of your their as with is might might something out one someone what than',[start] the bed [end]
if you desires,b'might your its and together off on at while their by like his like while many type off to this out their and very in for this an its',[start] your privacy do not answer door [end]
play card has subevent,b'it not play their while very and watch and out off it from for more while to his the for by what like by have is this one it',[start] play in casino [end]
Most of the audience capable of,b'and this their be what his from as s out while of of his object his type than as by very for very both of people about many its',[start] catch this joke [end]
eggs at location,b'its you have you your up by out up to that its as are is that at as at out when many light out the it from a the',[start] a chicken coop [end]
meet person has prerequisite,b'at of',[start] socialize [end]
infected injuries capable of,b'its for one s like someone at very like of both for as the its have at be as like at its in and where like from this at',[start] cause death [end]
cut twist curl has property,b'about that of an down its from and about of part when an type of more away is more out their you it someone someone that be you someone',[start] abbreviate to ctc [end]
judge capable of,b'be look to its like make might take do to something have person your have for watch someone more it you do to it an an what its two',[start] fine defendent [end]
restaurants capable of,b'about of type up at that treatment an its his in light who when his from be an s your while them up up who the that that is',[start] serve salad [end]
do housework has subevent,b'be watch look person light something you like be while not like is have what an this as look in its with person an with it at is not',[start] sing [end]
person capable of,b'to you on than is when you while it in that as to s what you someone at more his in at something like something from more by have',[start] eat corn [end]
designing software used for,b'are something to its something what are his with something about many the to wear and two more this an with at one their their at for new that',[start] helping others [end]
The state flower for Delaware defined as,b'for on his what the about this to for is out the in its his out that at it what like its many out many more its out to',[start] peach blossom [end]
a club used for,b'to for a like be like with their out it to in with its what something to like out into his them you by this than as for light',[start] sport activities [end]
this bike receives action,b'and off about than',[start] make for rough terrain [end]
Paternalistic - individualistic is a,b'his be you a on out you up by a from an together and for something many very many with many treatment by and part and that one when',[start] a political dimension [end]
A police officer capable of,b'be be someone your up its of you it on all when something out to want like many the to something as very this light at very for in',[start] stop traffic with a single command [end]
vet has property,b'might make its it an that be need an together off more is two very as someone be not on all his like one very their in more by',[start] short for veterinarian [end]
swedish economy has a,b's m for up and object while sentence its environment after against sentence while an interior at out of associated between heavy many with be for light more what',[start] strong government control [end]
finding the truth causes,b'be get look have the get are that a with for to buy get your a on more very be have their watch have person as his what by',[start] your illusions are shattered [end]
Most sausages has a,b'',[start] meat [end]
a mother capable of,b's',[start] take a bath [end]
this is a,b'your at to have not are about of their the together on both like its what from two with be for an with someone at what with a type',[start] a diagram of the human eye [end]
Google asked,b'for and s across that from off off s your to the at by very by that on from your as to their or more very while more one',[start] its policy [end]
jewelry used for,b'the get do like what light that not their',[start] decorate yourself [end]
answer question has prerequisite,b'as you have light have it with by for and the',[start] learn [end]
cake used for,b'of for off with than on in treatment away at by into at what of an religious his you the an be like it your on their while to',[start] serve wed guest [end]
order a pizza has prerequisite,b'like be take play what light for your to watch up by what very be for what from their watch that make more in watch of two very light',[start] order it on the phone [end]
bagel has property,b'in and like all than something an the to like when someone what and many are you when this at both at its you not one on your you',[start] eat mostly by jew [end]
"Cardiometabolic risk factors , including atherogenic dyslipidaemia are associated",b'be his want the something more than that have his from their to have it something something to to light by is his all about more you like watch',[start] with increased risk in this population [end]
rosebush at location,b'to it off their by it in by out and to very when two many like more up on a this all is his in its by what in',[start] bloom [end]
a pot not is a,b'about all all that with many up what to do your be of be your gastric from to both of you what as with all at is many be',[start] a kettle [end]
San Francisco is a,b's or out more someone from together off away out off from for key at this during you their treatment to ground than food its key to work many',[start] a big city [end]
company at location,b'while for as when by about is it in like to might an as more while his an this s the by to what light like on in on',[start] city [end]
Relative risk were derived,b'at their at what very be your on about your when in out its its have it that what his more two light be someone out what from in',"[start] from multivariable logistic regression models after adjusting for maternal age , race , marital status , smoking , cocaine use , adequacy of prenatal maternal insurance status although data on cocaine use are likely underreported [end]"
passenger capable of,b'the of from is to be out from to it its his are his an off you and its by their an its like it by both and it',[start] step off train [end]
bass clarinet used for,b'might and out to after from like off to at for from very your into up who to its is from one out off more at more your the',[start] low note [end]
something smaller than the box at location,b'about the not with in very by that are and the object about them to it who this about at be more his more someone their what more with',[start] a box [end]
find some water motivated by goal,b'in that at on many the with is and and it you might get out who out out for light to person to the his part by this for',[start] go for a swim [end]
tape television show has subevent,b'your when on like for very like from be for out about with about this s more up more an and by from this an across one the all',[start] run out of tape [end]
set cup on table has prerequisite,b'to feel at very be about it on and at is after as watch very very and all like his very by is your at in have the its',[start] slam it real hard [end]
go for jog motivated by goal,b'for a this all that for about what than that that its its like to',[start] get in shape [end]
play card has subevent,b'while as two two to have s up and with treatment into from at one it than an on is an associated it up your and it from light',[start] adjust to opponent play [end]
sun at location,b'are something you a like to you',[start] the beach [end]
school location of action,b'from',[start] study [end]
radish at location,b'with a this all with and an into more by to to have than people be be their an at their you what have person it like his while',[start] refrigerator [end]
mythology capable of,b's after his out you',[start] express life and think [end]
Aimutis is,b'off as people this an off up more for you while while on an s treatment more from the treatment from it be very very to watch its this',[start] Detective [end]
You capable of,b'while with this from s together inside treatment states and this as an ahead than with your at treatment during his more your from it treatment at in type',[start] find cokes in a dorm room [end]
post message motivated by goal,b'by the the not of on on his treatment from many an into an his s what an very their his all that you its to to to two',[start] get response [end]
Carpeted floors receives action,b'at that its are the out from like its his his to it light for light your is its as to have by you the from of their their',[start] found in many kinds of buildings [end]
The males go into to,b'your be person look someone someone be be on watch to the',[start] breed [end]
a table at location,b'about up when something your or many and by and it when what more an out about more an what their out someone this in to all when their',[start] the rug [end]
Muhamad lutheran medical center,b'might when not his into be in many you of with on into who to something more all to something on you his both while have the for like',[start] Last night [end]
do housework has prerequisite,b'might with with an cancer from for more many into you about his many as of many it and what what someone that from more for more one into',[start] broom [end]
night watchman capable of,b'',[start] keep key on their belt [end]
a little money capable of,b'with all your you after be and you at on and their to light as something is their its at at one in of to with a your be',[start] seed a great venture [end]
ride horse used for,b'when',[start] movement [end]
candles receives action,b'on his many you out something at two what something by out up their be of the at what as it on all its you very their of for',[start] put on birthday cakes [end]
a cup of coffee at location,b'as your something like your in someone in a and to his into what with it into this this many you what on two is its in your it',[start] your hand [end]
ride bicycle motivated by goal,b'together off for by treatment what treatment than restaurant away than law on and item its outside of an against all this from its object or what one an',[start] you do not own car [end]
prepare for vote has prerequisite,b'',[start] gather information [end]
Dan Rather be correspondent for,b'to that is from on out that with on while an the his up while while on an what light an at very your with you as and be',[start] White House [end]
play sports has prerequisite,b'together that someone by this gastric by at both together on part from an in this the problem its sentence or you against one is for both to object',[start] enjoy games [end]
deli store used for,b'its a on someone it his after are off be might someone when many your for very and two out out is for his it out that many as',[start] purchase item to make sandwhiches with [end]
running after the ball causes,b'for from the s s and with than their of people or more its from one his his its it treatment it as both by of light more this',[start] tiredness [end]
being in charge of a project has subevent,b'out as his when the treatment its country treatment part of his clothe away cancer as their on very light more for one one on on the clothe s',[start] change things [end]
wooden hangers has property,b'something light an something their what be to do you it do it all with more have a be for their person his all and one and his something',[start] very sturdy [end]
bottle used for,b'about their all than of on when more for of on the its many with be on them to listen it and that on more that its type to',[start] pour liquid into [end]
plenary council is a,b'as of the with on more out it about to together in with to of in be an are about out from to at what many both that to',[start] meet of local bishop [end]
eating has subevent,b'of with and by many be treatment or for with on more what what and with as many for it all up an this up all for be you',[start] add spices [end]
footstool used for,b'might that and their with when your be after have of like out what their out up the his with this out for be something the out what all',[start] child to sit upon [end]
a fungus at location,b'into his person be of all to want like for his and many',[start] dirt [end]
Brain opioids has property,b'like on on s in while at like of his be its might do of from of with and is about as them what their to play more and',[start] very important in regulating social emotions [end]
One capable of,b'your is not that and out or that that and by to with his as be its two with all is very all it up one or very and',[start] balance a checkbook [end]
wash your hand used for,b'your its be your after more you from like have up to it an by very at its that on a very to light in someone more his that',[start] maintain good health [end]
go into coma has subevent,b'with their you in with all what to what is about all or in and as many his all for light his is of one is and to someone',[start] close your eye [end]
older people has a,b'you watch be not that s you at for for many be in in for on is watch two someone out what do on as you do with for',[start] more experience [end]
bringing home some fish used for,b'up about this about an cancer for by s you your the that the united what light on by someone its with as someone many to more of your',[start] making money [end]
get some physical activity motivated by goal,b'out to his you off from like light their person and world or that place its very money with an heavy all than one to in by this in',[start] live better [end]
improve your image causes,b'out is all is very for at not for work up and have more two both you more it up from its this two for on in one be',[start] person to like you more [end]
clamp is a,b'together you work with that defence who world or food than self against an chinese treatment treatment to finger what of as on both by all your on treatment',[start] tool develop long ago [end]
speaker capable of,b'might it food key all or and you up at your that from on an for at many this the it of this his who at his the from',[start] sound [end]
thanking someone has subevent,b'might it an after when might the into',[start] shaking their hand [end]
human has a,b'to your is something an or while their are as',[start] one nose [end]
Not all potatoes receives action,b'while with an about for be cancer about on your together as many be key at with very an the united from out his one type someone and his',[start] found in deep fryers [end]
QUANT_S_1 of the delegation 's workload fall to,b'are at it at from on their about away as its play their while might play is watch their to two your people about this with very light be',[start] Mr. Lautenberg [end]
Going broke causes desire,b'',[start] return to work [end]
stop being married to someone has last subevent,b'to watch is it light you his be at on at your about be at your the out to many what is and of and watch and and where',[start] finalize the divorce [end]
The time between human heart beats has property,b'',[start] 1 second [end]
cleaning clothing used for,b'off be to',[start] looking smart [end]
debian is a,b'to very for his it someone at many and his out a that and be have to many the it from your for is by light you many in',[start] operate system [end]
learn has prerequisite,b'together into his both type about about to united s key them by chinese or an chinese this one the problem for more one the self at more what',[start] cogitate [end]
Wine capable of,b'be like an you up on to feel you or about his or an like many on on very on more to light more from someone its have is',[start] helps people relax [end]
the Eiffel tower used for,b's about you to his on together for ones who in object is its treatment an problem what many states with it out and the self all more for',[start] promoting Paris [end]
communicate has prerequisite,b'might to do do something someone at very about have what for your on more of an up as all when his into from you his on that you',"[start] talk, write or sign [end]"
Haverhill part of,b'are might like very at are when their are is with a his on two their their to like their what be its many its more and be watch',[start] Massachusetts [end]
a lizard at location,b'and on your of on s',[start] a fish tank [end]
map not is a,b'by you very the after their in their and s by more treatment with in all who his with more an by very by at his his his more',[start] true representation of reality [end]
perfume used for,b'together you it have you hand away about this cancer inside its chinese an restaurant or an with is at his book at to heavy by that heavy is',[start] create good smell [end]
a person not desires,b'what make know keep to know to you your close for buy watch you it make it and to play something have something it for light at more person',[start] benzene overexposure [end]
a baseball ticket at location,b'at and people his when on at up to like while and out about and it his very out on part it about one with be all for his',[start] a pocket [end]
The capital of australia is a,b'you its watch watch have at be be at very might might be with might their it out like is more their its what your on of his your',[start] canberra [end]
their evaluation in the treatment of advanced gastric cancer remains,b'like very very have person their down and very it the this an s his that what someone have what at very be that in two of have from',[start] early [end]
kill person has subevent,b'something work',[start] grit your tooth [end]
add up a column of numbers has prerequisite,b'from at the their and about who it as to',[start] find a calculator [end]
tan lotion used for,b'from your is like that by from is up that down as as you their as with their many while two as out many you and more one when',[start] even skin tone [end]
legal decision receives action,b'by',[start] make in courtroom [end]
fight war has subevent,b'off about food that his of be with his like while for that gastric many out to water on as in light his both and is all as you',[start] a lot of suffering [end]
Democratic incumbents are very,b'a a have another as and or with with a treatment as it who as and is many by out it all than on it than make in from',[start] nervous [end]
voice at location,b'be for will its and their like your are what its not is that are are is that light on in one you very might look them who in',[start] choir [end]
study of person is a,b'on up as his of more with to together by like be an ahead at with about you when of very and with than on and their as that',[start] science [end]
kosher deli at location,b'what about its when from the mail s s in of person when like wear what on both you getting the be learn all is want his light that',[start] food court [end]
Sailing on rough seas has property,b'by what on you something about it by work more an might feel from his be have of many this of and many his it at and in his',[start] dangerous [end]
get pay used for,b'and many food at an cancer s for in by many up away about very into of on of an to like out be their this that his many',[start] earn money [end]
human at location,b'a of type in from a to not about by to might learn and and it off and is with and your to tell who to its all this',[start] command [end]
attend a classical concert has prerequisite,b'and in your like to at',[start] dress heavy [end]
A hook is a,b'out their many that to something its often is world an healthy away his time for on what it by one be you at that work with as good',[start] a problem with a golf swing [end]
get some alcohol to drink motivated by goal,b'a of at it two into to like your by by is into its not that as someone for as in the as in for what is for at',[start] get drunk [end]
lizard has a,b'as many both someone from its at at more more it an for an and it who that this it you of at it all one the of is',[start] 4 leg [end]
attend lecture has first subevent,b'about someone in their out more s to be very and its his on their with that many many type up from part your like with an gastric up',[start] find good seat [end]
school at location,b'might when very to of from its s',[start] compute [end]
corpses at location,b'be something his their be in be on with all',[start] a war [end]
ET capable of,b'when that from is be are for on many with an off for you very after it all your by that might be to very of all you at',[start] call home [end]
something at location,b'to the want you be the by out out and as about someone many about very the to dont be have someone of it very on it very in',[start] dinner [end]
the Ciprianis had received a subpoena to,b'',[start] his knowledge [end]
my hip has a,b'to can be and up and as your about by his it when be your of from their what on his like at many this what a it in',[start] bone [end]
tell story has subevent,b'the his on their off the by on for more as out as are might on an for this their from a s you something as your very of',[start] announce story time [end]
Springs is a,b'a a up be from when that on off in your the',[start] coils [end]
QUANT_S_1 friends from as far away as Kentucky shared remembrances at,b'off down with of that ground in both key treatment of with on the clothe its that the object is and object their its it on one on to',[start] the service [end]
Mr. Mica said,b'be buy be need a',[start] irritates the other travelers [end]
selling your new book used for,b'are person human you after at s his its at on to very at like your state you two light be its very on by with with as many',[start] expanding your infulence [end]
i desires,b'after his that like your by of very are is',[start] lie cheat and steal [end]
building a cathedral has prerequisite,b'in and a off an on off when what its with by be to the by for be you what as light their his someone your his an to',[start] much stone [end]
Life has property,b'his what it what you the well as not the ground out have that have like with this that be its two an key what a its both many',[start] fun in the summer [end]
bring in a verdict has prerequisite,b'it be know have get your',[start] deliberate with the other jurors [end]
utensils at location,b'by is make look make have are like as to out their on something a by at his that out and part as an of by many as to',[start] a backpack [end]
the next presidential term begins in,b'while an both your by at off or about as in by like to and with by two the on his in with someone who what one who all',[start] January [end]
liquid water has property,b'what small australia and when sleep out',[start] wet [end]
The availability of recombinant antigens made,b'the be in at that at more about someone is to with in someone and an you might its one the very you on from from light of what',[start] it possible to develop sensitive radioimmunoassays for the detection of autoantibodies on a large scale [end]
self-help book used for,b'in their a with its about his after by as something many of one many about is of be its of from in as that his and you might',[start] understand self and relationship [end]
A conquistador capable of,b'that to an down many into like that about light when the on at what up on all the from their an s on is the object at someone',[start] plan to conquer the new world [end]
a drive used for,b'might someone on up from more off from up more more and of type your like with an for both with its you by from on this of someone',[start] testing a car [end]
a person desires,b'of by into in is while what the after is its it the gastric of is with it from this its on all the treatment all and his their',[start] what a person wants [end]
pain causes desire,b'in with people with their to are you and for by very on two at out in its the out the of by his part at you as more',[start] have a physical exam [end]
There is a,b'to what about with their object s from its might not out of one this its heavy many all this two what out the you something to wear as',[start] a cluster of rose blossoms [end]
radio at location,b'it work the heavy it this and like on this what person its many and on this to work all light as have that with your it it out',[start] refrigerator [end]
China is undergoing,b'his to watch have be at their in with of more your on with you out is is have like many it be to might look the in from',[start] unprecedented economic growth [end]
finger used for,b'',[start] tip over cup [end]
Someone is a,b'something new people all who when its for on two it is all you',[start] visiting Manhattan [end]
cream cheese has property,b'might what your something with on his its with and together the object is watch what what be their something with many his for its the object their this',[start] good on bagle [end]
go to get a haircut has first subevent,b'at person house them out up of in associated or both be in it for for both more light light up people its someone be be your their is',[start] grow hair [end]
sometimes frame has property,b'it play store their something to',[start] good than picture [end]
many person has property,b'a a his off off between to have into your are be with its for it than a and part and that a be where like more about and',[start] obsess with aquiring wealth [end]
many colors at location,b's like you about of by while in by be product more is want than plant with them that very light this many of as with his its heavy',[start] a sunset [end]
Fleas is a,b'and the of for from treatment out in treatment with an that up it his ahead while of to at an on the states his many out an the',[start] found arounds a dog's waist [end]
she capable of,b'something that at very of on out be the to call be light for their you at a be have a to you the at this at many very',[start] scratch your face up [end]
A true story has property,b'what have getting find not dont feel in on very spread its find watch get getting on with their in his do it of on something a find very',[start] non-fiction as opposed to fiction [end]
dvd at location,b'what his like you with very down that something more out as like feel your want in a work it it someone it all your you do all the',[start] in dvd box [end]
dog is a,b'together out his ahead is healthy s protection at its religious against food',[start] usually about two foot tall [end]
felt is a,b'the out about by in it to are its for have is people',[start] a soft fabric [end]
u capable of,b'a an very watch on for',[start] read it [end]
person blow into has subevent,b'as to something up for to and an out and while from on this who up about when with it on at an it for by two someone about',[start] instrument he make music [end]
grain at location,b'and for at his together in together for with in both about as in more on than his is his away out that both it an for is their',[start] sand in spinach [end]
Peoples has a,b'the the something play their are you to and be might an about you his his into in his of his the by its in a their from be',[start] different tastes about furniture [end]
catching a cold causes,b'for his at by when about for its his down while more about its after an up in it an that the out s of on his of your',[start] you will have fever as well [end]
Humans capable of,b'its from on with on many and more you off its on many s to like up to look off than someone many is more it very very on',[start] fear dying [end]
person desires,b'a it an as something than with all many what by at your treatment it as more from at this their treatment of more its is with be the',[start] sexual encounter [end]
convenience store at location,b'at with at this more many up up by and it that on someone you to this his is it up a by many to be and light of',[start] city [end]
pretend has prerequisite,b'your at someone at from many what his at a be to like a into his when very that what with and from to that at with of by',[start] learn to act [end]
workers in the back room chop,b'as his it on you you up its that after that as with in light what to the what have on from like someone and for more on for',[start] scallions [end]
That man capable of,b'up off heavy with treatment at the the at you are be about what the food is very what that someone an its what you might at light to',[start] cross the room [end]
The Golden Gate Bridge is a,b'',[start] a bridge [end]
Voters capable of,b'the person for for as something that s this you after this this this to for the you and treatment who object to its an associated and you might',[start] voice opinions [end]
get a job has prerequisite,b'about from you when his by an in that what something an in its watch up very more their very both in you not by one that two your',[start] go to work every day [end]
meat at location,b'about from be their from s his that by all after out be and its of with at someone is many treatment with his many what for one on',[start] butcher [end]
discover truth causes,b'from on its out of between at out on in his and more many of their you',[start] become unhappy [end]
watching a musician perform causes,b'as what about with his in and like what be watch to know about it his while by might your watch someone your it from you set it with',[start] enjoy their music [end]
fart has subevent,b'the in the to in to go might you out your might make be the in of to need have your with the key person and you the your',[start] drink skunk [end]
teach other people has first subevent,b'his very someone at that in what in about by',[start] find out their level of education [end]
riding a horse used for,b'the at of what a at might it s and by his after be the might their many two by its in on people be what you like like',[start] being a cowboy [end]
bathroom with bathtub is a,b'that be play it work it to his while at it what from the to your to two for it this you is light his more an both you',[start] wash area [end]
beer at location,b'while of on on be it as while is its up at this it with light as very his you that at out one who is for with that',[start] a building [end]
stop your car has prerequisite,b'from more one a that its be and what that are be an what that from and two very might their into what like a of by to to',[start] turn off the lights [end]
play baseball has first subevent,b'to in up you at is',[start] choose sides [end]
Starch receives action,b'with with a something from off out',[start] found in many foods [end]
polls put support at,b'together down pictures',[start] only QUANT_O_1 strongly [end]
In some cultures special mushrooms receives action,b'his on its to your of when more like to want as is an at be by more someone with as on two many the be someone that what',[start] eaten as a spiritual ritual [end]
