source,prediction,target
person capable of,b'with new something break during one them what very who his the their this its new one one someone them for this for are them new with them a',[start] jump over puddle [end]
hot and cold is a,b'than many many than in from the by in it for something on this them when your by live about a from his than as to both many your',[start] measure of thermal activity [end]
Yahoo flickr,b'what buy do sleep fun bad get their might see to another on a are to a its to a have a another look with not one store an',[start] an undisclosed sum [end]
walk around lake used for,b'and in that very his their or of many to and that you the and out as from good of its both your this of as both is its',[start] hiker [end]
land used for,b'his be your of s out more with than with on one for your something its something on it both his you to live is it your more in',[start] grow food [end]
go to a concert has prerequisite,b'about from during than when who what are his you might more a from another your you good an at new for from some both with both on no',[start] obtain tickets [end]
exercise has property,b'are many human being when one of is very at his an human be one their one than be for the you his that another their from in the',[start] necessary for health [end]
the Senator q u a n t o,b'on from at you them with their their you out its who more to might your new more on are something his for from a an one his one',[start] the votes [end]
wrestle has subevent,b'by on the or between them and as someone from by by to good that is from no from with new is in many new about the it its',[start] arm lock [end]
hamburger has property,b'in the many of his or of an his them who his something at when no new as for his something for your the open you have to set',[start] well cook to prevent food poison [end]
a doctor used for,b'like might someone more his in in who many very at more very an out who live them its no by another someone as his than more in be',[start] maintaining health [end]
newspaper is a,b'for than them his that in that in are for at that out a on when be its in for it your many an part and good that to',[start] document [end]
sea has a,b'be go play a to you more more to very by human get on to his it for live have one you an new might make more store to',[start] seawater [end]
a Hard Lesson ruth mc mullin,b'up or your in',[start] the newly formed Harvard Business School Publishing company [end]
do housework has subevent,b'who and your from by for who them with your at it many than an your new from to its with it an part about with good on something',[start] wash window [end]
rock is a,b'as them his what make see human as with be your by be very is an on no at being new by one it very for being with it',[start] solid object [end]
cotton at location,b'someone on some place another person many is your one new good for someone with live an both with your than an it you to it than new its',[start] a field [end]
hayker is a,b'what for them the against one is the someone with good them new good both by human as in good your to another no human someone both from your',[start] hyiking [end]
er diagram is a,b'someone someone them a off someone as good one many with new is more one on at human someone on human than an than the many you live from',[start] conceptual schema for database [end]
holiday shop has prerequisite,b'about to your who what have what you for to is out than when by someone many to human by many when its than you his to your his',[start] save money [end]
Everyone including Angela Vaillancourt new york,b'your his with one who it out are to you who new out good in this his open both to for something to for that store you are one',[start] performing to street noises of robberies [end]
a glasses at location,b'in in',[start] a nose [end]
a public university be located,b'what like human find go go an than might at in someone very live new is the by many as on his many at have for not very live',[start] in the city of Sulaymaniyah in Kurdistan [end]
rem-dream state is a,b'and in your at be that that to who than when the more on live you that the for an very them good in its live when it one',[start] neurologically and physiologically active state [end]
ducky defined as,b'at in someone live than one about in that is who that who something to than to more in at for more good good as that it for as',[start] rubber duck [end]
reading a magazine causes,b'their for your his be another from make you are it than their many by someone are both are human that his a to not be you a than',[start] to take up time [end]
finding the truth has prerequisite,b'their be cook food school the out by someone good many for are that them by something that an your you you someone a new are them to good',[start] investigation [end]
dance motivated by goal,b'for than one are of many and on one them out or many more one of them at by more is open on as that as an who many',[start] bring pleasure to guest [end]
attic used for,b'very get wear life money have you make go his one it have know his at more more that with live its person something be human new store more',[start] storage [end]
bathroom used for,b'and and the its someone human is about s their about at about your it new new by both by the your by the someone are one many one',[start] groom [end]
be on time is a,b'from and by many in from many it when their who its new when your you his from than live it it one with new this an something them',[start] good trait to have [end]
building a cathedral used for,b'on by one small one you as as their by than one one as an at that on as both this to in both one of at it than',[start] wasting natural resources [end]
something at location,b'what buy make play put an are something make good one its very as a many something at get many many to small something his not with that person',[start] end of it life [end]
pay cash be for person who desires,b'at live many as their by an than is out with a when on more both out its that in them at it by than good by new on',[start] avoid pay interest [end]
most ameracans not has property,b'who be an',[start] fit [end]
surf the web has subevent,b'of and and into treatment system into and your from one in it its his from by about more you by who no at it of someone out when',[start] use Mozilla [end]
an article in a magazine used for,b'and',[start] reviewing a restaurant [end]
drug has a,b'are good open and at up in than your are are are its when something what in from someone from many for the who good his no by from',[start] medical effect [end]
lizard at location,b'with or away phone sadness your out and are more of an about by out with many on the part by as at to be more on the to',[start] country [end]
A rainbow is a,b'your his live store prepare break something more to by an an his in get than with his a this that that an is something live that be are',[start] a multicolored light arc [end]
bathe has prerequisite,b'when his very more one more something with his than are human something more a this a the your a no on one as many someone is his as',[start] get undressed [end]
03:03 associated,b'the new with the cancer between more for good many good part more and new of good both its good as someone that as open the its one new',[start] with Fulminant type [end]
many kind at location,b'when at its their the an cancer by more one to them your good both from open this someone new this store as open for not one this it',[start] model [end]
breathe some fresh air has subevent,b'on someone live break then like when than one at that a is live to an your more is in live them something new one are open someone someone',[start] feel good [end]
electric fan at location,b'from than them no them out is at something your up your your its than you you to live from in you no it is from your you it',[start] home [end]
bring home some fish motivated by goal,b'are are human go put make you for no be have another with you them his one human as one might new in the both on a at by',[start] fish be good to eat [end]
go to work has prerequisite,b'very their become have a and human and on to have have them for be live many for someone that on one to a is someone new at more',[start] remember where you be work [end]
most case of sexual dysfunction receives action,b'from an one another like get its is many it very are good the from new an very on by as human in by with in something on with',[start] cause by psychological factor [end]
Older adults may experience,b'someone as many who with something its human who to have that another something no good when the in to have its to something something you by that on',[start] both diabetes - related barriers to diabetes management [end]
a woman french huguenots in,b'what another person car food food friend from good new and be its one person the it some it with all its store many food open you that not',[start] a portrait [end]
candle at location,b'who the treatment jam resource cards away out for its part in them in in that your in open than your at your its one many something many its',[start] candelabra [end]
pretending has subevent,b'than by to in or your who at your many are as are in is it the very on his it it with on for one from both new',[start] put on a costume [end]
eat apple has prerequisite,b'and about many the along as what its them the treatment your from be are his very an treatment of part that for as you more for its a',[start] buy apple [end]
talk to someone has prerequisite,b'of who many be watch buy your on by or by at with have is you an with his by its live of are a as its than good',[start] speak with them [end]
a kitten at location,b'than for on the on good about at of his than very at on many are this in more a more about for no than someone your are store',[start] a veterinary's office [end]
cowboy is a,b'when than have you his have them are to very is be than live might another when by the more more are that something are are human human have',[start] part of oklahoma history [end]
criminal court capable of,b'their make light think use do very be you that them a in have a their more new another with in it with you to watch with human you',[start] pass sentence on guilty person [end]
bus used for,b'who many might who many them on on their from one someone when an on its that new your with is live a for human than an are to',[start] mass transit for city [end]
attending a lecture used for,b'for that their get buy someone might of their with the many to a them its no many human good to a the when open are be the an',[start] listening [end]
The results support,b'to learn money knowledge item america them water clothes person to one america from at food person your all a house more them food about place in an place',[start] the hypothesis that there is an association between signs and symptoms of CMS [end]
androgen receptor variants are thus able,b'out is a the than be an cards many are very good to its you by something are you live it someone someone be an both by human one',[start] ligand - independent [end]
calorie receives action,b'to like them it more human as by up about out its might an with them at good in from by as than a are on in new from',[start] obtain from fat [end]
man become angry has subevent,b'what with to hold see live someone be you it the their live to watch person store about someone the be a live them open some break good store',[start] he crush paper [end]
paper at location,b'than that one good are have as at something more someone from are when no them you an with your something for are with live your are no from',[start] ream [end]
a desk used for,b'on more human be your of out or in with when for at their them for his than that its its this who someone by as something his human',[start] putting your computer on it [end]
bontebok defined as,b'their your make learn light go get to have them live with be not the something might a human a for to to you in your in good a',[start] Damaliscus pygarus dorcas [end]
budget be balance has subevent,b'off for many as of as on it in out to human at from are when in someone by no many at as your with no from them out',[start] deficit be eliminate [end]
his or hers birthday causes desire,b'by with them about than who out with human their out for more both when is them one more than a the his you open as as than new',[start] buy something for a loved one [end]
Kanun is a,b's with out and by more by an many them on their more and at the your who for good at your on an at part as its as',[start] a stringed instrument [end]
lying causes,b'to on out new treatment of up its at is by be from when it from for from good than his something for to might might someone with many',[start] problems [end]
Judith O'Savio is the president of a 29-year veteran of,b'their another make make be might to more in on something human human for that its on to get something live about be his are by both an one',[start] Westchester school music programs [end]
someone at location,b'who when human your between someone about at as that someone at that that by who your by someone who them by on them by on new many no',[start] baby shower [end]
you capable of,b'in of out for them one its your to be an for your who the from is an and a them that many with good to live when by',[start] learn things by listening [end]
salt causes desire,b'at something at of the the through something many his your who you your as a your an your something with live good your part out of it someone',[start] drink water [end]
find lose item has prerequisite,b'about something hurt sport shop some with many its that something both it to at are some your is a for to an you the its as from it',[start] ransack room [end]
a bus at location,b'for something place to out than out to to have for what on with from from about new your for them it an about in them on on store',[start] a city [end]
someone at location,b'from is human small more their or is one and or them something that than when his someone in your its new new to open his your a it',[start] barbecue [end]
slap capable of,b'the part his very by or one them to being good of more when part you no his that his are his the their for more new no for',[start] amount to assault [end]
go on vacation has prerequisite,b'with its more them his in at s your your',[start] research transportation price [end]
smoking used for,b'of be go like something another what their someone it about by as at that its his both many both than many by very for its on is many',[start] impressing others [end]
see movie has prerequisite,b'its human be look might one many human more the more of it from not from human as being is new its you in that in them it from',[start] find out what be play [end]
lighting a match used for,b'at his another take watch look live your and it of for an its their out an both at be its live be your you them that as are',[start] burning some wood [end]
have asthma attack has prerequisite,b'someone be do your on might at as many when have many good in are have to your one is are the new many be both human its to',[start] smoke cigarette [end]
shop has subevent,b'between over many with who with the sentence them on to are who from very from them and by someone are someone you your an is someone for be',[start] one sometimes forget what one intend to buy [end]
Koji Inagaki is,b'its on that very with an between for by from from more out from his when many something on live someone by are you are to human human that',[start] a 25-year-old unemployed security guard [end]
debit card used for,b'someone many no its are is for its you is to more it than one more at new this to be store that not live this from live with',[start] pay for thing [end]
person not desires,b'of many you more out is them it as to are its very an it a to both out a no a one when with one when something at',[start] t ofeel bad [end]
A photograph has property,b'up from for his the of out off are them by it from at in for something on than that something as from on you one them from more',[start] called a shot [end]
a hair roller used for,b'that on its is you on of what than on the very your as is an of the who at good it more both is by a new the',[start] styling hair [end]
sail on the sea has prerequisite,b'someone might on when to more to in than than as might it who it a live from it be good something as at more be its your for',[start] sail a boat [end]
overweight person capable of,b'you see a others sound hand time from more life an one water than be store water water new something something your the an his food shop place more',[start] burn calorie during exercise [end]
soy bean paste made of,b'to it store new at are is when an off from one about are good who something someone are your in new something both more the an one for',[start] soy bean [end]
going into a trance used for,b'when have another that are to like from you in a it is its his his one you in not another no by new about you be not an',[start] Regressing to a past life [end]
accommodation receives action,b'the one get hold very by of be that it is have live to it the good to with for it that his in new this new that in',[start] determine on case-by-case basis [end]
A hand capable of,b'off phone get a sentence place of their as out in an contain the succeed is live than a new in you both new out someone be good with',[start] hold a ball [end]
Ruth Bader Ginsburg is,b's your to buy something it have at one to his many someone you by your many many your you many something be good on his are them new',[start] Judge [end]
people at location,b'for one many someone might something you many an the their them at that someone more to on have are that it when open something in his the at',[start] at an airport [end]
A girl capable of,b'at its good that have you make be very at an in on human that another you not someone by human new to get not on their his with',[start] join the choir [end]
Sushi defined as,b'than for who for you be in more an his an the it their a their that not your no in both with in both from at the good',[start] Raw fish prepared for eating [end]
a chess king capable of,b'their it on off on after many to with be when a with to an their with one is are it one the very for the an with not',[start] move one field at a time [end]
everyone's ears look different - capable of,b'the people money food new america a with you one food it more live open his something store an good the them open for new some in his water',[start] like fingerprints [end]
Most of the recommendations were related,b'someone something break you to be that be its more that an an many new be more that new its someone human it is someone as not an no',[start] to obstructive sleep apnoea [end]
vestment at location,b'off and treatment driver imperfectly tape off from scratch as religious heavy in you that your part on in something a more you might one to in no a',[start] in church [end]
Heyman is,b'up as with them a that its of that with his from the at as on no more new by them are more is many on at more many',[start] male [end]
competing causes,b'that very find having get find out that something it an out the you at another open that no your many as open new from new are in them',[start] jealousy [end]
system used for,b'as an very you out for be on them of and and one to one by that something as that a part from the new for your is them',[start] particular purpose [end]
theater ticket used for,b'the its at are that from what is good as and the with on to something of both this at their them new at many human its at at',[start] get into theater [end]
an ocean at location,b'at it a knowledge knowledge park book music break them shop the something on the at new for shop it some store his some your with that someone its',[start] the globe [end]
cell phone at location,b'his with is be find make become good of find who more a with live that his his on one your very being that in no in with with',[start] shelf [end]
paying by check has prerequisite,b'up to go to with you and when his with be one of you might another about many at live be store you another its more to be by',[start] a picture I.D [end]
deli restaurant used for,b'to at them new from when to is have an and something many you from some an when to on store new someone a many for a for open',[start] hungry person [end]
Everyone 's polls show crime as,b'about the many very by his at when are on you more and many them a more of that to its an this it more with at at a',[start] the single most important issue [end]
stool at location,b'as their have that you more for more by his an your for good you an from a it your it his something at new out new about at',[start] specimen jar [end]
spaghetti is a,b'at them your a by something something of its when is no of by someone good his that live are one about you it is something something them more',[start] a form of pasta [end]
ride lawnmower at location,b'on on food america house place to might to at what by many something its more as to them your more one more its more live an new are',[start] garage [end]
remembering causes,b'up before for that your for their for by at for than in on with and of them his who of the someone are with one your with more',[start] realizing that you had forgotten something [end]
person desires,b'up from in as or who when to something his someone one from than the to his both good when something many them out it new something by this',[start] stability in his life [end]
make up is a,b'than someone an between on what you on its their that for their the your about his something that his one when by is it someone when in it',[start] compact [end]
The goal of the basket-ball is a,b'the at more by about by s with them who very one more the who at than new about someone you not to something more them on be no',[start] a basket [end]
a back yard at location,b'at his make another might by with them who them as your out more is in you the in his it it them his one who is something store',[start] a suburb [end]
a stick at location,b'than more good them who that for your in an cancer what with one something than to open his on his something good as on to by an an',[start] butter in a grocery store [end]
attend a classical concert has last subevent,b'with more your a',[start] applaude [end]
People get into trouble if they not capable of,b'their by someone the off its than human that the you for many who more the at for them someone many new one to a someone in someone a',[start] pay their bills [end]
you capable of,b'that you on when out you the between from the from them that at something by many in the to it a when it by at the you no',[start] buy all sorts of groceries there [end]
A lucky charm capable of,b'you person place some might someone with out your its something you more than might your is new you you by your one many his as it no by',[start] give a person good luck [end]
one book of bible is a,b'than by than someone in many as something and out from than no that an who both is from more about them when this your it from your your',[start] psalm [end]
seeing an exciting story causes,b'for his might out to at your when as something one an are are from something by its in have on live in one your one in in new',[start] sharing that story with other people [end]
mat in in front at location,b'someone very be put give you with something that as many new out of one someone more for store to are good your from something be them are the',[start] door [end]
playing games causes,b'to it be read play buy you with are might live a its with store is for know for live be live a its no them an live open',[start] fatigue [end]
Cheers receives action,b'at their you how your its of are as more that as someone on good on a someone his your as the as an its for something live to',[start] set in Boston [end]
adjuvant chemotherapy is recommended,b'in about be put buy give on you to very about his than when more you are them the good you be to good from more an to set',[start] for patients with lymph node metastases usually [end]
go for a run motivated by goal,b'',[start] exercise your dog [end]
The capital of Svalbard is a,b'off exist chinese around system s system down on his with for at very heavy someone the against both your their one at human one is in one of',[start] Longyearbyen [end]
dog capable of,b'to on one you something an into with your that its be many in human your one many a human have more that an who many more are with',[start] be many colour [end]
warren part of,b'his be make move become learn human by that might at by than in to that with more when from you a human human be new at by open',[start] ohio [end]
the man receives action,b'between thrombosis along rate of vegetable',[start] raped [end]
have heart attack has subevent,b'like someone small your their more are when their them be them good in his on it to one the no one with to them have with are many',[start] you feel pain in your chest [end]
eat apple motivated by goal,b'more an might be very someone at in have his when in your out is from from one for no more an this on from for your them about',[start] you be hungry [end]
flower on your table has property,b'what very are an than than the them out very in many of at you many a with them with have an with you in human both one on',[start] nice [end]
know if you healthy has prerequisite,b'someone your good something food water them your something an than person a the many not at live the store on its some the it break something person your',[start] examine your breathe [end]
592 ( 31.6 % required,b'their be travel give make see use them something might someone live for to that that someone one by good that their for new than by an live something',[start] ICU admission [end]
lot of person receives action,b'its on that for someone by from his someone your on no its as have to your with live that be as as is many when when something new',[start] scare of reptile [end]
going to school has prerequisite,b'who than his than them from for and by when very out and them a the more to the is to both no when live this at its one',[start] motivation [end]
The coalition is seeking to have,b'on as of with than it at is the between that in its one its for the from are on to your one one an out with to a',[start] musicians paid directly for use of music online [end]
Tactics is a,b'about many by than something a them up when with be the on some by one an and good with good about more them live about on be store',[start] the means and methods by [end]
An arm is a,b'more your your is very than are than out as on their that something that from someone by being at a to good by open is your many this',[start] a useful appendage [end]
deja vu at location,b'by one be have the by between out for its than is someone when no on very your very an it from at one no his more as its',[start] middle [end]
volcano at location,b'from and and of who the the out its at more the an its part by someone you them are it than store about no live that the cold',[start] top of mountain [end]
a coin purse used for,b'to his one at it what when like them more as a for a from person is be good the when on on food about at good is to',[start] keeping excess change [end]
get drunk used for,b'when out are that about something them something its their their when human human who be its many its that to the part from at are someone your for',[start] person with mental problem [end]
god causes,b'with about on food store more water in in the about is in water than a from new with something store with more than not open in person at',[start] miracle [end]
cup has a,b'to what live some about is on the are be to very be them more a them his human at someone an prepare in new the no your as',[start] coffee [end]
kiss causes desire,b'on the small find become read more more good on live that many from human them at be the them new is this many you an from live it',[start] help someone [end]
Very elder humans has property,b'who your their you out you is no something as at by its many by them an with that be something their someone about you its be many new',[start] feeble and weak [end]
agents capable of,b'like for out than something in be of one out them someone who someone at no you on something good an with live your to them that them be',[start] list houses [end]
glue stick used for,b'what like an for have be might more out its very for good are from human in be good when be new is very new when as open his',[start] glue piece of paper together [end]
visit museum motivated by goal,b'someone no another find take put that something it know that it human are not that an from at them from are live to more no from many on',[start] it be good artist date [end]
going somewhere causes,b'what might are are you get it out more a to his on at one someone new out store that no are an new than your no store store',[start] really get lost [end]
comb your hair has subevent,b'up a learn use do keep you an out its at its something it good them that human something with be more his in them the as store in',[start] look in mirror [end]
Egyptian pyramids has a,b's to in up as for very with human many very is that from are it you its in new many is more out you than you one and',[start] rectangular bases [end]
compete has subevent,b'at someone you something that by about its one at about is an its that by be live more that a with in them them new with it many',[start] poor sportsmanship [end]
unite state is a,b'out than than the then from you be something on when his very someone for not when as from live them more both for some it it when store',[start] same size as brazil [end]
irvington part of,b'at when something know person live and are an them one you that another its be more them its your his good for his not that both one about',[start] new jersey [end]
person capable of,b'its of its by when and of you about you his of it its have when good than on their when its someone about the with many from no',[start] learn until they die [end]
cutlery drawer at location,b'',[start] your own kitchen [end]
person go to work at location,b'than when very his for when its out out with someone who no with is your who good out are in as this for than an you are that',[start] subway [end]
cold weather causes,b'his from your the their that for on and for about be by on your them on be the something both someone for both his is you live this',[start] frostbite [end]
The oilseed radish can be grown to scavenge,b'his who their no very what of the more it what new about its at them an with no in are his be that at its are something its',[start] nutrients [end]
most child not capable of,b'about as as them for your and what about an something out is at is are something your is in new you by live that new this as someone',[start] wear wristwatch [end]
driveway at location,b'out about it people some than as more it it when in the are one from to good one many is are your you to that at are the',[start] car [end]
a QUANT_S_1 caliber Daewoo assault rifle is,b'their one many you as and its you their at by than them with to human at them an them its from them more your someone by many human',[start] QUANT_O_1 of the weapons banned under the law [end]
horse at location,b'about it new both out about an in as one in it his your is as that live the no many your you its on the on at by',[start] field romp [end]
a saucepan used for,b'when like to look drive it on it his to in for it when who one it about at in this from them store one to someone from it',[start] boil vegetables [end]
pie la mode in french defined as,b'you his get another get very their as it more who an their many his their an you something are its that his by get no you his for',[start] pie and ice cream [end]
buy something small has subevent,b'the with with of is what on by is his in of very your about your one than from the human them an this at live good on someone',[start] you lose item [end]
a head used for,b'when like not you for one someone are human for someone on an very something to many this as on it its good someone the no store no with',[start] making a lettuce salad [end]
children capable of,b'who at its than up many them what many something for his that than many no no than by is in for by a with live new in on',[start] love [end]
vacuum the floors motivated by goal,b'at the part by who something many on out as and out are good on human more his your both your from in the as that an to its',[start] do the housework [end]
horses has a,b'the in person be cook see take person have that more that human very the for more that the at no are in store the good your the open',[start] served humans very well throughout history [end]
A star capable of,b'what human learn become human an the but is on their is your its out in many be very with his that their for his no his by live',[start] guide a weary traveler [end]
thread on nut or bolt is a,b'between phrase light',[start] form of lever [end]
earn live has subevent,b'and over his it than it with your s s',[start] prepare for retirement [end]
large item receives action,b'be have play know need find something more your be you hold get at not might person might keep know not person someone its something watch live at his',[start] haul to recycle center [end]
divider at location,b'between between steps sentence phrase recognition cancer into united the for human than them out of your with by part your his from your part from for more of',[start] street [end]
answer phone has last subevent,b'out on them it that what your by its to when you at it have an with from in something about than one more as have in are new',[start] hang up [end]
person capable of,b'of cancer s in on an and to someone many many its the them are as in one both the his by by very that many from one from',[start] go for trip on their vacation [end]
have haircut used for,b'to take person break to on that at in a your them the be be about it it someone person for his a prepare that to not its your',[start] tidy yourself up [end]
playing chess has subevent,b'very their one an on not it their are as that that with someone their for them their in the are someone be human are someone more that being',[start] tension [end]
storm capable of,b'between s of at the and to what when it for more the that more and with a the his in a who at its your of one is',[start] move west to east [end]
buy hamburger has subevent,b'someone your what that at the that the s both out his in this more in at new part with something from a on your cold out out about',[start] take restroom break [end]
lady capable of,b'or out person person food school at and s to at with by for new out them a new that many are than many a one food someone open',[start] kiss pig [end]
basket is a,b'his human one you who with that be from on that more his at on a his is than a one its more with store than it your many',[start] container [end]
Humans capable of,b'when in heavy them who as to in something many one its something in new to someone new both at at as one out you store its are something',[start] taste with their tongues [end]
play ball has last subevent,b'in it something water place good more heavy are are as to many out who you them no your human in at at them is his is a more',[start] go home [end]
first floor used for,b'its very their find take get a someone in them be an its one his good his the many you store both by at his someone it something person',[start] be beneath second floor [end]
automobile capable of,b'their them in through in on by out them the is is very as human someone in someone more about many human on you human is be many the',[start] hold certain amount of person [end]
dying causes,b'about from of your about your cancer his of them when very his his from an are on from something someone many them new an are its this are',[start] an object's color to be changed [end]
buy christmas present used for,b'are who very be play put from by who be many are your is something might new many you good new to on person for at his is have',[start] make yourself feel good [end]
Flossing your teeth has property,b'its them that many the you it be in are something something their are that the no more an are good someone a you quanto1 that them both an',[start] routine [end]
person desires,b'your a in them who your s',[start] be treat with deference [end]
politician capable of,b'very no make a that in or being human the one for for human them new at the more them their your this it them on human an your',[start] agree with voter [end]
food at location,b'are in by to as more in an from is in something as no who when in both by be this with them one it many as good it',[start] bowl alley [end]
Members of crew capable of,b'you like like might when for to for a someone them at are them by that you your the many it you another good from good someone to open',[start] row a boat [end]
glass of water has property,b'with on at the states an its than human are by who it an is from from his than one something no one from be with his in more',[start] welcome on hot day [end]
person desires,b'as very that an by about in is an its that your are an at for at with new good out to many for from is is many the',[start] their mate to find them attractive [end]
get angry has subevent,b'or the both with from as as the in to when an out that them at the by with live something when open for for the more about from',[start] yell [end]
billfold used for,b'what an at an up the chinese out about of at by with one it on at someone this one an his in for not that one something someone',[start] hold your credit card [end]
have a heart attack motivated by goal,b's against human an to not your s very its the and his is someone their both someone your in very from something someone his the more the by',[start] smoked too much and excercised too little [end]
gather energy for tomorrow has subevent,b'in in more be give more from than for his at from live is the the them on at you on at you your from some is from be',[start] rest today [end]
play has prerequisite,b'up for from them and on of cancer and in away',[start] learn game [end]
person not desires,b'than the with that for very is them an of you human by an something of very new one are be your your that at from that in them',[start] be drafted [end]
cow capable of,b'to look good many his someone is them it who and to than on as an when for his from for that that have no as them you for',[start] quietly [end]
Steak used for,b'someone the one place have someone a its them good more no more have on an your them open for get more be something at many that to be',[start] eating [end]
you capable of,b'',[start] act upon it [end]
telling a tall tale causes,b'their you find need to in from what someone them when are more live for by a that both are open something some new it it more its at',[start] laughter [end]
Tasmanian tiger defined as,b'that might by by about be are to an than many someone of one you many more both good to the something them than his that more one that',[start] Thylacinus cynocephalus [end]
tickling used for,b'on a have a what another your about someone about and one to his both than than its many an your someone is by on their is your with',[start] forcing someone to laugh [end]
gazelle at location,b'your his live someone that your than than them a about as for for from as are is at no many no be it good as store your in',[start] asia [end]
disk is a,b'when it be hold be you on very it many its with its you his his human is both good that someone in by are his your from have',[start] flat object [end]
Maricia Melcombe of Stamford is,b'your who of the from of s as it by and human human as than of many at from its the the than his by you one when it',[start] a sister [end]
William Shakespeare is a,b'or is make have what to you for his be at his for more a at an who it is with live its both both are on the his',[start] a playwright [end]
relaxing has subevent,b'who it one small being at than his out his an for its something be that many is to one as human in more as as with a open',[start] drink lemonade [end]
car capable of,b'from an one good as or it for its for it your out an many something you an at one as store are by from the than for an',[start] hit cliff [end]
course receives action,b'be the other are something an on new it for many your their both new them for for good a human in are from many this both his no',[start] offer at college [end]
not everyone is a,b'be keep make their with make an of are its the as very more more more the both more you one that them both on in new this a',[start] from america [end]
bridges receives action,b'someone something them with the as be on be to human good than on be by it than with from as his with more the good them for with',[start] constructed over water [end]
An engineer not desires,b'to a get be play you to to his to like more what person might it to set live one it someone them a your prepare water about live',[start] a chaotic system [end]
Lifesavers is a,b'their no one the cancer as or one between out between their his with out more for are an at your something its than it of are that with',[start] a necessary item on any boat [end]
an accordian bag at location,b'on a mind date jam glasses on pictures s out between who something music as them with by by an you open store on at in store someone more',[start] scotland [end]
buying something has subevent,b'their person live in at with are at good more when with new as an with with from from many one for for to at by a human than',[start] work with an agent [end]
diesel has property,b'off then contain concert larger religious date against deep in them this more about the book it its with it as something something store with something one for his',[start] one of many product of petroleum [end]
i capable of,b'out and its human you their is its human to good than an how on more its something in live its no are its something something you more both',[start] light match [end]
someone capable of,b'by more you are by for and about someone its his it it out new than at the good from you his to them new someone than your at',[start] paint a picture [end]
Her long legislative record of expanding women 's rights won her a large following among,b'and is you what to someone with it for as their an for more the from one from you his to both who from are an many his when',[start] women [end]
red meat has property,b'at a work time your his you who from have with than more to the very good by them for it his in at you the store your to',[start] high in protein [end]
overeat causes,b'his no its someone have it to like that his from new when good many something someone someone someone it its an live is the on live it his',[start] poor physical condition [end]
you capable of,b'someone its to might his of his to the you more are you when live have it that that at with an live is on that the more no',[start] ticket to enter event [end]
restaurant receive used for,b'someone have make a pin when its very of be his when something in a new your an the something for a your a more is an no at',[start] intake bulk food item [end]
commit suicide used for,b'up s very get your for on more what than on by to more its to very one out you might at his when no with is them its',[start] person without hope [end]
a ring capable of,b'and or your an to to be when on are to are the up than who new for it its as by about his good to as new more',[start] fit a finger [end]
seeing exhibits causes,b'than a it your be your at for than is of someone one in than its live about with someone one that that new one your a at you',[start] surprise [end]
hospital patient not desires,b'like them you of of his very by very it when your in you someone who an it that his someone with his more live new an at the',[start] be forget [end]
sit quietly has subevent,b'',[start] look around person [end]
a stringed instrument at location,b'their it not many have have out from might find an human live human its are have another very no another have the both new is live both live',[start] a string quartet [end]
most common hat is a,b'',[start] baseball cap [end]
go out in public has subevent,b'your you look make travel know get it buy see your an might look you a be make person live another the human human on see at them be',[start] you must be dress well [end]
mankind believes they capable of,b'',[start] conquer all [end]
mont blanc is a,b's an take have see human that them when you at them is your that them on have human your with not by with them in many something when',[start] mountain in swiss alp [end]
waiting tables has subevent,b'on on food time his like out is at very is one one good you something many at as them for open many someone an part about one that',[start] fill water glasses [end]
the roots q u a n t r,b'its new music clothes war some part about both the your are your as at at with at the from at to many its them someone one more many',[start] the moment [end]
have checkup has subevent,b'like human see lose you your your up get another his that no for at more to the at some be the be open a them a both an',[start] you get pill [end]
send e-mail used for,b'the your out food shop water by out is as them of more his by new as one out your open no with a at than it new for',[start] communicate inter-office [end]
a street sweepre at location,b'very become travel be a someone an out it your',[start] the street [end]
Curtains capable of,b'are very become learn move move more more find human you get make human something that an one one it are many open the at its his an someone',[start] block light [end]
molecule is a,b'what be read place some an and human the an at his who human for be the very than his be your with new is at both them it',[start] small amount of chemical [end]
play lacrosse has prerequisite,b'up of being than to and by out from about for something up on with what when you by at someone is its is you as store from no',[start] have net [end]
take bus used for,b'from at not at his with is than you them than his good as something new to its by are the new one of something in at on live',[start] poor person [end]
french restaurant at location,b'at when on and to that your that out of new who are an his you in them of your who one many by by at no are from',[start] many city [end]
seeing your idea become reality has subevent,b'your the an that you a up be as have out you many many no might at by it by human someone be that you someone them someone on',[start] the feeling of accomplishment [end]
maintain good health has prerequisite,b'as in at an to you in his for their someone that an your it is from another with the his live an who open your an them for',[start] get more exercise [end]
embarassment is to receives action,b'off audience thrombosis item night food store jam music more game store new it someone house good store at more them new an house person store music new its',[start] avoided [end]
in anarchistic society there is a,b'at your to to someone at than and what a you you out them than at some than something it some a many an an live in that in',[start] no leader [end]
the role plays,b'more be cook see eat see a as in something you that make the your the the on one it more you get new new new for have live',[start] compared to the whole range of old treatment methods [end]
tying your shoelace used for,b'very use keep eat be do their someone many one more you not their by their live a that at another the open with in you many a by',[start] keeping your shoes from falling off [end]
a grocer used for,b'the human hold buy that have of its as one for an someone a being than be them on that to small that with its new to both for',[start] Fresh vegetables [end]
television view has prerequisite,b'than as as at about when from and something someone from on in than it his someone you by it on to in them its store from store you',[start] time [end]
guard at location,b'between over be might his as by out out someone for something one it good when be a by new on store your your at that as by in',[start] military base [end]
fortune cookie has property,b'as your another very to that by its about you an with on many when the his for than the by both is when to by someone as to',[start] give out at chinese restaurant [end]
going for a walk causes,b'in',[start] enjoying fresh air [end]
willy-willy is a,b'more very for when you more what are have as his many something you be one something your the your them an its the as that the this more',[start] dust devil [end]
works of art barrel madison avenue,b'at them more are of your their who from about an than for are at his from at no good it many live when an an good to at',[start] last week [end]
this legislation is,b'what be watch house room clothes show a place about person some his live in in work about store about the for person open its new as many for',[start] important [end]
Canada has a,b'by are you in for in than someone more about you them on from be for for than both no more when than it the to good this with',[start] six time zones [end]
know how stock market perform used for,b'out a place music with that on you and with someone someone about live you is an to new on them a more food to more someone more than',[start] technical analysis [end]
eating quickly used for,b'like make find learn person another many more human by by you to many another your live by many that are that no by a his both a human',[start] airport food [end]
love defined as,b'his the most one many more on at his from them and at of this that in that good is them its many one one this this as its',[start] strong feel there be [end]
dress nice motivated by goal,b'from them that at to to up',[start] the men to look at you [end]
the major carrier be serving,b'or at are you something you might s at your what it a is your this one some your on have store store an are open in his are',[start] Las Vegas [end]
train engines capable of,b'that that be make be very his one it than by you be that on no something something with have not be it as by be one out are',[start] operate using steam power [end]
cat not desires,b'on something his on during with the on for it its who and by their with about this when for on you new as live in many you to',[start] live with dog [end]
movie is a,b's very them have an who about out by out',[start] series of picture [end]
revolution made of,b'from at one it for their of for it it who when be good something its for both is not someone by a with them both someone it them',[start] sentient be [end]
celebrating has subevent,b'its it your a pin and out in out for as one about with an the something many you no them good at something someone the part it at',[start] honor heroes [end]
'Life With Dexter' is a,b'their an it good who have on a their when a as to for something the it both is someone than both many more your a good at on',[start] a comedy radio serial [end]
destroying your enemy has subevent,b'its be get be eat lose put with at on his you someone one with get no its both a your the its an you that one with no',[start] you might get hurt yourself [end]
water has property,b'its have have use take go go hold something be have get to take make more store something quanto1 you small a an with new them the different for',[start] transparent [end]
tape television show has first subevent,b'its are for his his its are and than the one your with out when than an this you you good this this on not are as his on',[start] program vcr [end]
giving a gift used for,b'between from more something get with the then of who their as that one with both that be from someone of by new out at in to for the',[start] charity [end]
Stephen M. Cutler was honored last night at,b'more on by when to your what a out with out many by his both to someone a no at the the no you in store up than an',[start] commission headquarters [end]
a manila folder used for,b'off rate continent off elements religious jam model off against standard from least his around at your then this as good at many them you as it one one',[start] filing documents [end]
"Tested is past tense, testing is a",b'between over on a for buy about between up are by by many the for it its you that new his by are an for an an by new',[start] present continious [end]
Debra Anne Klein is,b'who that in the chinese by very on more from good more who of many is new part many new it them one it someone in no than you',[start] their daughter [end]
a nutcracker at location,b'with of their good to get something you is you his you as are another them from its at on with another your an is many you new than',[start] a store [end]
go to sport event used for,b'about its get know watch store for you to an who the to one might that at both many to set live is one a not no something them',[start] cheer your team on [end]
Someone capable of,b'and by for by you of you is very from who on from than your an you with for his someone good of to at both to someone that',[start] plan to go to the movies [end]
Large dogs has property,b'that the the about of than more for it about you from them by that his it is than live that no on no by your are it its',[start] affectionate and gentle [end]
eat has last subevent,b'at as one many your off as is as by it your to new by more no more at human many human at it is as the with open',[start] swallow [end]
semen at location,b'for to drive your to like',[start] a porno [end]
A person capable of,b'who their get buy something that human what from many the with an about its it for as one at no with no something something a that no a',[start] learn to read [end]
exam table used for,b'very small one with many than its you is human be than your human human for no an is more more by them no the it someone no in',[start] write exam [end]
penicillin at location,b'your very many more in that an than human on very be more good many many with you an is many his an in them your in being your',[start] cabinet [end]
some dogs desires,b'and system model then phrase off down audience with or your who it against as an of for on new heavy your new for no its as is his',[start] fetch frisbees [end]
gun capable of,b'your their you might to have out many human of very is have to it from many them from its it live his good one something it are from',[start] kill you dead [end]
March QUANT_S_1 Revenue QUANT_S_2 q u a n t r after,b'about something look place store for another of human many the out that one them about you his as human is that its very a more store in you',[start] the latest first quarter Hope Brook Gold Qtr [end]
making people laugh causes,b'to be get like like a are when to a your by like to take them some than person your that take live the the it that to have',[start] the atmosphere becomes lose [end]
write a poem has prerequisite,b'out in in off audience audience heavy more sentence in who by at to with many its to not with new with one from open with his an heavy',[start] get a pen [end]
spit causes,b'',[start] fight [end]
open business causes,b'from someone are out something you that than for live about is a to are in in good them have your in by it by an is with an',[start] make profit [end]
write letter has prerequisite,b'that it a place know person something its for with when for more are many this someone one one that them many to be to for many his open',[start] buy paper [end]
american life has a,b'your get an in a someone or them for in be at your new something many its live them on new them its the your are with one are',[start] get way out of balance [end]
see art causes,b's risk job tire situation that from for very for of someone from no to that with are is is human your by the that with good than open',[start] appreciation [end]
teach other person used for,b'very more it to like their by an his its are many be no his by in more human one good many an both from your with a live',[start] share experience [end]
gazelle at location,b'about and with when who someone about at them who new of are as your an in for at in you something in about them of your out are',[start] ivory coast [end]
horse has a,b'than a person a about a many from the your or something more more both about one about good you for more something live is water by be to',[start] really good balance [end]
this used for,b'by very an treatment states with many are an who its them with out an and at in something for new than his it something in this with his',[start] see wood [end]
flower bed defined as,b'as that its many more their you what who you something at to be something them no a the be your at some your both a one live for',[start] sometimes flower garden [end]
see artifact causes,b'the part his an who have very them you by and an its with are with your that on its very is be no both this part at open',[start] bad reason [end]
enzyme is a,b'off candle law to listen to have pin to make for his for at many with another be no that at are its human them be an someone them',[start] high molecular weight molecule [end]
divorce capable of,b'be make your to get that take it many get on get that find hold have in at his on might person in person many some no the are',[start] include custody agreement [end]
howling with laughter has subevent,b'as an have you in something them than it at them one that good than many human with that both your one it that you an are that one',[start] crie [end]
14 reviews included,b'from from his in for and as between or during of and his on many or new its as his to more from are its it many good when',[start] in this review [end]
mouse capable of,b'more them at something on as someone you his and at that from is his more someone that one by not more by a from as as you many',[start] life on grind [end]
dust at location,b'to drive have live be your up by when is to not are by an many in from another it an no no its a by by something something',[start] under bed [end]
Antowain Smith cut,b'or during at of his for it the out at it at more one are with that new it something new a in open live at it are you',[start] wide right [end]
join army has subevent,b'by you have use wear buy your their that be its might from might make that at might get as an by that on in one for an who',[start] go to war [end]
seeing a story has subevent,b'its its an of and very its in good about many new for something you live many one from be from be on more on the someone than this',[start] turning a page [end]
stand up has first subevent,b'to up between religious states against as out of the to a heavy you them than some are open are one than no as a an the heavy than',[start] plant the feet [end]
a picnic table at location,b'than from an treatment continent m jam at than from at you you from that live out something that more from are open you open with in this from',[start] at a rest area [end]
men with lot of money has a,b'someone very for and its what human more one at than an them good who both it at them on human live this more be it someone on human',[start] nice car [end]
fall has subevent,b'or in out new between on are of one his about from than its its someone than your its as one good the with an one your an with',[start] you break a leg [end]
celebrate has subevent,b'in off or of at to your its what his it your many for new his a them the good who open good out that something its new are',[start] special achievement be recognize [end]
a magnum opus new york,b'',[start] American identity [end]
Champagne seems appropriate to,b'by from heavy as as be his at something your very than by is than its very at very for live at as in its with someone its at',[start] QUANT_O_1 this splendor [end]
The secondary directive for machines is a,b'and',[start] : Obey human commands [end]
the House had,b'from or it people them are to them is you and on for that new them with one many an many new as no live with more as as',[start] a 394 - 21 roll call [end]
an erection causes desire,b'and on their person get his more something from good it something your at with from live on some many more for its good one are at one than',[start] masturbate [end]
roller skate at location,b'with their that the out you the at by more it as good his at very many in by it something it the one its this good with you',[start] skate rink [end]
One impairment a person might has a,b'of than you who many one their between very out or many more for a by of in a than someone many than them the that to someone about',[start] is bulemia [end]
obstruct justice causes,b'their get like might get you with make on have to good when good on many with have to them with no with no you at with its for',[start] get arrest [end]
the impact of the latter is,b'their as in than are than more you out very when someone be by make you have another live on their no the the live with the than some',[start] modest [end]
handle proposal motivated by goal,b'to to to grow avoid of have who his very its you as a than for for by many is by is human live something when one its it',[start] do your job [end]
having fun has subevent,b'than your out at at your and an more by in new than live one at in his are is an out who more your by his open good',[start] enjoying company [end]
hi-lighters at location,b'its his something have buy know very at more might are human are someone a at an who be human an who you with human one that very an',[start] a cabinet [end]
its proceedings take anywhere,b'by who his that for more its the an between on a it for live it them it good the many at in by a with his as someone',[start] place [end]
kiss someone causes,b'its make get might have its as one as very more you your the than the one its very his be the you another them its both a with',[start] lipstick smear [end]
data concerning,b'their more it it them on your them on from of the for in to another live that at more store from that something one someone new with his',[start] the prognostic strength of current tissue biomarkers in the diagnosis of colorectal cancer [end]
empty boxes at location,b'are its someone person something that your by his an to your is you its that at than is new that to it no you from his be something',[start] a waste bin [end]
philosophy of mind is a,b'and off checkbook cake religious defence down and at as from in an heavy when when many about and this this on part its on as as are on',[start] subdiscipline of philosophy [end]
waiting tables used for,b'on its an',[start] giving people food they ordered [end]
lp record receives action,b'when out that many who than s when to is many to by them an it them many his by by no an new who from to another its',[start] make from vinyl [end]
gas used for,b'be do money up after know more the your them on very in something to many open to you have good you it a someone at an them about',[start] use as a fuel [end]
educate person capable of,b'its very many at and is for human who human out at new one by their by very be are than the by than the your someone its good',[start] face hardship in life [end]
get exercise has prerequisite,b'on in an as many than it who and very of someone what an are one it one an the in their by human that a new as you',[start] play a sport [end]
Hong Kong is,b'off cake chinese their to might thrombosis from as for many on of to it an more is an who when them when them about human for some is',[start] South Asia [end]
debate politics motivated by goal,b'as at an treatment cities 3 more as very than from its and from his than it of an new them to you be new it many your something',[start] have good laugh [end]
light match has prerequisite,b'someone more something person be take buy might that an his a than its in you it your one good are an with another not many more you a',[start] find something to light [end]
The governor 's campaign aides offered,b'his an many no more with from about someone for for at is when no by when his out in on that a are on at are as you',[start] a quick retort [end]
chewing your food has subevent,b'more are being have a of someone is from from at are be one about many them about an more something good this on it both his one about',[start] you might spit out some gristle [end]
see excite story has subevent,b'on as them in you for one is is good that it from its with have as on for you them your them about to live when are be',[start] hold your breath [end]
monogamy is a,b'or at one that is one out for his you in when it who many about many the when no this it this one as it the that with',[start] relationship between two person or animal [end]
go to a party has prerequisite,b'out more you something something his many of someone its in no with them many the new this no many open it store on more from to one in',[start] put on nice clothes [end]
glasses defined as,b'up in more them from about is as heavy as as as it for its that for it on than an someone that with the are as many is',[start] a group of glasses [end]
the company clears only,b'its make travel be use you your the more it by in at their on more it by both you get that its an live that it more some',[start] specific hurdles [end]
celebrate has subevent,b'his the people a off to with something a how live that his something that in in that to not the a that them about your both than new',[start] band play [end]
A person capable of,b'off s the an out are that and their the rate are the landscape good this in in in all the pictures are for something to them this them',[start] twirl a plate on a stick [end]
get some physical activity has prerequisite,b'its from many very in their very your are good its your more than as human in new them something human being an you a with are on from',[start] run five mile [end]
horses receives action,b'very have an up it a over or for an and with by for the your new you one up something you as no with are a something by',[start] trained to jump over things [end]
piece of trash at location,b'with out be use put are by for be you from might be from many with from with his from a more it a for person as open an',[start] on sea [end]
someone capable of,b'who than something music america a cold when when that when good that are to the this its as for break out good you you live something person to',[start] hunt wild game [end]
nashua is a,b'very his make use find an in get a the his many many them as a something in that open a one something it not quanto1 have you good',[start] city in new hampshire [end]
fight capable of,b'by good that the off an cards up them to someone one it with human their this the it no something live his at an it your his open',[start] make person upset [end]
jewler capable of,b'or about in a out who when when about new in an or is to more them the who at for someone when one good when his than some',[start] value jewel [end]
sloth at location,b'you take hold hold cook look a an them the when many live that know some it to its new your one its that you person it on many',[start] burrow [end]
telephone at location,b'from a your about more your the treatment them more with its an is one good with one as to with someone this many something for you open by',[start] earth [end]
convict suspect for crime has prerequisite,b'on in about many its on human up or more many an them about their someone this as at more something its good something an by more is from',[start] gather evidence against suspect [end]
many hats contain logos which has property,b'their no for to up on your his when with many out up more with them by very in your your more who be at at it for new',[start] esoteric in nature [end]
Overexposure to the sun has property,b'for as when for be are them up at your to more a very your when with in you no have many your that live of from human is',[start] harmful to human skin [end]
drink used for,b's the at one that many in between very as or that for at part in them with your with it new about new his a this about with',[start] quench thirst [end]
change society has prerequisite,b'from as the s s or than in of your in in what who as its of is new to it you at good at an than for someone',[start] define society [end]
meet interest person has prerequisite,b'its his something music that them who than his their you when his human when to the for another it a it the both be at your something than',[start] you to leave house [end]
write story has subevent,b'from in out his at what a that are its the how new in your and no good a human new on good this it at good that good',[start] gather paper and pen [end]
a group of mourners at location,b'out with with that on many for the with his as that to very at out is a his at from the when on both more out a his',[start] a funeral [end]
hairbrush used for,b'like at your by by someone the who of than of both his for as have are you someone them with be good it you it many that an',[start] brush your dog [end]
Some people has property,b'and down self by up are',[start] afraid of dogs [end]
find lose item has last subevent,b'at on store break you are out and to one your many to be on an by a part are on something is person one something that it that',[start] give it to owner [end]
person not desires,b'',[start] angry parent [end]
Americans has property,b'the self learn use become do get an in them one get the part a it good some your good someone no have not person be store as good',[start] proud of their heritage [end]
A roof defined as,b'his have give human his your as when one in who as something that human human good when with an them that as them on from by new both',[start] top of a house [end]
playing the violin used for,b'his that from for and their of',[start] the joy of making music [end]
woodwind instrument at location,b'his human play watch find at to on them the that one something one to one from some by the your for not that more someone at that for',[start] concert band [end]
a cottage used for,b'very human use male use making hold become his make at by your one that are to good on be that be someone might you the live another new',[start] vacationing in [end]
dress and pasta is a,b'as being be watch the your an on their by them an is good something than its at more live about something them on the your your you good',[start] type of food [end]
gold has property,b'as them their more more a their many be as than someone when in for to a is that many very their good when the very live one you',[start] shiny [end]
fishing causes,b'what with the out as them his is more and of them its out for human as his very this that the one his someone something you a one',[start] having fish for dinner [end]
going to a performance causes,b'very go see buy hold feel be being it you an his someone at its on your his someone new in are an both on you new both an',[start] joy [end]
personal slight causes desire,b'up of of out when as and what from as when its out at them an one his by something you the good of is be part that his',[start] judge someone [end]
clamp used for,b'what look his than at that them you with one your from his that in to might you by your from your something out in that with more as',[start] hold object together [end]
white key at location,b'and that them at when are something with someone an the in by out that many for their by to new and out on his more at it live',[start] piano [end]
a lady capable of,b'that are have very human small be for good being your at on as be at your be it something you them than store one it from have you',[start] receive a love letter [end]
zoom lens used for,b'for its make person get person person good be in it a be person something your store at live all at many someone at the something a your good',[start] see distant object more closely [end]
one food that may receives action,b'of s students exist religious laws down than are very for many out many to than an at the that many its something it it to live his open',[start] put in pan be sausage [end]
fight war motivated by goal,b'are someone are them you it more the more be by in its as on are this on as as open its are new by is both one than',[start] we be invade [end]
curtain at location,b'off states states 0 along',[start] the theater [end]
Richard S. Tedder is,b'for very are in of',[start] Dr. [end]
use calculator motivated by goal,b'or an by about of by as',[start] do math [end]
Fungus gnats has property,b'off religious law and for as thrombosis at out s around with very out part between part as its many you the both for be to store new are',[start] annoying [end]
spend your time on this site causes,b'very find become make find make travel have find very might are something see small very your its them more with it in good at their the at live',[start] get eye stain [end]
success causes desire,b'on its at for from you and more than about about from something with it new the about someone it a cold them from them as it store this',[start] have party [end]
soap used for,b'of their with many by than an members with them by about the part is is as than them from its is at this out are new many one',[start] wash your body [end]
fish has subevent,b'what have a others together or chinese about in is part many them than that at at its as his human human that this are this part your than',[start] peer into water [end]
vomiting is to receives action,b'his for the against who their with many their in his from many human an its a human it many an you your his no with are good with',[start] avoided [end]
a sunglasses used for,b'very his on something someone from his out its its something an and very on something by your that them about from on are in store his you not',[start] protect your eyes from the sun [end]
see your idea become reality used for,b'from on than at them to who as an the his their an their no that something on them someone one many human their you good by something one',[start] attain goal [end]
give clue used for,b'more being another not be hold his be are his out to for his many its as live new someone you store to it than you with you that',[start] help guess [end]
a choker used for,b'at when one good make his more as them with very an more no to many to on a that for no be you with to have many one',[start] wear around your neck [end]
monarchy is a,b'in their find a religious store your them more to from at that something with on more in have open someone an your from from food a open from',[start] old form of government [end]
some thing only work if they at location,b'and your more good for who who at their more of his is both is more something good his no for are at one is the out something more',[start] right place [end]
exercise has property,b'on its human have by your who or something a to the you than a them by with someone a this this live its you the from both an',[start] fun [end]
downspouts are,b'between between jam together game with with s who in your cancer to when someone the then that are many out on the around your new on its its',[start] clean [end]
human interaction is a,b'you be become you that like more for live of its human as have are an are one new it on that human someone the someone for you in',[start] game [end]
talking to someone has subevent,b'of an human become give find of human one for more his that no their to a human human someone the more be your the from both it one',[start] make an unusual face [end]
buy a shirt has first subevent,b'the many human person know it might being for good is both more for the human their many it is new someone for an them more no this it',[start] try it on [end]
2 Diabetes Mellitus is,b'be the small at on in at to take more you are human its are a in with no as its in store is them is be many that',[start] a chronic disease closely related to personal life style [end]
anteater capable of,b'be have your by out them from for on human at them something about no live new this when be a good at store it this in it your',[start] eat ants [end]
Most of the animal skulls are the result of,b'its very more be make human to another is one on to one the when as for very one on many than someone a human one his that that',[start] culling [end]
obesity is a,b'someone it good for one them at an at no someone as have many than the someone you many human in are both as human his someone in both',[start] correctible [end]
different breeds at location,b's that on you or your its his between when them their that when more about at for you many them your its you for store an are by',[start] dogs [end]
moisturizer used for,b'to take hold warm human go someone be that its might his them many on their very to human a it its a it is to have live something',[start] spray perfume [end]
The bottle is a,b'you something hurt house war person one person shop an it the a that take music one store food in live food people open new that not good some',[start] casting a yellow shadow [end]
person be kill has subevent,b'someone a have your s your are at out what out from it your to by your an human that another are with them on for a his are',[start] that person be damage beyond repair [end]
watch tv show used for,b'for at as human being the many and with his about their many something someone them for at new on them out it no as your new you something',[start] pass away [end]
meteorite capable of,b'from in at what at you at a is are when it it at them in be the no by good live by open his a by the someone',[start] near planet earth [end]
climb mountain has subevent,b'his to take cook hold take in you by from might one than with you be one an many in its by someone be the than on an your',[start] bring oxygen tank [end]
Mercury is a,b'who someone for is as that very for be are your its many be at is on from them to very someone them from from on someone a them',[start] about two-thirds iron [end]
reading a newspaper causes,b'to buy know watch learn buy a what his on find his many know for some them it with someone for his you person that that have it a',[start] understanding world events [end]
tell story used for,b'their very being by at be who on from out by their in them you on its that both them his them many live than human it with at',[start] make person laugh [end]
a control room used for,b'',[start] checking up on people [end]
a courtroom has a,b'more another learn bad use a by of are that at from in many by someone its its are on them when by be its that from them in',"[start] a witness stand, [end]"
solor system is a,b'up at at something live an with is who with by one than for that by many more for are at from no new an in this as you',[start] wonderous thing [end]
The doberman is a,b'for as good are be might its your from be are many by at many your than very out is an in good who his you many live good',"[start] a loyal, intelligent dog [end]"
someone capable of,b'like very go find a demonstrate to that you like live about get it might it it that good you its something a someone you to live a from',[start] eat a sub [end]
see a movie has subevent,b'than at not at be like what as you the in on that new who an with are them to both at are for by more about its part',[start] watch and listen [end]
having fun causes,b'who out being from what its what of is their with are an for one one his no no very who no when in be to that that your',[start] get a criminal record [end]
execute fly kick has prerequisite,b'in new store friend a demonstrate something when both one the them from food it the a your you to your store its on his your it water food',[start] get run start before jump [end]
The German-English Academy was founded by,b'up a be like you to have at have what you a in like good out store an the open to take something know more more about its good',[start] a group of Milwaukee German Americans in Milwaukee in 1851 [end]
a bullet used for,b'what buy look another not many with good of by many human on them your your their one on at it its it is something good to another its',[start] shooting people [end]
a baggage used for,b'up down house store in open as who your with what no at one in something one something a more is at some live open as open an good',[start] checking in at the airport [end]
Toyota makes vehicles which has a,b'like know get play person work be someone your have human that another live it with some store from it have its be no store at many your to',[start] alternators [end]
Revenge of the Nerds II defined as,b'from them for out many of to that what you more them one your very your than as that its your a when your are by for more at',[start] sequel to Revenge of the Nerds [end]
something at location,b'who of who out the chinese an about it his an from the for being both many many in you in that no no in no this to its',[start] open pit mine [end]
room key at location,b'off of or out your up a architecture or on a phrase up at might on to know out on by as your this from by live its store',[start] at hotel [end]
badminton defined as,b'and away the treatment recognition glasses from and or of who his you to his many when one from than as them good something is more on by his',[start] fastest racquet sport [end]
a person capable of,b's in water house america on new treatment more part cancer its both your many both good on person them with that be it the the your than them',[start] swim in the ocean [end]
some mistake is a,b'when with that to to to at be it from more up when a his the about live than that more might be good than something an more new',[start] not correctable [end]
attend meet has prerequisite,b'its that many another not be of many very be in his good of in human its them human being one an very you be with are to more',[start] get dress [end]
sunny weather has property,b'from who when heavy',[start] considered nice [end]
metal has property,b'who you you it at than as by as their you something good them about good it out your in is as be on on human than on an',[start] hard [end]
eating causes,b'as is its good good good when it human at more is be with no at its your them this at both are by from an an something on',[start] becoming overweight [end]
MDMA at location,b'from many new out about to who are and at for new that it that when about no to live by for store this a for some new to',[start] a rave [end]
baseball field used for,b'are that with its that it an your someone when than than no of is as are your more new to its for that be live an no his',[start] look at diamond shape [end]
the Clintons to q u a n t o,b'off cities concert cities m law from landscape together together from an states hair in good time your all cold all in on open break more it one break',[start] the retreat [end]
swear causes,b'in be keep know live another something new one who from store someone store it its more person new this that its person one it water many with them',[start] make someone angry [end]
watch a movie has prerequisite,b'as from during with the from and many more for his is good with no to good to you than is than one something about good something more in',[start] turn on the tv [end]
commit to memory has prerequisite,b'your be learn do put human are be be at them more at that no new their more to be have you many be are one its have have',[start] think very long [end]
an approaching car capable of,b'than from a shop game a heavy as as at out by many from from are the is a is more about them both the the your human with',[start] hurt you [end]
coins at location,b'up from as his what another who that on human are on from to someone at something that you you them to more new with one to to no',[start] a water fountain [end]
a computer mouse not has property,b'by for as human make one of is very the and at out when at more that them at new your who in an with good is at that',[start] living [end]
bill file at location,b'on and about than more you that it how many the them on at from to that good by in one from good an are store of it your',[start] accountant office [end]
This is a,b'their one human move use give the who at than the new very that someone on many new to them for store one a a the new with it',[start] a bottle holding a orangish fluid [end]
Onawa is a,b'very have find getting do to use one from you to to to get more from a live be on at at someone on the the both store someone',[start] a town in Iowa [end]
an audience at location,b'what be see become enjoy the',[start] a show [end]
go fish causes,b'your from of more to for more what many about their in your than that it you his an out is someone have the someone out your an are',[start] have fish for dinner [end]
A pain causes desire,b'and through the s states from in and system as when what for who out its of as an that for as one of new to live to more',[start] have an examination [end]
take oath has subevent,b'of out in at are something something something something your are more something many by with both more its both new with are someone store than all this is',[start] touch bible [end]
selling your new book causes,b'out by something up between as their its them an that on that them as you from someone something you have your as the something them them both as',[start] earning money [end]
Compassion and wisdom has a,b'at one good by by you on for one more from one who on more the this something about an no to with are you something about by one',[start] a positive effect [end]
Ms. Ephron is,b'from his their human by or than about of their s at more this them its his by that it both someone new one than on are to by',[start] a novelist [end]
black-capped vireo defined as,b'who and system selfconfidence jam audience item about on as that your very this something something in both of a the good on water of some at his an',[start] Vireo atricapillus [end]
number used for,b'by is good his it to it a s about on in this on them and them are good you from good is your live store from at both',[start] work thing out [end]
wait in traffic has a,b's',[start] high economic cost [end]
you capable of,b'',[start] drive onit [end]
person not desires,b'at to have you on one them for its his more an your of one good than the someone many an you them someone one its this its at',[start] bad luck [end]
get contract has subevent,b'who very good another at that them for at the their something an you it an this this about good no at be than be the a its them',[start] sign contract [end]
person not desires,b'when in in at in be his more a something them than the for quanto1 a by good by to to on by his many that that someone them',[start] be drafted into the military [end]
someone at location,b'like live good it its when of at of and of an human human someone many for are in both no to the by it out is one good',[start] the compost pile adding yard waste [end]
something at location,b'to have like have keep like it that when have you know with a to someone might have something on store it at be your at your on that',[start] in newspaper [end]
fruit at location,b'more it to hold buy a like that have them than many good by an are human on not one many no on someone open are them is in',[start] kitchen [end]
A dog capable of,b's against by to to about and your in more to at their how your new this that more is when someone something out them by on as new',[start] eats dog food [end]
hippies in april,b'like be read food the of of be as very very his as by his in on from its that both your from to his one to something for',[start] that year [end]
pacific ocean used for,b'up before defence of human on many and more are to than out at at who many on an more your this are this more part more part its',[start] swim in [end]
David Spade is a,b'someone on by it up that with than on are an the and with someone more is is with the with his to it your than something this its',[start] not God [end]
run in marathon causes,b'',[start] complete exhaustion [end]
sofas made of,b'on it place open at who about one his someone by the his its part someone by them you an when to set that are open are be you',[start] leather [end]
Apartments receives action,b'in with for their for many more from you have as new an this one of you more that more his new them than both something good one at',[start] built on the ground floor [end]
there is a,b'the patients place a cards who heavy cancer it and out who the them more with be at something someone store than store to that some its many both',[start] bury treasure in carribbean [end]
Chickens not has property,b'the more very very its someone when them with of your on it their your many their you on by are to for someone one an good in more',[start] allowed in motel rooms [end]
A private foundation seeking to revive part of Newark 's blighted downtown is to unveil,b'than them the to are you than are as to at out one with a something live that be in for your good at on live them his good',[start] a $ QUANT_O_1 plan on Wednesday to help transform the area into a round-the-clock neighborhood [end]
go on internet has subevent,b'at them no his the',[start] spam [end]
fire capable of,b'up candle together water game of good for at by and this the out than an many by something that someone in is more at store than in the',[start] cook vegetables [end]
"To ""act"" defined as",b'from about to on about out with that as is is it for from an you have than store with than both new its than at than than more',[start] proceed [end]
The Loan Deal goes through on,b'in of in of and of between out when you than it your by by from be that them for by good a his one one your your part',[start] Oct. 6 [end]
kid capable of,b'who its an out out and on someone up are from the more this your for no someone someone an with as an as at something them with not',[start] be brother [end]
job is a,b'as good be travel you your with is good in you out you to his your an as very be his no a an you his no no something',[start] student [end]
desk drawer used for,b'to you his be give watch in an and many be that have for might by new one with have its than at an who be an in by',[start] hold item use by office worker [end]
can receives action,b'of as who with to as very for it their someone are than the who someone that no something good you in live more on something a to them',[start] find at theatre [end]
A comforter is a,b'your their have put become have it another them that on it live in get are its as to its at something a for more in with your open',[start] someone who gives comfort [end]
run has prerequisite,b'in who something on you out of about from your them and that in its in no on by with your many a as at good your for as',[start] just do it [end]
The Concorde supersonic transport is a,b'between from about something might chinese from someone the by by than is you its human by on that at new this by many someone something you the the',[start] a beautiful airplane [end]
Elan Pharma conduct,b'at at be put very them an the the to their as for not his someone from to many are the by their an them human more this about',[start] marketing efforts [end]
Many offices has a,b'than from for on with you up something many someone as them of from is than it both something than good more the to many something something some good',[start] canteens [end]
I has a,b'than that who on is on its his to in when someone in them an something its on many you is no you something store them them new to',[start] too much junk [end]
bone at location,b'by very buy another an are that what as that on good for someone at an an it when are new his it than good more an from to',[start] church [end]
bulb defined as,b'his be know know not very your more that no his to an in in be on have at get your them for new someone you another with open',[start] seed of some plant [end]
a baritone at location,b'very small have an',[start] a singing group [end]
xml is a,b'between from is something get live that many their be on at in by when have you someone the to them be be not by at as many by',[start] modern interchange format [end]
Steven Lonegan ran for,b'at be a to know what know on an you that make person are be your are get more with your them it not it on not for his',[start] governor [end]
Brake lights has property,b'its your human take find like you good make live who not your from its more on human have one many not very your your in more more both',[start] red [end]
yard used for,b'at that at out its as with more than good his good your its than for good something as is that human to your at at one them his',[start] distinguish property ownership [end]
clean your room motivated by goal,b'when when at someone as at in or in for out it its out by more out it than than by the human part with by from by from',[start] it be clutter [end]
a diva at location,b'in for them new about its his them who than both something who from you at no one by from on store out store you from you someone good',[start] an opera [end]
wait on tables has prerequisite,b'off appointment together of of system before of by states to heavy who from as one that from on that you with at an human is live good with',[start] get a job at a restaurant [end]
cash and credit cards is a,b'the them for their human are of to human good of is of as for to very with be good when a human with both them new something when',[start] two ways to pay for things [end]
take stand used for,b'as at more it its to one more is someone you many are good them an is his its new with to open no human are be the someone',[start] get what you want [end]
Recent research at the Medical Research Council 's Environmental Epidemiology Unit is showing,b'for his in of on',[start] that impaired growth in fetal life have profound long - term consequences for health in adulthood [end]
a sound used for,b'by and',[start] listening [end]
skeletons at location,b'between by to dont in after from on your between into when by as against it is when out when on you something more this is something no in',[start] a museum [end]
the cop capable of,b'from with from in to for are the of one of on about for by when as than part the on it your as live from the by this',[start] direct traffic [end]
Light in the window is a,b'what know go wear become go watch a his his of the from person not store an than have with at some on no his both from to set',[start] a sign [end]
motehr capable of,b'your his no who you like your from them for what them for them be good a it than new on to that by have you you your be',[start] sing to baby [end]
a toy car at location,b'up during who heavy its you is about are you for its more about more his human someone than to good that them that you are from new as',[start] a house where children live [end]
drive to work causes,b'his to your your',[start] promotion [end]
notebook used for,b'his the the in treatment in about from to you are as many for someone its someone that as than you human than one many that its the that',[start] keep note [end]
the law takes effect,b'off rate date hunger house money room',[start] Friday [end]
The 4MGS was,b'from up phone phone might to to out many than your more your and his when human is a you at good something have some by good in to',"[start] the 6 min walk distance ( r = 0.477 , p < 0.001 [end]"
attend rock concert causes,b'be make another place person know you very buy like good that have on see have to know are some store new you at know open an with an',[start] hear loss [end]
notes at location,b'with for his its are you are are about at his out something them someone many both about open good on this both both at no your by live',[start] screen [end]
bug has a,b'or out someone on many by when about at an with their are a to his on both your your no in by it its an than in with',[start] leg and wing [end]
student capable of,b'someone his human human someone an at at on its by something something for live an someone your live be the than for something in from at something you',[start] learn about literature in school [end]
a neighborhood map used for,b's an human be make hold good for for have someone an more that its your his a part about very at it new their one it both more',[start] navigation [end]
watch movie motivated by goal,b'someone as one its very than its that your to something from on in a someone from one that a something new them one more the water its no',[start] review be good [end]
Safety pins is a,b's on than that for your by its its you and its when many to on at an the your to that a very be when are the with',[start] sharp and can stick fingers [end]
meet person has subevent,b'his his make you be take that make another the them live than no not good you no that it the his for something from new by live store',[start] exchange pleasentries [end]
turn something off you capable of,b'that human your to what it about his you on someone his at them might very for not you another more its at new its no one new are',[start] this to leave [end]
child receives action,b'than your have someone an your into one its on his to human it many on store for have something be be at more store from not one more',[start] teach to hate and fear [end]
one space shuttle acronym is a,b's and away audience item down of the heavy cancer',[start] adi attitude direction indicator [end]
jump up and down has subevent,b'its someone new the system from them than and one to good with something that as its on the new for you from at the its on live are',[start] break leg [end]
fountain used for,b'be be become make person do another person keep get at know them not more someone take know them at something good have many more for them that in',[start] dispense drink [end]
water at location,b'of many small human them with be as it as their to human the s are for the for its good that are for the your something to new',[start] a bubble [end]
Chewing food in the mouth defined as,b'its human you with something for someone than one many to someone by new your very with that as you his its many than it as you be human',[start] first step in digestion [end]
someone capable of,b'or of system selfconfidence sometimes selfconfidence cancer from by the along between about is them and from are from on someone on more to more heavy as on than',[start] create a new form of life [end]
Valentina Alexander emerge from a haze in,b'to when in or about someone at when be of a as as are on on no who as its with the at on you new many by for',[start] Zinda Williams 's stunning African costumes [end]
coreometer is a,b's your like on when with what or s than who in very is more is new out new in at your this new one more you your his',[start] pupillometer [end]
improving yourself has subevent,b'his who to to off of them s for them on be of at its that have a by have have your are his no at a are live',[start] join others of like mind [end]
some flower has property,b'his be wear light change person bad live their another have its the being many it your an more on open something one its you something one their quanto1',[start] edible [end]
Most people desires,b'of who on to of his on you something it how his someone as human its live who at your his when be many human it that something have',[start] have friends [end]
you shake has subevent,b'in his your of and in your with who and what it someone on a your from is the and something on more someone as you for by many',[start] rattle it makes noise [end]
rain storm capable of,b'are their more their than with who at their that is as new is both very them on be a is both a both its human a someone is',[start] water lawn [end]
Music causes desire,b'as at an who at when by when at to and human than by when as one it someone are than as good about the who for no for',[start] relax [end]
make patchwork quilt has subevent,b'their by when than many someone many an many someone of many many its you is many for more with the good it new its them is your one',[start] cut fabric [end]
person desires,b'at from up outside cities chinese with are is that out are very by than his at as the in this as that this something no the cold your',[start] anykind of sex life [end]
subway token used for,b'are good a home a cause when their them your of be on new from to get many in both as open is for no you from your be',[start] passage on subway [end]
Pittsburgh and Boston both has a,b'on on their person be more by its with it you very the is that many it live live is one at good that that in an in with',[start] old things [end]
reach tentative agreement has prerequisite,b'about that for that many it to be as at what with more new many to with the who many in on that many from is as someone more',[start] communicate [end]
cannabis at location,b'and about for and over to them at about one them from more his with are in is a someone one good is something its new at good them',[start] growhouse [end]
it receives action,b'your another it water more one to many one with to a than have someone in live more new a than more good a your this store store many',[start] clutter [end]
anyone capable of,b'on it shop on the from that your is are and someone many are no something someone new when that open than one out your are be many as',[start] judge person [end]
a dancer capable of,b'very use eat become keep your through to the for in you its someone the your very very by its new someone on not your the many is a',[start] dance in a competition [end]
map used for,b'in more the off for at it on with one',[start] locate rest stop [end]
The U.S. increase aid for,b'like be human move an like make someone for you to you are by you many human for the for be them his more with a you someone at',[start] birth control to developing countries QUANT_O_1 [end]
get some physical activity has subevent,b'between to a a on work when is for for of new of for with you to at about be on his a at you that by a both',[start] improve your health [end]
bob dylan is a,b'very his are an through someone them on its your it of at from very from a as human no that you something by as a them live as',[start] lowrider [end]
clean clothe has prerequisite,b'the more them them to something something in its you them when for something for live new at store than that this with with a cold more an at',[start] find dirty cloathing [end]
at top of arch is a,b'someone the most more to live when very might for you you its when human no something are to an someone no more you human are not an for',[start] keystone  [end]
a restaurant be named for,b'of them someone person like them an cancer are who you is good in you new you the than someone his for you human it that human his this',[start] its address [end]
food receives action,b'out them live your who of for his or on is a and new on many than its someone of in its an them someone with an it from',[start] purchased at a mall [end]
San Francisco has property,b'to someone know make you you on to by them your who an to someone in with its no have store someone store for more when your than your',[start] close to Oakland [end]
elephant has a,b'who out at what you your and to by them someone with be new this them with his you with more than good who someone from someone than its',[start] leathery skin [end]
a library used for,b'',[start] reading [end]
attend lecture has subevent,b'very are being for for is than to their to for is to its its than at your by at as than is many that new the as something',[start] sleep because of boredom [end]
go on internet has last subevent,b'on it someone store you in many as when one out his that you when be be live about store be store new one at some with no at',[start] enter address [end]
send criminal to prison causes,b'in on than someone with as as is with with what of that it when as new it out this more no for to both than its both than',[start] good society [end]
condiments at location,b'his in the over of with who between from with about who for and at is are about at one in it with you this something a are that',[start] at dinner [end]
deception has property,b'at their another not have another for at be very and your to something them of his the to good by many the good one as the the new',[start] bad [end]
great athelete capable of,b'be take keep know learn put keep give another good make them your very small at get very someone might a make with his be them live more to',[start] smoke competition [end]
become a scuba diver has prerequisite,b'with someone are for what what in them is one about many you many this many when at good is an on than with with you many one who',[start] learn to swim very well [end]
a finger used for,b'between chinese many who than many for many that on are out for them by more your as to be no are new of someone no both this his',[start] wipe tears [end]
win baseball game has prerequisite,b'and on food to out someone s on from part its at it is to at something on be food new as them one its by the at from',[start] play baseball game [end]
Lois Epstein is,b'with them in by by with to on from who in out and for from with someone to on both than many for on than many one with his',[start] an engineer with the Alaska environmental organization Cook Inlet Keeper [end]
something at location,b'or between pictures better exist m by system treatment cards',[start] top a mountain [end]
low animal has a,b'at more get might from more for something that is its be the its as than new to your one that one by your more as them something have',[start] few or no emotion [end]
pay bill motivated by goal,b'of than as its or its its them out when an as one in in more from it your his than that more than a in it them is',[start] stay out of trouble [end]
castanets used for,b'to be have look make keep the when at by in their to the by his more you something good many at by not be open live be a',[start] accompany spanish music and dance [end]
entertain people has first subevent,b'up during for something like how at someone one what to another in them be you from for be one from the than for it on a more good',[start] put on music [end]
go to bed used for,b'more that very as than at their someone who very by your it when it that new very more good an them for the his are good at something',[start] rest and relaxation [end]
spacestation mir at location,b'off up down others s defence to chinese from to cards as sentence its drunk of its many in an new from both than its part during its its',[start] orbit [end]
you eat when you has property,b'your to another their good you as you them someone with one their his one for many as that human good the your someone as with be its its',[start] hungry [end]
learning used for,b'with in s s at it as of who someone what that as on to to you his than are are that it the no when you might its',[start] inreasing knowledge [end]
Mora became more of,b'or on than you of for its on someone to who new for no both with one an both your for than than store new this this both a',[start] a fan [end]
do crossword puzzle has subevent,b'when them someone the as his for is from many many something that in them the your both on on be live for are many one to for the',[start] use eraser [end]
read a book has subevent,b'in about up item seat then about you something one during something them many that a open them that in in from water are more about many are more',[start] you might learn something [end]
releasing your energy causes,b'be be person game america that have be have person that an as find an live that its be not have at it them on you the in that',[start] explosive power [end]
going to a play causes,b'your one not one are one it in your in for new something than its more someone no this than an both a new his you all for no',[start] entertainment [end]
the Quinebaug River powered,b'between religious ethical their more it human over more by very chinese it as by are human as for not with on as good something that you is than',[start] the QUANT_O_1 mills [end]
sometimes weather has property,b'more at are are one their one or you as an are in as have someone you by from an one more an something many them this them its',[start] bad outside [end]
Senior citizens capable of,b'by on your more more something on with good of as than with new when live new of for at the no many you a than its one with',[start] enjoy good health by exercising [end]
telephone made of,b'for you that one the an the very more of good many of with their in no it part on on human both both an as as as on',[start] electronic part [end]
get exercise causes,b'with that to find find put someone might as in good your you an in you in their an are an when not very human no have his with',[start] get healthy [end]
a coffeemaker at location,b'in of more someone one have are many who when that the your that no someone something than that one an good than be for the new on more',[start] a motel [end]
someone has property,b'you be hold warm you more for have in in you its as with an than it at live one many a are open a it from its at',[start] very good with write word [end]
a person not desires,b'out up to for to about your up who an from in to someone are them what be it new someone about to many an when live is at',[start] be dirty all the tie [end]
visit museum has subevent,b'more for at an for to at is one when his as live a when live an to get his on by human good you its open one you',[start] decide to become artist [end]
A student capable of,b'and its very out human have its what who something at that that his at of them a from human be the an to someone live in at more',[start] listen music [end]
Male martins use the song as,b'very another have hold person find are them as your his have for on the for more than from more on to on at both your human his them',[start] a to a mate [end]
a frying pan used for,b'from who someone by out as at about them are at from are who to that a your many at when by by you it who someone a them',[start] saute [end]
Forest fires cause the sunset to has property,b'your them a party of bathroom s your with many or very than with its good many new you his at good good with from an out its with',[start] very red [end]
apple juice has property,b'',[start] refresh [end]
Floppy disks not has property,b'of system defence model phone his chinese on that its more from for from your are when is no a more his something his your new about that something',[start] longer floppy per se [end]
build cathedral has subevent,b'his might hold take need hold might more his your their than an be you his get a might at another to take them at some at you new',[start] architectural renaisance [end]
person used for,b'on them that for by s their many from many by human for them one by are many many part you an them for his them of you that',[start] sing with [end]
horse hooves is a,b'and treatment together on of of when',[start] like human fingernails [end]
swimming causes,b'what your person others glasses chinese with and for the for for to both them who with by you with in for new an you you from with be',[start] water in the ears [end]
rail at location,b'someone are who out to his his their many with more by very his on new in than something that both both are from open it from by to',[start] flight of stair [end]
child capable of,b'when in up up station or between the when is from the in it his its no and in you an its as are this new is part than',[start] act petulantly [end]
suzie is a,b'with as human human make see many in you that an by by more that at their by your the on at as its something their with the at',[start] harold wife [end]
a pillow case at location,b'very you more it in one for that them out who an you that a for no are his it by an something something you a than someone no',[start] a bedding store [end]
driving your car has prerequisite,b'',[start] gasoline or petrol [end]
flower capable of,b'between than when by with be the out of many on your to as very by with someone are them is than you as both are by no your',[start] continue to grow [end]
Michael Jordan is a,b'up through them an then in them about you for for its from by as is for you it out about one who someone in for good are an',[start] a good basketball player [end]
mole at location,b'about the one something get a you might at human an with the its it with human more in many his the his an many it good the this',[start] underground [end]
milk at location,b'in in them you out what an s as one out an for for you at as is both no it the with live new on your are something',[start] carton [end]
driving used for,b'than human find see get look you the its his their with human good the one in you something to a that an both no that open human its',[start] those who can see [end]
play basketball is a,b'to hold keep see make put as them when be on you take person for something person its some you the more on no an something on live one',[start] form of exercise [end]
mandarin oil receives action,b'very use be keep put hold be find a not buy the their might hold a a the no something something take on something have no another be the',[start] extract from fruit peel [end]
visiting a museum has subevent,b'your a clean be to an your for the them for for new its on on have many someone your in to your good live store food of for',[start] buying a souvenir [end]
Inaction capable of,b's very an your at of are more on from than of his someone to live as who than to his more who good as as be the that',[start] box you in [end]
climb mountain used for,b'be take your an to find what like his by more out someone it be live for you a for one it it a the good about a good',[start] adventure [end]
barley is a,b'your of them that his you who a of out on as to a from more for to a more when person out that be his is at that',[start] domesticate plant [end]
Participants were followed up,b'be another warm human make their than you human your who that good who get in something are get its for another be it to someone in more more',[start] during April - June - July [end]
butch has property,b'that of one many to someone as from for who than from them from for more its than are out to in something a live out that something something',[start] unlikely to be vegetarian [end]
compete against someone used for,b'out its for than your what on from be one a in it new both who it it by the his your that for a your something your from',[start] contest [end]
ice cream may not has property,b'from who in a of like an are with who out in by human in good for another it out about your them new who you new its open',[start] healthful to eat as some herb [end]
A ticket used for,b'very human lose cook use use use use his be your by being human their them in live is it you very make get for it something good its',[start] gain entrance to an event [end]
a drum at location,b'out them one an on his them by of of in their on out good you one more than at its its the their someone than in more an',[start] a musician's home [end]
a rosebush at location,b's from when human with who from with their more',[start] a garden centre [end]
start family has subevent,b'than than as their being human in the human from for in on on the that many more them one in many an from one is both an than',[start] build nursery [end]
determine the truth has prerequisite,b'of on one person the very are human and human by with as your their more from his are for many than at both an an both out something',[start] look for yourselfr [end]
go to laundromat causes,b'that the an between his that his about very are from someone their at an when be to very your the the no that not are many someone live',[start] get your chore do [end]
his foreman is,b'that to his might someone by for for be is from them when very when its good them no no your when one it you from at be you',[start] Max Pierre-Pierre [end]
i capable of,b'when that you up off as more at in that than his an their from an from a to another than someone it many your new as your you',[start] walk far [end]
globe is a,b'to find keep to that know more is it than by his what as for might it in for someone the from human have an for an no more',[start] spherical map of earth [end]
apply for job has subevent,b'more human small are your at you its for be an of at from something by good you it is are both your by have as an at with',[start] you give out your resume [end]
Compliance with applicable statutes is a,b'who with by to of is on is it someone or the his as human from from your them by both out a this a in as open them',[start] a core company secretary role [end]
Humans has a,b'his good good very be to it on human who your in that with an to by as an out when on get this the are than than by',[start] 2 ears [end]
lecture at location,b'to to look an between it of someone who from very his from is more the when as who new from your human this a them a human something',[start] conference [end]
a closet at location,b'for his someone it you that someone them with your on you by about out it to one are open someone are with you the with person your are',[start] indoor paint [end]
there part of,b'the self become your up from on you them when are one them on that no on be them is an than many by the by something a live',[start] south carolina [end]
A man capable of,b'out out good open for the but it very who its their the heavy their as many by one your as on that is its his them than that',[start] grow plants [end]
tree not capable of,b'as at as their very their at them something very many on new good it them one your on new than live an that it no store than good',[start] walk [end]
a still body capable of,b'out in in on and cancer over at with an about at it of than new something to an in this good this in your good someone at at',[start] water reflects its surroundings [end]
A construction worker capable of,b'of them at and',[start] position a cone [end]
ICRW is,b'in of them a between when up',"[start] a non-profit organization headquartered in Washington , D.C. , United States [end]"
a viola used for,b'at be become find your out your more its be something good them have its on at not good with live by by that on it an that an',[start] make music [end]
a rock capable of,b'by the very at out more with be his in someone to you human more a human an his it more good their as store than the something to',[start] trip a runner [end]
play game of chess has subevent,b'your get cook see your or you on than one more more are his both more an out at in not them than them be someone more more your',[start] check mate [end]
go outside for an evening has subevent,b'as the new treatment item candle as as and its that his for on more from with good about no it more on at many than something that new',[start] leave the house [end]
76ers has property,b'their very one more many very for and for human at in someone and of be with be good very new very very many that his than many the',[start] go to beat lakers [end]
post-traumatic stress disorder is a,b'up in of at what it you their something it as be someone might good the for it you on are with on it them some by be in',[start] anxiety disorder [end]
a flute at location,b'your have have know find use learn use good see the being being it human for one in good a be more be the very something the a not',[start] a store [end]
shades at location,b'very person it them an when on many out new that an to your part are from with are your it good about them for your you his are',[start] a pocket [end]
locomotive has property,b'when might his human have another something for make on one when to live the when are more them be human in to be them than one its at',[start] powerful [end]
trigger flick is a,b'in than human use put go to with a his human have is someone for store than with his another someone that are good by store more it is',[start] error in pistol shoot [end]
a cash token used for,b'their many are are and very at to out his at to their the you very very be with in very for have with something it out that at',[start] using instead of cash [end]
a ball at location,b'someone its on you when be might them as when human with their be more for a that more is that his you you new from it them when',[start] a soccer field [end]
RJR Nabisco has opposed,b'at for from something your when for its by their on have about one of than them about as with someone for new than from human one this when',[start] an immediate spinoff [end]
A store capable of,b'',[start] stock up on cheap goods [end]
Members of the AA has property,b'someone are as the states your over about are an between it new as that by an to with your for many good when someone more its are it',[start] less likely to drink drive [end]
play frisbee motivated by goal,b'its by from it in a are from by an what on it more with no are its for by your someone for you by in an its than',[start] use your muscle [end]
comforting a friend causes,b'of cancer over them for from by than many their on and an between you on with more who no the that on one is the out good them',[start] crying with the friend [end]
wait on table used for,b'your the being by them that them you who many than the are the at with on with on someone is them his more his to not in at',[start] earn money for waiter [end]
many different ways to put furniture at location,b'out is no that you very you from for more an very very out for human the someone more in in at live both for one to not an',[start] a room [end]
meat at location,b'to to learn hold become be your of on take them with from your when from not you many in have some it for live that as that for',[start] refrigerator [end]
automobile has property,b'at at have that than more at by something about good something at when its open you you it for them many both no open by are more by',[start] beloved by american society [end]
have food used for,b'his from of than when is for of many human it of one or human when you someone an part good it your on a in to many in',[start] entertain [end]
lose consciousness has prerequisite,b'its no very good on in about human is is at more for your his more at one more someone its both no many human than something store on',[start] lie down [end]
write tool ballpoint pen is a,b'of s human you his is what out the the to have with be from for the that at a them are the them the human good the than',[start] modern invention [end]
something capable of,b'by of or before that from as very is of someone is of his one by for something you be someone the it an who one your something your',[start] climb a tree [end]
it is a,b'by someone be make an off one them by with on you is are you it for live about a part both his at someone from more good with',[start] place to launch rocket from [end]
a monkey at location,b'for with about during and its is many by human when human in something its as who the of one about than part than the no from from with',[start] a banana tree [end]
become a scuba diver motivated by goal,b'between and into in',[start] traveling [end]
do housework has subevent,b'are are are no at as s in more when be your about his good more it good your than some both their by you from the than them',[start] you vacuum [end]
student capable of,b'on or between cards class as as what its when his than human many at are by in them as more them than no by someone a on from',[start] try to study [end]
go to mall has subevent,b'are out out that them about on someone is more what from with new than in you good both you more an than in open open are by one',[start] walk to mall [end]
person not desires,b'who who by as many more at as that very the of it more it something new you than are this you that by good on them are it',[start] be rob [end]
network has property,b'up during heavy with on their the states for are it something their that them new them from new its open for live about that in store at than',[start] good [end]
You capable of,b'more its it some who the many them who very being something be both for at by are as as your their part to both new by good by',[start] buy little with a copper coin [end]
Dead people not capable of,b'about your you them at who about something the from and more its with many one someone and no many it when is many both them someone when a',[start] wake up in the morning [end]
play sport has prerequisite,b'with that by its the or s cancer with are or many is for many are many and are human your many as this you on an something someone',[start] buy pair of skate [end]
Sperm cells not capable of,b'as someone human person get buy something are as are as from with that the your the many good than are a to by to have something is new',[start] live in your throat for long [end]
The ABC classification may contribute,b'and their them store from have his its and s it you his an treatment on from both its more a new as good in on be than you',[start] to primary care of digestive organ practice [end]
the national guard capable of,b'its on about the against good to of human than are is be human an as for as very for in to them are no in as no that',[start] control that angry mob [end]
Many websites advertise insurance capable of,b'in',[start] provide savings to the buyer [end]
Lack of nutritional understanding causes desire,b'by very an s its who an more is is its it out when by it an on are a for be new part the its his a something',[start] eat a hamburger [end]
water receives action,b'the and its more one you is by new about in with at his an your on from in the the human in it are at with store for',[start] find in well [end]
Mr. Ellison mr conway with,b'for of that someone it might his of be many who that by at that new something for good it them both than for something on it with is',[start] a chance to reply [end]
another person has,b'at is an from than you to as than someone who new out of new when to for your you its new its are one that your it about',[start] stock orders [end]
see movie has prerequisite,b's by is for you are of his that and very in them as its when its out something as to both someone his it a an of more',[start] buy candy [end]
go somewhere has prerequisite,b'the that an and off on out that than is of new who one this are live than an as something for your good as their both as a',[start] go outside [end]
a person not desires,b'on with at be having his what of more for than when many very someone when his his is to the that something you by you with a as',[start] stress [end]
hematocrit test is a,b'for for someone many an than to that that that an up for someone of live is them your out out your both many to human from it the',[start] gauge anemia [end]
Gwynn said,b'the by someone are to that one of than both part about you it is as more your something as a you no as human one in to some',[start] would move on with his life In his first interview in QUANT_O_1 weeks [end]
this car has property,b'on or and than from you to your when and out from for who new from in as who is something at it what good at out for it',[start] park parallel to curb [end]
many of them climbed over,b'at from your his and its at for are are at from something out when that the is someone with more both more of at for someone someone its',[start] a lot of harsh terrain [end]
a dead animal at location,b'very become take eat like have an an are good on many that another the to make another on in an its with their both to good with someone',[start] a freeway [end]
loss of love capable of,b'the by your their their its your or than for you by who be to someone that something a part someone new more about not a as that a',[start] break your heart [end]
burn grease capable of,b'to a clothes person your up a heavy at out its your with you be for at good an both them on person it food food to you that',[start] set wood on fire [end]
pepper capable of,b'on a person air music something a is new this them about from some this from an them as from open with more music to its good the live',[start] season dish [end]
a telephone booth used for,b'as who many that who of that on out and are human as you your and on are who is who his no when by a than the them',[start] superman to change clothes [end]
someone at location,b'on to might than than is about their your by that the many when live a who an one something his for good for good an your its no',[start] the toy store [end]
their pressure receives action,b'its are for you up up who and one many and is to by its human one the to the with as live his no your something good a',[start] check regularly [end]
One impairment a person might has a,b'more being being as who at his and many and who for who you it your an that his of an in many who many good in their with',[start] is coronary occlusion [end]
a box of chalk at location,b'more them new their as from on by are of is out for you their in it the than with more when with no something for with that to',[start] at a school [end]
Chris Campbell is,b'to when its out on as about who to them to them at them what his is than live who that an your the its good out something the',[start] linebacker [end]
A blowdryer capable of,b'very being be person it to what get it is something like good the someone than are live is human the the open than in more store its with',[start] dry wet hair [end]
stay fit causes,b'in out water car water more more as more an treatment are someone his with someone on be part new a that good at person both something water an',[start] build muscle [end]
Beds is a,b'of its new in is the system to good your that more someone with your your your it in your both more them many no with more the them',[start] sleeping in [end]
Chronic respiratory symptom measures included,b's with for for someone something is to are is are is the who to you one by many live as with in for many is something about to',[start] breathlessness [end]
take a walk motivated by goal,b'by with by for from about about about is his of at as out for than when on the who from a from as many on in the for',[start] feeling better [end]
park zone used for,b'in as on on away someone out from no his are something more someone are for no something for some more live for open this at the cold to',[start] park automobile [end]
hydroelectricity made of,b'off concert pictures them them is them in it on to human someone good many good that open as live store out a as the no this your for',[start] water [end]
a good offer causes desire,b'about as you by by than and them something its than many at out with many the something one who to your are both you his his part an',[start] sell your new book [end]
jumping at the chance has prerequisite,b's more make put human by than your than when it than the as out than that by new someone it on at human live with by new something',[start] taking the opportunity [end]
goalie at location,b'as who good both their are from from that human out them are by by its very someone as for with new many your is is live in at',[start] soccer game [end]
jogging used for,b'or about when from who by off out',[start] getting places [end]
a garage used for,b'than more more at more its at his as be them its them by that them when on as a his for them the for are live no his',[start] a mechanic [end]
small lake is a,b's at one it more with them from both in and on than it someone on open than that for the part when on for store an than it',[start] pond [end]
view a video motivated by goal,b'that as to about with and is of someone and very in very them their by for very with with something at the the is at no as his',[start] enjoy it [end]
water at location,b'at live some for in more s on someone it with the when no your from your on than on a someone good the with with with is that',[start] three state solid liquid and gas [end]
someone at location,b'with by on on what by from someone his by its new one out by on are for no is an many live than an very with its is',[start] a massage parlour [end]
canada goose is a,b'to get find become to be as that for more who when when human might the have good about in live good about be another in live his for',[start] large north american bird that honks [end]
fan in someone hand not has property,b'when at the states closet on know is your than when from that very its by to might to more for with live an them the one good store',[start] electric [end]
massive amount of propellant receives action,b'as them to your be your between it that very when many an the out as good at with their as one from human to it than than the',[start] require for orbit insertion [end]
Repeated measures analyses of variance examined,b'by is his human your your down out its them them and that that be you for another from to one someone to live no with more something have',[start] changes in blood glucose [end]
a train station used for,b'be make play person learn a might have to a its your them to get to a the its in might human be your that make more be for',[start] taking a train [end]
miss curfew may mean receives action,b'or its them be make a in when their very more in as its as as from as when as of many new by more in one is it',[start] punish [end]
a person not desires,b'its it something food shop water than it with this someone you to set by them live on it person live that his new one good the from quanto1',[start] be devalued [end]
lie has subevent,b'very have watch shop air house the as for for is its its new that their no an very someone its both both by their is someone in them',[start] pulse rate go up [end]
eating vegetables has prerequisite,b'with many are to how store more on good as an his something someone one the something his one more to both open store for new as no someone',[start] vegetables [end]
a paper menu used for,b'on an one their human good is to you as with one out are one who very one his in an one with in it your for at is',[start] giving to patrons to keep [end]
fireplace is a,b'from as its is at their someone of by to many who out are it by no than its them it out are it one good out one this',[start] desirable addition to home [end]
Senators defended the vote in the name of,b'',[start] ethics [end]
Employment is a,b'you more more someone more them out is in human their both it with by you have are store you your than some many good no that no at',[start] a crime [end]
tickle has prerequisite,b'that its for are out are with out something it his your with for its who your out by in good the by one more it this than are',[start] find the right spot [end]
Smallpox vaccine has a,b'his from his an treatment it life into as than on with his part at the in open its by part you more part on be that no its',[start] a shelf life of 18 months [end]
going for a swim used for,b'on something in away s heavy on your its its someone you are as this someone that that in the with their live a your an no both from',[start] going from one place to another [end]
soldier capable of,b'and treatment s cards than when from from one that is the about at their you than are both out for are that this his many many its the',[start] storm fortress [end]
drawstring bag is a,b'at out for many them your more for on the about your to as your for at the part out you no that at at it of new the',[start] good laundry bag [end]
saudi arabian gazelle defined as,b'as when an in with in and for an to by out than from it a new your one a for with its new about for no with one',[start] gazella dorcas saudiya [end]
saturday defined as,b'very use',[start] day after friday [end]
society receives action,b'someone the life world off office hand item new them good the you one open a the cold live in not your music you someone someone you its with',[start] compose of men and woman [end]
one of musical notation clef is a,b'who that to dont how in up and from as you one at of that with it a new about both both as on a by you his its',[start] g clef [end]
child capable of,b'with when its one one with and the',[start] choose to help their mother [end]
awaking used for,b'be a bed off of are are who human it as keep to another very very have no someone to it their the new as your at by another',[start] going to work [end]
moisturizers used for,b'that something quanto1 paper self with for from to what of of at at when by from the with it you your than are at more both out new',[start] hydrate [end]
entertain person has subevent,b'at is many are to who them who its your on you with one his is by with have in as as both you someone his both an as',[start] serve drink [end]
shower used for,b'for who someone with about out up are your who in both the one for an of are it than no many to no as on at human is',[start] prepare for bed [end]
wash clothe has first subevent,b's off or during up by off more as',[start] dirty clothe first [end]
Hard capable of,b'about as of the that who your are them many new someone who the to on good about that open when from them this on as it on on',[start] casts a defined shadow [end]
commit to memory has subevent,b'about in about to more to something to your up by when are out something it his might your someone your one that them them to another be than',[start] create mnemonic device [end]
bathroom at location,b'as someone get make play like in the them for many them in them by who them from as you on their are one is new its something is',[start] bookstore [end]
the locals speak,b'and the being by from when from at his an over on by your than from an to both his one for both an one one one at its',[start] Taiwanese In Taiwan [end]
buy tickets to that sporting event motivated by goal,b'you take feel his an your through the you its another a in at many be a his at no be might take some to quanto1 you with have',[start] go to a sporting event [end]
not all scam artist is a,b'their their learn person find make get to put get your his the being with very that a someone many be get for might another them than his new',[start] con artist [end]
person desires,b'you like watch be like know his who an as more your for be no human with by one your one by might human as to good by them',[start] clean cloth [end]
A recent cartoon playing on the popular movie had a circle of,b'are be take use find find that as at good its with in as very its good an to someone in at that by on more in as new',[start] political first wives looking fierce [end]
annoy your brother has prerequisite,b'you to make do in put be get buy hold live human might person might person to store in to make make like an prepare live a with your',[start] repeat everything he say [end]
lose weight causes,b'to it person up then to how at at to on many something someone in good out for be you for them are by a no by the something',[start] hunger [end]
a sink at location,b'with with for its in about you you someone it as that human be human when to to for by an is its its from store with your to',[start] a laundry room [end]
set cup on table motivated by goal,b'when on as very more human to make for it from to very might to are for new it you to no the the with it something someone you',[start] it be too hot to hold [end]
riding a bicycle has subevent,b'like something have look them it the out his someone when at its more with many your an that a very them many an no store are from the',[start] pedal [end]
consult expert motivated by goal,b'are more have you to more someone the very the about it when live for by human that very no it its many your at by with open them',[start] change your appearance [end]
watching the evening news has subevent,b'very keep make like have take very more for your s be are his being for by than than by one of being you a as your being for',[start] to recognize someone [end]
society used for,b'at to have go something it by for a is than many out who as something them your the open one more to be more many on live someone',[start] mutual protect [end]
a paper page at location,b'someone more are good with make who out with human something a more is be an one their be a with another something something many in your in that',[start] a music book [end]
play the piano has subevent,b'at an being its out one more of of their very one as you more in them human it with be someone as from someone an its be someone',[start] your fingers hit the keys [end]
listen to music has subevent,b'you not have something more might live its human at good their than someone when on the at one at store its new by its more an them one',[start] you feel uplift [end]
play basketball has prerequisite,b'and at as out one when when',[start] basketball court [end]
join the military motivated by goal,b'you on them someone its in an his something good the by many many not both at by it a no the as both good you have at good',[start] fight war [end]
Western society has property,b'as one them someone might who when as that very your about out are from more as new who the of are your very his for them an the',[start] patriarchal [end]
glove capable of,b'in',[start] fit tight [end]
films are set in,b'from of to them your on for from on than with out that to his more at the in you his by new are both new one good an',[start] an upscale well-scrubbed America [end]
become scuba diver motivated by goal,b'than an human use see buy at are with from more that its something human very one no more have not an its for on something you many by',[start] see fish [end]
drink glass capable of,b'from what keep you someone when are an then for your of their at more good them for its to very its a are them than some on not',[start] act as magnify glass [end]
make people laugh motivated by goal,b'your that a store something look when its with on be many you that you live as that one you good good at with something in that at have',[start] tensions are unpleasant [end]
legumes be served,b'when another you up after as that to when is is out to that in your you than his to a in on that are his many the it',[start] the langar [end]
teacher capable of,b'your who by more from it is it from its someone something something its than be to new no one out an new its live live it no someone',[start] work with child [end]
rats at location,b'than about as at them out for who many at by with to have the something out new it something than new this from as you for new in',[start] the roof [end]
gas burner at location,b'very you know it it might by someone what many and be more new out their its it live something no at at many more an by for his',[start] kitchen [end]
see excite story has prerequisite,b'at the many very and about someone the when good with as this are their the them and in his the something it of live good it as open',[start] watch soprano [end]
cut your hair has first subevent,b'for and to have with be something in very on to in about at to another your them you than by many out them live store its live with',[start] use scissors [end]
person not desires,b'your from heavy them one a',[start] lose sleep [end]
payment counter at location,b'be go find take see lose have hold very to your more with that it that his by get in its new in in in one that that the',[start] business [end]
light at location,b'more that for with as you when be someone its as his good an at at to get human is you live the many human to quanto1 a both',[start] plane [end]
a person not desires,b'on than no with is very their by out is as that you on that new that are your is no on someone of one of many is them',[start] be thought of as incompetent [end]
have physical examination used for,b'out who when are of who by or and very to who their from an s it out that good something in new that someone new at live by',[start] monitor your health [end]
person capable of,b'someone the house america in heavy when your the are something from this at at a that on a live you them on your your someone many both as',[start] carry shop [end]
someone capable of,b'the with them some out it it about very as many you many when live an as be for more live a the cold be good than a someone',[start] change windshield wiper [end]
buy food has subevent,b'to that what something that you is than at might more on are than at is your out out something them it many good by open the live at',[start] you carry it into house [end]
People not desires,b'be go get eat have know an that hold his very be someone a his get another you something might live have in at store be good with you',[start] naughty behaviour [end]
A forger capable of,b'more one more no what his for their them at be human in them a new that the his live is in new when store you with have both',[start] doctor documents [end]
returning to work has prerequisite,b'its their have a s more with are than more when one from many new out for no as you it a for the at more out is that',[start] having a need to earn money [end]
A game receives action,b'his very more its with it their his than by as than it as more to something is is something you at are his by his a them something',[start] played in a stadium [end]
your lost shoe at location,b'and and s thrombosis recognition along between or up cancer before than at your from than you part many heavy from someone with something your no its on the',[start] the bed [end]
if you desires,b'are your by of on you from out and more at in from your more on its a to to on at store up new someone his than some',[start] your privacy do not answer door [end]
play card has subevent,b'like them no in the for an many be an someone them one is it new as not his very someone store more for an it live for more',[start] play in casino [end]
Most of the audience capable of,b'between over from away of when out away away for are heavy heavy its one this new someone the one is as many the open of more good part',[start] catch this joke [end]
eggs at location,b'at be eat work drive some are more are to many is an heavy more no it you your from his as something more that its as by for',[start] a chicken coop [end]
meet person has prerequisite,b'more a get make human more is have another his at them as at someone to with the his to small to at it is live be its the',[start] socialize [end]
infected injuries capable of,b'between that that to as about his at the out what for out of is for one this out someone at good this of both no good the its',[start] cause death [end]
cut twist curl has property,b'be use do take look another be you find your than you might to find that see an no its something get some with know with an one his',[start] abbreviate to ctc [end]
judge capable of,b'up and than by the system on the jam are his that with good that part to an than by for from with at new new both your by',[start] fine defendent [end]
restaurants capable of,b'from on someone at them and cancer system off with at as their with are of his it at that one an its your something something good when his',[start] serve salad [end]
do housework has subevent,b'be get live person to see his them at at by its their is be as one have store something you a store new them one food that quanto1',[start] sing [end]
person capable of,b'what a break his who his on out in than something when his its one you on than them when you be it in something as no than with',[start] eat corn [end]
designing software used for,b'who someone one someone the are it or an by in are both are are something to its something store are from with something open many the to many',[start] helping others [end]
The state flower for Delaware defined as,b'their as out the treatment at more for who by at one are in the very his no the no this to them is one the in part his',[start] peach blossom [end]
a club used for,b'',[start] sport activities [end]
this bike receives action,b'the part an then of as more his who an of is in good and the very than be new both its that are live in is an on',[start] make for rough terrain [end]
Paternalistic - individualistic is a,b'by their get use light keep in get their it many no have something take be with a on new one are store a quanto1 some something open for',[start] a political dimension [end]
A police officer capable of,b'off recognition model cities exist states cities cake cards with chinese their the for both cards someone your part its it them one hair as that something about store',[start] stop traffic with a single command [end]
vet has property,b'with its than an or something your for someone and an you a about on than from it an that no that an many this more store something one',[start] short for veterinarian [end]
swedish economy has a,b'between out very the against s system or s to of to about from someone someone for good and new them who someone something are from both to an',[start] strong government control [end]
finding the truth causes,b'as it music to while to the of one on out or one of its at for one the to live with a with one out of than your',[start] your illusions are shattered [end]
Most sausages has a,b'for something something live on have for an that good at human with your very many no your new his one is that a on with one with in',[start] meat [end]
a mother capable of,b'like have like a from something as for who be for many its an how good as no something on new this a something no to on your one',[start] take a bath [end]
this is a,b'at a some person his of for are an up or both when them your at them more good are than to a the your on both the its',[start] a diagram of the human eye [end]
Google asked,b'as your might the by for human by are their many someone who their for one more their one very someone more new your to the at them no',[start] its policy [end]
jewelry used for,b'for are one someone more someone and your its of it its at someone the new by as than a than this the them its from with is something',[start] decorate yourself [end]
answer question has prerequisite,b'his who from that it that than than when with of you from the as you new them by it with by for as the this someone your both',[start] learn [end]
cake used for,b'be like that them for as his what another to you another when human in for them with them on a at you at by by them live to',[start] serve wed guest [end]
order a pizza has prerequisite,b'the for its that what with very one of very to good that being one the are good from no human your very both of by part are be',[start] order it on the phone [end]
bagel has property,b'as very the at who someone who who human with are an in both in a good one than something an the that you good no as by many',[start] eat mostly by jew [end]
"Cardiometabolic risk factors , including atherogenic dyslipidaemia are associated",b'be go take watch work like buy you like like be person your very be his no the new more get that have his person another to have live',[start] with increased risk in this population [end]
rosebush at location,b'in through as one their to that as from his them out to his more of the when your it no by out and to as when are many',[start] bloom [end]
a pot not is a,b'when its by than its to of be very more to no who its as one out that another many on their one more good be the good your',[start] a kettle [end]
San Francisco is a,b'at it place that more than your between are human one his human their from with many more someone from a good human your something from for have at',[start] a big city [end]
company at location,b'you the night learn you something them something like have them good might get know for his the live many something it have them from store an more more',[start] city [end]
Relative risk were derived,b'its more are out human an are to the you from your very their at their at to very be your on them your a in more its store',"[start] from multivariable logistic regression models after adjusting for maternal age , race , marital status , smoking , cocaine use , adequacy of prenatal maternal insurance status although data on cocaine use are likely underreported [end]"
passenger capable of,b'in your find travel learn be find be take that with you get an the are have no human be one have one it good his are his not',[start] step off train [end]
bass clarinet used for,b'the that his be hold buy that its at good and this more them good many in good are from the part to at for store for your someone',[start] low note [end]
something smaller than the box at location,b'between against who who out his your or in or by their something when about the with one in are by both are something the good about them that',[start] a box [end]
find some water motivated by goal,b'who on to what what another who for the his of new one his in that at than many the with is in many than you on an out',[start] go for a swim [end]
tape television show has subevent,b'out someone open and is its them for your more its you for someone your them on is for many new new something for a an no something something',[start] run out of tape [end]
set cup on table has prerequisite,b'in by human get get human on make are you many might by many them good at very be as it a in at another both as open more',[start] slam it real hard [end]
go for jog motivated by goal,b'to up then elements continent m cake or his states cancer to how with for new as live that an new of open that that its its someone to',[start] get in shape [end]
play card has subevent,b'when its something place that from the then more its you someone are from new as with one to have than on someone no that good from at one',[start] adjust to opponent play [end]
sun at location,b'its them someone one are by your in is someone it to live new are human you a good than you on a is in food store it new',[start] the beach [end]
school location of action,b'when in by its an to make is when out someone are human you one it you on their with the with a no one in someone by both',[start] study [end]
radish at location,b'are no an your out it at what for human its one new his with a both to with human an is more by to to have than no',[start] refrigerator [end]
mythology capable of,b'are you a instrument',[start] express life and think [end]
Aimutis is,b'by your in up down from then by about with as human when from both as than this than no your more both you than no when an something',[start] Detective [end]
You capable of,b'as in someone the for your the by many are good them very very them with both from no good is more his in this as an someone than',[start] find cokes in a dorm room [end]
post message motivated by goal,b'to know you at who when who as will who something on many who is are in about live on on his both no new an no good his',[start] get response [end]
Carpeted floors receives action,b'of',[start] found in many kinds of buildings [end]
The males go into to,b'to something you on off and in after its that who many its that your by new as from them new are on by live the the human part',[start] breed [end]
a table at location,b'what you hold call a dont get human their that live something for at an for that something have one many your by a it some be more an',[start] the rug [end]
Muhamad lutheran medical center,b'you take find another make be take someone have have in it one someone might them human his person be in many you its with on your one new',[start] Last night [end]
do housework has prerequisite,b'at you buy have go watch your your for be you his on at might with with an you might for more be something you an his many as',[start] broom [end]
night watchman capable of,b'or on on as many as with at is its very in one something an out in than are a one many are good as someone as new many',[start] keep key on their belt [end]
a little money capable of,b'of an at have for be what many an them his by one the with new your you that no good someone at on one for to store as',[start] seed a great venture [end]
ride horse used for,b'you watch make a from in a up one is no you someone a when more you live good the someone some person are some on your at the',[start] movement [end]
candles receives action,b'be hold buy give like live its many them be good many human someone on his are you one something at to quanto1 are human one one your a',[start] put on birthday cakes [end]
a cup of coffee at location,b'on to might have for like the its its as from human who is as your something be than in someone in a someone to his live one with',[start] your hand [end]
ride bicycle motivated by goal,b'their its many who when many out what many that with many new it of many human no new one who than you his it his on no with',[start] you do not own car [end]
prepare for vote has prerequisite,b'or to a water new when you many the cancer up good with it this with a more in its with something more that no live something both open',[start] gather information [end]
Dan Rather be correspondent for,b'on on of risk treatment to off from out off by heavy of an cards that is from on a water with on this an the a for good',[start] White House [end]
play sports has prerequisite,b'of cancer from more you what in it and on of your an for than someone someone by one for a no both this on by from an in',[start] enjoy games [end]
deli store used for,b'off and system rate states night and contain and model over over and it its in on someone it his water are for someone its many new many your',[start] purchase item to make sandwhiches with [end]
running after the ball causes,b'off against out them for a cards system of for their very sentence good for from the part as from something than it of its part more both from',[start] tiredness [end]
being in charge of a project has subevent,b'off selfconfidence card water others states up up ones and laws in an steps out as his food the treatment its last water as this his them are all',[start] change things [end]
wooden hangers has property,b'to might like take make be to look make more its in its an something its an something that another not to it you it get it another with',[start] very sturdy [end]
bottle used for,b'with about be a when might on out as out one out from the more by live than open on it more for open a this its many something',[start] pour liquid into [end]
plenary council is a,b'its their small book human make use an for be your from a human being a his with on new out it something to have in with human no',[start] meet of local bishop [end]
eating has subevent,b'that from during them at have many on an it more its in you good with to not many many it on for with on a that are to',[start] add spices [end]
footstool used for,b'to get lose eat travel become an in something that when you live more might that its are with the your be not have no might a many your',[start] child to sit upon [end]
a fungus at location,b'their at them more very many as by to are about that your with in his at the of good to them something for human this new that not',[start] dirt [end]
Brain opioids has property,b'of many might human another for your are for are an than be the on on on one someone when at new one his live its his good new',[start] very important in regulating social emotions [end]
One capable of,b'his it your that and your on an more is be them your on your is in that an out on one that his by from with his as',[start] balance a checkbook [end]
wash your hand used for,b'in the one the from a against of one what in human who is this its be your is more a from more one someone to quanto1 an someone',[start] maintain good health [end]
go into coma has subevent,b'the in them live about his it when their his its more are no with their are in with them at to many than both new something someone than',[start] close your eye [end]
older people has a,b'his at for of out about many or than from many on from one you as human when that it you at than this one and in in for',[start] more experience [end]
bringing home some fish used for,b'between on new food water on with at many from your with of you human about no about an part for a no you many many someone are both',[start] making money [end]
get some physical activity motivated by goal,b'for you person book enjoyment his in with one good it open a are not to his live more open more good water as from its good are it',[start] live better [end]
improve your image causes,b'out at it it a between on what in that someone a out your out is all is person more that not for many new are both more you',[start] person to like you more [end]
clamp is a,b'for on one by is when of than of when many with on one when more many new that no many them at new more that one an his',[start] tool develop long ago [end]
speaker capable of,b'more have play take eat buy them at something take one the than them them it another more some live something you are at your water from water an',[start] sound [end]
thanking someone has subevent,b'as good something to you might his by be of with is are many out it an when with by many are with live many the you them that',[start] shaking their hand [end]
human has a,b'for you have someone in more is you its that human with are no to your of no them is at their are good a one new new are',[start] one nose [end]
Not all potatoes receives action,b'are more one with them many from one as than your their out an an with no as new something than human on your as as many more for',[start] found in deep fryers [end]
QUANT_S_1 of the delegation 's workload fall to,b'what with the many their make many in many their someone someone than human are at another at from on their an at as its a in no live',[start] Mr. Lautenberg [end]
Going broke causes desire,b'that more the on your s when its from are is with the new on with by for this something for than the very its at a at with',[start] return to work [end]
stop being married to someone has last subevent,b'from it them from on during or by than you it and one your to many as by out you his someone your on no your about be open',[start] finalize the divorce [end]
The time between human heart beats has property,b'between with as that from when from more than that out with for by his for you good his out a someone in are one and your your a',[start] 1 second [end]
cleaning clothing used for,b'you his a store in look when its that good that a at good about be at a someone an who on a both good from to someone it',[start] looking smart [end]
debian is a,b'like get be lose get become someone your when be the who to them human another for his many are at many by his to a that live something',[start] operate system [end]
learn has prerequisite,b'up down continent ones seatbelt person their law with this out new with one more by than both more its at store about are his open by his good',[start] cogitate [end]
Wine capable of,b'',[start] helps people relax [end]
the Eiffel tower used for,b'you that from is it to for get what on about you have some at you not to his on them for to store a you its set at',[start] promoting Paris [end]
communicate has prerequisite,b'at about as that is for and its of the about is very them them of are this something someone at for than good someone for your on live',"[start] talk, write or sign [end]"
Haverhill part of,b'on with from them its by between are than who it it of out are for them as at are when them good is with than his who them',[start] Massachusetts [end]
a lizard at location,b'very person know make travel know something you at as their many live it very you are are on on no with to a as have someone it many',[start] a fish tank [end]
map not is a,b'at are your between about of at their as and out about by that by you an many good their in their something the by this in with in',[start] true representation of reality [end]
perfume used for,b'someone live more one as in it of to their for to another of someone you it good with at than good than someone one its many an its',[start] create good smell [end]
a person not desires,b'your of on store be a to have something someone them on quanto1 good more his are many for know to you your its for someone store you it',[start] benzene overexposure [end]
a baseball ticket at location,b'someone no them for out an',[start] a pocket [end]
The capital of australia is a,b'who an no have human more for your his to someone something by from you its on many new at be be at them one new are with by',[start] canberra [end]
their evaluation in the treatment of advanced gastric cancer remains,b'than with his someone like something it of that someone you human its is as very very from both their both them be it the this an than his',[start] early [end]
kill person has subevent,b'off concert steps recognition thrombosis larger of cards down of united on its landscape something them as both out of the human part someone that its the water the',[start] grit your tooth [end]
add up a column of numbers has prerequisite,b'are are no very the of who with an of are and is very from new than both new about than it as to live and to by them',[start] find a calculator [end]
tan lotion used for,b'by you an against and the when on in more you for at someone who your is them that by from is no that by as both you at',[start] even skin tone [end]
legal decision receives action,b'when as very by for to from and their something is it that by by one by many very you that in them out an in part them when',[start] make in courtroom [end]
fight war has subevent,b'like at live this out his many when more out it with it its an the is are his many human new a for in for not them many',[start] a lot of suffering [end]
Democratic incumbents are very,b'more no his when human as of who in good very of are than a good them to someone you an with with a from both it who as',[start] nervous [end]
voice at location,b'you person light to be use an many the your out of something make person for quanto1 its for another with your human someone its not new no are',[start] choir [end]
study of person is a,b'off selfconfidence card information of exist glasses or orgasm on its around over his this many both his it more break them with your water someone an water at',[start] science [end]
kosher deli at location,b'about when are very very to something at be be with by new something one about its as from the its it both in not one when an than',[start] food court [end]
Sailing on rough seas has property,b'in of as one an between',[start] dangerous [end]
get pay used for,b'their small keep having get put that it human for be on your your in many be at an more get be in many many that not something get',[start] earn money [end]
human at location,b'at about to look for your of of in as than their of who at when for in from a to not on by to one than new and',[start] command [end]
attend a classical concert has prerequisite,b'that from your as his for out for human who and your what it and one is to to at by is on new the are in this more',[start] dress heavy [end]
A hook is a,b'of with of human very for to be than many for in with the very their many that one something its many is at both part your his very',[start] a problem with a golf swing [end]
get some alcohol to drink motivated by goal,b'than about from from s or at its their someone are that its new at both at it with one the part your one by is to its part',[start] get drunk [end]
lizard has a,b'or up together shop room something air something on something on your new on store people new someone a one at at more more it good a food break',[start] 4 leg [end]
attend lecture has first subevent,b'you buy might get be see someone have live its have not with human his someone in one a more not to be more have some his no new',[start] find good seat [end]
school at location,b'his for of its to make as to their your your be very when might not very one someone from its a live in another someone it no good',[start] compute [end]
corpses at location,b'out new good something live good when are that at with that in at be something his more is in be a with good are store both a new',[start] a war [end]
ET capable of,b'in be the states ones law of part and out it both something for with that from an his your more on many cold an water someone you with',[start] call home [end]
something at location,b'like make keep your are get its them many one from human than good more by its from be the by no them no as his someone many are',[start] dinner [end]
the Ciprianis had received a subpoena to,b'more very that something look are them their it are than with someone your them someone its be its this good the from at human for as by with',[start] his knowledge [end]
my hip has a,b'between by for his in the along as that than by to as many to very at than many of as your very by both it when one your',[start] bone [end]
tell story has subevent,b'and from with on who are to by about it what many your one the his on their you might by than for live as new as are when',[start] announce story time [end]
Springs is a,b'on from an to a what from something when its for live on have a one are be from someone that on good in your an it to live',[start] coils [end]
QUANT_S_1 friends from as far away as Kentucky shared remembrances at,b'someone be wear sleep learn play watch more take quanto1 that your one food quanto1 another new someone that someone in both good live your with on not store',[start] the service [end]
Mr. Mica said,b'to what human become like your up than more you a by on at someone in be new a that more at no good something his the at you',[start] irritates the other travelers [end]
selling your new book used for,b'than is someone one than as an from in are your and of many is is human you many at you his its at on to from one at',[start] expanding your infulence [end]
i desires,b'or are on when to by for than someone in something your his in both as that someone at by new for it is you someone the in for',[start] lie cheat and steal [end]
building a cathedral has prerequisite,b'be keep make light find might make use be someone good buy go might know something them many know on another many that small with another be another the',[start] much stone [end]
Life has property,b'by is it food others room world to human one house from something open his food food up you the hurt new from the a with good that it',[start] fun in the summer [end]
bring in a verdict has prerequisite,b'or between to to have about that your by or more at one many it of that as from your this new about someone to both them when on',[start] deliberate with the other jurors [end]
utensils at location,b'be hold human with by than out what on than are by that very by human your the on many are no as another at their on from a',[start] a backpack [end]
the next presidential term begins in,b'with who in s system up up your are his to one about good with an both your new at a human in something in by you a one',[start] January [end]
liquid water has property,b'its for one its very who when out who at with an of are in human an more when someone out new very both that you by human part',[start] wet [end]
The availability of recombinant antigens made,b'to be have find know hold learn buy watch look what an your an know be human at that at some with make no to it some new than',[start] it possible to develop sensitive radioimmunoassays for the detection of autoantibodies on a large scale [end]
self-help book used for,b'between as the cancer along over is the but in from very in who an their by with its from his both by as something part of one many',[start] understand self and relationship [end]
A conquistador capable of,b'with with and and off is you something or out',[start] plan to conquer the new world [end]
a drive used for,b'about than as of are one about what someone by by to when his than someone on something one are something from not more more its many them your',[start] testing a car [end]
a person desires,b'from a mind night call someone something live in have be more as are it by some be good person store the more them one it live person from',[start] what a person wants [end]
pain causes desire,b'your for as on is who out with who on with as at its very with be with their to another you good for not than on live at',[start] have a physical exam [end]
There is a,b'like know to someone that what a the that their in it them good who by as with their for them from its for not at live one are',[start] a cluster of rose blossoms [end]
radio at location,b'be know buy be like person might buy good another it might make it someone by the human are are more an on for new with its human one',[start] refrigerator [end]
China is undergoing,b'more to give find go keep your an your on at good good one his good its have be at their in with another live your on with open',[start] unprecedented economic growth [end]
finger used for,b'out to give take someone a between heavy for no at someone at something a when one you for good its in as no new about someone on its',[start] tip over cup [end]
Someone is a,b'between cards chinese heavy your when and on it up or are it out something new out in his when its for on are a something you you many',[start] visiting Manhattan [end]
cream cheese has property,b'who when be you who who his on human to from an and many when at live many with are his its with a many the something is them',[start] good on bagle [end]
go to get a haircut has first subevent,b's who for at when who than from human of its when than on at one a them out one someone in a them both someone in it for',[start] grow hair [end]
sometimes frame has property,b'about many you on to be might the heavy your at as an it one of another you something to one about from more are one in its his',[start] good than picture [end]
many person has property,b'at your very the or many more as you someone to an than his them a his an many it to them about live are something with its for',[start] obsess with aquiring wealth [end]
many colors at location,b'with that make the off you up is on is as to for its from no you about many by human in by from many this is live than',[start] a sunset [end]
Fleas is a,b'very by of of cancer from an are and by its you when something very one of for from part out in as with an that for someone his',[start] found arounds a dog's waist [end]
she capable of,b'what hold be learn light do make see like be make someone a to something make at like someone on not be the to one be one for live',[start] scratch your face up [end]
A true story has property,b'between out than out from one many your with your more their an are good and you by than a for no on open the who someone no as',[start] non-fiction as opposed to fiction [end]
dvd at location,b'when have keep watch know take might to not as your in are another someone as in you with the new something something more than some is good your',[start] in dvd box [end]
dog is a,b'',[start] usually about two foot tall [end]
felt is a,b'at his for his up for up is one of them on new an is both as by in it to are its for have is that something at',[start] a soft fabric [end]
u capable of,b'that be have become very as out in with in your his its your them an very your on for on with good someone for live at it be',[start] read it [end]
person blow into has subevent,b'in from as as from by the its your by are something you at human to something by for a your no out and no from on one who',[start] instrument he make music [end]
grain at location,b'more no being on or from its being by as be by is at many for good his one in are for with both both a as in more',[start] sand in spinach [end]
Peoples has a,b'and of than as them very or with an as out of someone something the are something both than are you to one them this an both you his',[start] different tastes about furniture [end]
catching a cold causes,b'its to do use get might something his on the be new his an for his at by no someone are its his live on more store its that',[start] you will have fever as well [end]
Humans capable of,b'of system item a standard for are at you with out at of human their from open with something many new more a good its on many human to',[start] fear dying [end]
person desires,b'up through his a to to are that what his at the more an as it are as something than with open many someone by from your part it',[start] sexual encounter [end]
convenience store at location,b'by many his someone what something your in his as that an at that at with at on more live an is by this one that on someone you',[start] city [end]
pretend has prerequisite,b'between for someone by the with for or in of with by is on your many someone at from many with human at a very its that a for',[start] learn to act [end]
workers in the back room chop,b'someone on food music music people at you this as many on water as store his new on you someone something store that many that person with in break',[start] scallions [end]
That man capable of,b'by it at be look to from to with them someone to human you them have them someone an this it new an you are be have not something',[start] cross the room [end]
The Golden Gate Bridge is a,b'that when to have go might it very that their its someone as than have someone to your when a another human good for one its is open than',[start] a bridge [end]
Voters capable of,b'at by are its you you that someone at is are them when to the them new for your something new about them store when many new this no',[start] voice opinions [end]
get a job has prerequisite,b'from who an as at more and its when more is of than the them from you is a by someone it that both something an that its as',[start] go to work every day [end]
meat at location,b'about with the s the more for as it than this or no good many from be you from part his that by as by is new is its',[start] butcher [end]
discover truth causes,b'be be make see eat bad person like very your with good live his good on no live be it open a are in another them more are live',[start] become unhappy [end]
watching a musician perform causes,b'out their keep use',[start] enjoy their music [end]
fart has subevent,b'off',[start] drink skunk [end]
teach other people has first subevent,b'that the part with your their what very as many when very for to his very when at that in many in its by on very this good is',[start] find out their level of education [end]
riding a horse used for,b'about to watch music up for as an many your when that the many the as that someone a at in it with your by his many someone the',[start] being a cowboy [end]
bathroom with bathtub is a,b's life',[start] wash area [end]
beer at location,b'for you see make be the between its by and at with and good on of on on be it new new one its good at this good with',[start] a building [end]
stop your car has prerequisite,b'to in and about the when from you up a during is them about from more about a that its be more many that are be an in that',[start] turn off the lights [end]
play baseball has first subevent,b'like another someone many as when for from the its from by to his someone in it you your is them them from at than an on be to',[start] choose sides [end]
Starch receives action,b'his something live be make give your an at your in as many the with someone a something from many a someone it to another on not you at',[start] found in many foods [end]
polls put support at,b'for them its very their of them at from from more you you your someone when is the out an many both are your a as to for at',[start] only QUANT_O_1 strongly [end]
In some cultures special mushrooms receives action,b'',[start] eaten as a spiritual ritual [end]
