source,prediction,target
person capable of,b'along concert',[start] jump over puddle [end]
hot and cold is a,b'in object on both this of together in from the time in you for an food your s or your weather between about treatment from into while as to',[start] measure of thermal activity [end]
Yahoo flickr,b'',[start] an undisclosed sum [end]
walk around lake used for,b'',[start] hiker [end]
land used for,b'food ones player together with and day s jam',[start] grow food [end]
go to a concert has prerequisite,b'weather at their person into during',[start] obtain tickets [end]
exercise has property,b'clothe by something are both during at than of food s states during when an against of into by your key about for the this than s together is',[start] necessary for health [end]
the Senator q u a n t o,b'with this this people from at you during with that during you out up who person to your pictures than with on treatment of that about from a s',[start] the votes [end]
wrestle has subevent,b'of with key by on the sentence between on and by together problem by up to person together before from s problem with or of s while or about',[start] arm lock [end]
hamburger has property,b'water ahead up against food together together asleep or of pictures off into weather during its water when problem who its key problem who for about the of you',[start] well cook to prevent food poison [end]
a doctor used for,b'healthy in problem problem the sentence into this in in this s problem at of for while out who treatment states s problem together after about during together s',[start] maintaining health [end]
newspaper is a,b'object for food for water problem that problem after that in out for at that out what on by you s in for people your person down s and',[start] document [end]
sea has a,b'key',[start] seawater [end]
a Hard Lesson ruth mc mullin,b'ahead happy system up or changing down',[start] the newly formed Harvard Business School Publishing company [end]
do housework has subevent,b'tall this band during food you from weather for during you with your states you its than an that person',[start] wash window [end]
rock is a,b'ahead dish dish people system or changing problem time disease',[start] solid object [end]
cotton at location,b'to your weather together together that from its or part of key you to very for of with part about or while your than an together who up at',[start] a field [end]
hayker is a,b'water like something when person s the world system a the cards s of states including what the part before during person who after to more',[start] hyiking [end]
er diagram is a,b'outside by heavy law off on down off to part',[start] conceptual schema for database [end]
holiday shop has prerequisite,b'off clothe for your child and weather and person into you for to with while while when by treatment together or is people while when its the you than',[start] save money [end]
Everyone including Angela Vaillancourt new york,b'sentence to water and off with cancer who s out before down you who and out up during this from states who treatment for part to for that between',[start] performing to street noises of robberies [end]
a glasses at location,b'jam room',[start] a nose [end]
a public university be located,b'',[start] in the city of Sulaymaniyah in Kurdistan [end]
rem-dream state is a,b'like s ones down in both at during off that problem treatment than and the pictures on than you that treatment after and s problem problem in its method',[start] neurologically and physiologically active state [end]
ducky defined as,b'water off to at in both',[start] rubber duck [end]
reading a magazine causes,b'like s treatment happy cancer hand by weather s from states together and weather than up is by food between during a water s who out to about that',[start] to take up time [end]
finding the truth has prerequisite,b'on by them',[start] investigation [end]
dance motivated by goal,b's weather of for s at than of clothe and building from part out or into out s of than at and cards during this',[start] bring pleasure to guest [end]
attic used for,b'concert for this to something about off of in key during to while when into at who s of who for key and or its part a key about',[start] storage [end]
bathroom used for,b'healthy with with and and people that states out is band before against about together during up treatment who while by both while and key by the problem treatment',[start] groom [end]
be on time is a,b'with about at from and by down in treatment when problem to their its its problem treatment your food',[start] good trait to have [end]
building a cathedral used for,b'tall and money on cancer cancer system',[start] wasting natural resources [end]
something at location,b'sometimes down key cancer asleep from class after clothe in states food off who its of as and in part at an treatment up to people than up in',[start] end of it life [end]
pay cash be for person who desires,b'for ones',[start] avoid pay interest [end]
most ameracans not has property,b'for in out to be from',[start] fit [end]
surf the web has subevent,b'heavy chinese states of cards and water you hand into and weather from and in this its of from by about at you by who into person after of',[start] use Mozilla [end]
an article in a magazine used for,b'for key on people',[start] reviewing a restaurant [end]
drug has a,b'outside s ones states night after and',[start] medical effect [end]
lizard at location,b'to part up together into band of for for out during the s treatment in while by out with person on the part by as at to from than',[start] country [end]
A rainbow is a,b'concert food in your people between that key between both clothe to by states before s in as than s',[start] a multicolored light arc [end]
bathe has prerequisite,b'clothe key s jam of s along treatment on treatment with both to object before states including and pictures over the s with problem on part during s while',[start] get undressed [end]
03:03 associated,b'problem it their the political together the clothe into than this its the world of life after who of in their its this as about up as food the',[start] with Fulminant type [end]
many kind at location,b'tall or world in water from day the well including by people after to you',[start] model [end]
breathe some fresh air has subevent,b'',[start] feel good [end]
electric fan at location,b'tall up',[start] home [end]
bring home some fish motivated by goal,b'object food in both item s off and money s for with food after of with you as food or treatment than people for key in the both on',[start] fish be good to eat [end]
go to work has prerequisite,b'room food well clothe as time for person off your house on during together on this for both for part for key from up between to a break s',[start] remember where you be work [end]
most case of sexual dysfunction receives action,b'healthy to with from key when s treatment',[start] cause by psychological factor [end]
Older adults may experience,b'food of weather person as food who object is its ground treatment what as country including both during from during the treatment when people up during by people you',[start] both diabetes - related barriers to diabetes management [end]
a woman french huguenots in,b'jam together room down item of key',[start] a portrait [end]
candle at location,b'sentence off states during the lake hand of states states out for key into in people in key that or in its water or of your world down at',[start] candelabra [end]
pretending has subevent,b'key and states than heavy problem into or out who water to be treatment as like in who during the problem on treatment when this with on about treatment',[start] put on a costume [end]
eat apple has prerequisite,b'outside them hand law about person before problem as break up by the treatment you from problem for and s into treatment after part that for as you during',[start] buy apple [end]
talk to someone has prerequisite,b'clothe at people of at or or treatment or part a money or while into during out up you an with about by its s of in states off',[start] speak with them [end]
a kitten at location,b'tall s states than for hand the weather treatment about person including key problem states at on as problem is in during a world about for treatment of of',[start] a veterinary's office [end]
cowboy is a,b'plate ones and country s world cancer including with person including to object is key than for about part when and the weather that from s states is of',[start] part of oklahoma history [end]
criminal court capable of,b'in that in s to on or about down from the and that as treatment between you with from your while this with is s of about about what',[start] pass sentence on guilty person [end]
bus used for,b'problem band for room or this class person',[start] mass transit for city [end]
attending a lecture used for,b'healthy this for pictures',[start] listening [end]
The results support,b'along ones world to wait into or law of the ground disease treatment while pictures to from out when off that with part of treatment to food about for',[start] the hypothesis that there is an association between signs and symptoms of CMS [end]
androgen receptor variants are thus able,b's weather in weather down is the happy between part the on their after than to its you by during for about its in and to be after s',[start] ligand - independent [end]
calorie receives action,b'sometimes up',[start] obtain from fat [end]
man become angry has subevent,b'food from and jam husband to with by',[start] he crush paper [end]
paper at location,b'key money book than like in during',[start] ream [end]
a desk used for,b'ones hand against on day than up the time out or in cancer off for at out your for while than during its its this of out by as',[start] putting your computer on it [end]
bontebok defined as,b'of the states a year treatment between her their of to both by its with treatment what up s after a water while for while to you in your',[start] Damaliscus pygarus dorcas [end]
budget be balance has subevent,b'ahead building world against for hurt as jam as you key in out to on or from this and food up by into its at as your with and',[start] deficit be eliminate [end]
his or hers birthday causes desire,b'problem treatment down ones cancer by time than with during this states problem out for s with from part in s by than that the ones you part as',[start] buy something for a loved one [end]
Kanun is a,b'sentence clothe on s against ahead against by united by people to on this out of and person as your blood for during at your about an at part',[start] a stringed instrument [end]
lying causes,b'weather up day to watch out about person of person problem at while by problem from or after from for from from during out while for to s when',[start] problems [end]
Judith O'Savio is the president of a 29-year veteran of,b'plate from person down up with from ones that to self food after off is treatment for into its on to at after problem about while about of part',[start] Westchester school music programs [end]
someone at location,b'',[start] baby shower [end]
you capable of,b'sentence well room in person out or person during treatment treatment to break who part your happy the by as an food s at that while with than to',[start] learn things by listening [end]
salt causes desire,b'to be hand at food for of the the united together to his states during you your as a religious to your treatment while during treatment your part s',[start] drink water [end]
find lose item has prerequisite,b'object by their in it for than during is part and its building that both during to at or in your at a for s at you the pictures',[start] ransack room [end]
a bus at location,b'problem happy and ground before ones who building than during into to it while part cancer with from both about to your person as it or during in part',[start] a city [end]
someone at location,b'water on s jam',[start] barbecue [end]
slap capable of,b's jam of during on object up by weather up during',[start] amount to assault [end]
go on vacation has prerequisite,b'food problem by it its music on while states at s treatment what',[start] research transportation price [end]
smoking used for,b'heavy room together of day is happy before pictures what or in it into by its this that person of both together',[start] impressing others [end]
see movie has prerequisite,b'jam people water up including to people',[start] find out what be play [end]
lighting a match used for,b'like water after at it down off of for from both treatment between of for an people after out of both person',[start] burning some wood [end]
have asthma attack has prerequisite,b'ahead day world treatment of hand including for clothe together or cards the key out cancer up who for their in than with out the sentence between an both',[start] smoke cigarette [end]
shop has subevent,b'states with healthy during while together with people with while down',[start] one sometimes forget what one intend to buy [end]
Koji Inagaki is,b'concert cards hand happy together after problem up to both for by while from while out up treatment when the and on in during by s together between to',[start] a 25-year-old unemployed security guard [end]
debit card used for,b'in s down ones m cancer down',[start] pay for thing [end]
person not desires,b'of world with world year against hand out off for both',[start] t ofeel bad [end]
A photograph has property,b'concert something this problem from tape on the sentence out off treatment during by it together before in for your on than that who problem from on you by',[start] called a shot [end]
a hair roller used for,b'ones band world hand of its defence while cancer of this along treatment the law down as treatment and of the treatment at',[start] styling hair [end]
sail on the sea has prerequisite,b'water from ground with the ground is to more to in than or s for by who while treatment at from it in the s as at than an',[start] sail a boat [end]
overweight person capable of,b'water and person you states cancer into your hand during from like who the person',[start] burn calorie during exercise [end]
soy bean paste made of,b's defence against ahead or kingdom than heavy treatment is house hand off from to this off as water during from states treatment in to be both states the',[start] soy bean [end]
going into a trance used for,b'off day world states the house down than ones including by food after this the sentence its world as part down of both both key problem',[start] Regressing to a past life [end]
accommodation receives action,b'clothe it at the food together from while while of a object s is from food together off the by to for and states that from about with this',[start] determine on case-by-case basis [end]
A hand capable of,b'like food key off food that cards before part of item food out in weather with while as at your its and both in you both or out that',[start] hold a ball [end]
Ruth Bader Ginsburg is,b'concert meal on s clothe to both while after food at while to his from into you by your after you your you out and in into on treatment',[start] Judge [end]
people at location,b'water to state for treatment states system including you you the problem the while between at off with by who on a pictures while s from on their during',[start] at an airport [end]
A girl capable of,b'like for hand states its tape about up up or out out at its in on this that after you at s problem down s between about during on',[start] join the choir [end]
Sushi defined as,b'for in weather than for part for you',[start] Raw fish prepared for eating [end]
a chess king capable of,b'jam down player during it s including on water on item during than of of with out between s together',[start] move one field at a time [end]
everyone's ears look different - capable of,b'like on them the world for by for while before down you s you it and treatment you your out and people off the out between for people down',[start] like fingerprints [end]
Most of the recommendations were related,b'tall food on key between break you to be that time its for that an united treatment off is part that at its ones before about is than as',[start] to obstructive sleep apnoea [end]
vestment at location,b'heavy room at both sentence treatment s band about an phone this its law treatment in people that out is on in about a key is out what while',[start] in church [end]
Heyman is,b'jam day time up after object during a food up of it with or states the ground up on food when like by food s the part to on',[start] male [end]
competing causes,b'water this book that be you out to it out into and it who out the religious at both you that by your than and of for from while',[start] jealousy [end]
system used for,b'by break room hand class after problem down for states on and of into after problem to when by that',[start] particular purpose [end]
theater ticket used for,b'ahead for child the year at key that against this',[start] get into theater [end]
an ocean at location,b'concert on at at that into together who treatment down as you key problem including off into into up the for of out before s who this of with',[start] the globe [end]
cell phone at location,b'by his chinese ones resource or of treatment at part or of problem who break that s part during or s on of your and as that in while',[start] shelf [end]
paying by check has prerequisite,b'by and water up to water to with you and at than down down between of you of treatment up in out on in',[start] a picture I.D [end]
deli restaurant used for,b'to its from to at during while from when to you of up and during in you from up during when to on in or as its part after',[start] hungry person [end]
Everyone 's polls show crime as,b'key off well of cards m after defence from at together or on you room and object is you more of that to its this after between the method',[start] the single most important issue [end]
stool at location,b's well together together the concert that water after for during by the pictures up for both into an problem for it your united as treatment when you out',[start] specimen jar [end]
spaghetti is a,b'chinese concert cake resource at your cards by on out of its problem is with and by in off out that states before in into between key between into',[start] a form of pasta [end]
ride lawnmower at location,b'in people for on cancer together with out and like treatment to at your by after into of key between to part your to as for its off up',[start] garage [end]
remembering causes,b'on about and united night for into into for people for states after for than in on with and food of at treatment of part when on with and',[start] realizing that you had forgotten something [end]
person desires,b'weather on their with an law as to key when to to his or part from than the to your both as or off an treatment off out what',[start] stability in his life [end]
make up is a,b'room key object than weather in the weather out',[start] compact [end]
The goal of the basket-ball is a,b'food something than healthy between object by with by s with part who about when s the object off and like people off you and s is and treatment',[start] a basket [end]
a back yard at location,b'plate water key at part about when heavy by with of on both as break out out and in you key in on this who treatment',[start] a suburb [end]
a stick at location,b'concert music in object or by clothe who person a object in an and jam with up is than while at off on the to of as and while',[start] butter in a grocery store [end]
attend a classical concert has last subevent,b'key their s with by clothe a meal on this together as at is an key into off about during an this on the both while this between as',[start] applaude [end]
People get into trouble if they not capable of,b'pictures dish day against sentence late including heavy person than healthy people the pictures for it who while people at for it together you people is to a method',[start] pay their bills [end]
you capable of,b'of meal time item the weather off out you the weather from s from as person at while by while person who treatment while a its s by at',[start] buy all sorts of groceries there [end]
A lucky charm capable of,b'on water by you person as together',[start] give a person good luck [end]
one book of bible is a,b'jam people room than hurt than with in food as cancer and problem from during treatment that to with part is from treatment about of about who than it',[start] psalm [end]
seeing an exciting story causes,b'like that s food key at problem to at your and for about is s the part from part by its part between after out in treatment your the',[start] sharing that story with other people [end]
mat in in front at location,b'',[start] door [end]
playing games causes,b'food food band to it down as cards with is both to on on',[start] fatigue [end]
Cheers receives action,b'problem people about at their food is food including treatment that you key up as about on who on off than while up as like as an after or',[start] set in Boston [end]
adjuvant chemotherapy is recommended,b'water ahead s happy impression or of law of on room down including during their treatment when of people from by the both you while to are from into',[start] for patients with lymph node metastases usually [end]
go for a run motivated by goal,b'jam down off',[start] exercise your dog [end]
The capital of Svalbard is a,b'states band on treatment year treatment and ones about part down problem up down while at from your states the key after your key off at an key is',[start] Longyearbyen [end]
dog capable of,b'water from world to weather at of people off into problem into that its people while in your the s while during of than an of or and part',[start] be many colour [end]
warren part of,b'room happy player m m 3 problem after ground problem as food into during by at and to that or in treatment out than a cards s you people',[start] ohio [end]
the man receives action,b'jam',[start] raped [end]
have heart attack has subevent,b'for out time treatment kingdom into up treatment against ahead when on people about both or in or on people to people the the both s to of to',[start] you feel pain in your chest [end]
eat apple motivated by goal,b'along them of people out before band including ahead at problem off when key in states out is during from people for that both up together on food treatment',[start] you be hungry [end]
flower on your table has property,b'sometimes off on during food up treatment than this treatment on problem about in the line at person down on with about treatment states on key you in food',[start] nice [end]
know if you healthy has prerequisite,b'pictures well',[start] examine your breathe [end]
592 ( 31.6 % required,b'heavy person after band or this up than object on to this states while treatment for to that that while during off and after while for off out by',[start] ICU admission [end]
lot of person receives action,b'of like water key together that for food by from person who after on in its part off to your and s',[start] scare of reptile [end]
going to school has prerequisite,b'states up world in class together than people from for and key when part while and person problem before as to the part and both into when off about',[start] motivation [end]
The coalition is seeking to have,b'heavy something hand on in while with than it at treatment the law that in key who s for during from food on key and weather s s out',[start] musicians paid directly for use of music online [end]
Tactics is a,b'water ahead cut cell pictures about than weather asleep against key when with their the ones or by states and problem off up or about this you part about',[start] the means and methods by [end]
An arm is a,b'sometimes person cancer down against for people off or with than both s on food',[start] a useful appendage [end]
deja vu at location,b'ones down happy by healthy together by the sentence treatment treatment for its ground is hand before states on out your book is with and at part at is',[start] middle [end]
volcano at location,b'object from world from both and of about during the time cancer states than the the treatment as people for you that food of than and after treatment you',[start] top of mountain [end]
a coin purse used for,b'chinese at key ones during your problem when food when like than person as treatment for a ones during is out for the band on on as about is',[start] keeping excess change [end]
get drunk used for,b'ahead country program states 3 item after building up than world',[start] person with mental problem [end]
god causes,b'problem from object person about on while that during off in in into part during in part than people to s person up by with and than while when',[start] miracle [end]
cup has a,b'',[start] coffee [end]
kiss causes desire,b'problem up object on the money with treatment down up is key while on that',[start] help someone [end]
Very elder humans has property,b'room food off day class together 3 out together states from room as time by its happy and its part with and object while person by about you its',[start] feeble and weak [end]
agents capable of,b'problem happy their meal from person than like off you key during out you and after out and s you on key off about with of your to this',[start] list houses [end]
glue stick used for,b'band world cancer time the money down your hand down about treatment before method for by s from problem of person and cancer of food treatment treatment than and',[start] glue piece of paper together [end]
visit museum motivated by goal,b'by when with treatment cities off about with problem that',[start] it be good artist date [end]
going somewhere causes,b'tall at to are person off before you people while cancer s or to part or at an method after out together that of in an food and than',[start] really get lost [end]
comb your hair has subevent,b'problem food happy up by person and well that s key out you at its time as in problem that into of with up or after while the part',[start] look in mirror [end]
Egyptian pyramids has a,b'sentence states hand band to in that hand before cancer with treatment in person is that from or states you its in person as from both person and food',[start] rectangular bases [end]
compete has subevent,b'with like in at of you',[start] poor sportsmanship [end]
unite state is a,b'concert meal treatment day hand than law or both together disease is food with states for during this this this up s together is food s for s together',[start] same size as brazil [end]
irvington part of,b'room for to at cancer out during a weather cancer in to and s you that out while treatment or that its pictures while who for or who that',[start] new jersey [end]
person capable of,b'clothe',[start] learn until they die [end]
cutlery drawer at location,b's chinese and music as music while who healthy cancer',[start] your own kitchen [end]
person go to work at location,b'like with treatment down up off who of both its on out with from like for up what your at part out',[start] subway [end]
cold weather causes,b'along something you his blood together the cards that key on and like about together by on your this on of the both during a for both for person',[start] frostbite [end]
The oilseed radish can be grown to scavenge,b'ones s treatment ground including treatment of self',[start] nutrients [end]
most child not capable of,b'along person',[start] wear wristwatch [end]
driveway at location,b'',[start] car [end]
a QUANT_S_1 caliber Daewoo assault rifle is,b'chinese meal',[start] QUANT_O_1 of the weapons banned under the law [end]
horse at location,b'of and object about it who to states about an in as both in food between your s as that about the key and your weather of on the',[start] field romp [end]
a saucepan used for,b'clothe key asleep ones during to room including with on cancer against to in for you when who of by about at who up down about person after to',[start] boil vegetables [end]
pie la mode in french defined as,b'water or world food with on at like food',[start] pie and ice cream [end]
buy something small has subevent,b'problem happy road activity against pictures of object from on water is in in of person your food when from or treatment the s by an this food when',[start] you lose item [end]
a head used for,b'jam down product resource off states system of blood with the well for part on or than it to break this as on out treatment into food the for',[start] making a lettuce salad [end]
children capable of,b'key problem well game s in class down out treatment to water',[start] love [end]
vacuum the floors motivated by goal,b'states with house clothe the united by states than with into out s and key problem than on food together during your both into about in the method that',[start] do the housework [end]
horses has a,b'healthy ones asleep hand in key before class out together key treatment that this law out when food problem and to like together during into of about the states',[start] served humans very well throughout history [end]
A star capable of,b'problem person after cards from by the pictures of the building',[start] guide a weary traveler [end]
thread on nut or bolt is a,b'on problem s happy class together including pictures together to to from out than during',[start] form of lever [end]
earn live has subevent,b'plate treatment hand and clothe for together product key with item s s',[start] prepare for retirement [end]
large item receives action,b'heavy jam dish system asleep item hand during together 3 ones room cancer treatment from both part of clothe in for out than from key who its person',[start] haul to recycle center [end]
divider at location,b'in at with than them together with or up cancer into while the for problem than between during of your happy by part your person treatment your blood from',[start] street [end]
answer phone has last subevent,b'healthy problem person food on together about that person treatment by room while part that at and part after with treatment in at up than into in as by',[start] hang up [end]
person capable of,b'plate hand water of line s in disease product is cards by happy the cards the political s as key during person',[start] go for trip on their vacation [end]
have haircut used for,b'for food treatment disease treatment key to to on treatment states in cancer that them the united between about part of key into for you to in during than',[start] tidy yourself up [end]
playing chess has subevent,b'object key cancer on weather up out on its this in food as water or with part a s during as in',[start] tension [end]
storm capable of,b'on to them between s on after the and to on than while treatment down the about of key with and the key in a treatment what together s',[start] move west to east [end]
buy hamburger has subevent,b'ones down product item 3 for class up the cards the team about out before in this at in to their part with to people a on your or',[start] take restroom break [end]
lady capable of,b'to it happy or be person and states from at and s to at while by for of out after off who that s between treatment when its up',[start] kiss pig [end]
basket is a,b'band to to his states by you who with that on from on that on who into together while together during than in s into',[start] container [end]
Humans capable of,b'ones money together the key cancer about off as both in treatment after',[start] taste with their tongues [end]
play ball has last subevent,b'cards weather to in you and problem by of out during and after as and the cards together between and and problem cancer after at at treatment is out',[start] go home [end]
first floor used for,b'of problem clothe as s on than problem on part before in this off as weather into at s s between people you that both than and into part',[start] be beneath second floor [end]
automobile capable of,b'to about at at up off into while on by out together the heavy',[start] hold certain amount of person [end]
dying causes,b'band out happy some person of life about your day when treatment before while key you the religious before between treatment from as for treatment and or and states',[start] an object's color to be changed [end]
buy christmas present used for,b'on s clothe at like or of night key from by problem before s together or is or treatment together of you problem during to on person for at',[start] make yourself feel good [end]
Flossing your teeth has property,b'',[start] routine [end]
person desires,b'room game happy your law against person who jam s',[start] be treat with deference [end]
politician capable of,b'for up clothe by treatment including for that in or food is after together for for out up during about after off off up of this states between on',[start] agree with voter [end]
food at location,b'by break off house in by happy as on in people while is in treatment as than who you in off by this that and and in as s',[start] bowl alley [end]
Members of crew capable of,b'concert phone pictures',[start] row a boat [end]
glass of water has property,b'problem world resource with s happy the chinese food a well s with people who pictures what is from from its in or food between during from in s',[start] welcome on hot day [end]
person desires,b'ahead',[start] their mate to find them attractive [end]
get angry has subevent,b'on out by water key problem cancer from ones during the clothe to like while out before between at the by during of the states the people for the',[start] yell [end]
billfold used for,b'water key for ones after at this at',[start] hold your credit card [end]
have a heart attack motivated by goal,b'with s',[start] smoked too much and excercised too little [end]
gather energy for tomorrow has subevent,b'pictures for key in person into than it of part than for s during from people is part the person on at you or while or person from your',[start] rest today [end]
play has prerequisite,b'chinese food or concert cancer from room and water of treatment and in disease',[start] learn game [end]
person not desires,b'cards at key than the house that for food is key before of you its by s you of part between this with during your this about at from',[start] be drafted [end]
cow capable of,b'weather s clothe to different treatment of world in s during person and and chinese than key up in states for both s treatment that that that about as',[start] quietly [end]
Steak used for,b'ones band cancer or weather or hand s jam',[start] eating [end]
you capable of,b'jam country hand finger resource treatment after sentence',[start] act upon it [end]
telling a tall tale causes,b'plate hand problem after house system up to in pictures including key cancer into s states the for by person s this in for or problem about who both',[start] laughter [end]
Tasmanian tiger defined as,b'plate or happy that treatment by dish about during your activity out than you like of while after that from both part to to people s into off that',[start] Thylacinus cynocephalus [end]
tickling used for,b'like to of on person off a part for together about into about and its to his as than than off what is and this is key on a',[start] forcing someone to laugh [end]
gazelle at location,b'concert jam happy your key with about that problem treatment together and food about as for treatment and ones',[start] asia [end]
disk is a,b'of people s food and with the healthy together on the cards treatment or with',[start] flat object [end]
Maricia Melcombe of Stamford is,b'band at their to their person the for during s as it by into than while as person of by into from its the the ones together',[start] a sister [end]
William Shakespeare is a,b'band them at pictures',[start] a playwright [end]
relaxing has subevent,b'',[start] drink lemonade [end]
car capable of,b'sometimes the object from an player of states including',[start] hit cliff [end]
course receives action,b'off of for problem than them is to tape on about as room including part after this who during for for both on as in you from out on',[start] offer at college [end]
not everyone is a,b'on and to be with s is with when is hand down off the money by person s problem the weather up you person and of both on in',[start] from america [end]
bridges receives action,b'water food out states system is sentence class as healthy on part to part off during on into people down than with from as of from up problem problem',[start] constructed over water [end]
An engineer not desires,b'ones water key to key after during after both to key about s down as room out into during to by you be key between its during your during',[start] a chaotic system [end]
Lifesavers is a,b'object food happy a sentence s against ahead as people of night about you their food off out during for people about at your world',[start] a necessary item on any boat [end]
an accordian bag at location,b'water problem key on an states or both and on in s out between tape with food the room with by by an weather of from on at in',[start] scotland [end]
buying something has subevent,b'states ground day animal m m states glasses with for at into than on states cancer as its with with from from about its states and to at by',[start] work with an agent [end]
diesel has property,b'clothe on treatment states tumor off on this or with than object in part after food about the part about its states after as person you out with up',[start] one of many product of petroleum [end]
i capable of,b'jam system',[start] light match [end]
someone capable of,b'water or ahead item together player or weather states and time',[start] paint a picture [end]
Her long legislative record of expanding women 's rights won her a large following among,b'on part treatment day as food that ones with person while off as their this for this the treatment up from you of to both who from about an',[start] women [end]
red meat has property,b'sometimes ahead s concert kingdom the time in night you disease up during with than like treatment before part together while by for out in in at or the',[start] high in protein [end]
overeat causes,b'off dish go cancer treatment asleep against somebodys off person problem states against part of this the world person your key into it out treatment your water or on',[start] poor physical condition [end]
you capable of,b'to your blood people after of together down of that to the you more before together when up than this that or treatment with an',[start] ticket to enter event [end]
restaurant receive used for,b'key your in at their that its the by its very of be s together of in a heavy treatment from the weather',[start] intake bulk food item [end]
commit suicide used for,b'weather with with part s s about your for on people',[start] person without hope [end]
a ring capable of,b'ahead',[start] fit a finger [end]
seeing exhibits causes,b'sentence food key than money over into or food at for its room of people before in than part while about with out in that up s s treatment',[start] surprise [end]
hospital patient not desires,b'plate s food key of clothe of water between band by the pictures when and in you be after after and that or during off out for off between',[start] be forget [end]
sit quietly has subevent,b'along them band',[start] look around person [end]
a stringed instrument at location,b'to a well treatment',[start] a string quartet [end]
most common hat is a,b'room in s ahead kingdom on between band against on treatment than from about in problem when as it down up at while its s in s treatment at',[start] baseball cap [end]
go out in public has subevent,b'sentence of well states disease',[start] you must be dress well [end]
mankind believes they capable of,b'healthy up food',[start] conquer all [end]
mont blanc is a,b'jam water on s pictures together 3 or and heavy problem during you break together is food that states out who for your with about by with from key',[start] mountain in swiss alp [end]
waiting tables has subevent,b'ones down for on states with down on or out down at s about with as person you the s at as in states your you and an part',[start] fill water glasses [end]
the roots q u a n t r,b'band object person person who pictures up at its key off by the money about your people what at while people while from at to people when into part',[start] the moment [end]
have checkup has subevent,b'chinese house by like from treatment with part and water up treatment off s ahead before for at its to weather',[start] you get pill [end]
send e-mail used for,b'jam to room the jam out when that and by out is as at during to who by with as treatment out your person at with a at',[start] communicate inter-office [end]
a street sweepre at location,b'heavy problem s house in weather to weather',[start] the street [end]
Curtains capable of,b'key on ones item class and this during problem out between break and ones and object of than food when both out when problem treatment into is and as',[start] block light [end]
molecule is a,b'tall something with at be treatment together up between weather you the food together to you treatment for food of an in key out your with treatment is treatment',[start] small amount of chemical [end]
play lacrosse has prerequisite,b'on by for up the cards together including after by out treatment about person its and on with by this you by at part is of both after during',[start] have net [end]
take bus used for,b'room game states from their concert is law with is food you at than treatment for treatment you this while its by during the s before during into in',[start] poor person [end]
french restaurant at location,b'concert for water at key on and room during your pictures after problem during who after together after states',[start] many city [end]
seeing your idea become reality has subevent,b'ahead room treatment world the book hand than pictures down together of in that you break and people on out by people up you you be of while that',[start] the feeling of accomplishment [end]
maintain good health has prerequisite,b'water key food the treatment during of blood at in to for s to different together up while key from people with the treatment after an both person your',[start] get more exercise [end]
embarassment is to receives action,b'healthy off off off date hand with s food up during',[start] avoided [end]
in anarchistic society there is a,b's key person at treatment to to very phone than part about a chinese before out and out at a on it during on treatment s out down about',[start] no leader [end]
the role plays,b'off player band on night that along s out is',[start] compared to the whole range of old treatment methods [end]
tying your shoelace used for,b'key of happy a country it into part of their during that treatment up you part together by as of states that and this the this while in you',[start] keeping your shoes from falling off [end]
a grocer used for,b'clothe to the the about for into that or of its up who for an up s as than the its on that from as people when its of',[start] Fresh vegetables [end]
television view has prerequisite,b'with down driver treatment wages',[start] time [end]
guard at location,b'with from in into states on its for as it out into treatment including treatment on off the sentence together to by its on treatment your that at that',[start] military base [end]
fortune cookie has property,b'for for at as',[start] give out at chinese restaurant [end]
going for a walk causes,b'ahead sport s in',[start] enjoying fresh air [end]
willy-willy is a,b'for down well problem together off when for ahead including key down as them for while you with of states during or your about an s the blood that',[start] dust devil [end]
works of art barrel madison avenue,b'clothe to object into them than of of you up who from about to into for when at this from at and its after up up what that about',[start] last week [end]
this legislation is,b'concert person room ones ones hand cancer by its united',[start] important [end]
Canada has a,b'jam go well for a and make while time than your player between pictures you do from be for person between both of about when or off the to',[start] six time zones [end]
know how stock market perform used for,b'by state at out s ones off with that on you and food together on about who you your during to of on part',[start] technical analysis [end]
eating quickly used for,b'off problem and house key food at person or weather to his weather by you to from about during the world from that s than in by s than',[start] airport food [end]
love defined as,b'of problem band states the cards against or out between at part from treatment and at of this together after that its people to its key at off while',[start] strong feel there be [end]
dress nice motivated by goal,b'ones to on from the states at and key up',[start] the men to look at you [end]
the major carrier be serving,b'chinese them asleep problem at both at by part for s at your weather s',[start] Las Vegas [end]
train engines capable of,b'problem in off happy that food what be this that treatment as key treatment you its object than its this out during by or your that as by after',[start] operate using steam power [end]
cat not desires,b'for food s on during on on during or the house than it between cards and by its with about this as',[start] live with dog [end]
movie is a,b'plate water from united this weather before tumor that s person by out',[start] series of picture [end]
revolution made of,b'for the day problem people off or for cancer of day including and time person',[start] sentient be [end]
celebrating has subevent,b'band key and ground and room a world and with in out for as room down with when the blood by of you as with at of as problem',[start] honor heroes [end]
'Life With Dexter' is a,b'ahead kingdom with weather s ahead and hand by on person while problem while as key for your the of both that its while as into during who for',[start] a comedy radio serial [end]
destroying your enemy has subevent,b'',[start] you might get hurt yourself [end]
water has property,b'like down',[start] transparent [end]
tape television show has first subevent,b'sometimes in',[start] program vcr [end]
giving a gift used for,b'concert object',[start] charity [end]
Stephen M. Cutler was honored last night at,b'key for water problem on s or religious and key or object with out down during out after to while',[start] commission headquarters [end]
a manila folder used for,b'to this key off with people off from up at the united s off from states for both at your person what an of at during as you about',[start] filing documents [end]
"Tested is past tense, testing is a",b'with and happy his pictures on s for states about between by about by by problem the for it into you that with a by its about during s',[start] present continious [end]
Debra Anne Klein is,b'with this problem treatment resource treatment s also by and on it from food to different and while on key s to during between or part in key in',[start] their daughter [end]
a nutcracker at location,b'off day in with key or food to law than s s together including you room off who part from while key or with this up down is to',[start] a store [end]
go to sport event used for,b'sentence sentence room about its somebodys for states up including problem problem by person the book before this that at out before to the part is people a for',[start] cheer your team on [end]
Someone capable of,b'problem this at it by for together you of you while or from or on from than your key you with for people on part of to at treatment',[start] plan to go to the movies [end]
Large dogs has property,b'ahead s driver scout product than day of person or for healthy about you are at by that with or to s this that part on it by your',[start] affectionate and gentle [end]
eat has last subevent,b'with ones',[start] swallow [end]
semen at location,b'plate person key for to at that key off',[start] a porno [end]
A person capable of,b'healthy s room item and defence states including person s item from blood the pictures off about its the sentence up in people down with food',[start] learn to read [end]
exam table used for,b'band of ground food on the with',[start] write exam [end]
penicillin at location,b'on problem water item player together is in blood off including part on by from states at person after with you an key of of of in you your',[start] cabinet [end]
some dogs desires,b'room game in break key on you with off what your the money your people is of as an of people down who problem your people into off you',[start] fetch frisbees [end]
gun capable of,b'food s with your finger you person to heavy out or s of in problem treatment to part between who food who up to more between or person up',[start] kill you dead [end]
March QUANT_S_1 Revenue QUANT_S_2 q u a n t r after,b'',[start] the latest first quarter Hope Brook Gold Qtr [end]
making people laugh causes,b'plate in band to object in problem',[start] the atmosphere becomes lose [end]
write a poem has prerequisite,b'ones ground clothe states chips against off it at its states during in out by while to person after its s during with the with who states and with',[start] get a pen [end]
spit causes,b'clothe money time item together against key that happy about that hurt while and hurt to this for people what you of as or by while with at for',[start] fight [end]
open business causes,b'food them food from clothe up out or ahead before pictures for food during food after people s problem treatment food during off your in by it by an',[start] make profit [end]
write letter has prerequisite,b'along music well in it the book or in life cancer',[start] buy paper [end]
american life has a,b'chinese up 3 happy food for ones together about or tape for in at food into from in key that up while on states or part into your to',[start] get way out of balance [end]
see art causes,b'weather key',[start] appreciation [end]
teach other person used for,b's cards player people from it to like and key problem at its both food from treatment up by and treatment to food what',[start] share experience [end]
gazelle at location,b's defence together hand off against treatment while to both at this after up of about as your to a states before in you about in during into of',[start] ivory coast [end]
horse has a,b'jam in band than to like with about',[start] really good balance [end]
this used for,b'chinese country speak by law cancer treatment by meal including this treatment who weather problem with treatment of and of food in for about than both you and in',[start] see wood [end]
flower bed defined as,b'object them of in part into or from problem you treatment of states on at into with than of into out',[start] sometimes flower garden [end]
see artifact causes,b'chinese of food the year to an person what s including you by and sentence cancer while a political down that on its religious about treatment with who problem',[start] bad reason [end]
enzyme is a,b'in down',[start] high molecular weight molecule [end]
divorce capable of,b'key money clothe together s class to it down when it with about on during that people is from in at and during s treatment in person what about',[start] include custody agreement [end]
howling with laughter has subevent,b'chinese healthy together ones s pictures cancer in treatment during than it at person during problem treatment than their and with person than your both people that you an',[start] crie [end]
14 reviews included,b'with for their from from problem in both and both at or during of pictures between during what or the water as to to more from as up before',[start] in this review [end]
mouse capable of,b'cards room and room including at part on states cancer about or states at that from for food off treatment that people by states your by at who as',[start] life on grind [end]
dust at location,b'along of room to room up or states during while by with is of people s by from that in from people when this',[start] under bed [end]
Antowain Smith cut,b'pictures by money or jam at key after for it including out at problem at during after problem with up up to with or you in while out at',[start] wide right [end]
join army has subevent,b'outside band',[start] go to war [end]
seeing a story has subevent,b'ones cancer hand law against room treatment during with its in problem about part treatment for to you as as s from part while at during the key the',[start] turning a page [end]
stand up has first subevent,b'heavy healthy asleep to weather states during out is with out of while to this key you and like during together and like together down together as by person',[start] plant the feet [end]
a picnic table at location,b'weather weather down water system between heavy at people by person than from at you you from during while out after that while from to their you are with',[start] at a rest area [end]
men with lot of money has a,b'by his blood cancer 3 for and this against off',[start] nice car [end]
fall has subevent,b'ahead dish room m in room with with on',[start] you break a leg [end]
celebrate has subevent,b'water up cancer in class after hand at by ones between this after and people cancer between off down your water the political who problem including or that during',[start] special achievement be recognize [end]
a magnum opus new york,b'food',[start] American identity [end]
Champagne seems appropriate to,b'with when up by weather problem as out of on at person',[start] QUANT_O_1 this splendor [end]
The secondary directive for machines is a,b'concert food food down',[start] : Obey human commands [end]
the House had,b'plate weather up from break during that you are to part',[start] a 394 - 21 roll call [end]
an erection causes desire,b'heavy them problem cancer on weather after for key treatment s people in it between like this problem from key on out of during for its water together when',[start] masturbate [end]
roller skate at location,b'sentence cards on with their of the united s the treatment of an united as food who about as and while who its part to like of its this',[start] skate rink [end]
One impairment a person might has a,b'like break person of treatment including key in treatment cancer m by out before you this for a jam before key by up on person than or person together',[start] is bulemia [end]
obstruct justice causes,b'to while room hand',[start] get arrest [end]
the impact of the latter is,b'pictures office of their key in the money than more about treatment s to more and while of you this to part on or after the band of during',[start] modest [end]
handle proposal motivated by goal,b'with and problem item class than and and jam between food after',[start] do your job [end]
having fun has subevent,b'weather by heavy meal your time at off your clothe is together by s s treatment who treatment up in for into is during out who you your by',[start] enjoying company [end]
hi-lighters at location,b'with with happy up on at its food off between treatment',[start] a cabinet [end]
its proceedings take anywhere,b'off object cancer by the united that person into its cards people between both states after for out by states of while into up at in by of with',[start] place [end]
kiss someone causes,b'cards in this its the weather on at its both treatment as states for you your the than the at its states you a from what s together while',[start] lipstick smear [end]
data concerning,b'sentence in and states who states that treatment on',[start] the prognostic strength of current tissue biomarkers in the diagnosis of colorectal cancer [end]
empty boxes at location,b'jam dish to are class for person or that its glasses down by treatment while together you its that at than treatment from that to s after you about',[start] a waste bin [end]
philosophy of mind is a,b'sometimes down',[start] subdiscipline of philosophy [end]
waiting tables used for,b'key down off on its object',[start] giving people food they ordered [end]
lp record receives action,b'water food s people off that key who world s states to more treatment to weather on an weather problem that both by about who an and from into',[start] make from vinyl [end]
gas used for,b'by on this this with into up after on part the on person on out treatment into who into people to you person who while into a pictures before',[start] use as a fuel [end]
educate person capable of,b'concert concert hand room with pictures up and building states with in during out at person off by at by during s person than like by s the world',[start] face hardship in life [end]
get exercise has prerequisite,b'food hand hand hand in year is jam than it together and on treatment is weather than in while out on an the food when by your states into',[start] play a sport [end]
Hong Kong is,b'ahead cancer problem off s problem',[start] South Asia [end]
debate politics motivated by goal,b'problem water on by s key during into problem that pictures or than from its world from people than up into while at after to you food during during',[start] have good laugh [end]
light match has prerequisite,b'on off well person or religious of states or pictures of with or for both against for in you both cancer of of about by with food or about',[start] find something to light [end]
The governor 's campaign aides offered,b'to off to it or key from s with from about up for for at after when up by when off out in off while after during on into',[start] a quick retort [end]
chewing your food has subevent,b'off music in at people out after person of the team down from at than food between about than people about an on out after this on as of',[start] you might spit out some gristle [end]
see excite story has subevent,b'',[start] hold your breath [end]
monogamy is a,b'',[start] relationship between two person or animal [end]
go to a party has prerequisite,b'healthy s weather out by hand of of weather states between both its day of problem in in the political with into during than while off on part from',[start] put on nice clothes [end]
glasses defined as,b'clothe them problem up in cancer off from object is money in as part as it for its object for it on than an off that of the states',[start] a group of glasses [end]
the company clears only,b'pictures go player for object together down and',[start] specific hurdles [end]
celebrate has subevent,b'band up of heavy the pictures a world to clean after when and key that who between that in in that to out the weather who up about your',[start] band play [end]
A person capable of,b'food when problem after s the ones out between person and tape after an sentence the this during this in in in in s from states for than to',[start] twirl a plate on a stick [end]
get some physical activity has prerequisite,b'ahead ground clothe treatment treatment day system hand m time 3 against both both object and pictures as it this out',[start] run five mile [end]
horses receives action,b'chinese law in their food out up with a object or weather while people with both person about your that you by up than who person s with when',[start] trained to jump over things [end]
piece of trash at location,b'on on clothe with out on for this about than for while you from for person from its with from with treatment from and treatment before after for person',[start] on sea [end]
someone capable of,b'to person hand against off at of its off before s when that treatment and that while during the key than up and and treatment who you you its',[start] hunt wild game [end]
nashua is a,b'sentence world on problem 3 method about for an cards by cancer the jam that as from as of of in that person treatment from an states out what',[start] city in new hampshire [end]
fight capable of,b'jam',[start] make person upset [end]
jewler capable of,b'sometimes weather cancer or law hand is sentence hand states including about about in and person is up up at the sentence cancer s together treatment up into people',[start] value jewel [end]
sloth at location,b'with with off water off states cancer by down on their weather of problem the person that states is as to key s before by its that up into',[start] burrow [end]
telephone at location,b'sentence states for cards for your building off your hand treatment cancer including person together about is during off with or as to part what this its at for',[start] earth [end]
convict suspect for crime has prerequisite,b'problem person down m in pictures',[start] gather evidence against suspect [end]
many hats contain logos which has property,b'cards by pictures',[start] esoteric in nature [end]
Overexposure to the sun has property,b'ones room problem for people from for it and healthy up or for weather off',[start] harmful to human skin [end]
drink used for,b'band water by key the fruit up that both part after it when you that for into part in during with your during of you about s together s',[start] quench thirst [end]
change society has prerequisite,b'food at room game as the s s or than in of your in in this who as key of this problem to during you people at at an',[start] define society [end]
meet interest person has prerequisite,b'with food treatment day band together 3 that in problem than key and weather at to people when to the jam as treatment or problem the states the people',[start] you to leave house [end]
write story has subevent,b'sometimes happy hall room in time system at people about treatment down off the money treatment in your and food when a on the on it than of at',[start] gather paper and pen [end]
a group of mourners at location,b'problem people people out after band that on their for the person between about that to and at out is about or person after up when on about from',[start] a funeral [end]
hairbrush used for,b'of the person your money about are by life the program of than of states is for as of about you s that with s the states up up',[start] brush your dog [end]
Some people has property,b'heavy music resource and object with by this in cancer between states between problem up in during treatment off is s than of into you from and with as',[start] afraid of dogs [end]
find lose item has last subevent,b'sometimes',[start] give it to owner [end]
person not desires,b'ahead treatment cake',[start] angry parent [end]
Americans has property,b'pictures cancer on the ground to it by as during or in as',[start] proud of their heritage [end]
A roof defined as,b'sometimes happy product problem key than cards down against as s from both or as their that up after while and with part while that while of on s',[start] top of a house [end]
playing the violin used for,b'',[start] the joy of making music [end]
woodwind instrument at location,b'band game well law person and country while of weather on key the time as with this treatment from from both by the key off who that of that',[start] concert band [end]
a cottage used for,b'on something as to this or between in out off as to from at or your states that out about of on is that off s who you and',[start] vacationing in [end]
dress and pasta is a,b'like of this as their problem or the chinese',[start] type of food [end]
gold has property,b's music book as them than food together is during the money or than out than in for both about is that for during an method when the person',[start] shiny [end]
fishing causes,b'key their their m states m after weather the pictures is more and of during its at for about while out before this up down your food who into',[start] having fish for dinner [end]
going to a performance causes,b'problem ones clothe down against clothe between cities day out than it you part when out at and on your its during who in into an ones than you',[start] joy [end]
personal slight causes desire,b'problem by food up including of out',[start] judge someone [end]
clamp used for,b'sometimes s clothe m item after water cancer system including water with about your object or that and to part',[start] hold object together [end]
white key at location,b'ahead well of cards treatment by room during for object with from this the in by key that out for as by while on during when on into s',[start] piano [end]
a lady capable of,b'room happy disease day year treatment before chinese about s treatment food out down at states who for at your object before off you with than food on and',[start] receive a love letter [end]
zoom lens used for,b'water problem with cards',[start] see distant object more closely [end]
one food that may receives action,b'clothe them food of water for from their the states than during after for states out what to while while at the problem off its while as it down',[start] put in pan be sausage [end]
fight war motivated by goal,b'to like for while into about together you this out the jam down by this its as is about this on about as into its food when by is',[start] we be invade [end]
curtain at location,b'ahead object well for ones hand from treatment while by in day treatment of problem at than about for people off that for that into from with with is',[start] the theater [end]
Richard S. Tedder is,b'pictures and sentence day states before in of states while people of for while for your to who and in an together together who person during who about your',[start] Dr. [end]
use calculator motivated by goal,b'to on room or ground to person of by as this during while the on from your by this during for into about as s your its than who',[start] do math [end]
Fungus gnats has property,b'sometimes world treatment key during water by ground',[start] annoying [end]
spend your time on this site causes,b'healthy down with weather item for that clothe s out about that about as of people up into from your its weather for with it in as at as',[start] get eye stain [end]
success causes desire,b'off on',[start] have party [end]
soap used for,b'sentence well',[start] wash your body [end]
fish has subevent,b'water s hand key as ground against at part your world together is part and the both that problem before and s for of during that this about what',[start] peer into water [end]
vomiting is to receives action,b'by in by from for the also who between part that that up up from treatment or during its object as out treatment what you your its at with',[start] avoided [end]
a sunglasses used for,b'plate with object treatment driver on problem who hand states down cancer against with your and this on or by in that part about from on its in an',[start] protect your eyes from the sun [end]
see your idea become reality used for,b'room problem for the cards s including pictures to people as an pictures than s off after people that or on',[start] attain goal [end]
give clue used for,b'healthy them in object during problem together into food after object the people or about person of about up',[start] help guess [end]
a choker used for,b'plate person out at weather while out during as object before states with into than that both to that to on while s for food when you with to',[start] wear around your neck [end]
monarchy is a,b'plate like book in their pictures about with as food including as like and at that states with on on in treatment treatment during s states from from and',[start] old form of government [end]
some thing only work if they at location,b'by chinese by and sometimes the object treatment together of this day treatment of night is both after part than in by about for of at or is off',[start] right place [end]
exercise has property,b'key their well on its building s by for for problem or in to person you up a sentence treatment with its during this this or its problem the',[start] fun [end]
downspouts are,b'with when s item about during together is by states including states in into this to for from the during that key or out on the in your food',[start] clean [end]
human interaction is a,b'healthy in band with key while cancer including from',[start] game [end]
talking to someone has subevent,b'object about with of object than from ones than of that s problem between cards after that to to food what to both the key on of the to',[start] make an unusual face [end]
buy a shirt has first subevent,b'outside money person the air people on food between pictures and for and their both you for the problem about of or is on into for this together after',[start] try it on [end]
2 Diabetes Mellitus is,b'ahead down well m s day at on this problem against problem into you are and its problem problem in with its as its in that is at is',[start] a chronic disease closely related to personal life style [end]
anteater capable of,b'clothe in book during like your by out with from for on into at and its about of about or this by out s as at is treatment your',[start] eat ants [end]
Most of the animal skulls are the result of,b'weather at the water out you is after part of s key who key to one the food as or out treatment what together off between part while both',[start] culling [end]
obesity is a,b'ones in room problem from object together',[start] correctible [end]
different breeds at location,b'on for this s person on into or by its key between ones into you cancer',[start] dogs [end]
moisturizer used for,b'like by and part after about',[start] spray perfume [end]
The bottle is a,b'plate person about you food during up between person is person with part',[start] casting a yellow shadow [end]
person be kill has subevent,b'for out dish up m and hand s food the building out including and problem up states to by treatment or while that on and of people on for',[start] that person be damage beyond repair [end]
watch tv show used for,b'food them out game at people s during the line and food treatment while s than that you from for during its weather states what while part out your',[start] pass away [end]
meteorite capable of,b'concert room up game in at person between treatment including band treatment down cancer s this at as in s the people by into you by while or into',[start] near planet earth [end]
climb mountain has subevent,b'tall down s cards or balanced as money into part you by from an in states with you both of food and into while by its method together than',[start] bring oxygen tank [end]
Mercury is a,b'healthy ones',[start] about two-thirds iron [end]
reading a newspaper causes,b'food them after to its cards as treatment in person after',[start] understanding world events [end]
tell story used for,b'weather out for their key when and ones with who on from both by about in part you on its this of of people treatment with as than on',[start] make person laugh [end]
a control room used for,b'to part is and ones out before from with s from of food to like of s you while this that about when treatment while who in after down',[start] checking up on people [end]
a courtroom has a,b'water ones by religious to watch of the mouth by of an healthy at about in into by your its water down together before while by in its that',"[start] a witness stand, [end]"
solor system is a,b'clothe and house people at at or against up with on by with by you part for s by to more before out treatment from part after off a',[start] wonderous thing [end]
The doberman is a,b'states their heavy band as money your key of treatment or from this into your book at off your than who out is an in both who out you',"[start] a loyal, intelligent dog [end]"
someone capable of,b'concert state clothe up with people at part treatment to an pictures between treatment of states before',[start] eat a sub [end]
see a movie has subevent,b'like like them than at by of both key what as key the phone on that who person with with while out to both at up out by and',[start] watch and listen [end]
having fun causes,b'by with object band out on from on its world of food what with who',[start] get a criminal record [end]
execute fly kick has prerequisite,b'weather by book in both out about a ground together treatment about together treatment or from by it the law during or as your key you are about about',[start] get run start before jump [end]
The German-English Academy was founded by,b'tall game at key about you like you treatment during after its in you like in during together out',[start] a group of Milwaukee German Americans in Milwaukee in 1851 [end]
a bullet used for,b'pictures',[start] shooting people [end]
a baggage used for,b'along happy',[start] checking in at the airport [end]
Toyota makes vehicles which has a,b'to a day m problem of key with who while than your it at that by your at with of during from that',[start] alternators [end]
Revenge of the Nerds II defined as,b'on people food from states for out s of to that cancer states during treatment after problem up by than during that its treatment during about your or by',[start] sequel to Revenge of the Nerds [end]
something at location,b'key from money during states off out s at key about to water while from cancer treatment of and break for in you person that into who',[start] open pit mine [end]
room key at location,b'of in person while of during out your with a world or on a states up at while on treatment s out on into and as this of by',[start] at hotel [end]
badminton defined as,b'along room person and weather',[start] fastest racquet sport [end]
a person capable of,b'sometimes down world s cities states against happy on s treatment the jam cancer down up down you both out together during into with that for from while the',[start] swim in the ocean [end]
some mistake is a,b'clothe down player on with during to very',[start] not correctable [end]
attend meet has prerequisite,b'heavy room together of states against off a money of clothe together between in weather during of during an and key on it s part up about as with',[start] get dress [end]
sunny weather has property,b's world off animal with like in part by like than like is treatment is out up while its by part the united after your the for food off',[start] considered nice [end]
metal has property,b'along hand together with object you of at food as money in their its money that than about or the states your in your object is on s you',[start] hard [end]
eating causes,b'on your this as of its for between into what during or at is at for with up who its religious that this at you who than into your',[start] becoming overweight [end]
MDMA at location,b'pictures',[start] a rave [end]
baseball field used for,b'weather from s water system down between happy down cancer system that and object than s of this as up off of of to its for and the and',[start] look at diamond shape [end]
the Clintons to q u a n t o,b'on it from water that and with on while from together together who from an states while in as problem between people s problem together including who by for',[start] the retreat [end]
swear causes,b'food over up in room with part with states cancer into food between food you problem you it its during of problem off that its person treatment at an',[start] make someone angry [end]
watch a movie has prerequisite,b'plate room day pictures from room with the the political people treatment for treatment is with both into to people to you during part while of as about at',[start] turn on the tv [end]
commit to memory has prerequisite,b'along them of people food with key off or from money s after or food at that you out to more treatment of by you both together up of',[start] think very long [end]
an approaching car capable of,b'states water on in weather or from s person into as room at out by or off from during the clothe of at key about for during the the',[start] hurt you [end]
coins at location,b'food water down m hand during on item about who key treatment while on on from during to at s treatment you you it down down who with that',[start] a water fountain [end]
a computer mouse not has property,b'water down together after for s including about with of hand before the law together out when up who into than at both in people into from with while',[start] living [end]
bill file at location,b'pictures to plate on and about than of you that together',[start] accountant office [end]
This is a,b'along weather and object out off between healthy about its happy s than out about by that at on out from food treatment for by in both of from',[start] a bottle holding a orangish fluid [end]
Onawa is a,b'band off room together item about to food up',[start] a town in Iowa [end]
an audience at location,b'room',[start] a show [end]
go fish causes,b'along in ground your room of both to for the treatment and',[start] have fish for dinner [end]
A pain causes desire,b'by water from part you the ones states from in and in as treatment out for who out about s as an cancer for as like treatment of to',[start] have an examination [end]
take oath has subevent,b'for s hand person out in together at hand or ones off your problem of part to by with up after out into up with at into person than',[start] touch bible [end]
selling your new book causes,b'food band ones band during s cancer of object by person or the weather on key who as person from people to you part of as the states the',[start] earning money [end]
Compassion and wisdom has a,b'food',[start] a positive effect [end]
Ms. Ephron is,b'food on down from of during the band or person about of their this at than this in its water after that problem as up into a treatment on',[start] a novelist [end]
black-capped vireo defined as,b'of at on by and part up into at treatment about in states while into s up with who in both of person the s on part of your',[start] Vireo atricapillus [end]
number used for,b'cards person their by hurt treatment while this to it while',[start] work thing out [end]
wait in traffic has a,b'problem happy',[start] high economic cost [end]
you capable of,b'plate treatment ones',[start] drive onit [end]
person not desires,b'outside band on at and healthy from cards for together for its ahead down',[start] bad luck [end]
get contract has subevent,b'water',[start] sign contract [end]
person not desires,b'pictures',[start] be drafted into the military [end]
someone at location,b'problem this their jam husband',[start] the compost pile adding yard waste [end]
something at location,b'food happy their to have like the room about it including at and state is with this between your part a key on about it at with your at',[start] in newspaper [end]
fruit at location,b'of in for from problem to from part down during that in before than the hand up',[start] kitchen [end]
A dog capable of,b'',[start] eats dog food [end]
hippies in april,b'cards person water that by their during into of of to this down together on as by about in on from its or on your from to like up',[start] that year [end]
pacific ocean used for,b'like part or states before for of during down off and tape up before the pictures at at a weather',[start] swim in [end]
David Spade is a,b'sometimes with s food between states on s for with than on or while the and key when during is key with about with who while and up than',[start] not God [end]
run in marathon causes,b'along something off clothe by it who jam out about during for its chinese by or for this key about for with in from people in than about of',[start] complete exhaustion [end]
sofas made of,b'by break food on it than for this food about is tape problem by the treatment',[start] leather [end]
Apartments receives action,b'off country or in person treatment in blood treatment as law time cancer as food between this s of you more that the tape off a people and and',[start] built on the ground floor [end]
there is a,b'food down happy the treatment',[start] bury treasure in carribbean [end]
Chickens not has property,b'sometimes ones day down against ahead',[start] allowed in motel rooms [end]
A private foundation seeking to revive part of Newark 's blighted downtown is to unveil,b'ones with down ones cancer the law s problem into to person to at out into together about as up together during or for during by at on person',[start] a $ QUANT_O_1 plan on Wednesday to help transform the area into a round-the-clock neighborhood [end]
go on internet has subevent,b'weather food when at to hurt s against',[start] spam [end]
fire capable of,b'tall water for water to water while part together including key you both treatment in person after than during when by people that than or s about who off',[start] cook vegetables [end]
"To ""act"" defined as",b'cards break s states about to this about out with that like s is key s from during you into after into with than to like its than at',[start] proceed [end]
The Loan Deal goes through on,b'with from and in cancer in this and cards between out when person treatment the this cancer by from both that food into by s treatment before while while',[start] Oct. 6 [end]
kid capable of,b'heavy ground system with room between sentence 3 and both people up up from the food or s states during out you an with as an as at a',[start] be brother [end]
job is a,b'plate this ones clothe from the food you your with is an in you out you to his problem the pictures up what when or during an you like',[start] student [end]
desk drawer used for,b'chinese ones along to cook with in on this person before key with s that problem together',[start] hold item use by office worker [end]
can receives action,b'with food and this treatment resource problem to person s this water including part as break the water problem that key while an weather in states your break than',[start] find at theatre [end]
A comforter is a,b'in problem key people to this against off during together treatment s that on key with in treatment off after as s its at during than for food in',[start] someone who gives comfort [end]
run has prerequisite,b'heavy sentence happy a object off on hand into s player from pictures with and cards',[start] just do it [end]
The Concorde supersonic transport is a,b's food disease cancer from day down states treatment after',[start] a beautiful airplane [end]
Elan Pharma conduct,b'tall their s with at problem when at during between food the united before and treatment after when part from to treatment and the by part out off s',[start] marketing efforts [end]
Many offices has a,b'jam day or speak go for model with you feel people s to might both of from and off by both problem before at into the to more',[start] canteens [end]
I has a,b'',[start] too much junk [end]
bone at location,b'concert on of object up and with about between about at',[start] church [end]
bulb defined as,b'band ahead',[start] seed of some plant [end]
a baritone at location,b'sentence down asleep people up against jam is united s together with than person to their of it or into to that for its its and treatment',[start] a singing group [end]
xml is a,b'ones world problem band together treatment against hand problem that water problem system or ahead into by it in people for the to part out together that by at',[start] modern interchange format [end]
Steven Lonegan ran for,b'by person that at be treatment against during what its room during you that from person at is on',[start] governor [end]
Brake lights has property,b'tall game asleep band about into during up before this band out out who in key from into s on of by up or out when treatment your people',[start] red [end]
yard used for,b'pictures cancer for object off at out together during from world together during on after',[start] distinguish property ownership [end]
clean your room motivated by goal,b'ahead house to two states',[start] it be clutter [end]
a diva at location,b'sometimes the hand treatment for food is disease life of in cancer than both disease cancer from you at to at by from person when out or down from',[start] an opera [end]
wait on tables has prerequisite,b'ones cancer with hand s together of of weather before band by states to the object from as treatment up from on',[start] get a job at a restaurant [end]
cash and credit cards is a,b'clothe of country the weather treatment of self to key together down together of key',[start] two ways to pay for things [end]
take stand used for,b'healthy and united for treatment cancer is also to states treatment states against key about and weather problem',[start] get what you want [end]
Recent research at the Medical Research Council 's Environmental Epidemiology Unit is showing,b'weather something you for people or of night cancer than your united off from their about while by than you than and with as than this on an after',[start] that impaired growth in fetal life have profound long - term consequences for health in adulthood [end]
a sound used for,b'cards to your by s',[start] listening [end]
skeletons at location,b'to it by from it down together off after from up during between into when by as part after is of out when and you off after this at',[start] a museum [end]
the cop capable of,b'to like their from while from in its for for the united including of part about for about when person than part',[start] direct traffic [end]
Light in the window is a,b'along person of pictures cancer during while s of and cards about or of the country off in key after or or about at s on at after after',[start] a sign [end]
motehr capable of,b'healthy key for your sentence that down you their food together with while this out for while s about a pictures than with on about that by is you',[start] sing to baby [end]
a toy car at location,b'ahead object together against ones room during its object is clothe you you important',[start] a house where children live [end]
drive to work causes,b'outside this book when to one to key with than problem during treatment by of you is of into off in or to by to about while s to',[start] promotion [end]
notebook used for,b'cards concert defence weather the building in treatment in during from to you are while you for s its problem that out into you in than a from that',[start] keep note [end]
the law takes effect,b'problem down player off time during treatment the money the finger down off between states on their key for this food and this out than key from you about',[start] Friday [end]
The 4MGS was,b'sometimes with states from object during down on to problem s key than up s off and cancer problem after at',"[start] the 6 min walk distance ( r = 0.477 , p < 0.001 [end]"
attend rock concert causes,b'healthy treatment together against ahead to concert key when key together or this water that ones on by by from out who from people',[start] hear loss [end]
notes at location,b'sometimes ahead road with day item as jam between heavy problem about at problem food into this part to both about when up into who both problem problem from',[start] screen [end]
bug has a,b'problem it clothe or jam hand on it together into about at an jam between in food to it on both from your than in by while its during',[start] leg and wing [end]
student capable of,b'to of of person than as after while by at at down what by while by s or as up while who out the by for with this up',[start] learn about literature in school [end]
a neighborhood map used for,b'along down system s states up on pictures to an for for at after up is that part up and treatment up down down at s who up you',[start] navigation [end]
watch movie motivated by goal,b'sentence states day treatment hand off including law with its ground between to treatment off and in than problem',[start] review be good [end]
Safety pins is a,b'by of with s on than that for key including its its problem',[start] sharp and can stick fingers [end]
meet person has subevent,b'along concert cake down',[start] exchange pleasentries [end]
turn something off you capable of,b'with down treatment in problem people to part and on states or on during than problem at by into or the object together down that out off who key',[start] this to leave [end]
child receives action,b'by up states than important s system is happy into or its on or to two after and on treatment for during from out the at at in from',[start] teach to hate and fear [end]
one space shuttle acronym is a,b'weather part by part and heavy after as with of part or by that people the part on for people and part in s and s with out together',[start] adi attitude direction indicator [end]
jump up and down has subevent,b'plate hand hand off',[start] break leg [end]
fountain used for,b'like for person s states during as person from about off treatment between at part down to more states after its out up about for both off from for',[start] dispense drink [end]
water at location,b'ones ground player of water up on tape with while as it as their about up the s out s the for its part s while for the problem',[start] a bubble [end]
Chewing food in the mouth defined as,b'concert state happy from break you key including for both states up after off before by while your by person treatment off you an after people into in as',[start] first step in digestion [end]
someone capable of,b'room problem in with you at out on this cancer from by the food you',[start] create a new form of life [end]
Valentina Alexander emerge from a haze in,b'of problem with states item down or problem that key cancer',[start] Zinda Williams 's stunning African costumes [end]
coreometer is a,b'heavy in object s or chinese together problem including states or s together who in at or who pictures while together when in about your food during to more',[start] pupillometer [end]
improving yourself has subevent,b'like this weather for while off who off s before against for states on their',[start] join others of like mind [end]
some flower has property,b'water to music it when about on on from the on cancer who off that is treatment after the band during out on treatment after of its as out',[start] edible [end]
Most people desires,b'pictures store of this this year to work from on you to it treatment up s as or its about who states between your people you during what it',[start] have friends [end]
you shake has subevent,b'to out hall time during like of and in by with who and and treatment you on into your from person up after or on',[start] rattle it makes noise [end]
rain storm capable of,b'in break asleep ones key on from its with during at key or that as its part and problem treatment after you of the both treatment by up as',[start] water lawn [end]
Music causes desire,b'on to room as up up during at s up about at to and off than by when as s s up down and as food about this states',[start] relax [end]
make patchwork quilt has subevent,b'for person or person about when the states treatment',[start] cut fabric [end]
person desires,b'sentence jam speak people or kingdom by cities s jam and defence cancer out off s by than people at of the in this as person while than into',[start] anykind of sex life [end]
subway token used for,b'by out time problem time from room s and and ones together in of of on you from to on',[start] passage on subway [end]
Pittsburgh and Boston both has a,b'ahead of well band on their and clothe as problem after with that states after the object from part when for during is on s of people up of',[start] old things [end]
reach tentative agreement has prerequisite,b'in out',[start] communicate [end]
cannabis at location,b'key from object and treatment after person off to their at this s during from both key with of in of as during treatment s is during its out',[start] growhouse [end]
it receives action,b'problem weather clothe your item and water that to hurt from states with to the that s with in states down when out out who on a for this',[start] clutter [end]
anyone capable of,b'plate out together on time and key treatment from part at both person and like part including treatment during person together off treatment of than and out your at',[start] judge person [end]
a dancer capable of,b'key out down key ones along about be weather by to different for in you its people the water into into while its pictures is on from up after',[start] dance in a competition [end]
map used for,b'by important in in night the cards for its food on with off',[start] locate rest stop [end]
The U.S. increase aid for,b'like about person by and key cancer off up of of cancer before to you are than person s who for the for during out into after treatment between',[start] birth control to developing countries QUANT_O_1 [end]
get some physical activity has subevent,b'of world in states to important a cards with people is food for of people of during with you to at about be states s about at you and',[start] improve your health [end]
bob dylan is a,b'weather ones clothe down down from pictures about about who ground 3 your people of at from while from into after by up that up about person what a',[start] lowrider [end]
clean clothe has prerequisite,b'in down along game problem treatment before in pictures between this happy you hurt states for food between the states at about than that this part before into for',[start] find dirty cloathing [end]
at top of arch is a,b'cards chinese at food the mouth together problem into its water to like problem you its pictures for s who treatment to an key s at you while a',[start] keystone  [end]
a restaurant be named for,b'chinese weather problem of both cancer into by clothe than people for out you and key in out you about the people of out between to that about that',[start] its address [end]
food receives action,b'band money food water cancer before method who clothe while problem problem or food together and object on from like its for of in its you during who person',[start] purchased at a mall [end]
San Francisco has property,b'for this problem to people you s you you on to by into your ones than to as in after its out of while is or for when when',[start] close to Oakland [end]
elephant has a,b'plate and on while out at key you along and well down treatment into with off before after after with food you with while than that who key from',[start] leathery skin [end]
a library used for,b'object over with in people treatment that band for an states problem of treatment about or from you key when off for out with on you that your in',[start] reading [end]
attend lecture has subevent,b'sentence happy s water class against for pictures about than to a to for treatment to its its as at part about at as than is of that by',[start] sleep because of boredom [end]
go on internet has last subevent,b'states water cancer on it down during of in key as like with out is that you when off of at about than is out s before or on',[start] enter address [end]
send criminal to prison causes,b'ahead problem down in on cancer from pictures as like you like with as s that while when and key down out during off out for to both of',[start] good society [end]
condiments at location,b'weather something to his in its in of with together between this down during who treatment and while is with about at',[start] at dinner [end]
deception has property,b'off water problem at their world together for the law at its building treatment about this s while of a heavy to people by while the from part as',[start] bad [end]
great athelete capable of,b'heavy something',[start] smoke competition [end]
become a scuba diver has prerequisite,b's music for heavy sentence at about what what in person is at person together you at this key when at you is after between or with after you',[start] learn to swim very well [end]
a finger used for,b'with this at from you person who together off for states or down off out s treatment or s or up to be states the treatment of during when',[start] wipe tears [end]
win baseball game has prerequisite,b'concert book and both weather off to person between s on from part about together treatment is to at after on by by with as to during its by',[start] play baseball game [end]
Lois Epstein is,b'healthy room well with treatment in food cancer with treatment including from at in out and for while during after part into as states and for while or during',[start] an engineer with the Alaska environmental organization Cook Inlet Keeper [end]
something at location,b'sometimes them about treatment 3 pictures disease to be pictures system treatment cancer',[start] top a mountain [end]
low animal has a,b'cards concert sentence resource key s or ones down system as of during this states the part what than this up after person that s person your about or',[start] few or no emotion [end]
pay bill motivated by goal,b'ahead cancer kingdom during treatment during key or to its band states problem than in in states into with from food your that about that states than into or',[start] stay out of trouble [end]
castanets used for,b'in and world happy s ahead system as world the pictures at by in their after the by treatment or your of out between this after by part together',[start] accompany spanish music and dance [end]
entertain people has first subevent,b'plate for them up during together in that states at that this or to an in into this key from for into off during the in as in on',[start] put on music [end]
go to bed used for,b'water problem problem down with its day than at the ones treatment than by on together when treatment while with treatment up from an of for the object or',[start] rest and relaxation [end]
spacestation mir at location,b'room from heavy person up is treatment to hurt to key from key while as room is after of its pictures in',[start] orbit [end]
you eat when you has property,b'food s sentence states to food about on treatment states together to state into during your food and people on as problem or out out your clothe',[start] hungry [end]
learning used for,b'of money or room in the team a country after and part what',[start] inreasing knowledge [end]
Mora became more of,b'to your and pictures on together s of while its on people to who on for s about with person s your people after into than than up of',[start] a fan [end]
do crossword puzzle has subevent,b'healthy world key treatment of clothe the well or for object from people as key before in that treatment your both on on as or for during off what',[start] use eraser [end]
read a book has subevent,b'problem weather on in of problem that out that its money between by during or after as like during at up that in in of during than this and',[start] you might learn something [end]
releasing your energy causes,b'ones in to this food of than of this from that its weather that like as by and people down of after the s while by between on s',[start] explosive power [end]
going to a play causes,b's water cancer on its room',[start] entertainment [end]
the Quinebaug River powered,b'clothe food down off item player on key including in object together by weather than key as by treatment down during',[start] the QUANT_O_1 mills [end]
sometimes weather has property,b'on by of both or to key than that to like you as off than in as into out you like from out than at while to while about',[start] bad outside [end]
Senior citizens capable of,b'by out treatment disease on their time cancer during on with off of as it with to when with during of for who states than about you out while',[start] enjoy good health by exercising [end]
telephone made of,b's weather in while you',[start] electronic part [end]
get exercise causes,b'band water well item together to key at about on cancer as in to your both into in you as part on off a you than out after is',[start] get healthy [end]
a coffeemaker at location,b'problem band problem people of part out is united up states by part after the this that part together by than person',[start] a motel [end]
someone has property,b'sentence law problem',[start] very good with write word [end]
a person not desires,b'',[start] be dirty all the tie [end]
visit museum has subevent,b'ones hand well key for at on for room at part during when problem between in at when in an to people into',[start] decide to become artist [end]
A student capable of,b'key ones',[start] listen music [end]
Male martins use the song as,b'by food off well 3 in disease m on treatment treatment as with both at for on the money from than from from on to out after of person',[start] a to a mate [end]
a frying pan used for,b'to something in from off in by out as down about its down at up while who s that',[start] saute [end]
Forest fires cause the sunset to has property,b'object in well pictures including hand before of blood s down with problem or part than with its this from in you treatment at the for with from an',[start] very red [end]
apple juice has property,b'clothe their happy',[start] refresh [end]
Floppy disks not has property,b'to while object of with is problem to like after into that its you from up who s after when is on a with part when at your who',[start] longer floppy per se [end]
build cathedral has subevent,b'pictures well speak learn people at',[start] architectural renaisance [end]
person used for,b'pictures player concert on law and ground by world while states from their by for or to in by part after treatment s you like when for part to',[start] sing with [end]
horse hooves is a,b'key in for and key treatment on person against problem',[start] like human fingernails [end]
swimming causes,b'along in world for during as or while who with up for the for food to both to key with off you while in for up off you up',[start] water in the ears [end]
rail at location,b'by your water off states s down to his between this into with than while as while up treatment in than into that both is about about from and',[start] flight of stair [end]
child capable of,b'concert with food treatment player up up the pictures between water into this from the clothe with treatment its that people in you an its as from people after',[start] act petulantly [end]
suzie is a,b'water band band with food s in during',[start] harold wife [end]
a pillow case at location,b'cards meal blood off model well up tumor key for person for problem who during',[start] a bedding store [end]
driving your car has prerequisite,b'in water s pictures',[start] gasoline or petrol [end]
flower capable of,b'with you',[start] continue to grow [end]
Michael Jordan is a,b'like off states together up from along the water system during key for for its world by and of for you both out treatment treatment who who of for',[start] a good basketball player [end]
mole at location,b'concert food key about the pictures up off as ones at at into who with food',[start] underground [end]
milk at location,b'by this off in it you you out what an jam as of out after this for you at as of both between as the of and or on',[start] carton [end]
driving used for,b'jam dish hall s cake in item before clothe into treatment while on item with both at the pictures into person s to a treatment out is during that',[start] those who can see [end]
play basketball is a,b'band s hand law cancer',[start] form of exercise [end]
mandarin oil receives action,b'plate from pictures day by people out at after food to on than problem is the band what by an treatment together by problem about as up down while',[start] extract from fruit peel [end]
visiting a museum has subevent,b'water in ones happy a world by in an people for the this off for part',[start] buying a souvenir [end]
Inaction capable of,b'of chinese on s band by key at of both person on from like of this by to this as s and to the part who while as out',[start] box you in [end]
climb mountain used for,b'states key',[start] adventure [end]
barley is a,b'on down day water or heavy of line against part into of treatment treatment as to treatment from key for to treatment at part in out that during out',[start] domesticate plant [end]
Participants were followed up,b'chinese band day states and weather than the law than weather or food who break out',[start] during April - June - July [end]
butch has property,b'object cancer on part of for or to object as cards up who both part of from for part during than this states to in people about treatment out',[start] unlikely to be vegetarian [end]
compete against someone used for,b'sentence sentence',[start] contest [end]
ice cream may not has property,b'cards off hand item resource after player problem against band time states who food states by or in pictures for person in treatment about your house s who problem',[start] healthful to eat as some herb [end]
A ticket used for,b'along clothe time with weather cancer off on an united in problem or about by s problem during its person',[start] gain entrance to an event [end]
a drum at location,b'weather and person out up out into on their along by of of states off of person what you person who than at its its the key into during',[start] a musician's home [end]
a rosebush at location,b'plate for book s food when and with during while with for that states together as like by s with during at is to to during who to with',[start] a garden centre [end]
start family has subevent,b'to his object into to your s together the problem the blood from about in this on this that your as by you part up you from than this',[start] build nursery [end]
determine the truth has prerequisite,b'in from',[start] look for yourselfr [end]
go to laundromat causes,b'water and country that states who off after for treatment about',[start] get your chore do [end]
his foreman is,b'in person you that to while after s by for for as part from key when this when its from s up together your of for and s from',[start] Max Pierre-Pierre [end]
i capable of,b'ones band problem problem band s out off down than key cancer that its country including problem off person from weather about this than s while this treatment and',[start] walk far [end]
globe is a,b'band off cancer treatment pacifier problem at person from key problem in cancer by part before as for s than in for about the and to on and for',[start] spherical map of earth [end]
apply for job has subevent,b'chinese object asleep world asleep from happy into at you its heavy and this of at from and by this states by as food while who by food as',[start] you give out your resume [end]
Compliance with applicable statutes is a,b'food',[start] a core company secretary role [end]
Humans has a,b'pictures speak well on states treatment during be world after driver',[start] 2 ears [end]
lecture at location,b'problem people for to to that s between treatment of',[start] conference [end]
a closet at location,b'',[start] indoor paint [end]
there part of,b'water and weather together up to its country from on states while that and water',[start] south carolina [end]
A man capable of,b'jam on of s band treatment than clothe system is room on out down problem including part out as treatment by during your cards on that this its while',[start] grow plants [end]
tree not capable of,b'healthy for ground into object as food together states at key',[start] walk [end]
a still body capable of,b'jam go out out or player on australia cancer',[start] water reflects its surroundings [end]
A construction worker capable of,b'by for object m together at and weather or treatment for to it down from its for of treatment in during with than on people together with or off',[start] position a cone [end]
ICRW is,b's pictures of water day treatment up hand to object into and for for its states',"[start] a non-profit organization headquartered in Washington , D.C. , United States [end]"
a viola used for,b'concert to law at key together the religious including your s during down s during this after its about at who states with an by by that out as',[start] make music [end]
a rock capable of,b'pictures cancer clothe by the room between law to both after off in together to both out before with it after out out who off during out you than',[start] trip a runner [end]
play game of chess has subevent,b'room from sentence law before cancer with key or key on problem problem about of states that both off into out at out while into than people of for',[start] check mate [end]
go outside for an evening has subevent,b'of weather together as the sentence treatment at at as key and during during treatment for on a problem cancer treatment s with food from on at your than',[start] leave the house [end]
76ers has property,b'sentence key to person treatment on',[start] go to beat lakers [end]
post-traumatic stress disorder is a,b'outside them up up in of at on together or or during up as and clothe to the the for and you on while with of it at than',[start] anxiety disorder [end]
a flute at location,b'sentence ones system world asleep down to watch between problem s key problem in treatment',[start] a store [end]
shades at location,b'sentence with key band into this for ones from person states while into while part',[start] a pocket [end]
locomotive has property,b'concert music hand band',[start] powerful [end]
trigger flick is a,b'with s down in line',[start] error in pistol shoot [end]
a cash token used for,b'for up with off hand up system between pictures when water out',[start] using instead of cash [end]
a ball at location,b'sentence object down or chinese on time as time for food as part at with this or after for with out when in that than you food is from',[start] a soccer field [end]
RJR Nabisco has opposed,b'by a problem at for from by your it for its by from on more about',[start] an immediate spinoff [end]
A store capable of,b'of for down',[start] stock up on cheap goods [end]
Members of the AA has property,b'water problem together off class from states states key before room off by part cancer the part that s person after with your for both part when this s',[start] less likely to drink drive [end]
play frisbee motivated by goal,b'heavy country',[start] use your muscle [end]
comforting a friend causes,b'cards world happy of country over is object from treatment than person is on and key between or on with s up during the law on this in the',[start] crying with the friend [end]
wait on table used for,b'by out speak speak learn get by not make clean you feel into than the pictures the at with on with on and after who into the united out',[start] earn money for waiter [end]
many different ways to put furniture at location,b'ahead defence food states states states is water with you s ones or at this and this for its band while s in in at its both for by',[start] a room [end]
meat at location,b'in part during part for person off that ones including during on treatment between with from of than from both you at in during treatment for or s that',[start] refrigerator [end]
automobile has property,b'sometimes off and jam resource up in day up at object out about off',[start] beloved by american society [end]
have food used for,b'ones by object people or of life together is for food of that together into during or your law you are key together about from your pictures s in',[start] entertain [end]
lose consciousness has prerequisite,b'ahead food time hand states than key on in key during and money at like for your both during at into a both its both treatment up together than',[start] lie down [end]
write tool ballpoint pen is a,b'problem them out states m after on object is this together the the happy or into off between for the of at a clothe what the person when a',[start] modern invention [end]
something capable of,b'problem it off treatment of united together that food together states while of person is of by problem by for of you while about the and food out with',[start] climb a tree [end]
it is a,b'off country office by house treatment by chinese down or chinese by people on key is problem you it and while into a part of person at this and',[start] place to launch rocket from [end]
a monkey at location,b'sometimes to band for with or during and its the about between off while at off together into as at the people or about after part while the person',[start] a banana tree [end]
become a scuba diver motivated by goal,b'room key on this and heavy in',[start] traveling [end]
do housework has subevent,b'off of band together as food before at as money in people during problem from about or part between people before or than than during from by you into',[start] you vacuum [end]
student capable of,b'plate out treatment on ground between cards including weather against cancer than weather down than while problem',[start] try to study [end]
go to mall has subevent,b'weather water',[start] walk to mall [end]
person not desires,b'cards in to to their by as about that while problem that after the method up after from',[start] be rob [end]
network has property,b'on break with treatment scout glasses after on their the states for',[start] good [end]
You capable of,b'to it',[start] buy little with a copper coin [end]
Dead people not capable of,b'ones s concert problem or world of day into a country the object and object during with your happy after and at of or s after in both about',[start] wake up in the morning [end]
play sport has prerequisite,b's key on with that by key the pictures s person with an world cancer is while you are while and on a during when as this you and',[start] buy pair of skate [end]
Sperm cells not capable of,b'ahead building food cancer year after person treatment the the world as person as and people that about your pictures down and than the from to by to about',[start] live in your throat for long [end]
The ABC classification may contribute,b'in key',[start] to primary care of digestive organ practice [end]
the national guard capable of,b'',[start] control that angry mob [end]
Many websites advertise insurance capable of,b's cards states in day before out with with and',[start] provide savings to the buyer [end]
Lack of nutritional understanding causes desire,b'cards key and ones item between in its concert treatment system is and its sentence down of by part while on part',[start] eat a hamburger [end]
water receives action,b'room food states the room into to healthy of food together from treatment in with at and an with off of people than into or in of a weather',[start] find in well [end]
Mr. Ellison mr conway with,b'ahead',[start] a chance to reply [end]
another person has,b'key like like at up out from break you be or than about during to you of part when than out who you its s its like out s',[start] stock orders [end]
see movie has prerequisite,b'states with with s by and for you person into problem that person your states between as its in its out up as to both from or down before',[start] buy candy [end]
go somewhere has prerequisite,b'chinese person asleep states food on into during on food before people cancer of your cards during this food that than an key off for your states down than',[start] go outside [end]
a person not desires,b'cards to very on with at by into on and and into after than when this before before when at after as',[start] stress [end]
hematocrit test is a,b'off object on for for from in treatment including during that in while person problem for the of about is of your part treatment your both problem while or',[start] gauge anemia [end]
Gwynn said,b'ahead book or model treatment hall into cards off together of cards than part about off while you key than your person as food you on part about about',[start] would move on with his life In his first interview in QUANT_O_1 weeks [end]
this car has property,b'heavy money on on night and cards from clothe s or pictures and country from for a meal from in as of their key into or s of at',[start] park parallel to curb [end]
many of them climbed over,b'clothe band day person from cards including weather after both for object together at from cancer out',[start] a lot of harsh terrain [end]
a dead animal at location,b'plate on states during like this states about by food is with about on you that together the to it of on by out between with or s to',[start] a freeway [end]
loss of love capable of,b'outside world problem people by clothe system including its object during than about you by who up to like that and with part in s up about is this',[start] break your heart [end]
burn grease capable of,b'water money their hurt food up or tape up on diabetes at like treatment up with during while for this person before off in on person',[start] set wood on fire [end]
pepper capable of,b'cards down against united blood at for religious together including and world before against about from as this from an against after from for or of than of its',[start] season dish [end]
a telephone booth used for,b'problem s of for their world that along of that together system and its money as you your and on together who than part during your off up of',[start] superman to change clothes [end]
someone at location,b'of heavy band on weather as room than like about that hand by that the problem treatment down s who during treatment before out for people or about an',[start] the toy store [end]
their pressure receives action,b'problem in and object of states you up into who together in its and food to by its weather to the to than with as out between by your',[start] check regularly [end]
One impairment a person might has a,b'water them to person for with about who food at and room and tape for key you are treatment during between s person up in from by of while',[start] is coronary occlusion [end]
a box of chalk at location,b'jam world hand game',[start] at a school [end]
Chris Campbell is,b'weather on the law after its room on as about who to key to both at while when this is treatment of person that an and the its on',[start] linebacker [end]
A blowdryer capable of,b'room on them while treatment cancer after this to treatment for of than the water you the states than of of of part of person about than in during',[start] dry wet hair [end]
stay fit causes,b'sentence cards speak in mouth up between water by people as both treatment treatment states out about with out on person together off a weather with at person who',[start] build muscle [end]
Beds is a,b'food cancer glasses ones item to room is people is building during together that and weather problem together is treatment when people your both problem s at a with',[start] sleeping in [end]
Chronic respiratory symptom measures included,b'weather key and person down for for during',[start] breathlessness [end]
take a walk motivated by goal,b'chinese clothe down by water up treatment off about a word is key down during as out to of treatment on the this from a key as for on',[start] feeling better [end]
park zone used for,b'outside water happy in world',[start] park automobile [end]
hydroelectricity made of,b'of key off clothe about with while part is treatment in it problem to s treatment together treatment during that part',[start] water [end]
a good offer causes desire,b'along room happy than it you part by of and key problem s than both key out while',[start] sell your new book [end]
jumping at the chance has prerequisite,b'ahead road on s sentence with s cake treatment than cards road when person than the',[start] taking the opportunity [end]
goalie at location,b'ones band along at this',[start] soccer game [end]
jogging used for,b'by person together or clothe after and both by food out',[start] getting places [end]
a garage used for,b'problem it their by during into at or key at with',[start] a mechanic [end]
small lake is a,b'object hand up s room s during during with while food down in and on food from states on about off that for the law',[start] pond [end]
view a video motivated by goal,b'key break hand food as to with with and band including person and united in part of with person for food with with while at in the states at',[start] enjoy it [end]
water at location,b'like about their at this band for in with s on out or into the person is your this with on than into a s while the with with',[start] three state solid liquid and gas [end]
someone at location,b'weather band time food band including on this weather from',[start] a massage parlour [end]
canada goose is a,b'chinese money on to not out during to be person that person off who problem when and part the problem into about in that food about be part who',[start] large north american bird that honks [end]
fan in someone hand not has property,b'plate about on this at the states out on of night up than like s key who treatment by to for to more for with is of to the',[start] electric [end]
massive amount of propellant receives action,b'by person or law s out your the ones between united that into during with an tumor out off while at with while as food down or to person',[start] require for orbit insertion [end]
Repeated measures analyses of variance examined,b'concert healthy world band s blood for it who cancer or its cards of while off about together you for in from to to while to s your with',[start] changes in blood glucose [end]
a train station used for,b'tall break food problem with for in as for with from to its its cards between to both to on the its',[start] taking a train [end]
miss curfew may mean receives action,b'water off world item including pictures including ahead up in ground along of person in with its cards as treatment of key',[start] punish [end]
a person not desires,b'by their weather that it with than from in than key after this and tape to while by this out on up and states that for while',[start] be devalued [end]
lie has subevent,b'off for sentence clothe down',[start] pulse rate go up [end]
eating vegetables has prerequisite,b'concert cards',[start] vegetables [end]
a paper menu used for,b'room happy',[start] giving to patrons to keep [end]
fireplace is a,b'clothe on ones and healthy against',[start] desirable addition to home [end]
Senators defended the vote in the name of,b'off down time time food from treatment on s during as concert you more by its food down out that while off what while this key at to that',[start] ethics [end]
Employment is a,b'key water by you more while out for while while key in person treatment of it what by you are out a to your than at for as like',[start] a crime [end]
tickle has prerequisite,b'band problem at your law or down while or with out as',[start] find the right spot [end]
Smallpox vaccine has a,b'food them room in their with and treatment cancer to it as room on with its world at the object for its states and you more part on while',[start] a shelf life of 18 months [end]
going for a swim used for,b'on in off ground 3 in and s off on cancer off down with states and as this problem that that in person out who food your as an',[start] going from one place to another [end]
soldier capable of,b'like s room and heavy s hand than this against its concert that off the ground at an problem of with both out for that that this treatment out',[start] storm fortress [end]
drawstring bag is a,b'ahead in money at out for s against ones down for on the both on people',[start] good laundry bag [end]
saudi arabian gazelle defined as,b'states house 3 happy s glasses in with in and power into this by food than person between for out your s and for with this person about for',[start] gazella dorcas saudiya [end]
saturday defined as,b'',[start] day after friday [end]
society receives action,b'tall out for by the well during with its hand after with of s the and as its method of during for in states than while you part s',[start] compose of men and woman [end]
one of musical notation clef is a,b'sentence well office in world to important together in during and weather as you treatment during of who with off a both about of both as on a out',[start] g clef [end]
child capable of,b'room problem ones with problem about with and with',[start] choose to help their mother [end]
awaking used for,b'cards them by be weather up off of key together on out including as water off when the at this than about to by out the method down during',[start] going to work [end]
moisturizers used for,b'sentence ahead off well year cancer states and glasses into states to their problem of food while while by both of key s you your happy of at the',[start] hydrate [end]
entertain person has subevent,b'on of hand at in food',[start] serve drink [end]
shower used for,b'healthy up for for in food with about out up cancer during who in both the jam for an pictures during who than with this to than as on',[start] prepare for bed [end]
wash clothe has first subevent,b'off room person s the united against jam the law by food',[start] dirty clothe first [end]
Hard capable of,b'of part person about their s the ground up into people your for this problem together the to key to about that your problem',[start] casts a defined shadow [end]
commit to memory has subevent,b'jam up hand person s together to its changing to succeed while s and on food out with part while s about off your band that than s to',[start] create mnemonic device [end]
bathroom at location,b'sentence band kingdom as water treatment as for like in water is both about person in into by about during and as you on than of or is about',[start] bookstore [end]
the locals speak,b'clothe out disease cancer night key by world food from at to an s in while while together during an band than to out while you an after into',[start] Taiwanese In Taiwan [end]
buy tickets to that sporting event motivated by goal,b'water from them treatment together problem is object down before the problem after that person between at at with part treatment at about you from its treatment who up',[start] go to a sporting event [end]
not all scam artist is a,b'problem treatment on people out up about of cards in team system or in its states off with its this about this the weather while of of that up',[start] con artist [end]
person desires,b'off problem water at night with between to world at s in as this band for at by during with',[start] clean cloth [end]
A recent cartoon playing on the popular movie had a circle of,b'problem water',[start] political first wives looking fierce [end]
annoy your brother has prerequisite,b'ahead road happy you product off together in pot against cell item is world day to person down s to break in to about is part down out who',[start] repeat everything he say [end]
lose weight causes,b'with off s item product from for cards to object at part into together as',[start] hunger [end]
a sink at location,b'water ones book with people s after in states you s off out as people s before while part to break for by into is its its people between',[start] a laundry room [end]
set cup on table motivated by goal,b'for them by you this down and food s after person down before states who this about to person for from key you to you the the with s',[start] it be too hot to hold [end]
riding a bicycle has subevent,b'like to something what something and against during who the off in your its at its key with you your for that and s who treatment before about after',[start] pedal [end]
consult expert motivated by goal,b'in of world from to to you its weather down the pictures the food after person at for by this while is at',[start] change your appearance [end]
watching the evening news has subevent,b'to up for this on at or from part down as for your s that from person on for this than than when this of at you off about',[start] to recognize someone [end]
society used for,b'to more at at to and when out who during s to person up as out who as when your this the as or down to be by the',[start] mutual protect [end]
a paper page at location,b'sentence food clothe down against food during with the cards out with your key or on food with an s treatment s s with food before about to out',[start] a music book [end]
play the piano has subevent,b'problem at down at an hand including out that treatment between of their that after this treatment between in treatment the jam with person that after from food together',[start] your fingers hit the keys [end]
listen to music has subevent,b'ahead player player by united class with and plate during its problem before during about or treatment when food than at and pictures than its states who its method',[start] you feel uplift [end]
play basketball has prerequisite,b'outside world',[start] basketball court [end]
join the military motivated by goal,b'object to chinese this on with down while during',[start] fight war [end]
Western society has property,b's room item off enemy glasses s against states or religious people on your healthy between key before about as their people the of s the its as a',[start] patriarchal [end]
glove capable of,b'problem ones',[start] fit tight [end]
films are set in,b'pictures go book from world to become well on treatment',[start] an upscale well-scrubbed America [end]
become scuba diver motivated by goal,b'healthy by water than people up after',[start] see fish [end]
drink glass capable of,b'room by heavy water or healthy down including ahead down out during for person after or at in at on for person to of its s s off off',[start] act as magnify glass [end]
make people laugh motivated by goal,b'to with in this that treatment into you as when problem with on about during you that when like s while together you in in and with out in',[start] tensions are unpleasant [end]
legumes be served,b'room on by this with you up after as treatment into into is part treatment during that in key you like this problem off in on that as at',[start] the langar [end]
teacher capable of,b's meal glasses item during part',[start] work with child [end]
rats at location,b'room hand water down about as food by money for at about at while with to his and states together down together or problem s this states as an',[start] the roof [end]
gas burner at location,b'food from happy or world together is room treatment by',[start] kitchen [end]
see excite story has prerequisite,b'tall the money at treatment than about people during as the treatment after with as this states down up of people in out and food together of out before',[start] watch soprano [end]
cut your hair has first subevent,b'food up concert for and law with with about the object when on to in into',[start] use scissors [end]
person not desires,b'band person water with from both food on during after that object is s of problem for you part at into in at as as as than into on',[start] lose sleep [end]
payment counter at location,b'cards problem with food after with together before for both people or to key as with of about that key than like in its or in in off when',[start] business [end]
light at location,b'off day treatment water of for with as ground',[start] plane [end]
a person not desires,b'chinese cards cake on for an sentence for at your happy out is as important while on that key that person your key what about is of during of',[start] be thought of as incompetent [end]
have physical examination used for,b'off object item down s treatment or enemy m by',[start] monitor your health [end]
person capable of,b'sentence of person who the day with as cancer s out the person treatment from of s at a world together',[start] carry shop [end]
someone capable of,b'outside world well m states',[start] change windshield wiper [end]
buy food has subevent,b'',[start] you carry it into house [end]
People not desires,b'ones for object key for ones between room by about that of together or s as food is treatment or out your and for to in at after treatment',[start] naughty behaviour [end]
A forger capable of,b'sentence water asleep states including part between cards cancer for their time at during part s who as s that the states between about in out about during you',[start] doctor documents [end]
returning to work has prerequisite,b'cards money and this hand up during s at key treatment than person treatment by from part up out for during into you it for for the at s',[start] having a need to earn money [end]
A game receives action,b'like to to his against about up with between while off between by as up including as as part to more is person you at off that by part',[start] played in a stadium [end]
your lost shoe at location,b'healthy world',[start] the bed [end]
if you desires,b'of money with it the object into on you both out and break at in or your you your its and to to on at during up by of',[start] your privacy do not answer door [end]
play card has subevent,b'like you about states while off in the for part off a problem from in while is treatment when about or while as your on and out off together',[start] play in casino [end]
Most of the audience capable of,b'sentence person s item states system cancer as key out cancer out of pictures when weather together down for their pictures what off is as s out while of',[start] catch this joke [end]
eggs at location,b'band weather world water s item than states up up treatment after and this of weather while or problem about you your in by out up before together out',[start] a chicken coop [end]
meet person has prerequisite,b'of money by while a healthy between object including part from an states at s as at at of with the part to for to at and this about',[start] socialize [end]
infected injuries capable of,b'along to like or band that',[start] cause death [end]
cut twist curl has property,b'outside world',[start] abbreviate to ctc [end]
judge capable of,b'in treatment happy up and dish system the country during the building of an jam including or that part to and like by for from states off while while',[start] fine defendent [end]
restaurants capable of,b'room up states hand on time together in and united together together with key as their with about of both up at people problem to its that in its',[start] serve salad [end]
do housework has subevent,b'with object asleep people with in states from of problem of states s while its room is food while at person out up treatment with or food before on',[start] sing [end]
person capable of,b'chinese law time this ones s problem s ahead on in their person up at a treatment to their on during by this you while up after that as',[start] eat corn [end]
designing software used for,b'object with states food together at down the united the house down by in their to are than about to hurt for or s from with than about part',[start] helping others [end]
The state flower for Delaware defined as,b'cards world player the key out the treatment while its driver after by at by your part or on people what the blood up to people is out together',[start] peach blossom [end]
a club used for,b'ones well clothe',[start] sport activities [end]
this bike receives action,b'',[start] make for rough terrain [end]
Paternalistic - individualistic is a,b'heavy heavy water key person from ones up at in time out at part before about off while in with a ones while you are this together from treatment',[start] a political dimension [end]
A police officer capable of,b'concert book from room that out that from at person who by with up you the people up into into your part in of s after on person when',[start] stop traffic with a single command [end]
vet has property,b'states state happy a word than an key about your hand before and room including people about on than this s up that problem that key together off up',[start] short for veterinarian [end]
swedish economy has a,b'like about with treatment class up and clothe or pictures or s to hurt together about from s states for that and object while who food you are who',[start] strong government control [end]
finding the truth causes,b'on the with during its an to the of the object up on treatment or on person together after for out the patients together with a with up out',[start] your illusions are shattered [end]
Most sausages has a,b'on at to while or from by',[start] meat [end]
a mother capable of,b'sometimes problem',[start] take a bath [end]
this is a,b'for of cards against against at and the of food by at while together s by and person at during with that during than of treatment the ones on',[start] a diagram of the human eye [end]
Google asked,b'problem out clothe up night key the person a sentence player after their both at a item for and s up that key who off s your to people',[start] its policy [end]
jewelry used for,b'',[start] decorate yourself [end]
answer question has prerequisite,b'heavy band asleep happy item from room out treatment than country',[start] learn [end]
cake used for,b'object over clothe in night between part between the both problem to people up or for into during this this with than like in treatment you at by into',[start] serve wed guest [end]
order a pizza has prerequisite,b'along on book the for its together for with a both of person to for that during when the while during from as treatment your people into of or',[start] order it on the phone [end]
bagel has property,b'food ahead room with on the building by pictures who building off with the law after both in s problem down before after treatment the weather up up out',[start] eat mostly by jew [end]
"Cardiometabolic risk factors , including atherogenic dyslipidaemia are associated",b'with it treatment player item about and of by weather you like or part',[start] with increased risk in this population [end]
rosebush at location,b'like for of person s problem before up to that',[start] bloom [end]
a pot not is a,b'water key treatment world after law than food treatment',[start] a kettle [end]
San Francisco is a,b'outside',[start] a big city [end]
company at location,b'clothe with music during for from together you the united or and for while you than off while for as part by about is part after when s s',[start] city [end]
Relative risk were derived,b'tall out happy people to part out as heavy states before together you about when food',"[start] from multivariable logistic regression models after adjusting for maternal age , race , marital status , smoking , cocaine use , adequacy of prenatal maternal insurance status although data on cocaine use are likely underreported [end]"
passenger capable of,b'jam speak people in driver cake in building product including cards time by with you to by the of during is during your blood treatment to it that is',[start] step off train [end]
bass clarinet used for,b'room problem',[start] low note [end]
something smaller than the box at location,b'ones key against happy food treatment treatment out s on people together off by weather cancer system about this with with in together by both at person the object',[start] a box [end]
find some water motivated by goal,b'with this on in',[start] go for a swim [end]
tape television show has subevent,b'problem from pictures for person up and food during out for weather s its this problem after your people on by person the weather while in for out about',[start] run out of tape [end]
set cup on table has prerequisite,b'ones up s in food who with of key up by clothe you person treatment of from who of at with an pictures during up and at during after',[start] slam it real hard [end]
go for jog motivated by goal,b'like this out time up about of at from an band as out when more in with for its treatment down that part about of than that that its',[start] get in shape [end]
play card has subevent,b'band game by your country about person that room the team the treatment off after person from while as during your to and s up and with treatment into',[start] adjust to opponent play [end]
sun at location,b'food water in problem about the book that night between in food',[start] the beach [end]
school location of action,b'outside at something when in by problem or to in its building out on off in this from food you on an with the key is who your in',[start] study [end]
radish at location,b'',[start] refrigerator [end]
mythology capable of,b'',[start] express life and think [end]
Aimutis is,b'',[start] Detective [end]
You capable of,b'water of s key in problem cancer for on together system down the happy cancer between its s together off about who together is people your and than as',[start] find cokes in a dorm room [end]
post message motivated by goal,b's ground of object system cancer problem by with both as healthy treatment in on than an person the treatment between of on on into treatment from person down',[start] get response [end]
Carpeted floors receives action,b'off down for of it s band in food of the book after an concert by about than that into than the during from person from s than to',[start] found in many kinds of buildings [end]
The males go into to,b'band ahead in part system out on money and in day problem that weather or its problem for by person while from with than up on key is the',[start] breed [end]
a table at location,b'water from chinese of states who to to weather the building as room the united for out about up who s by or while and by and it when',[start] the rug [end]
Muhamad lutheran medical center,b'tall about band treatment resource states on night at key the building states in in its states down when up that into a states or you of with people',[start] Last night [end]
do housework has prerequisite,b'of food happy at you work as chinese or your book for and tape off on at its with with during you from for off you into you about',[start] broom [end]
night watchman capable of,b'sentence concert player game on on as money as with at this its weather in on an',[start] keep key on their belt [end]
a little money capable of,b'states game room of time down cancer against band as in an ones by break up the with by your to that off and you at on or for',[start] seed a great venture [end]
ride horse used for,b'sentence well hall treatment of heavy cake from room in water into this person treatment cancer or person',[start] movement [end]
candles receives action,b'concert object person food for their hand is clothe before both hand together up states by like on key down before out you at to treatment on by who',[start] put on birthday cakes [end]
a cup of coffee at location,b'water them room food to very jam for like the sentence people as part about who states as treatment down before than in food in a problem to be',[start] your hand [end]
ride bicycle motivated by goal,b'on by book a country down who like from out what in people with who to it together during for by treatment what who than food by than with',[start] you do not own car [end]
prepare for vote has prerequisite,b'problem game of money to people than of to you like the political up during with s between treatment to more in by with off during that when for',[start] gather information [end]
Dan Rather be correspondent for,b'by in object on on of than treatment is treatment cancer out off by both of an to that its from on a problem with on while your the',[start] White House [end]
play sports has prerequisite,b'along up against of ones during to different the in with and on people while s before together that problem by food down including at off together on off',[start] enjoy games [end]
deli store used for,b'water off problem ones and cards from key between part s and key during from and world during in on person during a water the for part into that',[start] purchase item to make sandwhiches with [end]
running after the ball causes,b'on the law off as key for treatment up you their night while than key treatment s for from the part s and with than person of people or',[start] tiredness [end]
being in charge of a project has subevent,b'clothe room well band during your object from object from on by and this in of your out as about when person treatment before when treatment as of food',[start] change things [end]
wooden hangers has property,b'water ones day happy product including against this s to break out treatment at in its break as its united between states in as to it you for treatment',[start] very sturdy [end]
bottle used for,b'jam on person with about up than food off on out as person off out cancer between about treatment together than of on people between like of states the',[start] pour liquid into [end]
plenary council is a,b'heavy pictures',[start] meet of local bishop [end]
eating has subevent,b'healthy hand item on house into the word treatment s on an cities treatment in in s who with and by or that treatment or for with people about',[start] add spices [end]
footstool used for,b'healthy ones room to heavy people',[start] child to sit upon [end]
a fungus at location,b'tall or at your kingdom together is enemy who water system to part before s down during into out or the day who to very treatment for while and',[start] dirt [end]
Brain opioids has property,b'room their healthy people for at for while for your disease',[start] very important in regulating social emotions [end]
One capable of,b'healthy them problem with it up that person to on and in off together as treatment during who of into that into out or that that treatment by from',[start] balance a checkbook [end]
wash your hand used for,b'in off off object the australia than person of night of to his in food or is this its this problem is by during from into when up to',[start] maintain good health [end]
go into coma has subevent,b'plate them and ones band than this clothe of it treatment on or its tape into while with as you in while than part to about than about an',[start] close your eye [end]
older people has a,b'food when well clothe is part of pictures off into key after food problem down from food you in key when that s you at part for person and',[start] more experience [end]
bringing home some fish used for,b'with problem clothe between on person out out who with at about from to with of you up while into about an part for about s you your the',[start] making money [end]
get some physical activity motivated by goal,b'to his in for part including who that at in with to person about or problem',[start] live better [end]
improve your image causes,b'to someone band while this down that and into on part in that treatment who into or out is as when person for that is for treatment up after',[start] person to like you more [end]
clamp is a,b'pictures dish or animal together for hand is kingdom of object cancer for like with on people together you it with that during who about or food than people',[start] tool develop long ago [end]
speaker capable of,b'on water at states by of you with with a country or off than the part including out at from key about who and you food at your that',[start] sound [end]
thanking someone has subevent,b'ones band on treatment wages off against the word off by their ones with of as while out off s after into by than into food from part off',[start] shaking their hand [end]
human has a,b'food or chinese united ones cancer during people before states in hand problem on with for their during your of of s or while up problem as part that',[start] one nose [end]
Not all potatoes receives action,b'water something into weather to one with in this while as space together down up out while while with an key or states than about on your as like',[start] found in deep fryers [end]
QUANT_S_1 of the delegation 's workload fall to,b'problem s with down s system off into in food in disease treatment s the concert s person treatment problem at during on their about person as its during',[start] Mr. Lautenberg [end]
Going broke causes desire,b'sometimes of chinese up',[start] return to work [end]
stop being married to someone has last subevent,b'of clothe s clothe lifestyle night from states during or by its clothe including and like person to people after by out you while as both on at off',[start] finalize the divorce [end]
The time between human heart beats has property,b'healthy of this this person as and object when from treatment while that out with for off',[start] 1 second [end]
cleaning clothing used for,b's ground road together cancer product s s ones during its ones by ones to it as person after to hurt on an key on their at by from',[start] looking smart [end]
debian is a,b'ahead concert scout up tumor kingdom',[start] operate system [end]
learn has prerequisite,b'ahead problem',[start] cogitate [end]
Wine capable of,b'room room together',[start] helps people relax [end]
the Eiffel tower used for,b'weather with weather together that',[start] promoting Paris [end]
communicate has prerequisite,b'jam for weather at about as hand is for',"[start] talk, write or sign [end]"
Haverhill part of,b'ahead world 3 date with from weather than key between clothe than food during for of key on for s as at problem states about in while treatment or',[start] Massachusetts [end]
a lizard at location,b'jam to succeed problem states including in or the its states at as you that to it and who while of part s',[start] a fish tank [end]
map not is a,b'states cards room key problem of its plate cancer at with as and while about by that treatment between about the political into in than and s by this',[start] true representation of reality [end]
perfume used for,b'sentence room against happy states up treatment up in it during to person problem to with of who you while part with at than person than off into its',[start] create good smell [end]
a person not desires,b'by and clothe down of clothe who key and food down than as them on into and treatment off about about when by key than your this for than',[start] benzene overexposure [end]
a baseball ticket at location,b'cards weather the sentence to at for out while',[start] a pocket [end]
The capital of australia is a,b'sentence cancer problem down year hand before person treatment for problem problem system and concert by from you treatment into on part at treatment out at people up',[start] canberra [end]
their evaluation in the treatment of advanced gastric cancer remains,b'band on on than with down out than food treatment of people than you are its problem as of of from while treatment down and food or into this',[start] early [end]
kill person has subevent,b'sometimes and weather people about you out into the of than by of people on its band while',[start] grit your tooth [end]
add up a column of numbers has prerequisite,b's meal cancer together food on treatment before people who with an clothe',[start] find a calculator [end]
tan lotion used for,b'tall their money by you an against and states during on in person you for this out who of s to that by from is up that by as',[start] even skin tone [end]
legal decision receives action,b'off ground player food resource up by ground to you s into with is during between by or problem while from during s down before you food before in',[start] make in courtroom [end]
fight war has subevent,b'along for sentence problem between united who',[start] a lot of suffering [end]
Democratic incumbents are very,b'to when on from food after when as as of',[start] nervous [end]
voice at location,b'ahead day day states year including water than for s time and people',[start] choir [end]
study of person is a,b'ones down',[start] science [end]
kosher deli at location,b'on by ones at on key of from to this at your this with by of on treatment about its as from the its s s in of off',[start] food court [end]
Sailing on rough seas has property,b's pictures together m of day during s problem into on people treatment of object after the law or on both or about with by on it by about',[start] dangerous [end]
get pay used for,b'cards in to are s against s out the pictures between food for your on out your and this who at an cancer s for in by who up',[start] earn money [end]
human at location,b'concert world states at people or about for your child of s into than people of the at during for in from a to part between person to at',[start] command [end]
attend a classical concert has prerequisite,b'by by band key states down as like for out for of at and people up together and you part to to at',[start] dress heavy [end]
A hook is a,b'ones cards clothe of united of on both world treatment the ground by for in s the method a part that person of treatment between out at an part',[start] a problem with a golf swing [end]
get some alcohol to drink motivated by goal,b'chinese person cancer band about from from s or at its object before during that about you at both after treatment with into after out your by by to',[start] get drunk [end]
lizard has a,b'object something down or political together after room s than their ones out on its clothe is as while both problem from its states at for who the united',[start] 4 leg [end]
attend lecture has first subevent,b'band for for you at problem into of from with key out while or out with as about when than as than during s to be as and its',[start] find good seat [end]
school at location,b'outside state key ones for of its phone s as both part your sentence together out when person when on treatment of from than s',[start] compute [end]
corpses at location,b'clothe food down of money in against and finger of key that at while that weather states on for person while problem in for a political up',[start] a war [end]
ET capable of,b'to about s water during the states you both of you and or together while is after when that from person treatment your for on the with an off',[start] call home [end]
something at location,b'in this hand against both after out as problem down cancer before this states to like is person and part from person the by food out during as about',[start] dinner [end]
the Ciprianis had received a subpoena to,b'concert chinese',[start] his knowledge [end]
my hip has a,b'heavy up hand off kingdom off up in the item as an building by to one up to very at than people and as your about by part on',[start] bone [end]
tell story has subevent,b'by his for people from both on an key to work about when like the sentence or the for on their states the by than for from people out',[start] announce story time [end]
Springs is a,b'by his down on from an to a route from both this its for from on by a during than s from person that on of in your the',[start] coils [end]
QUANT_S_1 friends from as far away as Kentucky shared remembrances at,b'healthy problem',[start] the service [end]
Mr. Mica said,b'sentence person their ones together down who on disease up off on or food into while states from pictures the ones after person between at their treatment when and',[start] irritates the other travelers [end]
selling your new book used for,b'problem with by for for the world than off about from states treatment to states during from treatment is the and after together s states before at into or',[start] expanding your infulence [end]
i desires,b'tall this to hurt your on when during by for than out in',[start] lie cheat and steal [end]
building a cathedral has prerequisite,b'sentence treatment',[start] much stone [end]
Life has property,b'to up to by during off while religious between by s as at is part out who in its s between you the pictures than during the this out',[start] fun in the summer [end]
bring in a verdict has prerequisite,b'weather them than key between treatment states together including that treatment by of its part off the both of that as both as this during about part what you',[start] deliberate with the other jurors [end]
utensils at location,b'pictures time water band s ones before by country out you on',[start] a backpack [end]
the next presidential term begins in,b'weather with at with who in s as its its weather',[start] January [end]
liquid water has property,b'by water food water for water cancer during by weather including part at with an of your weather that an and about off out into about during s off',[start] wet [end]
The availability of recombinant antigens made,b'sometimes at down to be pictures for both during during the healthy including its in your weather is off from at that at than about treatment is to with',[start] it possible to develop sensitive radioimmunoassays for the detection of autoantibodies on a large scale [end]
self-help book used for,b'object hand with pictures as the day the music is both and in from its sentence who an both by with its during for both by as during for',[start] understand self and relationship [end]
A conquistador capable of,b'sentence hand off with with and ideas together hand you treatment or out',[start] plan to conquer the new world [end]
a drive used for,b'',[start] testing a car [end]
a person desires,b'cards cards against world',[start] what a person wants [end]
pain causes desire,b'sentence and hand hand for with on or out of with while while by s at its in with treatment with at to part you and for by than',[start] have a physical exam [end]
There is a,b'sometimes problem at like its weather as key of its the world during in food together including who people or with who for this from people off for part',[start] a cluster of rose blossoms [end]
radio at location,b'object with concert against about together of food in into treatment down after',[start] refrigerator [end]
China is undergoing,b'cards book with an water out at out up after as from on at from its during your s its as or at with in with part after your',[start] unprecedented economic growth [end]
finger used for,b'key with key people to their person when the both from for during at of at after',[start] tip over cup [end]
Someone is a,b'states of country of this band off your treatment and on it up together is part out what a people before who by its religious up of a s',[start] visiting Manhattan [end]
cream cheese has property,b's law water to be religious you it who this disease before while from like and s and break your this',[start] good on bagle [end]
go to get a haircut has first subevent,b'concert key clothe s year for during s key than them off a phone to in on at person with out',[start] grow hair [end]
sometimes frame has property,b'problem happy player problem than different or to be states',[start] good than picture [end]
many person has property,b'band happy on states after weather the book on part as you s together the on to a you s off off between to an after this by after',[start] obsess with aquiring wealth [end]
many colors at location,b'key with at with that',[start] a sunset [end]
Fleas is a,b'plate weather down time by of during into off a clothe and both its both while who and the of for from treatment out in or with who that',[start] found arounds a dog's waist [end]
she capable of,b'on s',[start] scratch your face up [end]
A true story has property,b'to person up item class than out treatment from by from with your you treatment including',[start] non-fiction as opposed to fiction [end]
dvd at location,b'on and chinese during s or on treatment treatment while to of problem up in people after or as like off with while up during this and out as',[start] in dvd box [end]
dog is a,b'like out product key food the water before treatment up between them and person is and like is out after on their states s off at its out who',[start] usually about two foot tall [end]
felt is a,b'like and water at their jam up up s',[start] a soft fabric [end]
u capable of,b'sentence with pictures well driver glasses into jam as by in with in treatment',[start] read it [end]
person blow into has subevent,b'problem band time together from this along from by the law together by weather key you at part between about by for a states treatment out and while from',[start] instrument he make music [end]
grain at location,b'along at on states states to this or treatment about with by as about by about at and food at s problem in together for with in off about',[start] sand in spinach [end]
Peoples has a,b'plate band cards food of treatment as chinese up or with from both part of treatment',[start] different tastes about furniture [end]
catching a cold causes,b'of heavy asleep pictures to their treatment including that s 3 on the treatment for in key for s at by than person after its at at while as',[start] you will have fever as well [end]
Humans capable of,b'to that part of and the jam treatment for while while you than out at into who its from part between on person and person treatment off up on',[start] fear dying [end]
person desires,b'sentence concert together up against water with at to are that on during between the ones down a political between as part s with treatment for a ones from',[start] sexual encounter [end]
convenience store at location,b'cards state or well 3 against problem off up treatment in problem as cards into at that states into at this together cancer up up down and ones that',[start] city [end]
pretend has prerequisite,b's ground well happy for weather or treatment with for treatment in of with by or on your states or at from or with about at a that problem',[start] learn to act [end]
workers in the back room chop,b'plate with to at people before off while down at states who as during off off together as this during together you you while its that during that as',[start] scallions [end]
That man capable of,b'to the their pictures time after up and patients from food with while key to his you or off when with treatment at the part off between by off',[start] cross the room [end]
The Golden Gate Bridge is a,b'pictures and enemy world',[start] a bridge [end]
Voters capable of,b'outside s food treatment cancer down up on day that house at problem up together between to the person for for as this that s this part after who',[start] voice opinions [end]
get a job has prerequisite,b'sentence',[start] go to work every day [end]
meat at location,b'states person room about person the room the object for as it than this or off off about from at person from s with the by into after treatment',[start] butcher [end]
discover truth causes,b'pictures problem of people is weather in treatment at person is to from with into after part from on its out of food at out on in person who',[start] become unhappy [end]
watching a musician perform causes,b'problem with to out or on people',[start] enjoy their music [end]
fart has subevent,b'sentence cancer on item',[start] drink skunk [end]
teach other people has first subevent,b'key them clothe that united s against people after to key as break after food for and up who off at that in part s about by on and',[start] find out their level of education [end]
riding a horse used for,b'cards cards disease hand tumor day is states disease during together including and clothe s the on the at of while that at people on during and by as',[start] being a cowboy [end]
bathroom with bathtub is a,b'sometimes food for s world during problem down out is clothe s about while to important what or as weather as treatment together to person before at people what',[start] wash area [end]
beer at location,b'weather for people for you treatment of treatment from you its hand and food with and off while of on on than person who while is its method at',[start] a building [end]
stop your car has prerequisite,b'for out of pictures 3 treatment system system or united states up off problem after of you person who about or that key while and with that the by',[start] turn off the lights [end]
play baseball has first subevent,b'to about off clothe between jam of weather between for from s the weather by to out as in for you your as',[start] choose sides [end]
Starch receives action,b'concert person s states of pictures down for part and class at your clothe as people off with with a by from than a that the to s on',[start] found in many foods [end]
polls put support at,b'of meal of for food down off together of a states from from treatment you key your problem down of the weather problem states of s your to as',[start] only QUANT_O_1 strongly [end]
In some cultures special mushrooms receives action,b'',[start] eaten as a spiritual ritual [end]
