source,prediction,target
person capable of,b'out into one light someone for some this for someone who new with person a it in your this with from at good is a up with something one',[start] jump over puddle [end]
hot and cold is a,b'its when your might live about a from his while as to get like your its that like this about their be is out up about that a something',[start] measure of thermal activity [end]
Yahoo flickr,b'are to a make to a have watch make in with for one than an a their as their in new up his its that more one is be',[start] an undisclosed sum [end]
walk around lake used for,b'and s against but with of of like your this of as it like up who more out at to many you a with someone from like good while',[start] hiker [end]
land used for,b'something get something have make live like you make live is it your some might very its at out this from one someone up more the live good many',[start] grow food [end]
go to a concert has prerequisite,b'and of from of an',[start] obtain tickets [end]
exercise has property,b'their their one you be not the you his make his their their in person is that of some its of out more a light this that from an',[start] necessary for health [end]
the Senator q u a n t o,b'your your at more on his of his about from a an at his one of from the the in on than the like your the good with more',[start] the votes [end]
wrestle has subevent,b'that is from to person with to is up what more about the when its from someone with is the about who many who out his is as that',[start] arm lock [end]
hamburger has property,b'when at on as for his who for about the of you at and it or its be as his your on you its like more your on by',[start] well cook to prevent food poison [end]
a doctor used for,b'out who live another find like to catch someone as his their more in be like his good light out it good be be you an more his it',[start] maintaining health [end]
newspaper is a,b'on when be learn get your it your many an more and out that of some is in more the their is their his an up the one about',[start] document [end]
sea has a,b'to his it for light as store you an what up is more out like from good someone something about in on like for of his its be many',[start] seawater [end]
a Hard Lesson ruth mc mullin,b'out from in as one to their you by on many when out their one for that the that as this and with for like an in this for',[start] the newly formed Harvard Business School Publishing company [end]
do housework has subevent,b'on your person one to its with it an as about with good or something than person something more his is by their someone from of many to new',[start] wash window [end]
rock is a,b'is like on to to light out by one it their for to get it out be of the is this with person something to its from good on',[start] solid object [end]
cotton at location,b'make do become not eat your do use it light up it your new its see something store with water his a the an the its water good your',[start] a field [end]
hayker is a,b'the part over during in good out to different and and someone and from your a from person as new at and from be at like their of their',[start] hyiking [end]
er diagram is a,b'when light at is someone what light of an the the many and person from someone one you its his from like from their you out what on good',[start] conceptual schema for database [end]
holiday shop has prerequisite,b'by someone good to like by many when its good you his to your his your their this good you from the one light up is one someone the',[start] save money [end]
Everyone including Angela Vaillancourt new york,b'in that make make make to for light to for that something you out about what an what by from up that as by your the that to an',[start] performing to street noises of robberies [end]
a glasses at location,b'someone when small for of one in something someone the for you some by your is one with that the to some up with their for that for light',[start] a nose [end]
a public university be located,b'like person see find work good on this many at person person good you might you not someone that some a to for is someone up on good as',[start] in the city of Sulaymaniyah in Kurdistan [end]
rem-dream state is a,b'when you make something person an get get good in its not like it one someone you more that in something a some more at his their their up',[start] neurologically and physiologically active state [end]
ducky defined as,b'to store to like store at for their light good as that it for up and a be on more a on light someone to some on on a',[start] rubber duck [end]
reading a magazine causes,b'by someone another someone a their that who out to not be you a out from for like out for one good is in be something it of their',[start] to take up time [end]
finding the truth has prerequisite,b'is by many that an into you you someone a their their out to good is is as more with his out more that from be an person his',[start] investigation [end]
dance motivated by goal,b'when of what at and more over what on as that as an who many when be of who and many to for who light than your good the',[start] bring pleasure to guest [end]
attic used for,b'in of when more that and when its than this more about this at more a for in is on someone up someone your many for of at your',[start] storage [end]
bathroom used for,b'it who new his you store and your by the someone what light to one his with at at as on on you from person in something person it',[start] groom [end]
be on time is a,b'your you find it more live what not to another you make make something might see the get at person on get not from with a might an live',[start] good trait to have [end]
building a cathedral used for,b'',[start] wasting natural resources [end]
something at location,b'a in something at get be someone to store something his one of that light out up someone their a of be new something good from this many with',[start] end of it life [end]
pay cash be for person who desires,b'and with out their of about the at it for what good by about on by their its the way it with is his someone at one his and',[start] avoid pay interest [end]
most ameracans not has property,b'get get do you find its you take see live get might might write on its person their a get his some an more light as watch something an',[start] fit [end]
surf the web has subevent,b'is from by be more you by be their person like of someone their someone in this one who you with the like it of it their light someone',[start] use Mozilla [end]
an article in a magazine used for,b'to its light their is his when with of it for on in an out with by out an it and many is with to many it that with',[start] reviewing a restaurant [end]
drug has a,b'something like in from someone from out for the be good his on by from their one by their at and to from light person of and this someone',[start] medical effect [end]
lizard at location,b'out with while on the from by as at to from light on this out with many many from at from person it it to their out by light',[start] country [end]
A rainbow is a,b'as the with his your this that that an is of of that be person this you one a for of is its someone at in to that your',[start] a multicolored light arc [end]
bathe has prerequisite,b'a get might a your another be on one as something someone what his their up that you a for some out in new up from some the like',[start] get undressed [end]
03:03 associated,b'get might see go get be make learn that an store the its very hold you its one for light their the something is an like the someone to',[start] with Fulminant type [end]
many kind at location,b'on',[start] model [end]
breathe some fresh air has subevent,b'to by your more who in about of out of one more more while of as light what its to with person up about an that in the and',[start] feel good [end]
electric fan at location,b'of while you get make you in you your like person what your you make your this as a be of this this of with person to person on',[start] home [end]
bring home some fish motivated by goal,b'',[start] fish be good to eat [end]
go to work has prerequisite,b'be might a for someone that on one to a is someone who at more something about in to someone from their something your be is it by his',[start] remember where you be work [end]
most case of sexual dysfunction receives action,b'from to another very might by as like in by with in that on with of a with its to at for be someone on this that about out',[start] cause by psychological factor [end]
Older adults may experience,b'it from out the treatment to very person to something something you with that food as out or person in good to some their its an a for with',[start] both diabetes - related barriers to diabetes management [end]
a woman french huguenots in,b'your the and all it with as its of many their as you that in with their that that with out up you someone this up this to with',[start] a portrait [end]
candle at location,b'make that have go its making like get your watch one many something many might see you his the more it for very light many to good many someone',[start] candelabra [end]
pretending has subevent,b'get make become learn have make it buy become get find go have take hold live an have store your it a person his your see from be on',[start] put on a costume [end]
eat apple has prerequisite,b'are his very light light light the that its different you more for new a something and someone as many to make and as some like out this it',[start] buy apple [end]
talk to someone has prerequisite,b'is you to with about by its who of in when as its out is the at who be on more his like someone many as your someone their',[start] speak with them [end]
a kitten at location,b'as to another be make a more you for one of of your at something is who out out his their one it you you with it in it',[start] a veterinary's office [end]
cowboy is a,b'about to take be have make find it that something their from is that person that his and to live from one like new be out more their and',[start] part of oklahoma history [end]
criminal court capable of,b'a from more new what with like it of you is water with its out into at of person up by something this from a new to its of',[start] pass sentence on guilty person [end]
bus used for,b'on and during into your into is and and for when when an',[start] mass transit for city [end]
attending a lecture used for,b'',[start] listening [end]
The results support,b'like when out that with their his more to its many for many an person from in out who as this many from this is with many their good',[start] the hypothesis that there is an association between signs and symptoms of CMS [end]
androgen receptor variants are thus able,b'you something store place you keep it someone get be an his in an see some someone one their more this a live the store out of many your',[start] ligand - independent [end]
calorie receives action,b'with that at good person out by and with a and what in it from on about about more this like one or to more when a more a',[start] obtain from fat [end]
man become angry has subevent,b'out s blood temperature after part than a clothe for out as an their as new his light up out someone of your by their light light be you',[start] he crush paper [end]
paper at location,b'his who you person make your something for something with as your their like from of from it from one in good it of on one their it good',[start] ream [end]
a desk used for,b'your for his an that its its this who someone by as something his by by who to in light in it when up be who his a this',[start] putting your computer on it [end]
bontebok defined as,b'the one one a human a for from to you in your in good a its on at person what what something one your good to all his an',[start] Damaliscus pygarus dorcas [end]
budget be balance has subevent,b'are when in someone by something many at as your with and from many out is more that some someone this its an on of it about by many',[start] deficit be eliminate [end]
his or hers birthday causes desire,b'when is in at more about a the his you be as as good of good or about in new about as it at for one what to as',[start] buy something for a loved one [end]
Kanun is a,b'like as your who for good at your about an at on as its as someone the with someone it what at one as on at with more up',[start] a stringed instrument [end]
lying causes,b'it from for from good up out to in to might food up with many by out who many light with that on as a person at good about',[start] problems [end]
Judith O'Savio is the president of a 29-year veteran of,b'as to on to get something and about be his of some the an light person and good someone out out with your its like new their that many',[start] Westchester school music programs [end]
someone at location,b'get person clean an found your work by might have very be make get good as learn for some its you someone out its store your many in in',[start] baby shower [end]
you capable of,b'make do',[start] learn things by listening [end]
salt causes desire,b'as a your light your something with by good your an out of like someone by to in to in in a be its at by good your by',[start] drink water [end]
find lose item has prerequisite,b'at it some your is a for to an you the its what from it of all out the more by from you their of with a with this',[start] ransack room [end]
a bus at location,b'from of about it your for as it or about in your on on many more a way and it what someone with and an up it from your',[start] a city [end]
someone at location,b'a when his someone in your between to a to it his your a it his something his for of on up more as that be on store when',[start] barbecue [end]
slap capable of,b'of over cancer into that his in his the their for from you be who about by up is in out is the both about for person on on',[start] amount to assault [end]
go on vacation has prerequisite,b'something as many for their your while someone up your up from you make your to live you like you their up their their up for for an his',[start] research transportation price [end]
smoking used for,b'that person his light their light his many by for for its on is many your who that out is in up or you on out who this from',[start] impressing others [end]
see movie has prerequisite,b'make',[start] find out what be play [end]
lighting a match used for,b'their out is good person be its live be might you make that person light something up with at the this many good of their this from an of',[start] burning some wood [end]
have asthma attack has prerequisite,b'get put do want its live out the it many be its watch its to cook on in one something your something person something its you a someone to',[start] smoke cigarette [end]
shop has subevent,b'of from is and by for than of up your is is and for be is and about with many from its on by it a when of to',[start] one sometimes forget what one intend to buy [end]
Koji Inagaki is,b'his its many something on in someone by something you for some an his that person for you their someone on for from from person that you this more',[start] a 25-year-old unemployed security guard [end]
debit card used for,b'you more very wear light to be get that do their make might see with one one good at someone their an new the an like the something with',[start] pay for thing [end]
person not desires,b'it up to cook out of a lot and person and one when something at from one that it from a to new this as in one that on',[start] t ofeel bad [end]
A photograph has property,b'in for your on what who more while from on you by many from more more an what it from person at light be that be something one your',[start] called a shot [end]
a hair roller used for,b'is an of the an at good into more one is by a new the who the it by new many good it to all like his many and',[start] styling hair [end]
sail on the sea has prerequisite,b'it a at from light in good his as at more be up your for of you more their for their some with person your for to some your',[start] sail a boat [end]
overweight person capable of,b'be its call his find something like very the that his like to some more on in that his it its that light his for some that for someone',[start] burn calorie during exercise [end]
soy bean paste made of,b'as who one someone many your in to something with more the an with for at for in in many good you an your many up his his their',[start] soy bean [end]
going into a trance used for,b'his his one the this from with is by new about you be with an and by its someone in at of many up than light person be to',[start] Regressing to a past life [end]
accommodation receives action,b'it is good to might light to something from in something it at of in it with at you by this your many who from on like by at',[start] determine on case-by-case basis [end]
A hand capable of,b'as is your its and many in you light more like someone be good their for at light one or who in from is from the his their who',[start] hold a ball [end]
Ruth Bader Ginsburg is,b'by your many many your you out and be good their his on to new many is one their up up one on its by on on new up',[start] Judge [end]
people at location,b'someone get get person have very buy it from on their in their the his the with at be an good good for one in in some at its',[start] at an airport [end]
A girl capable of,b'that who you not someone by for something to get on get their like like an someone be to more that to be its in that an more person',[start] join the choir [end]
Sushi defined as,b'about about that not your when their is with in with from at of their you and be about at an with person the person like your out what',[start] Raw fish prepared for eating [end]
a chess king capable of,b'someone their some one is its it of the it for the an out and the it as one to with of its as something his that your on',[start] move one field at a time [end]
everyone's ears look different - capable of,b'make keep get hold have have hold be write good see hold buy light some his his like find make you person more be you make not like very',[start] like fingerprints [end]
Most of the recommendations were related,b'in be go it at its someone like about is someone what get an and new an and by on something is it it is light to to store',[start] to obstructive sleep apnoea [end]
vestment at location,b'that out is on in is a be is out like to in you a an light is out in to is this light it than out good up',[start] in church [end]
Heyman is,b'not on up person up by something a more is many on like more many for to an and it on this as of as you this more than',[start] male [end]
competing causes,b'at when you you see your are it light for from new and in by that it more on from its the person by at his person on from',[start] jealousy [end]
system used for,b'when by that something person that who by from and of for their is more or this out than by good than to your with good and good your',[start] particular purpose [end]
theater ticket used for,b'to from of about many at their who is at many on its at at from at about his your what of its when one is up than it',[start] get into theater [end]
an ocean at location,b'the at new many of out into and good their of with that someone its its the out on someone his all when the many who their new in',[start] the globe [end]
cell phone at location,b'of during or heavy on of into and their that in like in with with when by and up like it their when a and while when when as',[start] shelf [end]
paying by check has prerequisite,b'of a up in out on an',[start] a picture I.D [end]
deli restaurant used for,b'from up or when to on in or someone a many for like up when you on from light you its more light than to by this good when',[start] hungry person [end]
Everyone 's polls show crime as,b'is a with of that who its an this what the with at at a than for the way what that all out a and by light be person',[start] the single most important issue [end]
stool at location,b'be in from a it like it his something and is make as their at to with from new or one than it with a you their out from',[start] specimen jar [end]
spaghetti is a,b'someone like his that live someone his by like it is something something up more something his from out their good many person the new someone of more its',[start] a form of pasta [end]
ride lawnmower at location,b'of s between pictures like your to one what its more up an or of you this for be your its on light an and all someone it when',[start] garage [end]
remembering causes,b'with and of of at who of the when on with and into with more more at their into the your on is many your by about that by',[start] realizing that you had forgotten something [end]
person desires,b'make to his your want be something an eat out it new up by see of on out you in good light is is more for their of his',[start] stability in his life [end]
make up is a,b'your about his something that his what the by is it someone to light it for store be to its out be that it this up in is in',[start] compact [end]
The goal of the basket-ball is a,b'someone to like like person someone you not to something more up on be like from something of to like their as an an the new who many by',[start] a basket [end]
a back yard at location,b'and in you buy in his when it like his when that light something and his it as something more it by and of someone its more it when',[start] a suburb [end]
a stick at location,b'something about to something his get his something good as on to to an get at light its in it to one be that your in that some more',[start] butter in a grocery store [end]
attend a classical concert has last subevent,b'someone their some an this on the both is this a as not many a that like at on the all be his this up its your in you',[start] applaude [end]
People get into trouble if they not capable of,b'more the her for it someone many new its to a someone in someone your like like out than water your someone many his many the that in good',[start] pay their bills [end]
you capable of,b'something by many person might be it a its get by water the you you good your on something you for in a in something about one by on',[start] buy all sorts of groceries there [end]
A lucky charm capable of,b'get feel feel call you know see your a someone his more like it by you something your very you like you the person you person on something be',[start] give a person good luck [end]
one book of bible is a,b'to with good is from from about of when light your it from of your or out many about like for his that and your light it to some',[start] psalm [end]
seeing an exciting story causes,b'from something might light their might on light in like your the in in and that this as someone a light in you like his your a it up',[start] sharing that story with other people [end]
mat in in front at location,b'are someone more for you to something good your see something be very an watch in store about more like it a all something you someone good with light',[start] door [end]
playing games causes,b'and through through it for light be light a its it up an treatment from from an what this of many as more with you your one that on',[start] fatigue [end]
Cheers receives action,b'have move',[start] set in Boston [end]
adjuvant chemotherapy is recommended,b'of treatment item kingdom the robert members while to good from like an to by his into and about and and with up that from light more on as',[start] for patients with lymph node metastases usually [end]
go for a run motivated by goal,b'of over for this about as what that out at to of of who that out about an and of when what an or its one their than by',[start] exercise your dog [end]
The capital of Svalbard is a,b'your like the new to your their one at is one is in be of it on its is like by from out about new it someone like an',[start] Longyearbyen [end]
dog capable of,b'your your one many their like out more that an and many more up out for and to live with their a up with to one by many light',[start] be many colour [end]
warren part of,b'to to with more when out than is your light be good at by its person of the on their its many it person up an person by person',[start] ohio [end]
the man receives action,b'you your like one for his your their your on some one something good you a good about something many its you an something an a their someone from',[start] raped [end]
have heart attack has subevent,b'his on person person one the lot one light to food to with something up of like as new is like your is to on his and many person',[start] you feel pain in your chest [end]
eat apple motivated by goal,b'is light from one for that more an this on from for your that some be in good on by light up person of his with their this as',[start] you be hungry [end]
flower on your table has property,b'like a a with about with his on with you get up your one on an as you to on its at that in his good you person like',[start] nice [end]
know if you healthy has prerequisite,b'from be get play live store to its your the it up something person your of with his of their of good with at it its with something many',[start] examine your breathe [end]
592 ( 31.6 % required,b'that that as one who and is their for good out by an and this in their a with as with good as something who more than and this',[start] ICU admission [end]
lot of person receives action,b'have want take you look look play put make take might see your use learn light with that do new get you his very watch at your one person',[start] scare of reptile [end]
going to school has prerequisite,b'a have eat be not store and a watch be live something up its person that with person that food like out as more to his out his like',[start] motivation [end]
The coalition is seeking to have,b'get use see person food on some your be have work out with to a his at from a more its more on the that new many out something',[start] musicians paid directly for use of music online [end]
Tactics is a,b'by your an or good up or for this you be about on be on be at your with for his as of your one this who for an',[start] the means and methods by [end]
An arm is a,b'that from someone by when at a out up by from is your many this his it on for your you the be this the this someone in their',[start] a useful appendage [end]
deja vu at location,b'to on out your or an between and at at at his more what its up on be like good that it about and and and about of light',[start] middle [end]
volcano at location,b'something by someone you find have it on their you find get live the store its an your more out an that many an a the be it their',[start] top of mountain [end]
a coin purse used for,b'from or is like good the key on on as about is good is to a to on it someone someone this for its with its its many and',[start] keeping excess change [end]
get drunk used for,b'a be be call know make to the call live at some someone your for to good like from your in one on your that its many many like',[start] person with mental problem [end]
god causes,b'and a to get be something store with more than by be be person at be his who that something it light someone up its your your from from',[start] miracle [end]
cup has a,b'more a person his make at make an some in new the something your very good by more and many light on from someone one as at his a',[start] coffee [end]
kiss causes desire,b'',[start] help someone [end]
Very elder humans has property,b'and your an with and when while their by about you its or many like someone as out more by many many like and and to by more from',[start] feeble and weak [end]
agents capable of,b'and it not your something good an cancer of your to this of of be on something from you many this about for good to store on someone someone',[start] list houses [end]
glue stick used for,b'from about in be good when be when is is in someone out out your of at that is for one with you like as a the and about',[start] glue piece of paper together [end]
visit museum motivated by goal,b'not that make know very make keep his live to more on from make on as you person person by for in an out for person for to store',[start] it be good artist date [end]
going somewhere causes,b'as someone your out and that of good between new and of person and the lot with that that with a your your for on be and an than',[start] really get lost [end]
comb your hair has subevent,b'have wear be watch take person be very do might eat the watch very cook the new someone new your it you make this water as get in get',[start] look in mirror [end]
Egyptian pyramids has a,b'are it you its you hold not buy more person you look you get like its get make your one for good this in a one their for out',[start] rectangular bases [end]
compete has subevent,b'not live be look buy store a make in make your very some it many to his someone up be many live his like the more on their good',[start] poor sportsmanship [end]
unite state is a,b'for is when up while you is more as for of person it when you its an for in and when your for his at with his while to',[start] same size as brazil [end]
irvington part of,b'like be feel not its your while good for his what that is light up who its up out with from a one its by it good is more',[start] new jersey [end]
person capable of,b'',[start] learn until they die [end]
cutlery drawer at location,b'',[start] your own kitchen [end]
person go to work at location,b'what your at like out be in in this for like an you something that with this a it his from something this like in its something be a',[start] subway [end]
cold weather causes,b'your by on be the both in someone for is his is you out this and by on his on to his that from person more out with many',[start] frostbite [end]
The oilseed radish can be grown to scavenge,b'at as up with its what or his be that what its when something its the both at at for of that on it your someone and your about',[start] nutrients [end]
most child not capable of,b'is like light your is in more you by a that his this up their to person about a his on it on someone it to new be of',[start] wear wristwatch [end]
driveway at location,b'is from is good of many out it of you to that at by the while many when from out what out be it by at be one the',[start] car [end]
a QUANT_S_1 caliber Daewoo assault rifle is,b'to for at to person and light from be more your someone up someone light something like its as for on for something and good of its and one',[start] QUANT_O_1 of the weapons banned under the law [end]
horse at location,b'is as that on the like many who light like on the on at by in it for light out like the the as for some that his out',[start] field romp [end]
a saucepan used for,b'get find do use keep very need from person person one to write from it it many in light one many a light that your that you to someone',[start] boil vegetables [end]
pie la mode in french defined as,b'of their is you something at its that out about person their you their for and their in by out a and with many the the and the his',[start] pie and ice cream [end]
buy something small has subevent,b'have look want take play work want someone not you you keep good on someone with something more on their someone for from that take at for in with',[start] you lose item [end]
a head used for,b'something to light their not on like its good someone the for person or with for all in the by his one by at a someone to in an',[start] making a lettuce salad [end]
children capable of,b'its in in with by like in for who a with out and in about your their from your about on that that an at at on what about',[start] love [end]
vacuum the floors motivated by goal,b'on than more his your like your about in who when that an or its an out in on that that an is and its more with one for',[start] do the housework [end]
horses has a,b'is for and up like about from an of about the good or the to it while the all this to by more like the with a an someone',[start] served humans very well throughout history [end]
A star capable of,b'out in many be very with his that their light and more his by all at your as its and at good on with all this more with like',[start] guide a weary traveler [end]
thread on nut or bolt is a,b'with when someone light in his into like its from about that good many it what something is a with your is and at that from person out and',[start] form of lever [end]
earn live has subevent,b'of s religious that this while as to his for your by of is that many many by up like who of to an to something up when its',[start] prepare for retirement [end]
large item receives action,b'of while in for out than from by who its than good',[start] haul to recycle center [end]
divider at location,b'out of way with by a your his treatment your part from their more of be to to it this person you this and to is something for is',[start] street [end]
answer phone has last subevent,b'have get find know be something watch find you want at have find have have not you the something for you do someone good get the the light one',[start] hang up [end]
person capable of,b'are live small one person the his his your person that many like one from out to like one his of you from person as a it by new',[start] go for trip on their vacation [end]
have haircut used for,b'be hold play eat become cook in his a someone what to buy very make at the some like from more a the your new some some for you',[start] tidy yourself up [end]
playing chess has subevent,b'their light food their in the on someone up that of someone who that on someone to something like you be new in some his a food it you',[start] tension [end]
storm capable of,b'more and with and the like person a who different its be light one is for all into it at and all while at their for that from at',[start] move west to east [end]
buy hamburger has subevent,b'more in to find up with to his your on your be this out about his is this about to is a one about a up with that his',[start] take restroom break [end]
lady capable of,b'',[start] kiss pig [end]
basket is a,b'get a time be more a one its go with get you it your an his human the human someone that might your store a many light at good',[start] container [end]
Humans capable of,b'their to buy like something at at as one out you store be of something good who on a one more their more by out than food for in',[start] taste with their tongues [end]
play ball has last subevent,b'its you become getting your make use at at light is his is a more to something at like the new and its this his at it about is',[start] go home [end]
first floor used for,b'his good his the different you that something get at his someone it something person something an be good with for at something by good its more from on',[start] be beneath second floor [end]
automobile capable of,b'out your in someone their at many person on you this is be many the someone who his as more the it more good many an for an that',[start] hold certain amount of person [end]
dying causes,b'not buy want live might something not many very something not their its might buy you get like their an something the your store person for new your out',[start] an object's color to be changed [end]
buy christmas present used for,b'something might something person you good for another on person for is his is good someone an someone in like with more its more for for as as this',[start] make yourself feel good [end]
Flossing your teeth has property,b'that the blood against an when good the during you of that in on an his who in all to with all what it of their to many as',[start] routine [end]
person desires,b'you go keep to play have see might you go',[start] be treat with deference [end]
politician capable of,b'make learn use making use become learn your not it very make go an might get an might have on from not one you more the might find his',[start] agree with voter [end]
food at location,b'with when in when by be it and and one it many as of it is you and this and by you something and and you for you up',[start] bowl alley [end]
Members of crew capable of,b'by that you your what many for person their of the good someone to with is the the an with person to of for that of someone more light',[start] row a boat [end]
glass of water has property,b'is from from his many their his an his from be with his who more to is on to for the good than is in you by the is',[start] welcome on hot day [end]
person desires,b'at of cancer with in for out to many for from is is many the the while like more like an that a about is person many many the',[start] their mate to find them attractive [end]
get angry has subevent,b'its at the by with of like when the for for the who their treatment on one who that good in the more from more for in someone at',[start] yell [end]
billfold used for,b'it on at out who one for his in some it that in something someone of good of something who be you in and at something when new like',[start] hold your credit card [end]
have a heart attack motivated by goal,b'someone their store someone your in light from something someone his light more the a an his by person by good up person and this this your person be',[start] smoked too much and excercised too little [end]
gather energy for tomorrow has subevent,b'and the person on at you to make what person from your and from be your on like one like person it for with an at be you this',[start] rest today [end]
play has prerequisite,b'make put need need need getting make keep hold keep not watch very do good in good his take good you the an an find a someone his be',[start] learn game [end]
person not desires,b'something of way this one with be get this that at from that in their is all while person what many on the by be their on new for',[start] be drafted [end]
cow capable of,b'as an and for up while for that like their about as on you for it than his from by good of this you something something good you that',[start] quietly [end]
Steak used for,b'on good your as not for like more be of at many about to be good for as it you up it the someone to a light for more',[start] eating [end]
you capable of,b'your its for when good as for this and one for a up like more to the more for like many more what be from good and one from',[start] act upon it [end]
telling a tall tale causes,b'for by many that this in for one between about who it is its what the its on out many up than up their more many from out someone',[start] laughter [end]
Tasmanian tiger defined as,b'you that more might to take to get something get his that more one that be for at more his like out up light its their this light about',[start] Thylacinus cynocephalus [end]
tickling used for,b'their might not its many an and light is their on their is like all than in by light his like someone be one good it out at your',[start] forcing someone to laugh [end]
gazelle at location,b'and as one is at out the on than about good as is your up be on it your by an on for that and one when many by',[start] asia [end]
disk is a,b'have put wear good his know have person in keep find his put one have his one make good that it you get your one someone someone like like',[start] flat object [end]
Maricia Melcombe of Stamford is,b'of of like a from its the the risk in',[start] a sister [end]
William Shakespeare is a,b'a at an who it is with its and is of many like the his more while with many their by light your is you in light person by',[start] a playwright [end]
relaxing has subevent,b'be that be not to eat make make in more as their their a to it up its someone like be it and on it light good something light',[start] drink lemonade [end]
car capable of,b'like something store out at one as store out by from light than for an by by with person when more your that like someone up who in its',[start] hit cliff [end]
course receives action,b'something about for for good a who in you from many person to his with good more for someone more of and and the new is like new good',[start] offer at college [end]
not everyone is a,b'more more the all more you one and of the on like is this a its that you that be with that as it up about light like like',[start] from america [end]
bridges receives action,b'be do keep make see play the learn with might find see very their one make in new is live an more all a some many someone is out',[start] constructed over water [end]
An engineer not desires,b'get it to cook something make it someone something a your not his very live something their a it store with from store your more that good at store',[start] a chaotic system [end]
Lifesavers is a,b'out his you watch an at get something its large it of to that with a a that food you get that something with his for of this out',[start] a necessary item on any boat [end]
an accordian bag at location,b'the it with by by an you make from on at in to some more someone this who many the on to person about all light by by to',[start] scotland [end]
buying something has subevent,b'its with what from from about someone for and to at by a who out',[start] work with an agent [end]
diesel has property,b'the part about its with it as person what out with out it for people it an from his his all out out is as something on you all',[start] one of many product of petroleum [end]
i capable of,b'out into its all in a its more with its of all you more by that good a one for your their and from his this up on in',[start] light match [end]
someone capable of,b'a off at to for from you his and is good for more your at more you your his out be many the new on someone is this person',[start] paint a picture [end]
Her long legislative record of expanding women 's rights won her a large following among,b'the from one from you of to you by their about an their his that to in of that as and that it someone many good his of your',[start] women [end]
red meat has property,b'the new good this by for their his in some or the and and to the lot like in with light and its is on like someone their is',[start] high in protein [end]
overeat causes,b'with with someone someone someone it out like your is and on about person his what one when to good than in good it more its like of from',[start] poor physical condition [end]
you capable of,b'at about this that that at with an when is on that the more on what out out that one the with more his more a its at all',[start] ticket to enter event [end]
restaurant receive used for,b'get a your an give something',[start] intake bulk food item [end]
commit suicide used for,b'its to to good out you might see his a with with is with its as new the this with their it is one on of is the your',[start] person without hope [end]
a ring capable of,b'for who this light it to not by about his like to their of more for like good who it your about that with on good of person to',[start] fit a finger [end]
seeing exhibits causes,b'get see live be very someone one that very place of your a person their someone at their an large up you someone new someone someone of their many',[start] surprise [end]
hospital patient not desires,b'someone who small it that his someone light out more by new and at the of at something an a to its at light of good this up than',[start] be forget [end]
sit quietly has subevent,b'on in about is be about an from his more someone up more that for his one or your about light something more his at you to it is',[start] look around person [end]
a stringed instrument at location,b'its the day into new about what for the both from is more up it while who new that by with new while good up for their is it',[start] a string quartet [end]
most common hat is a,b'',[start] baseball cap [end]
go out in public has subevent,b'you a water an buy live is the like live of your at someone be get something in your be for some in to person a in it good',[start] you must be dress well [end]
mankind believes they capable of,b'to someone not that with good good its have on like at for by a who for the by one by his and person what be with and for',[start] conquer all [end]
mont blanc is a,b'that that out who for your with about by with from in out who when for that on of many when out his good what to many more on',[start] mountain in swiss alp [end]
waiting tables has subevent,b'you something want a learn work have an you see an you buy take not light some it its light up their out up in someone up up an',[start] fill water glasses [end]
the roots q u a n t r,b'what at this at the from at to buy be one someone one when someone more its all be his more that one it in with it you someone',[start] the moment [end]
have checkup has subevent,b'at more to hold their your be to be its a new a light an out its like in more from some at a you that your like something',[start] you get pill [end]
send e-mail used for,b'by with as one out your who at be a at this it by like to by from good what be by something you his this up one like',[start] communicate inter-office [end]
a street sweepre at location,b'have getting take might have hold become write it take eat have watch buy to learn store live might not its your person good on an see his the',[start] the street [end]
Curtains capable of,b'something that an break one it someone many by light and its his as someone and the of an someone to to out or with the as someone a',[start] block light [end]
molecule is a,b'for like of what be his be your with light to their up person it their person your new it by is as his light their with many many',[start] small amount of chemical [end]
play lacrosse has prerequisite,b'to live see store make watch someone is be more out light store from to might make like someone that you person you be live one in this with',[start] have net [end]
take bus used for,b'something might be be look to learn make one of something in at make live to at that that that some you that you many your a his in',[start] poor person [end]
french restaurant at location,b'like you in at of your like one while by by as on that from on a on who its as as good or you out about one your',[start] many city [end]
seeing your idea become reality has subevent,b'make hold live have it up a someone be person is someone make someone on out in store its person the good a like his on this a this',[start] the feeling of accomplishment [end]
maintain good health has prerequisite,b'it is from something with the treatment for their his out your an at for in from one their and and one with who is a their the it',[start] get more exercise [end]
embarassment is to receives action,b'from your good one at more someone your about at is many like it up their a this person light its this someone and as you many for something',[start] avoided [end]
in anarchistic society there is a,b'out at more on something it person a many their food about in that this more something is light an like your their your light their his person with',[start] no leader [end]
the role plays,b'your the the on one of is you get new for new for this its it his to many that you person more a a in and some is',[start] compared to the whole range of old treatment methods [end]
tying your shoelace used for,b'by their different like that and when the this while in you many a by in an or it by a more its you to person is by of',[start] keeping your shoes from falling off [end]
a grocer used for,b'as out the its on that like as that when its of to the for in in its one when its to at an to of to a you',[start] Fresh vegetables [end]
television view has prerequisite,b'of over treatment treatment by it on to while what into good from you you for for this at out more by an good and person from the both',[start] time [end]
guard at location,b'get might feel a your might find by your your at that make by buy person is someone your your is in at to it someone the his you',[start] military base [end]
fortune cookie has property,b'when something not person not the their more is out to that someone this to many its be someone be is it its good his with a more light',[start] give out at chinese restaurant [end]
going for a walk causes,b'of who for while up at you out about good of this by from out in this that for person in you to it that its more you a',[start] enjoying fresh air [end]
willy-willy is a,b'be to something your about your about an its get as might the this more someone their from out by person to something as get his this like a',[start] dust devil [end]
works of art barrel madison avenue,b'at his from at and good into up up what an light good their at something with on the an its more at at with that by many up',[start] last week [end]
this legislation is,b'in in when about their about the for their to its a as many for that on be of good a this of from you someone is is of',[start] important [end]
Canada has a,b'be on person watch that buy more that one it the to good this with by something up by on light this from light from more like as many',[start] six time zones [end]
know how stock market perform used for,b'you your an to take on by not more at of more and more for it for to it your the for like a by you person out up',[start] technical analysis [end]
eating quickly used for,b'about their live might make that is that in by a their by a at with for good be up from good that more their many something this on',[start] airport food [end]
love defined as,b'your that in that good is to its many one their this person as its an at up of be your you it light your the one more it',[start] strong feel there be [end]
dress nice motivated by goal,b'their be a in out more an that in of for from more by the this good about of that the a this your your good this to at',[start] the men to look at you [end]
the major carrier be serving,b'in in like who your on the good his or by from in his out about about to that good and from with it up it is who what',[start] Las Vegas [end]
train engines capable of,b'on to something light with get make be light light by be one out this about with on all of like and and an out in its by someone',[start] operate using steam power [end]
cat not desires,b'their his like this as for on you one as person in many you to your good what of something and an person about their out up who for',[start] live with dog [end]
movie is a,b'a you become play you watch something their on you their be its their food at at for many you a to you to you for a be their',[start] series of picture [end]
revolution made of,b'have use give feel feel not give write their not find take someone it something that be the something you very watch his that its its some an be',[start] sentient be [end]
celebrating has subevent,b'make hold something his you you take good at something have the cook it be their that an cook on their from more like one you is person that',[start] honor heroes [end]
'Life With Dexter' is a,b'something',[start] a comedy radio serial [end]
destroying your enemy has subevent,b'their on not its both a your the its an you that one with from his is by the to the for at person out his more good about',[start] you might get hurt yourself [end]
water has property,b'with in many something make might his while an with from one the by for something with you you this their in more with as it good your with',[start] transparent [end]
tape television show has first subevent,b'when who their this you take good out what on its your as their out up by good that something an all this be the person be by as',[start] program vcr [end]
giving a gift used for,b'with',[start] charity [end]
Stephen M. Cutler was honored last night at,b'not make be a it at the the new you take store something you an like from light some some his good be at the to get its a',[start] commission headquarters [end]
a manila folder used for,b'the at your that this an of at many as you a who one one is many that at in who at light like your that something of its',[start] filing documents [end]
"Tested is past tense, testing is a",b'your it its you not not their by its an during an in good many and who more the for person who his all its with with their on',[start] present continious [end]
Debra Anne Klein is,b'a is get know store what it some one it someone in light than you it something its its from by like something from with at to one who',[start] their daughter [end]
a nutcracker at location,b'more who this its at on with this while an is many you this by out your with new out as be more this their be be to get',[start] a store [end]
go to sport event used for,b'make that at is many to might live is one a not his get store a at some the as an live someone with like it more in this',[start] cheer your team on [end]
Someone capable of,b'your an another with for his on good of to at up to someone that out that its new is more good someone at on on at with with',[start] plan to go to the movies [end]
Large dogs has property,b'that his be like his what that light on it by your light it be that to person on their at a someone something as his good of you',[start] affectionate and gentle [end]
eat has last subevent,b'by more light more up what many who while it is as the person person from someone its their person who person one be like in at and new',[start] swallow [end]
semen at location,b'about a out at and a during an it you more more it this to to like one more someone this from good than your the the that person',[start] a porno [end]
A person capable of,b'its it for up in at for with this from the who that what a out it this good who the many in out an person his who his',[start] learn to read [end]
exam table used for,b'be in might look is more more by live an and it someone by in of for by for their a good about new up person as at this',[start] write exam [end]
penicillin at location,b'like of with you you is many his of in you your like an your to for and and who with good your one their their one a for',[start] cabinet [end]
some dogs desires,b'as an all live on new on your like for with its as and his that that be out good at the an for new for light this their',[start] fetch frisbees [end]
gun capable of,b'',[start] kill you dead [end]
March QUANT_S_1 Revenue QUANT_S_2 q u a n t r after,b'to to you his find from is might its make a more about in you a one an on from person your be many out that an you at',[start] the latest first quarter Hope Brook Gold Qtr [end]
making people laugh causes,b'in into while light person your that many you the of it that to with person an in what like by light to you that good what for good',[start] the atmosphere becomes lose [end]
write a poem has prerequisite,b'with many its of what what the with who from and with his about is you in by by be this on about more it many it by its',[start] get a pen [end]
spit causes,b'for by their you is who or many more with at good up someone for as who is by your a light to person and like many its in',[start] fight [end]
open business causes,b'are in their good an like your in by it by an is with an good that you for that at with as good to be the an someone',[start] make profit [end]
write letter has prerequisite,b'and treatment kingdom band on that of what to what like for many out who up to a of that and who the with like light for at more',[start] buy paper [end]
american life has a,b'something person light live light like new this its not your to you one light with be to an their a to not you you store up store on',[start] get way out of balance [end]
see art causes,b'have keep watch get have play learn know put the build one like get find be a small light might know his someone its see his one many food',[start] appreciation [end]
teach other person used for,b'his by in more to get what many an in from your with a and is of their of good many with your at something by from up on',[start] share experience [end]
gazelle at location,b'your to a be to in you something in more their of your out of a by an on its you the their one at good more with it',[start] ivory coast [end]
horse has a,b'',[start] really good balance [end]
this used for,b'of and of in in for about than',[start] see wood [end]
flower bed defined as,b'something of into out the out about this what is store a one on for like is his be with some with of out light you by new about',[start] sometimes flower garden [end]
see artifact causes,b'are with when that on its watch about be one who this your light be good out as new as more that out good someone for like the to',[start] bad reason [end]
enzyme is a,b'on good make eat a very at for its of like be an someone on his be one at their its of in be in the both by on',[start] high molecular weight molecule [end]
divorce capable of,b'is from in at his is be to in person what about an the from that be is as this a the on the person a in on person',[start] include custody agreement [end]
howling with laughter has subevent,b'to light light with person for your light it that you an is that one up your for it out as new for up up at your at at',[start] crie [end]
14 reviews included,b'what to make be hold his to person from get not it be good make is your good your live their you that good with with that something more',[start] in this review [end]
mouse capable of,b'his more someone that get store who more by a from as get you many you at out by to good of good by with out person this one',[start] life on grind [end]
dust at location,b'from many in from or it an like who its a by by of and about and with his into with you many on that good his with their',[start] under bed [end]
Antowain Smith cut,b'like with up up it something on a in this out at their good you your person with its be good is and on at to one about from',[start] wide right [end]
join army has subevent,b'make that take call get do find at take watch in one for an cook your on your their some be it it store a light their this your',[start] go to war [end]
seeing a story has subevent,b'you might see your not be find be on more on the someone to be more be more their many with make you you very that that live with',[start] turning a page [end]
stand up has first subevent,b'and like when person get like it on from as a an the a out by to person with in their their at is in the person about up',[start] plant the feet [end]
a picnic table at location,b'that light out something might get from to their you something with light in from for its an in a by for good be an out when his out',[start] at a rest area [end]
men with lot of money has a,b'like when when at when on as the this what be it someone on on their an you your from in a many you is of the this you',[start] nice car [end]
fall has subevent,b'its someone take your not person who good the large an one your all with you light the its that his one on it is many it in his',[start] you break a leg [end]
celebrate has subevent,b'it his another someone the small from store good out that something its new to from is person at its their that more their on of for is for',[start] special achievement be recognize [end]
a magnum opus new york,b'it is like it store something on with out it it light its from your light at at like of someone up his his new is up this their',[start] American identity [end]
Champagne seems appropriate to,b'not its listen like get person by at as in and with of its at the and its new while it as be many light for the all when',[start] QUANT_O_1 this splendor [end]
The secondary directive for machines is a,b'with when it you be on to from person with his for more someone of as person what an when by of for the its this and and of',[start] : Obey human commands [end]
the House had,b'you',[start] a 394 - 21 roll call [end]
an erection causes desire,b'with from what might not many more for its good than at at one of person a a to the to more someone their more for more of your',[start] masturbate [end]
roller skate at location,b'about as and of who it his it like one or this good and who you up it that that something by more it its as as the for',[start] skate rink [end]
One impairment a person might has a,b'a by and in a up on person than light person that to someone about by your his something person his on you person is his out more more',[start] is bulemia [end]
obstruct justice causes,b'on it with more to his with from with it you at with its for their for many a with the good up what be at that an that',[start] get arrest [end]
the impact of the latter is,b'of you have wear live on their light the the of being the light light someone to one good for of and as as good someone like the that',[start] modest [end]
handle proposal motivated by goal,b'is for for by many is by is out that many when one at it like light someone a this more your your light their as on by with',[start] do your job [end]
having fun has subevent,b'on up in his into is like out who more your by his who good who more and this someone on light who its from more one with in',[start] enjoying company [end]
hi-lighters at location,b'a about an who like is an who from with out',[start] a cabinet [end]
its proceedings take anywhere,b'what it in it good the many at in by of with his as someone what of about this their that an person your out this light this an',[start] place [end]
kiss someone causes,b'more the one its light his be from like store it its water about with your their person is for from on your its be someone person light person',[start] lipstick smear [end]
data concerning,b'to more live that at more of from of many when someone or like his as in for light when more when in out who on person out in',[start] the prognostic strength of current tissue biomarkers in the diagnosis of colorectal cancer [end]
empty boxes at location,b'its that at as is from that to it like you from his be something to to not many in good your like a for at from your many',[start] a waste bin [end]
philosophy of mind is a,b'when when many with and this about on by its of as as as up that a to good while as their your someone to this more up your',[start] subdiscipline of philosophy [end]
waiting tables used for,b'in a their its out that who his into from it or it by something out their that someone the to more person you new his is new with',[start] giving people food they ordered [end]
lp record receives action,b'by it might many his by about who their and who from to as its good as their up you their on like your you at at with their',[start] make from vinyl [end]
gas used for,b'to find feel to you have find you take a take at an find like make that you one you in its you person more get with someone its',[start] use as a fuel [end]
educate person capable of,b'by their for that and in than like by of the about while this to its one an a at on many from of all more to in this',[start] face hardship in life [end]
get exercise has prerequisite,b'are might it one an see in their by good that some person what you be out this on like at with for at one up good it its',[start] play a sport [end]
Hong Kong is,b'it at an is an who out it when this about on for some is it to at at this is it on one a a many an light',[start] South Asia [end]
debate politics motivated by goal,b'his many it you for at your to store and many it their your something good that to you the good something about be one the you his by',[start] have good laugh [end]
light match has prerequisite,b'in you it your of of about by with their or what more you a its their more by it this by by someone to get at by this',[start] find something to light [end]
The governor 's campaign aides offered,b'of by when his out in on while this with on into when as who your while with about when its a for their than to of many and',[start] a quick retort [end]
chewing your food has subevent,b'about than an about an is out his this on as of of one about it in on up that from person by a that of one when this',[start] you might spit out some gristle [end]
see excite story has subevent,b'with into as person for light you your into about to as with at be at the an out up their who the as by be for its you',[start] hold your breath [end]
monogamy is a,b'that about light the out while this it like light as person the that with for like on this the one when good person like more this by on',[start] relationship between two person or animal [end]
go to a party has prerequisite,b'in the new this who many good while for be more from to one like is is in be new in at new you of is is on this',[start] put on nice clothes [end]
glasses defined as,b'its that for it on out an to that like the is as many be who you this is is its out when light light be like someone light',[start] a group of glasses [end]
the company clears only,b'on more not look like you get like its an to that light more at you get for with you as light what good as an in of on',[start] specific hurdles [end]
celebrate has subevent,b'that in in that to not the who who for about your as you the out or be of person while his as new it you in out you',[start] band play [end]
A person capable of,b'be good in in in in when be person for something to very this its you its an from that an all its like be their from this from',[start] twirl a plate on a stick [end]
get some physical activity has prerequisite,b'as it in it be light it in an like a light about on from and its who his and an you is you their up as like on',[start] run five mile [end]
horses receives action,b'about your that you by your like who as as with when a out by about in his out as an this as a the at your who an',[start] trained to jump over things [end]
piece of trash at location,b'to with from what light from and more it a for person as their an by someone be out that light and in for their this to get like',[start] on sea [end]
someone capable of,b'their the this its very for and out who you you its like out to for for on all and more what something to in this at light this',[start] hunt wild game [end]
nashua is a,b'as a book in that your a from an into out what an you good with an it of more light good up to one this on someone something',[start] city in new hampshire [end]
fight capable of,b'from their this the treatment and about as his at an it up his with with your that from it who on for one good or it that it',[start] make person upset [end]
jewler capable of,b'to up at the who at their someone when get good that his as some his who by his person an an new light person to live about by',[start] value jewel [end]
sloth at location,b'by is it to its out like by its that you what it on many you to the your good who their a from like this who one his',[start] burrow [end]
telephone at location,b'have buy become feel his to not hold person its feel for you feel in light about to wear be someone that his to get on get might might',[start] earth [end]
convict suspect for crime has prerequisite,b'their all new good at more like its good about an by more is from all by is his an to with the the as person someone person as',[start] gather evidence against suspect [end]
many hats contain logos which has property,b'with to like what in your into when who be at at it what who more on one than up a with light up at this who many on',[start] esoteric in nature [end]
Overexposure to the sun has property,b'your when store store you get an many your that to live when at this the be to be one about some and like store it the water as',[start] harmful to human skin [end]
drink used for,b'',[start] quench thirst [end]
change society has prerequisite,b'as light his is your to it you at good at an out for person that more many with of this one with person like light more as their',[start] define society [end]
meet interest person has prerequisite,b'when to not have another buy a it the an be at your something their to make something get might with a one at person someone an like by',[start] you to leave house [end]
write story has subevent,b'get feel take live another get watch one good a it at not that work their store for in something as its watch up to cook someone up to',[start] gather paper and pen [end]
a group of mourners at location,b'at out is an like person from the way on all more out a like good like on to from like this that many out light up the someone',[start] a funeral [end]
hairbrush used for,b'make have give call play not write be a find get it make learn an store very light in for its have like be it its one be some',[start] brush your dog [end]
Some people has property,b'',[start] afraid of dogs [end]
find lose item has last subevent,b'make that one a something not on something is person when something that very watch is in their good good you good your an be a from of to',[start] give it to owner [end]
person not desires,b'have put learn see watch play take something be getting use learn its need store another cook something to learn to call more store up in not from its',[start] angry parent [end]
Americans has property,b'like it good some your might see light at you person up light as good many his in to get his out something this it from your by its',[start] proud of their heritage [end]
A roof defined as,b'for more good that with an while that as like on when out than up by like when by is their you good as your for is light this',[start] top of a house [end]
playing the violin used for,b'for his to see good like more who good you you his on you for person from his their light it with that is to their like more its',[start] the joy of making music [end]
woodwind instrument at location,b'to to to his by a your get light that more someone at like for the someone up in it you out about person at your your you of',[start] concert band [end]
a cottage used for,b'that out about what on is that like someone who you and from his out up you as new your it something is up it to one like and',[start] vacationing in [end]
dress and pasta is a,b'something in its be more in get something make on the your their you light good someone its from many it from like someone as your it that it',[start] type of food [end]
gold has property,b'for to a is that many your many about when the someone from who you be your that is by a something person than this and with the in',[start] shiny [end]
fishing causes,b'for what while his like of that the your his more when you a be many one up like in a as by person your something the it good',[start] having fish for dinner [end]
going to a performance causes,b'and',[start] joy [end]
personal slight causes desire,b'what person work his wear their watch the good of people be might store his light an many their store you the new its some good from all an',[start] judge someone [end]
clamp used for,b'and to might you by your or your off who in that with of as on from your when many about more a like his his who by on',[start] hold object together [end]
white key at location,b'that many their their by to on and when on his like at it up the about as an for good or to its by with about about at',[start] piano [end]
a lady capable of,b'be its call be it something you do that store on it from like you good someone and good out like light be you live its with like many',[start] receive a love letter [end]
zoom lens used for,b'in into up at with is at up someone at the more is your good you an it more person someone more an the as as person an an',[start] see distant object more closely [end]
one food that may receives action,b'to like to at by that like to something it it to live his from be you someone person the many their many good one up up good and',[start] put in pan be sausage [end]
fight war motivated by goal,b'is about this on about as a its as new by is many one than from for this from its with be for more that with who the who',[start] we be invade [end]
curtain at location,b'about for like in that something to their from with with one about to their many that a an what it be for one that in many its like',[start] the theater [end]
Richard S. Tedder is,b'have know look it some watch not store store that not your feel out in for person the small like that get the you to very get one at',[start] Dr. [end]
use calculator motivated by goal,b'by this it for their light it on your its at by on with good it that on a with this out for to to his by your good',[start] do math [end]
Fungus gnats has property,b'get look learn cook its take play the money be know to buy not call in small his good out you buy on one his an place of this',[start] annoying [end]
spend your time on this site causes,b'have play buy something not more light it in eat at person the work live an very live from a some be some store is you might learn person',[start] get eye stain [end]
success causes desire,b'get want buy keep wear it a store make get place its it store might it his watch be very their it person their new with someone light store',[start] have party [end]
soap used for,b'have getting play want hold a grow have be take someone take very store one their to see the new more for their it on food like something the',[start] wash your body [end]
fish has subevent,b'that at and and into his of like be this about what by your as one into your an good its you its its and person like his about',[start] peer into water [end]
vomiting is to receives action,b'and is when as out many what you your his an with out about with with more by the your with you at that light by its his the',[start] avoided [end]
a sunglasses used for,b'on something on your that to get from on its in it their of on their its by that an is one by good more it about it this',[start] protect your eyes from the sun [end]
see your idea become reality used for,b'about that something on one someone about many a their you good by something one to not is one on to your something your from for at on on',[start] attain goal [end]
give clue used for,b'about up',[start] help guess [end]
a choker used for,b'to make to do do buy for very be their make find might look one more someone up someone get on it light light up the their on on',[start] wear around your neck [end]
monarchy is a,b'with on more in good good someone an your from from and a his from someone at to more from your one your of for one your that out',[start] old form of government [end]
some thing only work if they at location,b'about more light good his about for like at one is the like like more to this up as that be at its their as and like your of',[start] right place [end]
exercise has property,b'a up by with someone a this than someone its you the from by an be your to the by you more be like someone up good at from',[start] fun [end]
downspouts are,b'what in be store what its give watch when small your important on its watch its to get is his the something to might find and on as one',[start] clean [end]
human interaction is a,b'are another very light like it on from of someone and to make you see his and the in you like for like the it light to at of',[start] game [end]
talking to someone has subevent,b'their to a what to someone the light be your the to get out one to something a for is you be by your by of a that person',[start] make an unusual face [end]
buy a shirt has first subevent,b'the world about of or is on all for this or more you this it like the someone more like someone more the out more of a your person',[start] try it on [end]
2 Diabetes Mellitus is,b'are a in with his as its very new is at light be many that your with out as for of is as person as is like someone out',[start] a chronic disease closely related to personal life style [end]
anteater capable of,b'of many new this a out a good at is many this in it your with that their that good to many good its out up in be his',[start] eat ants [end]
Most of the animal skulls are the result of,b'about as for out out what many and while a while one his that that as a their and their someone and out like it out what its from',[start] culling [end]
obesity is a,b'to light someone you find its in your who as to his someone in the an when something it is from be you on person a you on person',[start] correctible [end]
different breeds at location,b'more about like for light to one your person you for store an its very up who this to you store on good it this in of as someone',[start] dogs [end]
moisturizer used for,b'on their very to take a it light a it your light by like something an is new out good an on a his you like with person by',[start] spray perfume [end]
The bottle is a,b'out or closet store like light and food while out when that like is for is that as his all this many is to be your all of is',[start] casting a yellow shadow [end]
person be kill has subevent,b'to by what like light that on and of about on for a his to as be who light up in on one this light from light when as',[start] that person be damage beyond repair [end]
watch tv show used for,b'someone from for at something on person what it be might your new you something as to store the this someone a light and new one be an by',[start] pass away [end]
meteorite capable of,b'as in be see take an between live by their his a by the someone someone it for at be many new this is an you up many light',[start] near planet earth [end]
climb mountain has subevent,b'you be eat buy buy buy see eat like be go you see an your your might its like someone your person by out in get might a this',[start] bring oxygen tank [end]
Mercury is a,b'get eat play fall go to learn someone not go something do someone light their some small it you find the work in you work to work is food',[start] about two-thirds iron [end]
reading a newspaper causes,b'for than light it with someone for for their as that is who up a this from someone in your it you with a your light more you his',[start] understanding world events [end]
tell story used for,b'you on make more in might be that very another like make it with at from its it about someone an more as something about a in be be',[start] make person laugh [end]
a control room used for,b'you more many that very person an hold the in very live out with many person with an out your good the is an live than by their you',[start] checking up on people [end]
a courtroom has a,b'by someone its who who on who while by in its that from what in like or someone about when an as from as someone out this on the',"[start] a witness stand, [end]"
solor system is a,b'that by many more for out at from who a an a this as their your good from more about light to an when light this be is you',[start] wonderous thing [end]
The doberman is a,b'and your that who out is an in good who out you many when person of the both of and its while more the both to someone an many',"[start] a loyal, intelligent dog [end]"
someone capable of,b'',[start] eat a sub [end]
see a movie has subevent,b'be with with many out to see at you in by more about its cook someone someone the more about it it with on an a is more an',[start] watch and listen [end]
having fun causes,b'by on his another be as who and when in what to that like your up what on person a is light with from it good on out someone',[start] get a criminal record [end]
execute fly kick has prerequisite,b'it by a light you light your from its from his your it what their out be this light a more many you on like like good on good',[start] get run start before jump [end]
The German-English Academy was founded by,b'their out more an be very to take something make more more on its good this to very at all your like one a on a like his its',[start] a group of Milwaukee German Americans in Milwaukee in 1851 [end]
a bullet used for,b'what a',[start] shooting people [end]
a baggage used for,b'in something not wear like more is at his someone out as that an who it on for as many on is more from the by on you this',[start] checking in at the airport [end]
Toyota makes vehicles which has a,b'it with of when from it',[start] alternators [end]
Revenge of the Nerds II defined as,b'not find hold go want hold buy a make your work their you do his you have a see something get be be like very another be in many',[start] sequel to Revenge of the Nerds [end]
something at location,b'of and out many be you in that into someone in this this to its their and by be from many and of light out of all or like',[start] open pit mine [end]
room key at location,b'get play',[start] at hotel [end]
badminton defined as,b'like up when one while be as be good something is more like to his a good is you out of person good by on more it in at',[start] fastest racquet sport [end]
a person capable of,b'more and religious down during into with that be from the the your their their light by in many and in for light be light up this at on',[start] swim in the ocean [end]
some mistake is a,b'his the their all like that is that be good than something an more new person and something up one you from is from an good and for like',[start] not correctable [end]
attend meet has prerequisite,b'from an and into on it that an up about be with light than from by person who from a light this at person like for his as their',[start] get dress [end]
sunny weather has property,b'more up than be that a good your the for one in the it good an one than on out and their their up more as like the water',[start] considered nice [end]
metal has property,b'about or thrombosis along during in is who is on on you when out an his good from light in about out more is of of in from your',[start] hard [end]
eating causes,b'in who its your what as at you what by when an be something on on who the you your from at like good person many more it their',[start] becoming overweight [end]
MDMA at location,b'like when his good to find by their an this a for some person to this and with more up what in the their one more his of an',[start] a rave [end]
baseball field used for,b'is as its your more of to its for and the while an when his your into be what that something like their is many for the their be',[start] look at diamond shape [end]
the Clintons to q u a n t o,b'in as good your who an it like of who by more it with many this good many his out from it an is for this their an as',[start] the retreat [end]
swear causes,b'it to more another light with that its person and it an many with store this someone as out you one is person his out be on good and',[start] make someone angry [end]
watch a movie has prerequisite,b'when to good to you to is in of something about good something more be one more when good your a to the an at person and it on',[start] turn on the tv [end]
commit to memory has prerequisite,b'are might keep more to watch have you buy be watch one its watch at someone someone an that more like this in their your this on someone be',[start] think very long [end]
an approaching car capable of,b'from what the lot of is more about for light the the like one with one who for you their someone person of one its many its with some',[start] hurt you [end]
coins at location,b'to at something that you you it to their a with one to to something his good up from some that in its more who like of more the',[start] a water fountain [end]
a computer mouse not has property,b'at more make eat get hold be see in an with good like at that on for of of a light this it good on more is from your',[start] living [end]
bill file at location,b'what to that good by in out from good or and many of it your many his many its for with light and many at you good like and',[start] accountant office [end]
This is a,b'someone on out from to person for store in a a from from out it their and someone that that someone as store good as on their its its',[start] a bottle holding a orangish fluid [end]
Onawa is a,b'when up a house be cook at at someone on many the both like someone good like be your person by your person light more someone it for on',[start] a town in Iowa [end]
an audience at location,b'your that that someone up in you a on that to it what something something someone up is by like by this to store person person and from on',[start] a show [end]
go fish causes,b'that it light his on out is someone from the someone out or light in to not is be this who all your is is light to its in',[start] have fish for dinner [end]
A pain causes desire,b'out a of as an that to you one of light to might to some that be with many and like new from new light and in one what',[start] have an examination [end]
take oath has subevent,b'by with what more out on up with when who the one by this is like about who their light that by is in in an when many one',[start] touch bible [end]
selling your new book causes,b'to what from someone to you go your to live something the his more up his a store you good a their to a one than with up out',[start] earning money [end]
Compassion and wisdom has a,b'more to see something that watch you to have light you might person by one it his that like your its its more in be its it many for',[start] a positive effect [end]
Ms. Ephron is,b'a out who light that it as someone more a the on and their by be their this an a person its with many with light someone one person',[start] a novelist [end]
black-capped vireo defined as,b'something something in light of a the good on for of some at his an in of out with who on for on up your one who is for',[start] Vireo atricapillus [end]
number used for,b'get might to your have you use good is your buy light from light an good your a food with store by person at with more with many an',[start] work thing out [end]
wait in traffic has a,b'with something live something their the more an good out be something for some person like good their in some its all you by that at it person on',[start] high economic cost [end]
you capable of,b'in and during down during while than by that good as when at one during what is a at a about his is about be its from someone good',[start] drive onit [end]
person not desires,b'to store break on someone to you might at someone like its up its to might an be a this with be a the you the water in is',[start] bad luck [end]
get contract has subevent,b'it out is this about good many at be person be might a be their his your an store out this with on an an at one their new',[start] sign contract [end]
person not desires,b'is a by good by to to on by his many when out someone at on is light is his his about a new many your to store at',[start] be drafted into the military [end]
someone at location,b'someone you get get live take you wear the human it get very one good of something the his to your food good as something new one a it',[start] the compost pile adding yard waste [end]
something at location,b'to someone might have something on about it at be like at like their that is by of it as in up up what this out this be its',[start] in newspaper [end]
fruit at location,b'like for this like not light their you on someone to at up out out good out to good about a and in for many light is up up',[start] kitchen [end]
A dog capable of,b'your about that their more is when someone who out from by light as new someone the it like for the person his to one out who with a',[start] eats dog food [end]
hippies in april,b'his in on from its that on your from to like up what something person',[start] that year [end]
pacific ocean used for,b'when who many on an to your this like person more light more out its like one up as up up out you as for your someone on is',[start] swim in [end]
David Spade is a,b'like more light might with about with who to it up than something be its this out like from the a out at something the for this a that',[start] not God [end]
run in marathon causes,b'a like have might with in from and good than in of this out your a with on be for you more their on some on his is from',[start] complete exhaustion [end]
sofas made of,b'on someone for out to one be to in that is about for be you a at out good out with for at the the with the a a',[start] leather [end]
Apartments receives action,b'what to you more that more his not a in this and good someone more that like of of more to light his his one in with at their',[start] built on the ground floor [end]
there is a,b'more like be not something someone and you store to find and its many that the more with like out is on on like at by up the new',[start] bury treasure in carribbean [end]
Chickens not has property,b'your it food you on by get to for someone a an what in more for as from be his like many of one by new one it as',[start] allowed in motel rooms [end]
A private foundation seeking to revive part of Newark 's blighted downtown is to unveil,b'about something live that be get for very good at on person when his good like the food is for from person be light an is someone light and',[start] a $ QUANT_O_1 plan on Wednesday to help transform the area into a round-the-clock neighborhood [end]
go on internet has subevent,b'when light out a for as from to live their as for with one to new the this is with it a you be by light in is be',[start] spam [end]
fire capable of,b'their might many all about that someone in is more who your his in the like from about by it out the someone to by from its that from',[start] cook vegetables [end]
"To ""act"" defined as",b'are you take it like light on get like its wear at more and more someone it light and is be a one at his person good an store',[start] proceed [end]
The Loan Deal goes through on,b'by from be person not not by who from his what one good your new on of as new one on all at person good the as something good',[start] Oct. 6 [end]
kid capable of,b'have want person someone someone an look light an play at be a call not person something you go for from its know the human light something his get',[start] be brother [end]
job is a,b'his your an as be be his like person an what like one by something this up from more your light it than its at its one this light',[start] student [end]
desk drawer used for,b'',[start] hold item use by office worker [end]
can receives action,b'with someone have getting something take you in get more on something a to their you with your and some of you from like at person as some about',[start] find at theatre [end]
A comforter is a,b'get to watch light to do at make a his more in with out something you his out like with for on store up at store the its live',[start] someone who gives comfort [end]
run has prerequisite,b'what in a on by their or many be as something good your for new as out more with from this out it by in someone at many out',[start] just do it [end]
The Concorde supersonic transport is a,b'its all like this up at the this by many someone out you like the lot who all is from of their by person at the all for like',[start] a beautiful airplane [end]
Elan Pharma conduct,b'when light light to person and the by their out his this about this good of person or his it for for in with the out to like to',[start] marketing efforts [end]
Many offices has a,b'and off by the their who through more the her more when for someone while one about its for person on his a for new the new as by',[start] canteens [end]
I has a,b'make something its play another watch is not you something store an go get to learn its it get good something to store good light with out it their',[start] too much junk [end]
bone at location,b'at for by it when for you his when light like more an from to a someone his light to good be their light your by that person their',[start] church [end]
bulb defined as,b'in be get call do get find someone for store someone you many with an and his more up it store is this out out this one as your',[start] seed of some plant [end]
a baritone at location,b'his up might it that for its its out an good out more out at with you that a from good to live or on as from something by',[start] a singing group [end]
xml is a,b'when in or chinese the to light be be this by at as their by for from in it is out with a good his at that your one',[start] modern interchange format [end]
Steven Lonegan ran for,b'is your get get learn with your light it an it on a for his by its his it out what is something good of like new be your',[start] governor [end]
Brake lights has property,b'its more human look have your many not very your your in more more something to to person a at their an light one of a light light as',[start] red [end]
yard used for,b'more and out the good is that to to your at at one on his be as by their about by on more you in someone its is by',[start] distinguish property ownership [end]
clean your room motivated by goal,b'by more one their light by by the as one with like from by from to in person it out your and of at like and someone someone who',[start] it be clutter [end]
a diva at location,b'you do to get might you person get hold not like make you someone good is light on from not it at light up his with a to its',[start] an opera [end]
wait on tables has prerequisite,b'as an their from on that you with what their their is your good with your who in is up an about person more be someone who for light',[start] get a job at a restaurant [end]
cash and credit cards is a,b'for to you your be good when a by with light and his this when that good out your for that like his of that someone out the is',[start] two ways to pay for things [end]
take stand used for,b'not be learn look play have find find know feel watch take be the someone one very get food to cook with on a a very on you on',[start] get what you want [end]
Recent research at the Medical Research Council 's Environmental Epidemiology Unit is showing,b'by is good light from with it than this on an who an this its as is of one up on your from many for and be of from',[start] that impaired growth in fetal life have profound long - term consequences for health in adulthood [end]
a sound used for,b'and down is with many with at their their you your this when it what to more of its by who an at your someone who the in is',[start] listening [end]
skeletons at location,b'not look want someone be know feel you buy more store at might someone like be make their person to get his from many out of many like an',[start] a museum [end]
the cop capable of,b'about when person get very person on some your their be from the by this be at at be of with you to like this be as your their',[start] direct traffic [end]
Light in the window is a,b'not look get make give your feel on get something his see from their find your live light like an like an small some at something be food on',[start] a sign [end]
motehr capable of,b'',[start] sing to baby [end]
a toy car at location,b'more his make find very have buy learn be watch you wear their their good out from from his in you many one at some as from good its',[start] a house where children live [end]
drive to work causes,b'of into from this when to by many good while its what someone it it that on from who to as its to new an that for its and',[start] promotion [end]
notebook used for,b'someone their food that like something you good and one up that its the that of some from to be light about of be by many more person his',[start] keep note [end]
the law takes effect,b'of for this a and this out than a from you about your and your a its of his more like is the both his this on its at',[start] Friday [end]
The 4MGS was,b'his at not light a be at out something with some by good in to someone one be some person on its you to not that this with for',"[start] the 6 min walk distance ( r = 0.477 , p < 0.001 [end]"
attend rock concert causes,b'by by from out who more is an that with their more an with an their to their while many be to it many his the out with something',[start] hear loss [end]
notes at location,b'',[start] screen [end]
bug has a,b'to his see get cook live something light by it some some up in with light one with to it like many this in out from one good to',[start] leg and wing [end]
student capable of,b'are make keep play not feel the have learn their the see at get you find that one someone your with person someone store the its live out by',[start] learn about literature in school [end]
a neighborhood map used for,b'get make move getting wear know put work it get live their it good more more be get one water a store person his small like you you one',[start] navigation [end]
watch movie motivated by goal,b'a someone have call you use something their for a person the water its some food you more light to more person a store to its be food his',[start] review be good [end]
Safety pins is a,b'',[start] sharp and can stick fingers [end]
meet person has subevent,b'not find',[start] exchange pleasentries [end]
turn something off you capable of,b'by about or the object',[start] this to leave [end]
child receives action,b'their live store for is something be light at more in from of of more person his more a someone from someone on out be light his his person',[start] teach to hate and fear [end]
one space shuttle acronym is a,b'make keep keep you play in a human something with their take something your work its do might make something is watch the your his at person your many',[start] adi attitude direction indicator [end]
jump up and down has subevent,b'that as its light your its a you from person the its on for out your light about it out a your to on many up you their out',[start] break leg [end]
fountain used for,b'more someone feel do buy learn something good store their this for their that in some for for you something by be on for new this and their one',[start] dispense drink [end]
water at location,b'and out s the steps or good s while for the your at to is your at someone their this good of is at someone who that like in',[start] a bubble [end]
Chewing food in the mouth defined as,b'your by person water a you his its many their it as you be of in something of an a you at some in their in a for to',[start] first step in digestion [end]
someone capable of,b'his like from to live on someone on more to more who as light that more good for something this to a something the all someone you more by',[start] create a new form of life [end]
Valentina Alexander emerge from a haze in,b'on in his who as its with the at on you an many by for the to of many on it out in the with by be for their',[start] Zinda Williams 's stunning African costumes [end]
coreometer is a,b'more a money store work in at your this out to more you your his something as a new one someone person is out its person their to many',[start] pupillometer [end]
improving yourself has subevent,b'its that like a by at is your its his treatment at a the like you in like their one its is new their that your that its with',[start] join others of like mind [end]
some flower has property,b'to find your be more on at something of its you something and their for many is from from by by for more up than a in that be',[start] edible [end]
Most people desires,b'something what watch want feel your his live be someone store it that something more than a live their it many something up at it to for its like',[start] have friends [end]
you shake has subevent,b'a your from is the and or on more many as people for by food the it more out what you at good up is his in you you',[start] rattle it makes noise [end]
rain storm capable of,b'and at this on be a is a treatment by up as a about is than a good with that and the of someone with you from on someone',[start] water lawn [end]
Music causes desire,b'when what have look feel look keep be good for watch get for light for something make from be an is a water who many something the on by',[start] relax [end]
make patchwork quilt has subevent,b'you do not be more with very good it person its go is your one of good person this out in one an at store many a water his',[start] cut fabric [end]
person desires,b'at his at of the in this as person while more up the all your person a to their for you many is their someone many and on a',[start] anykind of sex life [end]
subway token used for,b'from to get look in from of light is for its you from your be someone by this your to in up good or something about his more for',[start] passage on subway [end]
Pittsburgh and Boston both has a,b'like what light live its is one in good that up of out in with for one from the at light it in his new to on up person',[start] old things [end]
reach tentative agreement has prerequisite,b'at their with the who many in light up many be is as someone more with and many as someone with it from its of person at its in',[start] communicate [end]
cannabis at location,b'like of in of their from what good is something in out into good an the this your his that an your this the to person than out and',[start] growhouse [end]
it receives action,b'someone in like more good out out more good a your this this his many as from good on some your your at of an many by a that',[start] clutter [end]
anyone capable of,b'with their person get get make make be one out your at make many like person your person someone by good some more this your to with from light',[start] judge person [end]
a dancer capable of,b'the your like get store more of someone on from person what many all of new on their more for that with you at with his more with by',[start] dance in a competition [end]
map used for,b'someone a than the as make like that you you on in their your like make up good it what someone like for light this your a person something',[start] locate rest stop [end]
The U.S. increase aid for,b'you not go become a look buy look keep more with a you someone get that that might know some by their an store and some by that some',[start] birth control to developing countries QUANT_O_1 [end]
get some physical activity has subevent,b'with you to at about be on his a at you that by a for be and their out or more person who and one you as like be',[start] improve your health [end]
bob dylan is a,b'the from a get to find that of in person what a you out like it up on and his be this out who you light out out one',[start] lowrider [end]
clean clothe has prerequisite,b'not live watch not do someone that find like with a for more an new many be by it and this like something the by new more something the',[start] find dirty cloathing [end]
at top of arch is a,b'for about something store to an or with more you light a when this their out that up is that something on their a their person than more with',[start] keystone  [end]
a restaurant be named for,b'out you you look to someone what for get have it to see his store its store and one at your their good be live for new up in',[start] its address [end]
food receives action,b'on from like its for of in its an you who with an it from many be their this at at to be as his it like person the',[start] purchased at a mall [end]
San Francisco has property,b'as in their its good good many someone an for more when your of your the a like up by for all to one it at his out about',[start] close to Oakland [end]
elephant has a,b'in who light some you with more you good you someone from someone his its his is by something you its like it up that good to their on',[start] leathery skin [end]
a library used for,b'you your food off for out with on you that someone in get light your many is an your this by a up an in at at for to',[start] reading [end]
attend lecture has subevent,b'its what might your about at as you is of that an the as something good and from with an in light in good or its its its one',[start] sleep because of boredom [end]
go on internet has last subevent,b'when be be live your person be their to not live on with its at more its some his something light by light with by as his you many',[start] enter address [end]
send criminal to prison causes,b'when and',[start] good society [end]
condiments at location,b'a is store more at one in it with you the something a be that get many for good one out up person for their its is by that',[start] at dinner [end]
deception has property,b'be buy give find to not not the take hold one like small be find light by that might their light at on someone of in store a its',[start] bad [end]
great athelete capable of,b'of while about what on from on when with his about be their more to that to your and and is by its by at the good their by',[start] smoke competition [end]
become a scuba diver has prerequisite,b'',[start] learn to swim very well [end]
a finger used for,b'by more your as to be up the new of some about be this his the on their one the is more an as your like on you its',[start] wipe tears [end]
win baseball game has prerequisite,b'to at make keep be like with it to take its not get at light his light its his a that you that might the out be is one',[start] play baseball game [end]
Lois Epstein is,b'have buy have to buy give feel have have play it live learn live his live make good the light good it it some his like small his someone',[start] an engineer with the Alaska environmental organization Cook Inlet Keeper [end]
something at location,b'with when in and while at from about for about this the who with that at is in more his with on and by for that one in their',[start] top a mountain [end]
low animal has a,b'what make write to play like have like person your place store more something more his some the this in light new to your that this good as someone',[start] few or no emotion [end]
pay bill motivated by goal,b'have move getting need look might bad not very make wear see it person have might be get be something very its cook many might get their be many',[start] stay out of trouble [end]
castanets used for,b'by his more store of good between this up by be about their be a this their light from an light a for food on in is up their',[start] accompany spanish music and dance [end]
entertain people has first subevent,b'be you take feel be feel see the human get it on a see good a not someone some more with your light your with be live to be',[start] put on music [end]
go to bed used for,b'it that with someone up good many of for the way or good and something your their as light a and with the the light someone and on of',[start] rest and relaxation [end]
spacestation mir at location,b'make make play get know watch do play find to write in one its go good it its store his like get a that more its someone its watch',[start] orbit [end]
you eat when you has property,b'and for what as that or out out your into as with be out that to for for you his at good someone be that of his its in',[start] hungry [end]
learning used for,b'to to you his as for your that and up the when up his its their that person or their as you his up person for an for an',[start] inreasing knowledge [end]
Mora became more of,b'like with your his its your for their and light up this this what a like in their at this and from someone and someone your his and their',[start] a fan [end]
do crossword puzzle has subevent,b'that up your at on on like with for that out what to for the like with is like as is it what as its more someone a its',[start] use eraser [end]
read a book has subevent,b'like a a one that in in of of this more and many of more more what what a up out an their by all is their many from',[start] you might learn something [end]
releasing your energy causes,b'and over down of with it a while what about on you the in that for a your good or of and that their of your as one when',[start] explosive power [end]
going to a play causes,b'its more someone at this as light of a new his you the for this their for that one an out the someone to get someone with and an',[start] entertainment [end]
the Quinebaug River powered,b'by than light in what and or what as good into that you is their it his who the at this person about you out from its with a',[start] the QUANT_O_1 mills [end]
sometimes weather has property,b'have learn take see put store play learn make something to use good very learn a human new human the it their make to look one you your your',[start] bad outside [end]
Senior citizens capable of,b'when with of of for who the while about you a while out',[start] enjoy good health by exercising [end]
telephone made of,b'their in be it it on on some to be an as the as like it at his one from the more one one someone as on an many',[start] electronic part [end]
get exercise causes,b'in you in their on their like when more out like is like his with with one you be is to from person someone and by for light be',[start] get healthy [end]
a coffeemaker at location,b'get someone something more person one an see up out for the light on small of a this new and his something from store with one their light person',[start] a motel [end]
someone has property,b'to might it at as for many a as light a is about its at as by by person at of light his light in one it from more',[start] very good with write word [end]
a person not desires,b'have be buy be it person someone their to look out person one is wear on someone its find one your an tell person in food you some something',[start] be dirty all the tie [end]
visit museum has subevent,b'when might be to get his on by that good you its one his you something up a good person the as you to get more and person up',[start] decide to become artist [end]
A student capable of,b'at of members into from and and the by to someone their in at more like as from its you its his in to an who more when that',[start] listen music [end]
Male martins use the song as,b'the for from good their from on to out at of person by his all his at with something more up when his someone a his to for an',[start] a to a mate [end]
a frying pan used for,b'a that a your his at one by by you it who someone a by someone someone in person the light that for their like in to their that',[start] saute [end]
Forest fires cause the sunset to has property,b'its what watch want feel his might good up with from an out its with out that for from from someone for as the its of on many light',[start] very red [end]
apple juice has property,b'like more his be his might something at get one about at this their good a you is more you something their of new his on something up to',[start] refresh [end]
Floppy disks not has property,b'your that you buy watch a more his something his your new of that something a the as store and light something a something in more be this for',[start] longer floppy per se [end]
build cathedral has subevent,b'you his get a might keep another to find more at good at you do not by one up light about light something more someone on more for its',[start] architectural renaisance [end]
person used for,b'in by who be be person you like good for his to of you and for its his of some what this what for someone in light good be',[start] sing with [end]
horse hooves is a,b'to what store food an want his have you hold more to very to buy out with by light from store that from new like their someone in some',[start] like human fingernails [end]
swimming causes,b'to his with by you with like for up an you you not get be it many about your many something by his an someone from out as that',[start] water in the ears [end]
rail at location,b'on who in you something that your what light about from it from by to from by his who and by about by good or many your at be',[start] flight of stair [end]
child capable of,b'his its their good light you with its a all to like is up good the and to like and like like for your with on its more and',[start] act petulantly [end]
suzie is a,b'that in their by when the on who up it of of with the out up in your that a from to at someone a up about to person',[start] harold wife [end]
a pillow case at location,b'out for who who his it by an like something their a their as water or of is your the more by by it someone and good as in',[start] a bedding store [end]
driving your car has prerequisite,b'your his on the like this an of for on from that their as by person at its by one or for light at his it for in person',[start] gasoline or petrol [end]
flower capable of,b'what watch hold work like a watch good you to know some something store your on store store their to new something in the to watch light from many',[start] continue to grow [end]
Michael Jordan is a,b'and of for what it out off and who over of for like on an when on like into an in by this with out like more their this',[start] a good basketball player [end]
mole at location,b'to with your out their many his the his and many it when light about person than someone from a and be their their it the light than many',[start] underground [end]
milk at location,b'you at as get that be take the their live up on your good something the out what it your that it at on from out his their with',[start] carton [end]
driving used for,b'the her religious chinese up who while that out this or that it their its most the his his in new of that on the your as one in',[start] those who can see [end]
play basketball is a,b'for',[start] form of exercise [end]
mandarin oil receives action,b'what a a off someone something something about on something more of out be the you store his might cook at all and of his the many to light',[start] extract from fruit peel [end]
visiting a museum has subevent,b'on on of their someone your in about your good and more to of as to many this someone who its an what good than and this its new',[start] buying a souvenir [end]
Inaction capable of,b'to live at when make to his more who store their out be the that person person with someone to that in as with person about many its his',[start] box you in [end]
climb mountain used for,b'to to make go a watch',[start] adventure [end]
barley is a,b'from more for to light more when person out that be his is at that it be this that this from from you like be of many at and',[start] domesticate plant [end]
Participants were followed up,b'get call something get get do watch know be it to watch in more more for one be be with you see the more his might make his this',[start] during April - June - July [end]
butch has property,b'for more human a large out to in by a good out what something something that you his more of one their to more is and its with that',[start] unlikely to be vegetarian [end]
compete against someone used for,b'something for out it by the his your that for a your and your from in light you out up it of a with by at with more be',[start] contest [end]
ice cream may not has property,b'in good for about it up about your who about who who who its that an from their their at a many that what who on more someone this',[start] healthful to eat as some herb [end]
A ticket used for,b'their it person food up up to very live an for it than like its with some this up up it this person who someone for at good in',[start] gain entrance to an event [end]
a drum at location,b'what you might more get at its take the their store of in more an in his one on good at on like light good for on from from',[start] a musician's home [end]
a rosebush at location,b'by about with about many is to to the who to with one out a their one the in someone more as with out and who is their as',[start] a garden centre [end]
start family has subevent,b'make that get more by see in another be very one is make their be is person their you store for its find their more their with that its',[start] build nursery [end]
determine the truth has prerequisite,b'their another take his you live with very at is an an someone out light about his someone the you be his of many in be new as your',[start] look for yourselfr [end]
go to laundromat causes,b'make in be to very not the the many very not not many someone by the as something someone like an the this from many and his many from',[start] get your chore do [end]
his foreman is,b'when its good a get live your one for it you from at be you for at good for an with on a this it light as to some',[start] Max Pierre-Pierre [end]
i capable of,b'from an from a about and than someone while many your its as your while to one who with be you for by this you up for his good',[start] walk far [end]
globe is a,b'for his it in for about the and to on and for what it more and be for be as more by for as in to light and person',[start] spherical map of earth [end]
apply for job has subevent,b'something by this you buy see go to your place have good an person with in person his that be their more to an more up good like person',[start] you give out your resume [end]
Compliance with applicable statutes is a,b'not in from when their like of out a this a in as out out from up their light an a to to one about many their to person',[start] a core company secretary role [end]
Humans has a,b'for to by as to about when their many what or about more out by a at its this as more more up like its up their your and',[start] 2 ears [end]
lecture at location,b'',[start] conference [end]
a closet at location,b'out it some person get not someone like with like is with person your their this many light light something that out his their person like with more a',[start] indoor paint [end]
there part of,b'and it on be out is who its many by while by that a all for person who your it his an for one it is person an many',[start] south carolina [end]
A man capable of,b'out as many light one your as water that is its his person than some on in as your is many and and and his is it the is',[start] grow plants [end]
tree not capable of,b'it to look your on your of light be that it on store than good of more light its like in all your out of some on many in',[start] walk [end]
a still body capable of,b'when this something to watch in be good about in by good someone at at many its one in person good good with many in as your one up',[start] water reflects its surroundings [end]
A construction worker capable of,b'of treatment in someone with you on someone or what more his while good their with at up at out from is in be and and good while up',[start] position a cone [end]
ICRW is,b'in your the the your up you you more from something out with your his in is someone by this in its on someone like someone person about your',"[start] a non-profit organization headquartered in Washington , D.C. , United States [end]"
a viola used for,b'its this at a good with an by by that their as light when an about in you many up an of for on about and is their for',[start] make music [end]
a rock capable of,b'more a store an his like more good their out it than the something to to might at one an good his in good it of its it at',[start] trip a runner [end]
play game of chess has subevent,b'get hold getting read be do not make go to be go more do see your small might be good your get the your get get many good make',[start] check mate [end]
go outside for an evening has subevent,b'a from his good about be it more up at many one up that person about in is his of of new his for more on for for many',[start] leave the house [end]
76ers has property,b'of out with be good like and light his many that his who many and out about your from good of in to all who his is person out',[start] go to beat lakers [end]
post-traumatic stress disorder is a,b'something someone for and you on to work of is at some by be in of at to their to is more up as with their out like you',[start] anxiety disorder [end]
a flute at location,b'his for this in good a this more be the out his the a good and this more is his on it in the be some from is with',[start] a store [end]
shades at location,b'about from from with many your into up of like for your you about his out by on you like this you is this this with their more for',[start] a pocket [end]
locomotive has property,b'the someone on more you be at like to be like person to the like more this out like good at from on more be is one one you',[start] powerful [end]
trigger flick is a,b'out out food with his at someone of all good by to more it is an more who as out that be at like many to your is in',[start] error in pistol shoot [end]
a cash token used for,b'you in from be with in a for get with something it out that might your and and as the at from about is not to to live his',[start] using instead of cash [end]
a ball at location,b'a for a out more is that water you food like from their an place one who a someone person in food or good by food you an light',[start] a soccer field [end]
RJR Nabisco has opposed,b'of of or over as with',[start] an immediate spinoff [end]
A store capable of,b'by the in his with and of of good the while to like who to its what good of many is good from by person when be his one',[start] stock up on cheap goods [end]
Members of the AA has property,b'that by an to with your for many good when this more its and it or to you the while it by at for his the someone to many',[start] less likely to drink drive [end]
play frisbee motivated by goal,b'with on in its of as who someone for you by in an its be your up for it with this his someone when good his and its it',[start] use your muscle [end]
comforting a friend causes,b'you on with more up what the that take one is the out good from of out by a many of that a at many by you in more',[start] crying with the friend [end]
wait on table used for,b'to with on with up someone is who his more his out when in at by from about out for you an this this your for their is this',[start] earn money for waiter [end]
many different ways to put furniture at location,b'their its the people what in in at its both for one to not out as his good with that light in all at his in more his and',[start] a room [end]
meat at location,b'when who both is many in from the it or good that all of for all like it like from of new it like and to many to it',[start] refrigerator [end]
automobile has property,b'its to watch know it make at many an while of by their with by in is from like someone with more of all someone of of this from',[start] beloved by american society [end]
have food used for,b'',[start] entertain [end]
lose consciousness has prerequisite,b'his more at one more someone its his its many its its something as on your many his your a who your and new out what at its that',[start] lie down [end]
write tool ballpoint pen is a,b'what for who light at a about up the person when someone for the all at like a a at is his at someone this up by his this',[start] modern invention [end]
something capable of,b'not it for something you be someone the it an out one what something your from on the its you something is you in one their for you that',[start] climb a tree [end]
it is a,b'like it for who not a this from person at someone and more good like on an of the by this someone in many their good up your someone',[start] place to launch rocket from [end]
a monkey at location,b'its as at the while who about by to not the their from who with many with about what for with it on as is with with be when',[start] a banana tree [end]
become a scuba diver motivated by goal,b'have make need get eat put have might fall get you become know not be watch on hold an you watch make watch at someone that an watch a',[start] traveling [end]
do housework has subevent,b'are person not good their small from at their like you an the with some one with your a in in something an for you more a the be',[start] you vacuum [end]
student capable of,b'',[start] try to study [end]
go to mall has subevent,b'and in you good you you more an through in is out as by one while his a up you as is from new by in is many it',[start] walk to mall [end]
person not desires,b'it',[start] be rob [end]
network has property,b'for the blood world on its s for for about that what on their when that with its its when out by like of someone that and for this',[start] good [end]
You capable of,b'for at by with as as your while or to when that by good into out of from from at one the about of light your it as new',[start] buy little with a copper coin [end]
Dead people not capable of,b'get find not find hold someone it live in a large get someone good a it by water is some be the the many an cook on from person',[start] wake up in the morning [end]
play sport has prerequisite,b'you are give go hold hold look learn not buy you do an to not light for like on live to the a might its one good their someone',[start] buy pair of skate [end]
Sperm cells not capable of,b'about like and down and between the from to by to many for is on its with for someone in by out',[start] live in your throat for long [end]
The ABC classification may contribute,b'on on from you its who a an as good in on be like you about this out be this be of you its you at some your on',[start] to primary care of digestive organ practice [end]
the national guard capable of,b'make hold use write see good in to keep hold live in with the cook what very to buy their you their new it in out be something it',[start] control that angry mob [end]
Many websites advertise insurance capable of,b'is more new good that someone something to good one light its a a you in the it with in to its and be its an the their that',[start] provide savings to the buyer [end]
Lack of nutritional understanding causes desire,b'by it might live an out for be what for the all and of all more by the all someone an a by more light with like good of',[start] eat a hamburger [end]
water receives action,b'of your on of in than into or like it a of with when light up than many you of this what and to a when this by the',[start] find in well [end]
Mr. Ellison mr conway with,b'that light something to good it what like this for something on it with their you its and light by one something is you an an as that up',[start] a chance to reply [end]
another person has,b'someone when small this who you its new its their out one your it with be for with someone someone a this a as water what something good his',[start] stock orders [end]
see movie has prerequisite,b'its when its out up as like at someone his their like an of more or in at out with his many like for this like an who on',[start] buy candy [end]
go somewhere has prerequisite,b'get buy have go learn put something watch do good you be make take a be his small another it make more on food that its it for their',[start] go outside [end]
a person not desires,b'someone when his his is to the that like you live you see a very of good their person the you from something your all and an to many',[start] stress [end]
hematocrit test is a,b'of about is in your out out your out many while who from it the for is more this more this with many person its a its as that',[start] gauge anemia [end]
Gwynn said,b'is as like your something as a you might with about about in about as its from this with with from that that an good as on about from',[start] would move on with his life In his first interview in QUANT_O_1 weeks [end]
this car has property,b'of from in as who their on into it what good at out for and an from someone or it at their that his good of good a who',[start] park parallel to curb [end]
many of them climbed over,b'',[start] a lot of harsh terrain [end]
a dead animal at location,b'the blood off of on by out between with their both to good with someone this while an as a treatment who with that as your many person an',[start] a freeway [end]
loss of love capable of,b'to someone that something to feel someone and more about is a as that a person it an for you you is out that you store be many it',[start] break your heart [end]
burn grease capable of,b'make for this good an need in it this it up of to you take one when more the is with one more than is person more by on',[start] set wood on fire [end]
pepper capable of,b'at from is their for from for and of is of is good the that it or in person his that like to be you and from to to',[start] season dish [end]
a telephone booth used for,b'your and on their who is who be your be by of its the its someone from be many of person their you a from for be his out',[start] superman to change clothes [end]
someone at location,b'with a and and treatment over out for while or about an your its with his than in by you light while be your that as by at as',[start] the toy store [end]
their pressure receives action,b'its from one the to the with as out his by your as good a more this by this on for you you as their on who is as',[start] check regularly [end]
One impairment a person might has a,b'it your an live and person up light from by many good in all their an who more someone this you their from someone out your from with your',[start] is coronary occlusion [end]
a box of chalk at location,b'their in it the by with more when with what something for and that out is with it to someone and on many to live from who someone than',[start] at a school [end]
Chris Campbell is,b'what not get keep live person that its cook the large good out something the from like it as its you from at this an not the for a',[start] linebacker [end]
A blowdryer capable of,b'someone are catch live is like the person about get in more this its store at as his many from it at their as is from like in your',[start] dry wet hair [end]
stay fit causes,b'with out on be at his you that good at person who for this an or in it person about from it and a his of at like from',[start] build muscle [end]
Beds is a,b'out a your it in your as live their many a with like the for this your at in that the his their person you an as as light',[start] sleeping in [end]
Chronic respiratory symptom measures included,b'to store one up the live up with in for many light something about to something be his a with this to light and on and as in from',[start] breathlessness [end]
take a walk motivated by goal,b'to light their on the who what a from as one on in the for out that you the out an with for you person of many by good',[start] feeling better [end]
park zone used for,b'are for of while for by more is person on this at the up to their on to a of as something by from in by light that at',[start] park automobile [end]
hydroelectricity made of,b'it it some new as live on out a their the out this your for its be this for by his and with its by for your it person',[start] water [end]
a good offer causes desire,b'with many live something one to to your be about of his his is an his for one as and by by a and their up at to its',[start] sell your new book [end]
jumping at the chance has prerequisite,b'out',[start] taking the opportunity [end]
goalie at location,b'by their for someone as for with of about your is is what in at on you in it like its good out up you one and this out',[start] soccer game [end]
jogging used for,b'out as someone an up about for their with to to for it or an on someone when his your your the as out someone to by who of',[start] getting places [end]
a garage used for,b'that good person on as a their for their the of your his more light who new their its person in the your as to that and light good',[start] a mechanic [end]
small lake is a,b'a on about be might for the who',[start] pond [end]
view a video motivated by goal,b'their person his on with with up in light the is light good as his you a more a at its many you a like it in by for',[start] enjoy it [end]
water at location,b'your up your on on on a someone while the with with with is that from like their it with someone a one who from your for good than',[start] three state solid liquid and gas [end]
someone at location,b'by on to for an over and many between like an out with its is than as about someone his as their the an what is is at up',[start] a massage parlour [end]
canada goose is a,b'make do',[start] large north american bird that honks [end]
fan in someone hand not has property,b'its by to might to more for with someone an cancer the one into be at out than one many a for one on their by light your your',[start] electric [end]
massive amount of propellant receives action,b'be something good at with their as one from out to get not that their someone who this your all and all light your person in one to store',[start] require for orbit insertion [end]
Repeated measures analyses of variance examined,b'be you watch not you get do someone to live be with more be have the with on to light is an person from an many you some your',[start] changes in blood glucose [end]
a train station used for,b'what to do someone its take to feel be your find make more be like a with the human in more up it his that their a up the',[start] taking a train [end]
miss curfew may mean receives action,b'as as from of when as of who the by more about of is about for to the at on someone your the way to as your many about',[start] punish [end]
a person not desires,b'make in out like it person someone that get might might watch as someone you get you an get that store it good good one in its make good',[start] be devalued [end]
lie has subevent,b'that their in an that someone to another with like their light someone in many to to be and more something up good you by you up person who',[start] pulse rate go up [end]
eating vegetables has prerequisite,b'make at something his your more to buy take store for see their something someone something of all by your their light than more that that for new you',[start] vegetables [end]
a paper menu used for,b'about who be get take might his by with in it your for and is his your you out out you on with for up of your someone that',[start] giving to patrons to keep [end]
fireplace is a,b'it be eat take cook not it your a it one good out one some his out on at its some this by a its more as its that',[start] desirable addition to home [end]
Senators defended the vote in the name of,b'not someone that at by someone good this more it to like someone it with person like more their its a something to you your one its someone as',[start] ethics [end]
Employment is a,b'by you have something store you your it his many as like that this at like from more to might at of to as is it on up with',[start] a crime [end]
tickle has prerequisite,b'its who your while by in on the what one and it who and its that light that the good or at of as many a while person by',[start] find the right spot [end]
Smallpox vaccine has a,b'get live store water water by you you buy someone on be that see its the one their like at a large with the good more for their person',[start] a shelf life of 18 months [end]
going for a swim used for,b'of by that that in the out who at a your an between be from at with his like the out like their to for many and out up',[start] going from one place to another [end]
soldier capable of,b'their you know to find it for make that light their many many their be is it someone at some new in their his by your of in in',[start] storm fortress [end]
drawstring bag is a,b'your for at the in in you be that at at of of new the this from by from more to out this good out good it when to',[start] good laundry bag [end]
saudi arabian gazelle defined as,b'it down out your break a object with this person about for something with like a person and this in the light its many to at you by with',[start] gazella dorcas saudiya [end]
saturday defined as,b'have to might watch with from with light out that look up be in small from the one about and is more is an their for for is out',[start] day after friday [end]
society receives action,b'its to watch to like in it than what you someone someone you its their in at on their as at like on that its new up than from',[start] compose of men and woman [end]
one of musical notation clef is a,b'that with it a an about it you as on a out you person its it is be the more something that light that by light like that and',[start] g clef [end]
child capable of,b'something more not his be with is their to like good the with someone light person be person like by be many person like their this good something light',[start] choose to help their mother [end]
awaking used for,b'the your be make someone to person light the new who some at by light your an more up and some its to at all and is this someone',[start] going to work [end]
moisturizers used for,b'like by from light be it what your for to at more is out this you by good at you good someone like up you by one more like',[start] hydrate [end]
entertain person has subevent,b'like is by up his in as their good you someone his an light out the all you might new of of be and new it from in of',[start] serve drink [end]
shower used for,b'for an of during who of with many to light as on at who is or your its your of good who his by your its while you person',[start] prepare for bed [end]
wash clothe has first subevent,b'when like when by of with an while his on about their for and about at your is you their this this that their who up your by someone',[start] dirty clothe first [end]
Hard capable of,b'to on good make that your like up to its on as it on of about something when their an in at like the his when their good their',[start] casts a defined shadow [end]
commit to memory has subevent,b'something it his might your what your like that like on to another be on as out someone that that some is this its their is more an that',[start] create mnemonic device [end]
bathroom at location,b'by who someone get light you to their be one is new like something is out it light that it of some it something be that up their up',[start] bookstore [end]
the locals speak,b'its good an be hold his when live you an one their one at its an from out their you by their many an all up be to on',[start] Taiwanese In Taiwan [end]
buy tickets to that sporting event motivated by goal,b'what be a watch at more be might take some to look up with store more its more an many his you some from on it is more its',[start] go to a sporting event [end]
not all scam artist is a,b'with for that a someone many be with of of that up who his this up as the as at person his their that light at something many as',[start] con artist [end]
person desires,b'it down over about by your into like your an of light good by on new and at with it good with at that out someone at your and',[start] clean cloth [end]
A recent cartoon playing on the popular movie had a circle of,b'on or for up to like in at that by on from in as an it at with in of by his to of this up and as out',[start] political first wives looking fierce [end]
annoy your brother has prerequisite,b'be person store store in to make is like an out who a with your more with an light one good his at that for you the some up',[start] repeat everything he say [end]
lose weight causes,b'in good some for be you for to with by a out by the good his out more as out it about a all out as something on from',[start] hunger [end]
a sink at location,b'get hold to to cook by watch is get take like store with your call by you you the an you their you person is another many light out',[start] a laundry room [end]
set cup on table motivated by goal,b'to store for from it you to you the the with it something like you get is the it a this light that store many as something more to',[start] it be too hot to hold [end]
riding a bicycle has subevent,b'with many your an that a more who many an about many out of the of at its when at good like out it many and to new you',[start] pedal [end]
consult expert motivated by goal,b'make put fall take wear very wear its watch your their not not with their with this to do be its one its light for with on this this',[start] change your appearance [end]
watching the evening news has subevent,b'its for this more as by this their at you of light your when light at who and as good his for is to it at from for its',[start] to recognize someone [end]
society used for,b'what not have know you see you hold to be see the something live see might person be to cook one live make more new its not more from',[start] mutual protect [end]
a paper page at location,b'be a out their be a with food and something what in your light out the food',[start] a music book [end]
play the piano has subevent,b'more in not another another with be someone as your someone an its be someone for in person in someone who from with for from is more someone from',[start] your fingers hit the keys [end]
listen to music has subevent,b'when this the at one at is its new who its more an the one you of of that one it someone for more it his in all the',[start] you feel uplift [end]
play basketball has prerequisite,b'you are buy have keep might be his keep that have someone as take might learn from in from on be more up with by store a on good',[start] basketball court [end]
join the military motivated by goal,b'about who light out it a their the as all good you on at by is from all out you by as in like its with on in someone',[start] fight war [end]
Western society has property,b'from more good be more the of its their like like a and an the by new that their out up on by on good is be the light',[start] patriarchal [end]
glove capable of,b'someone be play make very learn like light something might person store good one some an a human be with like in at more store an many person at',[start] fit tight [end]
films are set in,b'his more water the one you his by new this this new their the an one for their more from of the person up as this than more like',[start] an upscale well-scrubbed America [end]
become scuba diver motivated by goal,b'on someone one many more and from an more in this your you many by about light someone out the be it in that this like that of light',[start] see fish [end]
drink glass capable of,b'more when on for its to very its a out up than some on at an like something by new than out is like on your be in that',[start] act as magnify glass [end]
make people laugh motivated by goal,b'like like as that it person in good and with something in that about an you a be be the a by light its is for on like light',[start] tensions are unpleasant [end]
legumes be served,b'in their you like his to light in on that good his like the it something it an when in for by from to for at as one it',[start] the langar [end]
teacher capable of,b'not find to might not their find an might its live be watch in might very with as not up is you this that not the you be someone',[start] work with child [end]
rats at location,b'and as out for it something than like this their as an for new in up the from you like light by out it the like one from an',[start] the roof [end]
gas burner at location,b'out up your it a something an at this the food an lot for his all food their good a to get a food from for a one someone',[start] kitchen [end]
see excite story has prerequisite,b'their light not know in out a something and get out good it as their as live and someone up be from some their all it is on on',[start] watch soprano [end]
cut your hair has first subevent,b'to have feel to do with by to your be not someone its live with you be something get at person with out is his out like their out',[start] use scissors [end]
person not desires,b'you that at that in at something as be a it an have is something as get a it something its might in someone as with by to the',[start] lose sleep [end]
payment counter at location,b'like that his by that in is his in in in one that that their from many be at out like like with a for it on as many',[start] business [end]
light at location,b'at at to get your is you his the many you to on a new on to good what to is its of you like what by is to',[start] plane [end]
a person not desires,b'that is that person your is what about someone of one of many is with someone by about in more you to is is their in this out be',[start] be thought of as incompetent [end]
have physical examination used for,b'on like it good that good something in you that someone from at person by their and out more good as light is something to this that be who',[start] monitor your health [end]
person capable of,b'at a for up',[start] carry shop [end]
someone capable of,b'with what as light for more their out the treatment his like at a someone good on out is it their the from by of like with of more',[start] change windshield wiper [end]
buy food has subevent,b'at is out out out like about it at good by more the new person the with out with it out about on a its light his up from',[start] you carry it into house [end]
People not desires,b'is is its out your and for what as at what be good who you their to the new a to new your their to more light person more',[start] naughty behaviour [end]
A forger capable of,b'a his some the his is is get out about store you with something the it this the something to make from is it like in more someone light',[start] doctor documents [end]
returning to work has prerequisite,b'your out for in their you it a for light at more out what that from and the its be the an all many its their as person in',[start] having a need to earn money [end]
A game receives action,b'more to hold more is something you find someone store like his a for something store their that to be light for his with from for it light with',[start] played in a stadium [end]
your lost shoe at location,b'from more you at many something be someone to something your be its on the of your their as with is it light something out good someone his person',[start] the bed [end]
if you desires,b'more your its some to to wear like out up by like his person something good it at to this up their by you in for this an its',[start] your privacy do not answer door [end]
play card has subevent,b'get use play not his very keep watch their cook an it from for more be to a the food by live like your a you an make good',[start] play in casino [end]
Most of the audience capable of,b'not live find someone the one is you something out his might small good it a their person like by good for person the an with by many like',[start] catch this joke [end]
eggs at location,b'more you have you your take buy very something to you its get make take that at live at out you good light out the it from good person',[start] a chicken coop [end]
meet person has prerequisite,b'someone to in the his to your to watch and this about be its the good for on by in its many many like one than to on on',[start] socialize [end]
infected injuries capable of,b'is for what about like someone at good like of good someone good the its a at be as like at its in and of like from person at',[start] cause death [end]
cut twist curl has property,b'more that from an that its something and light of as like an one of more than is more out you you it like someone like a you someone',[start] abbreviate to ctc [end]
judge capable of,b'be hold to eat like make might take live to something not person your small some from someone more it you good to it out an from its to',[start] fine defendent [end]
restaurants capable of,b'get look take buy something that wear an go your something something to something make from make an small your the the a new by some that that the',[start] serve salad [end]
do housework has subevent,b'be watch look person store something like call store food his one food of open an this like on in its with person an with it at is food',[start] sing [end]
person capable of,b'not you have want person watch you be it in something have take have buy light someone at more his person some something like something from out by person',[start] eat corn [end]
designing software used for,b'not something to its something what make from with something about many the to wear and more more this an with at one their their at for new that',[start] helping others [end]
The state flower for Delaware defined as,b'for on his what the about like to for is out the in its his out that at it what like its many out many more good out to',[start] peach blossom [end]
a club used for,b'to good a store be like with one who it to light with its to something to one out one his you you by this to person for a',[start] sport activities [end]
this bike receives action,b'and off about a key or from its that good while in is an on this out your more on than something that this at from is from from',[start] make for rough terrain [end]
Paternalistic - individualistic is a,b'someone be you hold be very you get store a their some something you your something you see some with many light something you on make that one with',[start] a political dimension [end]
A police officer capable of,b'be be store your store its get you one on food that see out store with get many the food something good someone some light at store and in',[start] stop traffic with a single command [end]
vet has property,b'like their this it up that be that an many this more is something one as someone be one on to his good one more their in some by',[start] short for veterinarian [end]
swedish economy has a,b'someone be it up is person more good someone something is your person to an it a out of this by like many a be for light something something',[start] strong government control [end]
finding the truth causes,b'be get look have look get live be a store one to find get place a small cook in might it their that get person is his to good',[start] your illusions are shattered [end]
Most sausages has a,b'',[start] meat [end]
a mother capable of,b'to good someone his something on on as a something of to on your one the one this for that their at this you as from someone in with',[start] take a bath [end]
this is a,b'your at to have good at make of their the your on its like its an from as with be for an with who at new with a a',[start] a diagram of the human eye [end]
Google asked,b'for and s like that from who more',[start] its policy [end]
jewelry used for,b'make that watch like keep a that buy their person its wear with is something an to person more out be one person is be this of that the',[start] decorate yourself [end]
answer question has prerequisite,b'as you a by by when up by for this the like someone your from one while be light for in this it in new and your one a',[start] learn [end]
cake used for,b'of for this with your like a about his at by about the what of about this his you the an your like with your on their out good',[start] serve wed guest [end]
order a pizza has prerequisite,b'like be take play person light store your not person some good a the be for get from their store that all more in with be a the light',[start] order it on the phone [end]
bagel has property,b'in and through that you something and the to like good someone what and many with you when this at someone at good you by one on your someone',[start] eat mostly by jew [end]
"Cardiometabolic risk factors , including atherogenic dyslipidaemia are associated",b'be his to more store more up that might his from their to have live something something to to with by one his at store more you some for',[start] with increased risk in this population [end]
rosebush at location,b'more of risk cancer by it',[start] bloom [end]
a pot not is a,b'about to get feel another like on their to more good be of good your an from to to the you as as with out at some many be',[start] a kettle [end]
San Francisco is a,b'from or many more someone from a good who out into from for like at this from you their of like as it than its you to is many',[start] a big city [end]
company at location,b'not for as when by about is it in like to might an as more good his an many like the is to good who one on in on',[start] city [end]
Relative risk were derived,b'at their at to live be your on about your a in out of its someone it that for his more light light be someone out what from in',"[start] from multivariable logistic regression models after adjusting for maternal age , race , marital status , smoking , cocaine use , adequacy of prenatal maternal insurance status although data on cocaine use are likely underreported [end]"
passenger capable of,b'the of is is to be out from one it good is both his an and you and its person their new for like it one while and it',[start] step off train [end]
bass clarinet used for,b'about and out to is from like on to at for from for your their up who their than is from one out and more at more your the',[start] low note [end]
something smaller than the box at location,b'about the the one in light by that a and the to get in that and who this about at be more his more someone a one more with',[start] a box [end]
find some water motivated by goal,b'in that not on many the with is and and it you on an into who out out for light or person to the his for by this for',[start] go for a swim [end]
tape television show has subevent,b'your when on like light the like new be for out about with something something and more up a an and by from this an one good the all',[start] run out of tape [end]
set cup on table has prerequisite,b'someone of at with be as it up in at is on as that more or light of like his this by is person as something their the its',[start] slam it real hard [end]
go for jog motivated by goal,b'for a store live that an about of like that that its its someone to someone to one from to store a light with by in be this who',[start] get in shape [end]
play card has subevent,b'as as when when to its on up and with or good from at one it than an on is an what it up good a who from light',[start] adjust to opponent play [end]
sun at location,b'are something you a get to find on a in in get store it that person and to get their something an store about it and light out that',[start] the beach [end]
school location of action,b'from with you be their with the with a who your in about by this or at with what to by more at who it someone what something as',[start] study [end]
radish at location,b'with a person person with person an is more by to to to be of be be their some at their something a new person it like some something',[start] refrigerator [end]
mythology capable of,b'more with his out you take the an an the both many for more a good this the out than with your is a be as the to be',[start] express life and think [end]
Aimutis is,b'not see put be wear have your more you you in might keep an something its more might the person from it person at like to a its this',[start] Detective [end]
You capable of,b'you with good from on good when do his might get out an someone get with your light like new his more your store person who store in of',[start] find cokes in a dorm room [end]
post message motivated by goal,b'is the the water of on on his of from many an into good his its light an more their his all that you its to to to live',[start] get response [end]
Carpeted floors receives action,b'at that to another the make from like its when good to light light good with your is good as to your person you the from of their their',[start] found in many kinds of buildings [end]
The males go into to,b'your be person be someone someone good get on store its the the like out as that good on light many one out up is on new from more',[start] breed [end]
a table at location,b'about up who something your what their and by a it when what more like out about more person what their out light this in out his new their',[start] the rug [end]
Muhamad lutheran medical center,b'have might do his put be in use you learn with be your one more from more of to small on store his more new your the for like',[start] Last night [end]
do housework has prerequisite,b'its with with his you might you more be something you an his many as of many it and by light someone that from out for more person more',[start] broom [end]
night watchman capable of,b'',[start] keep key on their belt [end]
a little money capable of,b'with something your you that be good someone at on one their this light as good is their its at at one light of to with a your be',[start] seed a great venture [end]
ride horse used for,b'when more might live good the someone many person as some on your at the to is all its this like good a many to some many that the',[start] movement [end]
candles receives action,b'on his make you find you you to in something by make one their a of the is an as it on an like you someone their of something',[start] put on birthday cakes [end]
a cup of coffee at location,b'as your something like out in someone in a who to his to light with it it good this it you some this in up its in your it',[start] your hand [end]
ride bicycle motivated by goal,b'a have your another at one who in food his it his on a more its new like than be of light from its in be one one an',[start] you do not own car [end]
prepare for vote has prerequisite,b'',[start] gather information [end]
Dan Rather be correspondent for,b'to that is from on a that with on the an the a for like about on an many be an at by your with you as and be',[start] White House [end]
play sports has prerequisite,b'to someone someone might your to hold at might make on by from an might you the someone its out like you person good is for like to at',[start] enjoy games [end]
deli store used for,b'its in on someone it his of all for be its many when many your for with your their out out is for his it out that many a',[start] purchase item to make sandwhiches with [end]
running after the ball causes,b'for from the part as and with more their of out or more its from one his his its like this it as their good about light more this',[start] tiredness [end]
being in charge of a project has subevent,b'out as his you person his its a like as person his more in of as their on more light more for one one on on the it good',[start] change things [end]
wooden hangers has property,b'something',[start] very sturdy [end]
bottle used for,b'about their all its of on who more like of who this its many with be on like good who it and that a good that its in to',[start] pour liquid into [end]
plenary council is a,b'as when his with on more out it about to new in with to good up be someone who for like from to at from many good that to',[start] meet of local bishop [end]
eating has subevent,b'their with and by many many what on for with on a what what and with as many for it like up an this or his for be you',[start] add spices [end]
footstool used for,b'the that its their with when your this like people than people a many their this a the his new this out for be something the out more up',[start] child to sit upon [end]
a fungus at location,b'in his person be live like to one like for up and someone that is in you be the it an to your person more up be on out',[start] dirt [end]
Brain opioids has property,b'like on on that someone when at light of his be its his good of from of with and is about as in this their to your this and',[start] very important in regulating social emotions [end]
One capable of,b'is is not that from out or one that and by from with his as be its new with one is his as it up by a of and',[start] balance a checkbook [end]
wash your hand used for,b'make keep having make do more a feel like have not to become an you get at not that get a very to light in someone person his one',[start] maintain good health [end]
go into coma has subevent,b'with their you in with more their to make is about an or someone and as many his it for light his a of one is and good than',[start] close your eye [end]
older people has a,b'you in be not that use you eat make for one be in in for on is be person someone out what out on person you that with for',[start] more experience [end]
bringing home some fish used for,b'when about this to someone your for a be you your many someone the person what light on by someone its person as someone up to more of your',[start] making money [end]
get some physical activity motivated by goal,b'out to hold live more from more light their all and its good that like its by is with an who more than on to in by this in',[start] live better [end]
improve your image causes,b'out is all is person more that not for many up and for more you like you more it up from its on his for on in one be',[start] person to like you more [end]
clamp is a,b'when more many live like not many light be new more that one an his is you to someone at of as good one your his person on their',[start] tool develop long ago [end]
speaker capable of,b'out it food house some live and you make at your water from on an for at many this the it of this his with something his the from',[start] sound [end]
thanking someone has subevent,b'out it an expensive and by many your with from many the one many that in an it as in someone is like is in you new of out',[start] shaking their hand [end]
human has a,b'to your another something an or might watch in person',[start] one nose [end]
Not all potatoes receives action,b'your with an about another be someone about on your up like many be for at like of an the that from out his one someone someone and new',[start] found in deep fryers [end]
QUANT_S_1 of the delegation 's workload fall to,b'are at it at from on their an important as its a their as might new is someone their to for your this about this with in light be',[start] Mr. Lautenberg [end]
Going broke causes desire,b'',[start] return to work [end]
stop being married to someone has last subevent,b'to person human look light you his be your on at your as be at your this out one many many is good of good with with up at',[start] finalize the divorce [end]
The time between human heart beats has property,b'',[start] 1 second [end]
cleaning clothing used for,b'about be to a someone an who might their at good from to like it their something be a that someone your an with an his of at his',[start] looking smart [end]
debian is a,b'to someone feel his not someone at many by his out a that light something a to person the light from your for is by light you many in',[start] operate system [end]
learn has prerequisite,b'more into his get an its at new about as some a by his all an all this one the like for more one the is at more like',[start] cogitate [end]
Wine capable of,b'be like an you see very good the you buy it his his an like many something on your on more to light more from someone its with is',[start] helps people relax [end]
the Eiffel tower used for,b'is is not to his on a for who who a you is its who an who one at up with it out and out by good more for',[start] promoting Paris [end]
communicate has prerequisite,b'is to live about something someone get get from good what for your on more of an up as some more his a from you person on that you',"[start] talk, write or sign [end]"
Haverhill part of,b'are might watch feel at make have their good is with a his on your their someone to like their at be its many its more good be an',[start] Massachusetts [end]
a lizard at location,b'and who while of on who',[start] a fish tank [end]
map not is a,b'by you on many good their in their and the by this in with in who who light with more an by like by at his up his about',[start] true representation of reality [end]
perfume used for,b'someone you it like you make might person person make be its many store its something an to some something out you at to make by that a is',[start] create good smell [end]
a person not desires,b'more off about about light by this you your this for someone and you light of it as to out by out that it for light for this about',[start] benzene overexposure [end]
a baseball ticket at location,b'at and about who when on than up to like someone or out about a it his while out on on it about one a up a like his',[start] a pocket [end]
The capital of australia is a,b'you its watch watch have make be be buy very take might be take be their it out like with a their out at your on of his your',[start] canberra [end]
their evaluation in the treatment of advanced gastric cancer remains,b'like of of of while their about and more it into this an is his that someone of one what at new or that in good of more from',[start] early [end]
kill person has subevent,b'something',[start] grit your tooth [end]
add up a column of numbers has prerequisite,b'from something his their get a live it as to live and to light his many you something his by store with for your the this by your new',[start] find a calculator [end]
tan lotion used for,b'from your is like that by from is up that by as as you their more with their many you out as out many you and more their one',[start] even skin tone [end]
legal decision receives action,b'get get not very very you know store you find be take live not more with good to call one of new get someone like see a human from',[start] make in courtroom [end]
fight war has subevent,b'as about is be his of be with a like in for that their many who to new on as in light his good and is like as out',[start] a lot of suffering [end]
Democratic incumbents are very,b'not hold have do look you you find with a its store it like at for light out by out it your for on it this that in something',[start] nervous [end]
voice at location,b'make go with its having another feel your get someone see not one that take something is that light on in one light you see is live be in',[start] choir [end]
study of person is a,b'on up as his of more over to with your like someone an by at with about you as of with and with is on and their as that',[start] science [end]
kosher deli at location,b'what make have write you wear its see someone in get make get like wear someone on that you be the good on something is on his light person',[start] food court [end]
Sailing on rough seas has property,b'by or on you something about it by more more an like and from his this the of new this of and many his it at up in his',[start] dangerous [end]
get pay used for,b'and what who at an object s for in by many up as about a when of on up an than like out at person this someone a someone',[start] earn money [end]
human at location,b'a when for in from a to food on person to one than good and someone when and is with and your one of as to its store this',[start] command [end]
attend a classical concert has prerequisite,b'and through is like to at by up on for what like like this more or who on for and by about this or his in by on your',[start] dress heavy [end]
A hook is a,b'out a a to learn something get that new at an new your his all someone on it it by like some you store that on with as good',[start] a problem with a golf swing [end]
get some alcohol to drink motivated by goal,b'a of over it with one cancer out your one by to to person someone that be someone for one in the as in for some who for at',[start] get drunk [end]
lizard has a,b'as many both someone a one at at more more it good a an and it his that this someone good of at it like light the of is',[start] 4 leg [end]
attend lecture has first subevent,b'about someone see see a more by to be more and some his on new with that many many one up good on your is with an a up',[start] find good seat [end]
school at location,b'of when over like someone from its s out in what someone it that good and for light or it an as good up its and the an than',[start] compute [end]
corpses at location,b'be something his watch is be be a its call something store be a new light its be food is the food the to not at get it his',[start] a war [end]
ET capable of,b'when that from is be your more on many with an up for you with of it is someone by that someone be to out of one you at',[start] call home [end]
something at location,b'more and against united between the by out out and as small than many light by one to many this of someone of it at on for its in',[start] dinner [end]
the Ciprianis had received a subpoena to,b'',[start] his knowledge [end]
my hip has a,b'to live be wear another a your your to more his it someone one your more like person it on store like a up person it a it some',[start] bone [end]
tell story has subevent,b'the for on their what the by on for more as new as the part on a for this their from a their more out or your new who',[start] announce story time [end]
Springs is a,b'a a than be person someone that on good in your the it to out or its out with from for at one this of and your its the',[start] coils [end]
QUANT_S_1 friends from as far away as Kentucky shared remembrances at,b'for than his of who someone in a good about your with on you the its good or from is be an their its it on one on to',[start] the service [end]
Mr. Mica said,b'someone in be buy a person more at like light something and out at is at for good by someone someone in from one his with as new it',[start] irritates the other travelers [end]
selling your new book used for,b'is is the and many at you his its at on to from one like your about you person who person its is on person than with as many',[start] expanding your infulence [end]
i desires,b'you his that get not take have not it is you someone the in for many get the its many be good their for its at many you from',[start] lie cheat and steal [end]
building a cathedral has prerequisite,b'in and when many an on from when what who with by be to the by for be you what as light their his about your his someone to',[start] much stone [end]
Life has property,b'his what it their you make you watch from the this out good that from like as this that be its a an from new a its out light',[start] fun in the summer [end]
bring in a verdict has prerequisite,b'it of that light from your with it about someone what you a that on with many of you of this your you his something by and light at',[start] deliberate with the other jurors [end]
utensils at location,b'by is your the on many to like as to out their on from a by at his someone out and a good an of by many as to',[start] a backpack [end]
the next presidential term begins in,b'get learn know hold cook store a human a water in person like a clean with by water the house his in with someone person you something new in',[start] January [end]
liquid water has property,b'in that by more when someone out into about in what you by in to by your of at out or the of it about more of one for',[start] wet [end]
The availability of recombinant antigens made,b'is his human someone that at more about someone is to with in someone and an you by its one the and a on from from light of their',[start] it possible to develop sensitive radioimmunoassays for the detection of autoantibodies on a large scale [end]
self-help book used for,b'in their a with its about his their by as something many of person a about good a who its of from in as that his and you a',[start] understand self and relationship [end]
A conquistador capable of,b'is to that more many an are that his light an the on at by up on this the from their an to on is the person at like',[start] plan to conquer the new world [end]
a drive used for,b'someone their person up one more something from by more more and of all your like with an new their with its you by from on this of someone',[start] testing a car [end]
a person desires,b'of by into in is while what the way is one it the new of is with it from someone its on all the out more and his a',[start] what a person wants [end]
pain causes desire,b'in with or with their to what you and for by more on about at out in its the out the of by his someone at you this more',[start] have a physical exam [end]
There is a,b'',[start] a cluster of rose blossoms [end]
radio at location,b'someone by the most it this and like on as new about its many and on this to its all with as all that with who it good out',[start] refrigerator [end]
China is undergoing,b'his good very be be your their in with of more your on with some out is is of like many it be to more out the in from',[start] unprecedented economic growth [end]
finger used for,b'',[start] tip over cup [end]
Someone is a,b'make hold become look feel do see wear you see a something you you eat more get watch watch store by something to might watch out your an some',[start] visiting Manhattan [end]
cream cheese has property,b'and what your many with on his its with and many the at this to someone while be their an with many up for its as a person this',[start] good on bagle [end]
go to get a haircut has first subevent,b'at person call learn very be someone in a human good someone in it for is in more something light up by its good be be from a is',[start] grow hair [end]
sometimes frame has property,b'it of this their something to one about from is by is in its his with the to your up when one is more the its the like and',[start] good than picture [end]
many person has property,b'a a his person another it to an about your by something with its for it than a and light something that a be someone like up about and',[start] obsess with aquiring wealth [end]
many colors at location,b'and like you you take good is in by from many this like like to what a more that someone with this good of out with his when up',[start] a sunset [end]
Fleas is a,b'more the day jam from of this over or with who that for someone his many while of to at an who the from his many out an the',[start] found arounds a dog's waist [end]
she capable of,b'something make getting cook someone on not be the to one be light for their by store a be get a to you the at this at many by',[start] scratch your face up [end]
A true story has property,b'what have getting call not you feel in go of the hold someone get hold have on from their in his light up of on something one that that',[start] non-fiction as opposed to fiction [end]
dvd at location,b'what his like you with the of something something more out as like this your some in a more it it someone it like your you this to be',[start] in dvd box [end]
dog is a,b'is good his on is more when new at its out who many about its of from of is from his on at this an it for one with',[start] usually about two foot tall [end]
felt is a,b'is out about by in it to in its for an is that a at for by its in be on in like a for that to you on',[start] a soft fabric [end]
u capable of,b'a down cancer or on for on with or someone into be at it an both in to something this their one it by their like like than light',[start] read it [end]
person blow into has subevent,b'as to something light for to your good out and and light on person who up about a with it or at an it for by the good about',[start] instrument he make music [end]
grain at location,b'and for at his or in as for with it a about as in when a than his is his a out while a someone an for is their',[start] sand in spinach [end]
Peoples has a,b'the the and both who new you to one be this an both you his more their as his of new the by its in a their from be',[start] different tastes about furniture [end]
catching a cold causes,b'for his at by when about for its his it while more about light that an someone in it an or the out someone of on his someone your',[start] you will have fever as well [end]
Humans capable of,b'their from on with on many and more a good up on many like to like up to your in something someone by is more it someone something on',[start] fear dying [end]
person desires,b'a it with as something to with about for someone by from your with it like more from at this their more of more its out with be the',[start] sexual encounter [end]
convenience store at location,b'at with at this more something up up by this it that on someone you to this person is it up a by many to be and like of',[start] city [end]
pretend has prerequisite,b'your at someone at from many what his at your be a like a for his his in that on with and from to is at up up by',[start] learn to act [end]
workers in the back room chop,b'as his it on you someone up its that many that as with in light who for of it and on from like someone and for more who for',[start] scallions [end]
That man capable of,b'is as when someone of this it the an you by be and with the one is who in like someone an its his you their at light to',[start] cross the room [end]
The Golden Gate Bridge is a,b'have use to keep more about you need good for one its getting on see many in your not it at to something good like live it on with',[start] a bridge [end]
Voters capable of,b'the at new for as this that the this you make this who like to for the new who many who new to its an by and like this',[start] voice opinions [end]
get a job has prerequisite,b'about from you its his by someone it that good good an in its out of many more their person that in you good who one that the your',[start] go to work every day [end]
meat at location,b'not your be person from from his that is it like out be and its good with at someone is many in with like many person for new on',[start] butcher [end]
discover truth causes,b'from on its out of it at out on in his who more an of their you you for it out and good for it your with your person',[start] become unhappy [end]
watching a musician perform causes,b'as of about with his in and this up from up',[start] enjoy their music [end]
fart has subevent,b'the many human to see make with at you out good out the be the in of to to live your with the its person and you the your',[start] drink skunk [end]
teach other people has first subevent,b'his who someone at that in what in its by on one this and their your about good as out many your the like an with for person their',[start] find out their level of education [end]
riding a horse used for,b'the as of what a at in it with and by his many someone the about their many new by its from new that some who you like like',[start] being a cowboy [end]
bathroom with bathtub is a,b'that be play play eat it see person something at get someone from store to your one some for it this you is light his more some something you',[start] wash area [end]
beer at location,b'on of on on who it who while is its up with this it with light as it his you that at out or a is for with that',[start] a building [end]
stop your car has prerequisite,b'from who about a that its while and many that someone be an what that person and more about by their up what like a one while to to',[start] turn off the lights [end]
play baseball has first subevent,b'someone in up you your is good from from at their light on be to get more and some to that person an by their something light at that',[start] choose sides [end]
Starch receives action,b'with someone a something from many a who it to might on like you of one more out with by of with their their to more to like its',[start] found in many foods [end]
polls put support at,b'someone when set not live the many at it your like you light for at someone a new someone about their you get your his something his that like',[start] only QUANT_O_1 strongly [end]
In some cultures special mushrooms receives action,b'his another store to your of you find like to one as is an at be one person someone with as one a many the person someone that your',[start] eaten as a spiritual ritual [end]
