source,prediction,target
person capable of,b'very is his might their when might might one an out when for when for are who for with might you human in your more with from at from',[start] jump over puddle [end]
hot and cold is a,b'in it new something food your s or your by them about a from more than as to both many your its that it who about their be is',[start] measure of thermal activity [end]
Yahoo flickr,b'might what to are is who are to might make is many an and about many with for one than an what their what their them its one when',[start] an undisclosed sum [end]
walk around lake used for,b'many to hold like you the and human as from them of to is your someone of as be is its who more out at to many than a',[start] hiker [end]
land used for,b'than with open one for your the s s who cancer treatment their you to their is it your more in very its what out at and one someone',[start] grow food [end]
go to a concert has prerequisite,b'human go learn not watch take use of you of an',[start] obtain tickets [end]
exercise has property,b'in at his an from be of their their than about for the what for that human their their in the is human of some its of out more',[start] necessary for health [end]
the Senator q u a n t o,b'you you know see more to might your are more on are of that about from a an at many one of from the that in on an the',[start] the votes [end]
wrestle has subevent,b'someone make small use to get that have get might do with to someone human what more about very make its might make are is a human them human',[start] arm lock [end]
hamburger has property,b'at them their one all at when at who as who it who for about the of you at and it one its be as your your on you',[start] well cook to prevent food poison [end]
a doctor used for,b'many very at more very an out who an them s at by an about very more their more in very about and good of out it good be',[start] maintaining health [end]
newspaper is a,b'are for at that out what on when be s in for it your many an more and out that of some is no more s their is their',[start] document [end]
sea has a,b'to feel work light room out to his it for more as very you an what about is more human to human good someone something about in on at',[start] seawater [end]
a Hard Lesson ruth mc mullin,b'than but their by out is out from in human their between who you than on many when what their when for human the that as and and than',[start] the newly formed Harvard Business School Publishing company [end]
do housework has subevent,b'with your one some many than an your very',[start] wash window [end]
rock is a,b'with be your by be very is an on no at when out by one it very for to get it out be very of is good with person',[start] solid object [end]
cotton at location,b'what you buy very for what with very an their about your than an from who to it than to its of for someone what what with a the',[start] a field [end]
hayker is a,b'someone person work park about what the by human as in good be to buy and human someone and from your be from might move on at and from',[start] hyiking [end]
er diagram is a,b'that many with it is like when very at human someone what human than an than the many very human very someone very you its what from good from',[start] conceptual schema for database [end]
holiday shop has prerequisite,b'for to work war music when by someone many to is by many when its than you than to your and your their be more you from the with',[start] save money [end]
Everyone including Angela Vaillancourt new york,b'to you get to out it in that his who his to for something to for that something you are about what very what by from many that very',[start] performing to street noises of robberies [end]
a glasses at location,b'in more an them that with more when what for of one in are someone the for you you by very is what human human the to human to',[start] a nose [end]
a public university be located,b'might at in from s be out is with by many as on is many at on for you what might you an very that no a to for',[start] in the city of Sulaymaniyah in Kurdistan [end]
rem-dream state is a,b'who that when when more on than you that the what an s them to what its who no it one someone you more that in a who its',[start] neurologically and physiologically active state [end]
ducky defined as,b'that is make hold get something to might to like in very for their them in as that it for as and a be on more might very are',[start] rubber duck [end]
reading a magazine causes,b'you go it time store to by someone are when are human that make out to one what you with is them for some your them of what is',[start] to take up time [end]
finding the truth has prerequisite,b'someone good a for an that is by many when an your you you someone a their are them to good is is as more with be from more',[start] investigation [end]
dance motivated by goal,b'from them all water by their s of them into and more is what on as that as an treatment many when are of the s many to for',[start] bring pleasure to guest [end]
attic used for,b'to while are it have know in at who human are and when its than many be about in at more might for in might on someone your someone',[start] storage [end]
bathroom used for,b'what their very no human make it many from by when by and your by the someone are one to one that with at at as on them you',[start] groom [end]
be on time is a,b'when their the its might human your you',[start] good trait to have [end]
building a cathedral used for,b'their by good thing one place an at that on as both s their in about one of at it than some in someone by at what some on',[start] wasting natural resources [end]
something at location,b'and was many its very as their many when at an many many to them than be one of that your out who someone are a of be an',[start] end of it life [end]
pay cash be for person who desires,b'is what with a when on and their s its of about them at it for than that by about on by their very the very it with is',[start] avoid pay interest [end]
most ameracans not has property,b'be go money time you its for get some you or its you their that one that might might its on its at them who get that someone as',[start] fit [end]
surf the web has subevent,b'might what get in it its is from by be more you by who their at it of someone their someone in your one who you with the to',[start] use Mozilla [end]
an article in a magazine used for,b'many being one some many the to them on their is one when with of it for on in an out with by out one one and many is',[start] reviewing a restaurant [end]
drug has a,b'your in some your its what than what in from very very out for the s good or no by from their one by their at and human from',[start] medical effect [end]
lizard at location,b'are more you an cancer by out with many on the from by as at to from more on the out with many human from at from what it',[start] country [end]
A rainbow is a,b'to give hold an s in as than with many your the that that an cancer of of that be are when you you very for of is very',[start] a multicolored light arc [end]
bathe has prerequisite,b'of than chinese thing something more and human very the s with no on very as many someone what someone their be that you for for are out human',[start] get undressed [end]
03:03 associated,b'who many good the like human who might in their its be as about that as by the its one in you from one for very and the about',[start] with Fulminant type [end]
many kind at location,b'more be to you',[start] model [end]
breathe some fresh air has subevent,b'very at that who is when to an your more who in about them out of one are more someone of as one what its to no their your',[start] feel good [end]
electric fan at location,b'be learn a your your its of you you to make from in you about like is what about you make your their as a be might very are',[start] home [end]
bring home some fish motivated by goal,b'what get become another with you',[start] fish be good to eat [end]
go to work has prerequisite,b'on to have have know for be might many for someone very on one to a is someone are at more are about in about someone from their as',[start] remember where you be work [end]
most case of sexual dysfunction receives action,b'many be very are at the from to an cancer on by as human in by with in that on with of a with some to very for be',[start] cause by psychological factor [end]
Older adults may experience,b'be to work sound down model cancer was when the treatment when very is to by very you by that very as them or to in many to some',[start] both diabetes - related barriers to diabetes management [end]
a woman french huguenots in,b'by from and for its when your the and it it with about its of many their as you that in with their than that with out up you',[start] a portrait [end]
candle at location,b'for its an in out in in what or in its who your of your be one many out or out of very more the is it for very',[start] candelabra [end]
pretending has subevent,b'to be see make are in get make the very on the when like with on about one very by might them an who what your it than might',[start] put on a costume [end]
eat apple has prerequisite,b'human the treatment of thrombosis off for risk s disease before of part that for as you out for its than its and what as many to their and',[start] buy apple [end]
talk to someone has prerequisite,b'by its by at with out up very an with about by its who human very when might its out them the at human be on more them a',[start] speak with them [end]
a kitten at location,b'of many that human at on many are them be more about more about for one of of your are it is what out out be their one one',[start] a veterinary's office [end]
cowboy is a,b'to up is be their someone about to when and the more what are that to their of is of to that is when to its from one or',[start] part of oklahoma history [end]
criminal court capable of,b'and when them a between you with from what or what with is it of what about what with human human you at of you out by it very',[start] pass sentence on guilty person [end]
bus used for,b'their from their someone when an on its that on your with is and and for when when an are and by it many be a as an than',[start] mass transit for city [end]
attending a lecture used for,b'their new thing place to is them its with many',[start] listening [end]
The results support,b'you buy be like to that very when them are with their human more are by about for many an are might in out its very to many from',[start] the hypothesis that there is an association between signs and symptoms of CMS [end]
androgen receptor variants are thus able,b'many are very good to its you by s are about its it and someone be is it by human one its someone one their more is a their',[start] ligand - independent [end]
calorie receives action,b'to about you its might like with them at about in out by and than a are what in it from on about about some you like one or',[start] obtain from fat [end]
man become angry has subevent,b'you it the between and to out s who about someone the than a than them out as human their as are more of new out someone about your',[start] he crush paper [end]
paper at location,b'out heavy someone have are when an s you an with your an for as with as human are about from about from it from one in good it',[start] ream [end]
a desk used for,b'in the very for at their them for is than that its its you who someone by as human from human by who to many its might it when',[start] putting your computer on it [end]
bontebok defined as,b'their them human with be what the are one when human a for from no you in your in good a its on at more what what about one',[start] Damaliscus pygarus dorcas [end]
budget be balance has subevent,b'be watch to on or from are and in someone by them many might for your with very from them out is more that for someone with its an',[start] deficit be eliminate [end]
his or hers birthday causes desire,b'human their person house shop with from is them s human than that the treatment you human very as good of good or about human good very as it',[start] buy something for a loved one [end]
Kanun is a,b'to know make take more and like as your who for for at your about an at on as its as someone them with someone it what at one',[start] a stringed instrument [end]
lying causes,b'at is his be from when it from for from is up out to for to might when someone with many many out its of might with that might',[start] problems [end]
Judith O'Savio is the president of a 29-year veteran of,b'in on when is human for as its on to at you and about very about are by the an who who and are someone out out many who',[start] Westchester school music programs [end]
someone at location,b'as good someone at that might their who your by very who them very might them very on an what at as what for some its you and out',[start] baby shower [end]
you capable of,b'to be an human your through the from is an and a them that many with good to know when very at good it who that you more them',[start] learn things by listening [end]
salt causes desire,b'many out your who you your as you your to your more with by no your an s of it someone by to are no in in a be',[start] drink water [end]
find lose item has prerequisite,b'its that that your are to at are an your is a for to an you the its what from it of might might the more by from you',[start] ransack room [end]
a bus at location,b'to have go learn make eat know of the to get for human it an about might them on on store more be a many it what someone with',[start] a city [end]
someone at location,b'what its have not something that with very more someone in might make might like make it his your a it his an in for be on it very',[start] barbecue [end]
slap capable of,b'to visit to then who when of you out into that his are his the their for from you be for about by their very in out is human',[start] amount to assault [end]
go on vacation has prerequisite,b'your your something food room time something water at what their your an someone out or them its you who your to your you them you their good their',[start] research transportation price [end]
smoking used for,b'someone it state and as and that its of the their it than many who very for its on some many s who that out is in very who',[start] impressing others [end]
see movie has prerequisite,b'more the some of to go s from human as many is of its you in that in them it what an more and with no you in what',[start] find out what be play [end]
lighting a match used for,b'and between of for with its their out an more who be its and be your you them very as be from its what at the it many good',[start] burning some wood [end]
have asthma attack has prerequisite,b'many the with out s in and out their your than is out the it many be its human its to good human and one your your what them',[start] smoke cigarette [end]
shop has subevent,b'them on to are who from very from them and by someone are of you your an is someone for be is no about might many from its someone',[start] one sometimes forget what one intend to buy [end]
Koji Inagaki is,b'by from from more out up on when many and on in someone by are you are to human human that about for you their someone on for from',[start] a 25-year-old unemployed security guard [end]
debit card used for,b'you on to like it its you more at in out to be who that like their and might the with one a them at someone their are more',[start] pay for thing [end]
person not desires,b'as to feel place very an when and to are out of about a and when and one when the very from one that it from a to some',[start] t ofeel bad [end]
A photograph has property,b'might a some it from at in for your on what that more as from on you by them from more might an what it from of its by',[start] called a shot [end]
a hair roller used for,b'than on the very your as through an of the who at when it more between is by its it the who the it by are many good it',[start] styling hair [end]
sail on the sea has prerequisite,b'than than as for it who than in at human it be be very as at more what human your for of you more their for their one human',[start] sail a boat [end]
overweight person capable of,b'like very an to get that be its in on out at like is have that what like are the more on in that is it might that make',[start] burn calorie during exercise [end]
soy bean paste made of,b'an the new one a what as as one are are your in to be with more the an with for human for what in many good you an',[start] soy bean [end]
going into a trance used for,b'you buy eat show show before up an through you of from what human very who about you who with an and by its someone in are human many',[start] Regressing to a past life [end]
accommodation receives action,b'that it play have find might it the by to might for it that from about with it at of in it with at you by out your many',[start] determine on case-by-case basis [end]
A hand capable of,b'is you go like with the as is your than and many in you them more very someone be good their for at about one from it in from',[start] hold a ball [end]
Ruth Bader Ginsburg is,b'your be his someone someone you by your many many your you out and be with their an are them be many is one their them up human what',[start] Judge [end]
people at location,b'an store shop book sport or someone more who on a very that it when on their in their the at the as at be an what good very',[start] at an airport [end]
A girl capable of,b'out at an in on more that be you at out up human them to get on some their many with an someone human what more that very very',[start] join the choir [end]
Sushi defined as,b'an to visit know it like about about that its your when their is with in with from at of their you and be about at an with you',[start] Raw fish prepared for eating [end]
a chess king capable of,b'with be the of with out an s with one is are it one the very for the an out and the about as one to with of its',[start] move one field at a time [end]
everyone's ears look different - capable of,b'you get see it more an you your out out an to the be out for new good in is some human as for all human you is more',[start] like fingerprints [end]
Most of the recommendations were related,b'its more that an as many many be more that at what someone human about is might what for an are of an and by on about is it',[start] to obstructive sleep apnoea [end]
vestment at location,b'more as on a in you that out is on in is a be is out what human in might a an might very you very might is what',[start] in church [end]
Heyman is,b'that with open new the at as on are more up by them s more is many on at more many for to an and it on be as',[start] male [end]
competing causes,b'and out their out the you at when very that by your many and of for what for and in them that it more on from its when in',[start] jealousy [end]
system used for,b'and of and and before to when by that',[start] particular purpose [end]
theater ticket used for,b'in this on the its on in from of about many at their who many at many human its at at from human about them your what of its',[start] get into theater [end]
an ocean at location,b'you you might for your on very at it many of out it and who their of with that someone its when the out on someone are no when',[start] the globe [end]
cell phone at location,b'of by by as them with of that very its on one your very their that in their in with with be by and with by than their when',[start] shelf [end]
paying by check has prerequisite,b'very with be buy of you of what about many out them be very you human and more to what by your more when that by what the of',[start] a picture I.D [end]
deli restaurant used for,b'of blood and during many you from to an when to on in when might make many for human for many you what from for you what more in',[start] hungry person [end]
Everyone 's polls show crime as,b'are on you more and many them you more of that to its an you what more with at at a than for the you one that someone out',[start] the single most important issue [end]
stool at location,b'by good an might for out into an from for it your it as human when when out as about at to with from them or one than human',[start] specimen jar [end]
spaghetti is a,b'its when might them and by someone or out that might very in about you what is in for human more by your from is their on many than',[start] a form of pasta [end]
ride lawnmower at location,b'to at what by many their of more between to them your more as more its more up an to are are to good be very its might to',[start] garage [end]
remembering causes,b'by at for than in on with and of them at who of the someone on with and your with more more at be when the your on is',[start] realizing that you had forgotten something [end]
person desires,b'to his might many from than the to your your what when when many them out it what to by your of on out you in good as is',[start] stability in his life [end]
make up is a,b'like a you like their the s about to be that his what when by is it someone when in it for in be to are out be that',[start] compact [end]
The goal of the basket-ball is a,b'them to have do might the who at and be about someone you and to is more up on be to the might are to your their as an',[start] a basket [end]
a back yard at location,b'who might human your out more and in you the in on it it them by one that is in store its it as very very it by might',[start] a suburb [end]
a stick at location,b'in an get use not take good about to at human get his one someone as on to by an very at are its in it to are be',[start] butter in a grocery store [end]
attend a classical concert has last subevent,b'as very you get take go someone their to them to have the your might by a as as many a that with at on the to be about',[start] applaude [end]
People get into trouble if they not capable of,b'that the you for many who more the at for them someone many of one to a who in someone a very very out than human your someone many',[start] pay their bills [end]
you capable of,b'from s from then up at many by many',[start] buy all sorts of groceries there [end]
A lucky charm capable of,b'your by the you more than might very is about you of by out many many by what it out by you by no when you like you the',[start] give a person good luck [end]
one book of bible is a,b'what about human your',[start] psalm [end]
seeing an exciting story causes,b'as about human an are are from as by its their s on out in one your one for in and that someone as someone a in in you',[start] sharing that story with other people [end]
mat in in front at location,b'that as many out out of one its more very you to are many your from more be them are the in an them more from it a and',[start] door [end]
playing games causes,b'are might on a its with and is is very for is be what a s it up an very from human an what at of many very more',[start] fatigue [end]
Cheers receives action,b'as more that as about their who on a someone at who as than as an its for you more to their many their their many about out very',[start] set in Boston [end]
adjuvant chemotherapy is recommended,b'to something drink eye than where of you are them the about you be to are from like get to by by many and about and and with someone',[start] for patients with lymph node metastases usually [end]
go for a run motivated by goal,b'your as get eat eat someone might like someone human about as what that out at them of more who that that might an and of in what an',[start] exercise your dog [end]
The capital of Svalbard is a,b'many the with for at very through what the about to your their one at human one is in be of human on its is a by from at',[start] Longyearbyen [end]
dog capable of,b'your be watch be many in human your s many their of them more that very and many more than out human and to good with their a be',[start] be many colour [end]
warren part of,b'that might at by than and to that with more when out than is human human be one very by who when of the on their its many them',[start] ohio [end]
the man receives action,b'it people with its someone is you an between one for a your their your on some one that good you of good about something many its you an',[start] raped [end]
have heart attack has subevent,b'their people be hold might no are on who to one the the one what to them are with are many of about as new what some your is',[start] you feel pain in your chest [end]
eat apple motivated by goal,b'someone his play in my out is from from might for that more an out very from for your might human be in good on by its on human',[start] you be hungry [end]
flower on your table has property,b'out very in the of at you out on with them with from an between you in human your one on all what when to on its at that',[start] nice [end]
know if you healthy has prerequisite,b'and from than and than the from be at as the s as its what s it what are and your of and as them their or good with',[start] examine your breathe [end]
592 ( 31.6 % required,b'from them someone get your to that that as an who and is their for an out by an and more up them a with as with good be',[start] ICU admission [end]
lot of person receives action,b'someone your on in like as have to many and it that be as make is many when your about their when with that what are be you by',[start] scare of reptile [end]
going to school has prerequisite,b'by when very out and them for the more be the is and human very when good about at its one that them up that that you when many',[start] motivation [end]
The coalition is seeking to have,b'the many being in its one s for the from are on to your be s an out with to a who at from is more them more on',[start] musicians paid directly for use of music online [end]
Tactics is a,b'when with their the on it by your and or who with are about out them be about on be on be them your with for is as of',[start] the means and methods by [end]
An arm is a,b'out water knowledge clothes thing something that from someone by when at a out up by from is an many in many it on for your you the be',[start] a useful appendage [end]
deja vu at location,b'for its than is someone when to on very your very an between and at one at is more what its what on be one them that very about',[start] middle [end]
volcano at location,b'its at more the the its as by someone you them that it than and about from very that the out its an your more and an them many',[start] top of mountain [end]
a coin purse used for,b'them more food a for a from who might like for the when on on as about is out is to a to might it very someone very for',[start] keeping excess change [end]
get drunk used for,b'its their their be human human who be its many',[start] person with mental problem [end]
god causes,b'in the in out in you than in to are very an many with more than by be be of what be who about that by human might very',[start] miracle [end]
cup has a,b'is be the very s them more who like by of at someone an like of new the and your very is by more and many human on from',[start] coffee [end]
kiss causes desire,b'and on on that like might',[start] help someone [end]
Very elder humans has property,b'on as make wear pressure up and them an with and be human their someone about you its be many more someone as out more by many many many',[start] feeble and weak [end]
agents capable of,b'as out them someone who out and it you on a with an with of your to might of of be on and from you are on about than',[start] list houses [end]
glue stick used for,b'out out good it be are from human in be and when be when is very than someone out out s be at that is for one be you',[start] glue piece of paper together [end]
visit museum motivated by goal,b'when out that to human are you as is from very than is are who to more on from when on as human very your by for in an',[start] it be good artist date [end]
going somewhere causes,b'like a to do on at an than your out',[start] really get lost [end]
comb your hair has subevent,b'out on at its your it in them that human of with be more s in them out as out and the is someone an your it you what',[start] look in mirror [end]
Egyptian pyramids has a,b'human many very is that from are it you its in a many be more out and some you of and its be human when is for good when',[start] rectangular bases [end]
compete has subevent,b'it at about is about its that of be in more that them with in them them very human it many to them someone are be many an one',[start] poor sportsmanship [end]
unite state is a,b'is on when his very someone for very when as from them them more s for some human it when some its an for in new when your for',[start] same size as brazil [end]
irvington part of,b'an them one you what in like be more them its your of good for many what that is one about an what is what with from a what',[start] new jersey [end]
person capable of,b'about a light water it on his who with an on to might its someone about the of many from very in what for by it its in to',[start] learn until they die [end]
cutlery drawer at location,b'who is be buy a you',[start] your own kitchen [end]
person go to work at location,b'out with someone some for with what your who like out',[start] subway [end]
cold weather causes,b'and about about be by on your them on be the',[start] frostbite [end]
The oilseed radish can be grown to scavenge,b'more it person new about its at them up with its what are you be that what its are might know the and no at for of that some',[start] nutrients [end]
most child not capable of,b'human an one up s at is might like your is in more you by when that when on as their to make about very in on it on',[start] wear wristwatch [end]
driveway at location,b'it it an in the are who from is more of many out it of you to that at are the you many when from for what out be',[start] car [end]
a QUANT_S_1 caliber Daewoo assault rifle is,b'their at by than them with to human at to an through its from them more your s by many human to a its as for on for and',[start] QUANT_O_1 of the weapons banned under the law [end]
horse at location,b'as one in it his your is as that about the the many who who its on the on at an in some for about out an the the',[start] field romp [end]
a saucepan used for,b'by to in for their when very are it about at who an from about is one to someone from it it many in when one many a who',[start] boil vegetables [end]
pie la mode in french defined as,b'many more with an their many s their is you its are its that out about some their you their for might their in by out a and with',[start] pie and ice cream [end]
buy something small has subevent,b'is his in it store your about when from very from the s them an you at out when on someone what is more on their someone for from',[start] you lose item [end]
a head used for,b'what for someone on an very their to as as as on who its be human the for and many with for a in the by you one by',[start] making a lettuce salad [end]
children capable of,b'many that for your that than many in them than very is in for who to be out and in about your their be them about on that that',[start] love [end]
vacuum the floors motivated by goal,b'out s and up and than on human more for your s your about in who when that an about very an out in on that that an you',[start] do the housework [end]
horses has a,b'as that more than human very is for and to like about from are of about the someone or the to it more than be a someone by more',[start] served humans very well throughout history [end]
A star capable of,b'is get learn person your its out in many be who about you that their when his more its by what at your you its when at good on',[start] guide a weary traveler [end]
thread on nut or bolt is a,b'from out more on like their who when someone who in what very very very might about that is many it many at one a with about is and',[start] form of lever [end]
earn live has subevent,b'to have',[start] prepare for retirement [end]
large item receives action,b'your what open for and at of very through for out than from by who human than an be at at and someone by is you what the for',[start] haul to recycle center [end]
divider at location,b'are the for or than s out of your with by might your s from your what from about more of be to to no very out you are',[start] street [end]
answer phone has last subevent,b'its to when that at and on an with from in at about than what more as is their their one them who on good for than is someone',[start] hang up [end]
person capable of,b'someone many many its the them s as like one than make at what by very that many who one from out to what human more of you from',[start] go for trip on their vacation [end]
have haircut used for,b'in a be do keep be be about it of someone it what you to someone what to buy very your them who your it from more a the',[start] tidy yourself up [end]
playing chess has subevent,b'are as that from with someone it s them as in the are someone be human are someone who that of someone to as you about be to some',[start] tension [end]
storm capable of,b'when it state clothes time about more between with and the by in a who what its be of one is for from no it at and human are',[start] move west to east [end]
buy hamburger has subevent,b'are about when very in is more in to their what with to have your on might be out out about in is with about to is a one',[start] take restroom break [end]
lady capable of,b'that to find go live for their out who your who that many s than many human human very someone it them that out their for for one many',[start] kiss pig [end]
basket is a,b'from on that more who at on human who be than in are its more with and than out your many are what the who someone that more your',[start] container [end]
Humans capable of,b'like by one water about in their to about very than at at as you out you like be are and a might on what about more their when',[start] taste with their tongues [end]
play ball has last subevent,b'are are buy very many might its you them and your might go at at them is out is a more to no at your the might human its',[start] go home [end]
first floor used for,b'in his some water about one at are many the who you that and by and more someone it who by is an be about about for at an',[start] be beneath second floor [end]
automobile capable of,b'like the an is very as human someone in someone their about might what on you human is be many the what what it as more human it more',[start] hold certain amount of person [end]
dying causes,b'human them store something his his from an between on from as someone many very its and their its it with you who and when and human the very',[start] an object's color to be changed [end]
buy christmas present used for,b'who be buy his your is very might its many you than for to on them for is you is is someone an someone in more with more its',[start] make yourself feel good [end]
Flossing your teeth has property,b'in and was previously had on that the more more an are at someone to about of that them on an as very in very to with out s',[start] routine [end]
person desires,b'when many are your who with you s about human human by from might on an through and might on their by someone is your with of some to',[start] be treat with deference [end]
politician capable of,b'human go the for for out them more about the when them up of at it very on very an your are an from be on from for human',[start] agree with voter [end]
food at location,b'it store in their as might with when in might by be them and and in it many as their it them you and it and by you is',[start] bowl alley [end]
Members of crew capable of,b'in someone human very are them by that you what what many for you their of from more someone to with is for about an with from to might',[start] row a boat [end]
glass of water has property,b'human are by who it an is from from human than their someone an cancer from be with by who more to are on are for the treatment than',[start] welcome on hot day [end]
person desires,b'an its some food new an at of all with in good out to many be from is is many the the from in more many an that are',[start] their mate to find them attractive [end]
get angry has subevent,b'in with when your out that them at the by with of the when the for for the who their treatment on one who that good in the more',[start] yell [end]
billfold used for,b'be get live something know to it on at someone who at an more in some it that one something someone of good of something something be you in',[start] hold your credit card [end]
have a heart attack motivated by goal,b'very its being in his what someone at you someone up in very from be someone at the more the by them when by are by good up are',[start] smoked too much and excercised too little [end]
gather energy for tomorrow has subevent,b'for before human the you is and the and on at you or at what your from your and from be your on to some very them it for',[start] rest today [end]
play has prerequisite,b'to in the many your is many than out what who in that about your about from as of their it in good when on many are and an',[start] learn game [end]
person not desires,b'an of water something something an you of very be for are be your when about at from that in them what get from an what might on might',[start] be drafted [end]
cow capable of,b'it water something some some on as an when for be from for that that their very as them you for it than some from by good of what',[start] quietly [end]
Steak used for,b'them good more in more and on an your them and for an more be of at many about to be about for as human you an it the',[start] eating [end]
you capable of,b'like like on when its many your its for one from as about someone and to your very be are more to the more for are them more what',[start] act upon it [end]
telling a tall tale causes,b'someone one good on more many for by many s your are for one them about it it more its what the very on out many on that human',[start] laughter [end]
Tasmanian tiger defined as,b'an be buy someone its one you that more what an to to get them than his that more who that be for at more someone in get a',[start] Thylacinus cynocephalus [end]
tickling used for,b'someone about and its to his as might are its what an and someone is their on their is your of your in by be more them someone be',[start] forcing someone to laugh [end]
gazelle at location,b'them a one it for when and as are is at out many what be about good as is your in be on it are by an on for',[start] asia [end]
disk is a,b'it eye person new its you have his human is his for that someone in by are his your from for is one more of that it you get',[start] flat object [end]
Maricia Melcombe of Stamford is,b'it at open human human as than of many at from its the the than in by you what when it about than from as in out out is',[start] a sister [end]
William Shakespeare is a,b'of their other their for more into at an or s is with its its is of many on the at more than with very their by what your',[start] a playwright [end]
relaxing has subevent,b'out on an for its when be that many is of out as who in more as their their a out it human its someone an be no and',[start] drink lemonade [end]
car capable of,b'its for it your out an be as who out at what as as are by from and than for an by than with their when more your that',[start] hit cliff [end]
course receives action,b'it for many your their to the them for for are a who in are from many their to one with good more for someone more of and and',[start] offer at college [end]
not everyone is a,b'are its the as by more s more the treatment more you from and them into on in is as a its that might that human with that very',[start] from america [end]
bridges receives action,b'be watch take take someone on be by it than with from as a with might the be very for with very in as is to an out when',[start] constructed over water [end]
An engineer not desires,b'about out book work room out into it to when you be it someone them a your is when about its them and human it about with from store',[start] a chaotic system [end]
Lifesavers is a,b'human go learn something his with you more for are an at your what its might go of are that of a are that many you them that as',[start] a necessary item on any boat [end]
an accordian bag at location,b'more human not not become do the them with by by very your of is on at in no what more someone at more many the on to make',[start] scotland [end]
buying something has subevent,b'to watch find get your as might with what from from about someone for for to what by to human than many like what by than about an to',[start] work with an agent [end]
diesel has property,b'and in with people more about the between it its with it as the what from with out it for as its an from from for with out out',[start] one of many product of petroleum [end]
i capable of,b'human people good work house about out more its about in a its no are its of all you more by that good one one for your their and',[start] light match [end]
someone capable of,b'someone its as it like like very than at to is from you more and is the someone than your at more you your in out be many the',[start] paint a picture [end]
Her long legislative record of expanding women 's rights won her a large following among,b'for as their an for more the from one from you of to you by their about an their a when to them of that as and that it',[start] women [end]
red meat has property,b'from over their than more to the very from what them for their in in at you the and and to the more of in with human and them',[start] high in protein [end]
overeat causes,b'that in money food thing good with might someone someone someone it human an as human the on about person very what one its to make in in good',[start] poor physical condition [end]
you capable of,b'the an more about you like at than their that',[start] ticket to enter event [end]
restaurant receive used for,b'of life s resource tumor in then and treatment from the many',[start] intake bulk food item [end]
commit suicide used for,b'what know watch money do see its to very are out very might at make when no with is them its make about the when with very it is',[start] person without hope [end]
a ring capable of,b'on someone get be the very than who an for it its as by about their good to their very more human at human their human your about that',[start] fit a finger [end]
seeing exhibits causes,b'than is its someone what in their its what about very out in that very s of your of at their very at who is and them you when',[start] surprise [end]
hospital patient not desires,b'very it new and in you be who an and that them someone with out more what is an at the of at its an their to its might',[start] be forget [end]
sit quietly has subevent,b'their one thing in like it on of some them be about an from many more someone the more that for it one its your about as some more',[start] look around person [end]
a stringed instrument at location,b'might what get you it very its are by the very about what for the that from is more as it you who one that by with very about',[start] a string quartet [end]
most common hat is a,b'you have hold food and when is it what make at make someone human in very at its your are its you with make something is about are your',[start] baseball cap [end]
go out in public has subevent,b'than very your and from as with out of an into their is the their as of your at them or in very in it be for what and',[start] you must be dress well [end]
mankind believes they capable of,b'as and out of life life to and very that with are very its one on of at for by with what for the are one',[start] conquer all [end]
mont blanc is a,b'when you at them is your that them out who human your with about by with them in out who when for that very of many when them who',[start] mountain in swiss alp [end]
waiting tables has subevent,b'at very a a be are you the s at as in for many many when an what about one be about some what no than by about you',[start] fill water glasses [end]
the roots q u a n t r,b'by the your about your s what at very of the from at to many when them someone its when many more its and very as with that one',[start] the moment [end]
have checkup has subevent,b'are at good in its for at more to what their than be when be its your them a when an out its with human more them very at',[start] you get pill [end]
send e-mail used for,b'is as someone what to be by with very in out your who at be might at might it what like to by are very one be by with',[start] communicate inter-office [end]
a street sweepre at location,b'like your another large them from them at an might might like that you many in about out someone many that with some human of on its your and',[start] the street [end]
Curtains capable of,b'of and before and or of into that an between out it between treatment by is and as of as someone and the what an s to to an',[start] block light [end]
molecule is a,b'the the quanto1 thing you human for be of very than human be your with human is their treatment some it their human your good it new very as',[start] small amount of chemical [end]
play lacrosse has prerequisite,b'from about a like when on with what when you by at someone is of is out as human from of their from are someone with you what you',[start] have net [end]
take bus used for,b'you make find see hold take something might be its might are the be get like more in at make someone to at that that have very you that',[start] poor person [end]
french restaurant at location,b'out of patients food time house food water time them of your who one and by by as on that from on a on good its some as good',[start] many city [end]
seeing your idea become reality has subevent,b'as many some you what many with might out by it by when someone be of is someone them someone on might in your its many the when a',[start] the feeling of accomplishment [end]
maintain good health has prerequisite,b'for s environment s of program together between from s with the treatment for their who out your treatment them or in from one their and than one with',[start] get more exercise [end]
embarassment is to receives action,b'when more the an',[start] avoided [end]
in anarchistic society there is a,b'what get go wear clothe them out at more than it it more human many their an about in that in human new is your an are to get',[start] no leader [end]
the role plays,b'might that you that its the your the the on one of is might get someone for them for very no them out about many that you about them',[start] compared to the whole range of old treatment methods [end]
tying your shoelace used for,b'what get buy you and their by their of a that at when the the might go you many a by in an in new by a more its',[start] keeping your shoes from falling off [end]
a grocer used for,b'as who a an up a as than be them on that from as that when its of to the for in in its one when its to at',[start] Fresh vegetables [end]
television view has prerequisite,b'at someone might on in many of at someone you by it on to human them its might from some you for very what at very more might might',[start] time [end]
guard at location,b'human someone for its on be the when who to by might what by your your at that as by of that is someone your your and in at',[start] military base [end]
fortune cookie has property,b'about you an with on many when the about for than the by more is when to by someone very to many its be someone be them it than',[start] give out at chinese restaurant [end]
going for a walk causes,b'about at to in have your of in for them up at you out about them of new by from out in and that for them in you to',[start] enjoying fresh air [end]
willy-willy is a,b'them as them for them you be of in your or your about an s very as that the and more someone their from good by from to no',[start] dust devil [end]
works of art barrel madison avenue,b'from about an than for when through between from at and its it up up what an what their their at a with on the human its more what',[start] last week [end]
this legislation is,b'it about person water than at in in when about their about the for their to its a be many for that are be of some one someone of',[start] important [end]
Canada has a,b'more very good them on from be for for than that no more when one it the to the someone what by very that by on your the might',[start] six time zones [end]
know how stock market perform used for,b'and with people on about who you is an to of on them',[start] technical analysis [end]
eating quickly used for,b'human is take you to many about their the cancer from that is than no when a their by a human with for them be as from good that',[start] airport food [end]
love defined as,b'many from them and at of your that who that what is to its many at one out in as its an at one of be your you it',[start] strong feel there be [end]
dress nice motivated by goal,b'than and before adenocarcinoma ahead up down treatment yourself in about more an than in all for from more by the an very about of that the from you',[start] the men to look at you [end]
the major carrier be serving,b'at your an very what is your in like to your on the from to an are from in his out about about to that many and from with',[start] Las Vegas [end]
train engines capable of,b'it person time clothes hair object than its many human with might very be it as by be one out that more with on all of for in and',[start] operate using steam power [end]
cat not desires,b'than it someone very and by their with about their when for on very that as than very many you to your and them of them and than when',[start] live with dog [end]
movie is a,b'by out you than is are to you them up you when an that and you their be its as of at at for many you by to you',[start] series of picture [end]
revolution made of,b'it it something person be their human its very it is of someone by their of them your and it them that be the out you very the human',[start] sentient be [end]
celebrating has subevent,b'out for as one about with when the between very of you them with at be someone the treatment it be their that an what on human from are',[start] honor heroes [end]
'Life With Dexter' is a,b'their be a many to for your',[start] a comedy radio serial [end]
destroying your enemy has subevent,b'at on his up s with their through about its s or your the its an you that one with from about is by the to the for at',[start] you might get hurt yourself [end]
water has property,b'and cancer system phone to that or in many is when when are its an with from them the by for human with you you when might in more',[start] transparent [end]
tape television show has first subevent,b'than through make your with out when who an what you you in very what on its are as their out your by what that a what for about',[start] program vcr [end]
giving a gift used for,b'of treatment cities of states health patients',[start] charity [end]
Stephen M. Cutler was honored last night at,b'out with out their by out into to someone when and at and the human you in out up who an your from good from about what good be',[start] commission headquarters [end]
a manila folder used for,b'out s from from who for up at your that what an of at many them you about it many one is many that at in be at to',[start] filing documents [end]
"Tested is past tense, testing is a",b'by about by by many the what it its you',[start] present continious [end]
Debra Anne Klein is,b'more from up more who and many on are their many what it them might might someone in for to you it for its its from by in at',[start] their daughter [end]
a nutcracker at location,b'is get his you as are more who from its at on with out up an is human you its by out your with you very as be more',[start] a store [end]
go to sport event used for,b'to watch store the through very their that at is many to is about is might are for no who them a at you the as an your someone',[start] cheer your team on [end]
Someone capable of,b'very get like like from than your an you with for when someone with of to at a to what that be that its a is more from someone',[start] plan to go to the movies [end]
Large dogs has property,b'it about you from them by that with be is than what that who on it by your are it be that to get on their at what someone',[start] affectionate and gentle [end]
eat has last subevent,b'be something it music music about by more of more between what many human at about is when the be someone from someone its their their very with one',[start] swallow [end]
semen at location,b'in in water book something your about a about at and a when an be you more more it something store to human one more someone from human good',[start] a porno [end]
A person capable of,b'from many the life as about its the for as many at for with very from the what that what a out it them and who the many in',[start] learn to read [end]
exam table used for,b'what human be the',[start] write exam [end]
penicillin at location,b'human on many be more at many many with you an s many who of in them your in an your to for them and many with good your',[start] cabinet [end]
some dogs desires,b'the that your who it of as an of for on who on your in for no its being and who that that be with some at about an',[start] fetch frisbees [end]
gun capable of,b'human of very is have to it from many them who its it more might good out many it are might for is many them what its to very',[start] kill you dead [end]
March QUANT_S_1 Revenue QUANT_S_2 q u a n t r after,b'human many the out that for them about out',[start] the latest first quarter Hope Brook Gold Qtr [end]
making people laugh causes,b'to give to dont like to in very who than in your that many human the of it that to very human one in what like by on to',[start] the atmosphere becomes lose [end]
write a poem has prerequisite,b'to be it house at might with many its s what what the with who from and with who about is you in by by be someone on about',[start] get a pen [end]
spit causes,b'who human them at to when for by their you',[start] fight [end]
open business causes,b'for before that is like very are in their be them or your or by it human an is human an on that you than that at some as',[start] make profit [end]
write letter has prerequisite,b'for with when for more are many than someone than on that them what to what to for many out who than to are of when and who the',[start] buy paper [end]
american life has a,b'for in my food friend game something person thing up them on very them its of your to with one the with be to an their a who good',[start] get way out of balance [end]
see art causes,b'very for of health clothe when have in with get is is human be by the that with good than might be a your one human with its someone',[start] appreciation [end]
teach other person used for,b'at through a many be when his by and more to get what many an in from your with a them is it their of good many with your',[start] share experience [end]
gazelle at location,b'them a have to about have your to in be to in you about in about them of your out are a human an on its you the their',[start] ivory coast [end]
horse has a,b'the that as the of more',[start] really good balance [end]
this used for,b'an from its them with out of be of in very for about than their it and in on with by its as that someone it someone very more',[start] see wood [end]
flower bed defined as,b'who you something at to be than of you out',[start] sometimes flower garden [end]
see artifact causes,b'you on and or its with are with when that on its of about be an who from your at about with out as by as more when out',[start] bad reason [end]
enzyme is a,b'to then for between for at on with s and than very at are its of s be an when them who be one at their its human in',[start] high molecular weight molecule [end]
divorce capable of,b'many about on in that is is from in very and is might are in to many about them or what that be is as in a the on',[start] include custody agreement [end]
howling with laughter has subevent,b'it at them one new their than their and with that for your are it that you an are that one many your about very out as new very',[start] crie [end]
14 reviews included,b'with them human some their on many or what their be to to more from are its it very your when is them a in to their you when',[start] in this review [end]
mouse capable of,b'its and at that from is with more on that human by who more by at who as as you and human at out by than good them your',[start] life on grind [end]
dust at location,b'when is to where are by an many in from than it an like who its them by by of and about and with your more be you many',[start] under bed [end]
Antowain Smith cut,b'out at it at more it are with that their it with on a in some out at their good you your when some its be good is on',[start] wide right [end]
join army has subevent,b'that be do go might might it that at might what as an by that on in one for an might your on your their than be it it',[start] go to war [end]
seeing a story has subevent,b'like about many out for to you might be s from be from be on more on the someone to is more be human their many with more are',[start] turning a page [end]
stand up has first subevent,b'of',[start] plant the feet [end]
a picnic table at location,b'than from at be you from that s out your that more from are their you are with in in might for its an in a by for good',[start] at a rest area [end]
men with lot of money has a,b'be at a an for you like when when at when on human the be what be it someone on more their an what your might in a human',[start] nice car [end]
fall has subevent,b'like his about from than its its someone than your its as very like the with an for your an s you human the its that might get some',[start] you break a leg [end]
celebrate has subevent,b'what know it thing something for it his your them the out who from it out that might human new are from is them at its are that when',[start] special achievement be recognize [end]
a magnum opus new york,b'to up to know very its it is like it on its human with get it it many its from your with at at more and someone is are',[start] American identity [end]
Champagne seems appropriate to,b'might your it friend',[start] QUANT_O_1 this splendor [end]
The secondary directive for machines is a,b'from by at be it make with when it you than on to when that with you for more someone of as in human an when by about for',[start] : Obey human commands [end]
the House had,b'is their it on for that you them with who many an might by as who it with more as as someone when human it what by it human',[start] a 394 - 21 roll call [end]
an erection causes desire,b'from in it something look at with from what on when many more for its very than when at one than of a your to the to more someone',[start] masturbate [end]
roller skate at location,b'by more people food friend his about very and of who it many it the of its when good and you you that it that that from by very',[start] skate rink [end]
One impairment a person might has a,b'very more new hair hair for to by and in by than someone many than them or that to someone about by your s many you it very you',[start] is bulemia [end]
obstruct justice causes,b'on about is its be of on many with more to them with from with it you at with its for their for many a with them by a',[start] get arrest [end]
the impact of the latter is,b'out s blood',[start] modest [end]
handle proposal motivated by goal,b'to for its you as when is for for by s to by very human that many when a its it very more someone a who what your than',[start] do your job [end]
having fun has subevent,b'more by in new treatment people down up in for one is an out who more your by a who human to get and new someone on person who',[start] enjoying company [end]
hi-lighters at location,b'more by a human of out who about an who like when an who about with out out that very and new on from you as many for be',[start] a cabinet [end]
its proceedings take anywhere,b'an be learn a be what what it them it might watch many at in by a with might to someone what at about human their that an you',[start] place [end]
kiss someone causes,b'as very more you your the than the at cancer on you be from what what them its it about with your their very is them from about your',[start] lipstick smear [end]
data concerning,b'on from of the for very to when out that at more of from of many one be who might an as in for might when more when very',[start] the prognostic strength of current tissue biomarkers in the diagnosis of colorectal cancer [end]
empty boxes at location,b'than an store food it you its that at than is from that to it their you about you be an them to is many in many your them',[start] a waste bin [end]
philosophy of mind is a,b'at as from what an',[start] subdiscipline of philosophy [end]
waiting tables used for,b'many that to to are for in might its its out that who be your s it from it by what out their that someone the to make to',[start] giving people food they ordered [end]
lp record receives action,b'to is get to by them an through them many them by about as their and who from to as its for as their from you their on more',[start] make from vinyl [end]
gas used for,b'your person friend thing food something to many their to you have who you it a someone at an them like make them by one you in its you',[start] use as a fuel [end]
educate person capable of,b'who human people some by and by their by very s are than what by than the about someone its to its one human them at on many from',[start] face hardship in life [end]
get exercise has prerequisite,b'and on with someone what like are for it on an the in their by human that who their what you very out and on in at with for',[start] play a sport [end]
Hong Kong is,b'as for many on of to what an more is an who out them when them about human for some is about to at at your is it on',[start] South Asia [end]
debate politics motivated by goal,b'very that from its like from are than it of an at them to you and many it many your might good that them you the on your about',[start] have good laugh [end]
light match has prerequisite,b'that an his a of name in you have your of what about by with are at what more you when its their more human it human by by',[start] find something to light [end]
The governor 's campaign aides offered,b'someone for for at is what of by when and out in on that many very on at when as who your what with about when human a for',[start] a quick retort [end]
chewing your food has subevent,b'from from at than be s about many them about an more out very is on as of of one about it in on them that from it are',[start] you might spit out some gristle [end]
see excite story has subevent,b'is about that and and between with when as on very what them your them about to no when at be at the an out up human who the',[start] hold your breath [end]
monogamy is a,b'from it in like it and many very many the when and their it is one as their the that and than than about human the them when good',[start] relationship between two person or animal [end]
go to a party has prerequisite,b'someone its in with with them many the of with who many it it for be more from to one in is is in be about in at new',[start] put on nice clothes [end]
glasses defined as,b'like very more as it for its that for it on human an someone that like the are as many be who you their is is its of them',[start] a group of glasses [end]
the company clears only,b'more it water in what get on more it by what you be like its an them that it more at you get for with you as its what',[start] specific hurdles [end]
celebrate has subevent,b'when their water food a might that in in that to someone the who who them about your as than the out up be of store them what as',[start] band play [end]
A person capable of,b'your make person war',[start] twirl a plate on a stick [end]
get some physical activity has prerequisite,b'are to listen your more than as human in it them as human in an when a what are on from human its who its what an what might',[start] run five mile [end]
horses receives action,b'for out thing country game person the be that you by your someone who as s with are of store by about in all new as human many as',[start] trained to jump over things [end]
piece of trash at location,b'be you buy play person it to with at what what them and more it a for person as their an by someone be out that your and in',[start] on sea [end]
someone capable of,b'when that when heavy that are their the what its as and and out who you when human who out to for for on for and more what you',[start] hunt wild game [end]
nashua is a,b'the the the many many them as risk of in that make a from an very out what an you your with an it of more about good very',[start] city in new hampshire [end]
fight capable of,b'them to someone get look with human their might the and and about very your at an it your one human with your human from it who your for',[start] make person upset [end]
jewler capable of,b'about it work shop or is up up them the who for their someone when one what very than than what to make what it who an an what',[start] value jewel [end]
sloth at location,b'them of and was who that by is it to its out your by its that you might it on many you to the your when what some a',[start] burrow [end]
telephone at location,b'them a person thing money in person good with one as to with someone might many at for you of by your about to someone be someone that the',[start] earth [end]
convict suspect for crime has prerequisite,b'than more one thing them about their someone an as at more than its about very an by more is from for new is good an to with the',[start] gather evidence against suspect [end]
many hats contain logos which has property,b'like with many out up more s them by what in your might more who be at at when what who more on one human at very with from',[start] esoteric in nature [end]
Overexposure to the sun has property,b'at your by more through very s when with in the in the many your that who human when human very the be to them one s at and',[start] harmful to human skin [end]
drink used for,b'very as you that for at human in them with your about it what about an are a that and out to what you what might its at are',[start] quench thirst [end]
change society has prerequisite,b'of patients in be what in as their of is your to when human at at at an than for very that more many with of its when with',[start] define society [end]
meet interest person has prerequisite,b'someone what you when his human when to the what as their be it the an be when your you their to make something of might with a one',[start] you to leave house [end]
write story has subevent,b'are its good money one in get a might good a human the on good a of very good and very their by for quanto1 of as them than',[start] gather paper and pen [end]
a group of mourners at location,b'with are as that to and at out is an like at from the when on about more out a that very in on to no in them very',[start] a funeral [end]
hairbrush used for,b'of than chinese treatment 1380 against below cancer about you s them with be when it you it many that an on than for of for its human human',[start] brush your dog [end]
Some people has property,b'the more in up in very treatment of cancer more what them into you from and with some someone who them many for some that to are one is',[start] afraid of dogs [end]
find lose item has last subevent,b'to drive your many to be out into by that in are on to is many might something that very very is in their at its you more your',[start] give it to owner [end]
person not desires,b'for in new at as very for your than in it s about who that human when by its is the many many out s many from its more',[start] angry parent [end]
Americans has property,b'in as one water about when like it an what your are someone on at you like be very as from many what in to get on many are',[start] proud of their heritage [end]
A roof defined as,b'human in this your their that human human when and with an them that as of on from out than what by to when by is human you and',[start] top of a house [end]
playing the violin used for,b'an some an by the of for what about many be at more them and you you are some them for an from more their new it what that',[start] the joy of making music [end]
woodwind instrument at location,b'them the time car work music to one to them by the at for them that more someone at that of about someone very in it you when about',[start] concert band [end]
a cottage used for,b'what from at by your your that out about what on is that like someone who you and from that out up human as be your it a is',[start] vacationing in [end]
dress and pasta is a,b'their by them up is be and than its who more what about very them on the your their you on good someone are from no it from one',[start] type of food [end]
gold has property,b'be play in out when in for to about is that many very their about when the very from one you be your that is by a and very',[start] shiny [end]
fishing causes,b'more to his them its out for human what out very are that might one when someone when you as be many one is is what a as by',[start] having fish for dinner [end]
going to a performance causes,b'it you an like someone at and on your its someone who in your an are on human when is is in someone the who good a at their',[start] joy [end]
personal slight causes desire,b'from but when heavy out at them an for what by very you the its of is be of that it of an many their at you the them',[start] judge someone [end]
clamp used for,b'with one your from his that and to might you by your or might when who in that with of as very from your one many about very be',[start] hold object together [end]
white key at location,b'someone an the in by out that many their their by to on and might on what more at some human the about them an for good with are',[start] piano [end]
a lady capable of,b'about out thing something place like be at your be it with you them than is one up from for human good someone and very out human are be',[start] receive a love letter [end]
zoom lens used for,b'be in some and about what in your their at with is at many someone at the more is your very you an it more with someone when might',[start] see distant object more closely [end]
one food that may receives action,b'are very see see take have to like an at the that many its very it it to get human from be you someone its the and their many',[start] put in pan be sausage [end]
fight war motivated by goal,b'more person play in its as is are to on about as a its are when by is them when at from for and from its with be for',[start] we be invade [end]
curtain at location,b'human their of blood at than about for of very that for that their from with with one about to their very that human an what it be for',[start] the theater [end]
Richard S. Tedder is,b'very get a someone your to have to in it who is who someone to that about your who on in for be the its are that are the',[start] Dr. [end]
use calculator motivated by goal,b'be to like on when your by is it for their might it on your its at by on with might it that are a with by are for',[start] do math [end]
Fungus gnats has property,b'out s environment clothe room house hair out the cards system or treatment the least be very about someone new and in at an heavy out you in on',[start] annoying [end]
spend your time on this site causes,b'be very watch new in about them very your its them more with it in as at as the at good human from very what a them be some',[start] get eye stain [end]
success causes desire,b'than through about from the with it what the about someone it about the them who them as it by with of and about be very out it their',[start] have party [end]
soap used for,b'like do see feel the cancer',[start] wash your body [end]
fish has subevent,b'like is make good them than that at at and s more of human be with are what by your than one for your an very its you its',[start] peer into water [end]
vomiting is to receives action,b'their in my you you human an its for human out many what you your be an with are about with it more its the your with you at',[start] avoided [end]
a sunglasses used for,b'its its with an and very cancer or by your that them about from on its in who their of human their its by that an is one by',[start] protect your eyes from the sun [end]
see your idea become reality used for,b'an the water their an their about human at on very someone about many human their you one by might take to know is one on to your a',[start] attain goal [end]
give clue used for,b'are on a about for of about up',[start] help guess [end]
a choker used for,b'them with very an more is to many to on a s their very be their with to might many one who someone human someone what on about what',[start] wear around your neck [end]
monarchy is a,b'more some very at that like with on more in as open someone an your from from on a when from someone at to more from your one your',[start] old form of government [end]
some thing only work if they at location,b'their water game knowledge than both is more than good who about for what at one is the out them more to their many as that be at its',[start] right place [end]
exercise has property,b'like a a the you than a them by with someone a of you someone its when the from might an be your to the by you more be',[start] fun [end]
downspouts are,b'who in your for to when what the be that are many out on the about your their on its its its to get is their the them to',[start] clean [end]
human interaction is a,b'it his some it some like are an are one someone it on from about someone and to make you who his and the in you like for them',[start] game [end]
talking to someone has subevent,b'with for more his that are their to their what human someone the more be of the to both out it it your of for human you and by',[start] make an unusual face [end]
buy a shirt has first subevent,b'for and is when more for the and about of or is on about for about them more very more it human the someone more human someone more the',[start] try it on [end]
2 Diabetes Mellitus is,b'when their you are human its are and in with its as is in when is them is be many that your with out as for of is as',[start] a chronic disease closely related to personal life style [end]
anteater capable of,b'on their at like something about of many like from when out a as at is many your in it your when that their that many to many very',[start] eat ants [end]
Most of the animal skulls are the result of,b'is by a to their the about as for out out what many than someone to human one an that that as a their and very someone and out',[start] culling [end]
obesity is a,b'at to someone store that many than the them out many about in and who when human many someone in the might one to it is might be you',[start] correctible [end]
different breeds at location,b'might you hold you that when more about like for you many them your its have for their an are by very who out to you you on good',[start] dogs [end]
moisturizer used for,b'that its might his them many on their very to human a it who more it is to about good their an is it out many an on some',[start] spray perfume [end]
The bottle is a,b'are what it the at that out or one s and treatment and someone many out when that with is for is that are are one at many is',[start] casting a yellow shadow [end]
person be kill has subevent,b'out what watch work up your to by what like human that on are might them on for a to are as be them very human in on one',[start] that person be damage beyond repair [end]
watch tv show used for,b'with out their their many many you them for at human on them what it be might your who you your as to an the from someone a in',[start] pass away [end]
meteorite capable of,b'is more store it it get them in be the be by someone you by their at a by the when someone it for at be them that you',[start] near planet earth [end]
climb mountain has subevent,b'by from an in my what you be very an many when is by someone be the than on an your your might its is someone your than about',[start] bring oxygen tank [end]
Mercury is a,b'be go take you s be about is like from them to very someone them from from on someone might them at your are you them the very in',[start] about two-thirds iron [end]
reading a newspaper causes,b'from on when heavy many an for are from it with someone for for their be that is who than a for from someone in your it you human',[start] understanding world events [end]
tell story used for,b'from out by about what who you on its who of them what them many someone than human it with at from its it one are an when as',[start] make person laugh [end]
a control room used for,b'of of as your someone be you more many that very when human when no in very its out with many what with an are when good the is',[start] checking up on people [end]
a courtroom has a,b'are that at about like many by someone its its are on are when by be its might get what in when when them about when an as from',"[start] a witness stand, [end]"
solor system is a,b'who with by one than for s by many more for out at from who might an in that as their your when from no about for them an',[start] wonderous thing [end]
The doberman is a,b'from someone good your by at many your than who out is an in someone who out you many when good of the for of and its as more',"[start] a loyal, intelligent dog [end]"
someone capable of,b'you like make watch store it might it it that them who from who like someone you to what a from a with what get about about very it',[start] eat a sub [end]
see a movie has subevent,b'you the in on that human be an with are them to many at are out by more about its an someone one the more about it it with',[start] watch and listen [end]
having fun causes,b'is what have watch have make buy on go your be very an and your in be to that like your human have them is its is human with',[start] get a criminal record [end]
execute fly kick has prerequisite,b'your one person person up up it the that your or as your of its when human about it what might have be of be when about what you',[start] get run start before jump [end]
The German-English Academy was founded by,b'its make you to in like their out more an be very to it when make more more about might good you to very no more your one than',[start] a group of Milwaukee German Americans in Milwaukee in 1851 [end]
a bullet used for,b'of by open human on them what your',[start] shooting people [end]
a baggage used for,b'be human go buy make get in the out s for more is at to someone out as that an who it on for as many on is more',[start] checking in at the airport [end]
Toyota makes vehicles which has a,b'your it play',[start] alternators [end]
Revenge of the Nerds II defined as,b'what you more them for your very your than as what its to you about your are their for what at out out a one on about some is',[start] sequel to Revenge of the Nerds [end]
something at location,b'to after when from the about of and many many be you in that more someone in on them to its their very by human than many and of',[start] open pit mine [end]
room key at location,b'as on a more up at of on very s out on by and your your of by with its its of it its at it what human them',[start] at hotel [end]
badminton defined as,b'to where who his you to like up when when have have as be what it is more like to his a about is you to what very their',[start] fastest racquet sport [end]
a person capable of,b'more human that its what your many its out on many them with that very very the the your than very a by in many them than some the',[start] swim in the ocean [end]
some mistake is a,b'the an more with when a at the',[start] not correctable [end]
attend meet has prerequisite,b'very be be his it on from human and them on it s an and about be with are and from by no who from a out very at',[start] get dress [end]
sunny weather has property,b'like is your is out up an its human be the and an that the for one in what it when an with in on out and their their',[start] considered nice [end]
metal has property,b'as their you more that them about to it to your in is who be on on human when on an on get something it and about its are',[start] hard [end]
eating causes,b'human move more is be might in who its your them as at you what by when an be from on on are the you your from at might',[start] becoming overweight [end]
MDMA at location,b'and at for them that it that when about when to when by their s than a for some by to by and when more up what in the',[start] a rave [end]
baseball field used for,b'someone one someone it is of is as are your more of to its for some be and an when human your is be what that with are might',[start] look at diamond shape [end]
the Clintons to q u a n t o,b'from who from s cancer and in as at between through an from in very who by more human human when more very many human human from it very',[start] the retreat [end]
swear causes,b'to visit give you someone you it to more of very with that its as very it an many with them by someone might get you one is is',[start] make someone angry [end]
watch a movie has prerequisite,b'more good human water with an when to have to you to is in one as about at more more be one more when good your a to the',[start] turn on the tv [end]
commit to memory has prerequisite,b'be at them up at that are might their more to watch by you many for are of its might what someone someone an that more than might very',[start] think very long [end]
an approaching car capable of,b'as at your by many from from are the is of is more about them or the the your human with one human who you their someone you of',[start] hurt you [end]
coins at location,b'might human are on from to to at an that you you them up than a with one to by human than about and who it that in when',[start] a water fountain [end]
a computer mouse not has property,b'very the patients together product before at more into them at who be who in what with good is at that make for of what a from good it',[start] living [end]
bill file at location,b'be take the them on out what their that by by in one from an an are many of it your many to many its for with from of',[start] accountant office [end]
This is a,b'at than out a very that someone on out from to them for very in a of from from out it their and someone that that someone as about',[start] a bottle holding a orangish fluid [end]
Onawa is a,b'from is to to to from when up like is be on at at someone on many the very many someone is human be your about by your might',[start] a town in Iowa [end]
an audience at location,b'human their all them about more your that that someone up in you who on that might human what in from someone than is by what by good to',[start] a show [end]
go fish causes,b'and',[start] have fish for dinner [end]
A pain causes desire,b'more as for what for who out its of as an that for as human of of to might to get that be with are and for one from',[start] have an examination [end]
take oath has subevent,b'an your in water water to by with what more out on no with are someone be one by what very very about is their more that by is',[start] touch bible [end]
selling your new book causes,b'them new for what when them as what from someone to you have with as the more them them more what be what of you on a their to',[start] earning money [end]
Compassion and wisdom has a,b'be go something eye water store more what by with about human you to with their you might go by one it what that as your its its more',[start] a positive effect [end]
Ms. Ephron is,b'like watch make see more of a its your like that it as make more about the on what their by be their of store a many its with',[start] a novelist [end]
black-capped vireo defined as,b'on as human about very it more who in as of a the s on for of some at from an in of out with and them for on',[start] Vireo atricapillus [end]
number used for,b'of self on in and on them and them your than in from when is your when when from at an by your is what with many by by',[start] work thing out [end]
wait in traffic has a,b'that at get have in take with many very very their the more very as out be and for some are out you their in them its as you',[start] high economic cost [end]
you capable of,b'their be keep his with an in and its who at of than by that be be when are one than what might a at a are might is',[start] drive onit [end]
person not desires,b'its when more human your of one for and the you to an you them s one its the its at more an about new their with be a',[start] bad luck [end]
get contract has subevent,b'at the their by an you about out is very about human many at be very be might a be their at no human about new to with on',[start] sign contract [end]
person not desires,b'at than them than the for is who like is very to to on by what many when out someone them on what for is its that about a',[start] be drafted into the military [end]
someone at location,b'to drive get store very human someone many for are like many you to the by it out what one what at about human as might your and good',[start] the compost pile adding yard waste [end]
something at location,b'when their you is with a between someone your its are on about it at be your at your their that is by of it as in good them',[start] in newspaper [end]
fruit at location,b'in your money the their by an are human on a out many you on someone their at them out out at out many good about a and them',[start] kitchen [end]
A dog capable of,b'in more to at their in your about than their more is when someone who out them up what as what someone the it when for the their to',[start] eats dog food [end]
hippies in april,b'as very very make see by about in on from its are on your from to someone up what an for on more a with their them up of',[start] that year [end]
pacific ocean used for,b'more something music car light to at is many on an more might by no is more than more out its as one one as some human some you',[start] swim in [end]
David Spade is a,b'on or about the and between when more what is with about with who to it up than as be its are out at from the in out at',[start] not God [end]
run in marathon causes,b'many its get live get hold a more about might with in from very it than about of new out your with human you be for you more their',[start] complete exhaustion [end]
sofas made of,b'who someone might the treatment',[start] leather [end]
Apartments receives action,b'you have get feel an what what to you more that more very about them than what their about one more that like many of more to one than',[start] built on the ground floor [end]
there is a,b'it people one more the them more with be who out someone and you very to that are its human what them more them and your is on on',[start] bury treasure in carribbean [end]
Chickens not has property,b'with of s on it be your between their you on what are to for when very an what in more for as from be one it many them',[start] allowed in motel rooms [end]
A private foundation seeking to revive part of Newark 's blighted downtown is to unveil,b'as to at out it might about human might that be in for very by at on might them his very in the more them for from no when',[start] a $ QUANT_O_1 plan on Wednesday to help transform the area into a round-the-clock neighborhood [end]
go on internet has subevent,b'than them by of one be very about out when them as them very their their as for no them to you the s is with it a you',[start] spam [end]
fire capable of,b'what by one someone the out than might when by about that someone in is more who your than in the might no about by it out the human',[start] cook vegetables [end]
"To ""act"" defined as",b'as be his store for from an you to like like with on to like its be at more and more someone what on are is be might one',[start] proceed [end]
The Loan Deal goes through on,b'when you be it store to by from be that them for by who be more what one your your their on of as be one on are at',[start] Oct. 6 [end]
kid capable of,b'in up from is human might have be very someone someone who with when an as at be them who is a that you make for from its their',[start] be brother [end]
job is a,b'who in it shop you to his your an as very what when them a an what his might no what might to them more your might it them',[start] student [end]
desk drawer used for,b'the many people something have for might by is make with have about as at an who be an in by the as its is no human that at',[start] hold item use by office worker [end]
can receives action,b'it their someone be like the who someone that like a are you in get more on an who to their you with your and some are you from',[start] find at theatre [end]
A comforter is a,b'them that on it with in when are its as to its at what a for more in with out on you out out in with for what out',[start] someone who gives comfort [end]
run has prerequisite,b'from your them and that in what in a on by their or many be as at that your for as as out with with when of out it',[start] just do it [end]
The Concorde supersonic transport is a,b'the good small play feel you or human by on who at the is by many someone out you like the and that by is from of their by',[start] a beautiful airplane [end]
Elan Pharma conduct,b'the an their and when from treatment or from to treatment and the by their out them very more many about of what very for it for than in',[start] marketing efforts [end]
Many offices has a,b'many someone on than of from and than it s their s at more the who many many for some out be about its for what on you your',[start] canteens [end]
I has a,b'to do know someone in them an to human on many you is is you for store them them an to an its it on them something to on',[start] too much junk [end]
bone at location,b'as that on on for someone at an an s s are you of it than good more an from to a someone them very to them be their',[start] church [end]
bulb defined as,b'and or cancer to by in in be out',[start] seed of some plant [end]
a baritone at location,b'more is person to their of it or many them through for its its and human someone out more out at with you that are from good to are',[start] a singing group [end]
xml is a,b'their be the from in by when in you for very to them be be are by at as their by for from in it is when with what',[start] modern interchange format [end]
Steven Lonegan ran for,b'an you buy make play learn be your are of more with many them it when it on a for is by its human it you human is something',[start] governor [end]
Brake lights has property,b'out out food store up from its s on of by one many out very s your in more who you to are their a what their an be',[start] red [end]
yard used for,b'than you his more your its than and out the as is that human to your at at one them its them as by their about by on some',[start] distinguish property ownership [end]
clean your room motivated by goal,b'in for out it their out by s out very than than by the s one with by very by from to in than it out your and of',[start] it be clutter [end]
a diva at location,b'who might more very you from you at to at by from on when out or you from you someone human very their on from as human at are',[start] an opera [end]
wait on tables has prerequisite,b'by as make the when from as an their from on that you with what their their is your when very your them human is good an than from',[start] get a job at a restaurant [end]
cash and credit cards is a,b'human good play shop shop food for what very with be are when a human with at them of something is them in someone your for that no for',[start] two ways to pay for things [end]
take stand used for,b'is someone you get are is them an is what and that their to know from human are be the someone them very who very to more with on',[start] get what you want [end]
Recent research at the Medical Research Council 's Environmental Epidemiology Unit is showing,b'what are go live about what by is you than and with it than might very an who an to its as is of one up on are from',[start] that impaired growth in fetal life have profound long - term consequences for health in adulthood [end]
a sound used for,b'many with people time them about and an is with many with at them them you your them than it what to are of its by than new at',[start] listening [end]
skeletons at location,b'your both you when by as human very is when be like and you about more on is might no in be when by of of good human from',[start] a museum [end]
the cop capable of,b'of its of part about for about when as their very the on it your their be from the by are be very at be of very you when',[start] direct traffic [end]
Light in the window is a,b'when as of of from with in on an cancer or with at s on at is about from their what your it and and an to an of',[start] a sign [end]
motehr capable of,b'them for what them for them s about to it than with on about that by is you human your be an when them is from on that on',[start] sing to baby [end]
a toy car at location,b'are you for its more about more them or someone very to in that them that you are from their as out from from an in you many one',[start] a house where children live [end]
drive to work causes,b'your open their of united it of and from their when to by many about and its what someone them it that on when your to when its to',[start] promotion [end]
notebook used for,b'to you are very many for someone its someone that out than you human than a many that its the that of some from to as a about very',[start] keep note [end]
the law takes effect,b'its is something store on their of for about a and out out than a from you about who and your an very of at someone them very the',[start] Friday [end]
The 4MGS was,b'many by your more your and when when human what very be at of your human by by someone very to someone one be it an on its are',"[start] the 6 min walk distance ( r = 0.477 , p < 0.001 [end]"
attend rock concert causes,b'might like watch your when on by by from out through more is very you with their more an with what their very their their many be to no',[start] hear loss [end]
notes at location,b'about at his a someone like someone to what about when that on one a you at from your by who on a to for an the the for',[start] screen [end]
bug has a,b'at an with their are to to it on the your through than in by what its an than in with very many with to make a many about',[start] leg and wing [end]
student capable of,b'on what by its what like many an up your who out the than for their in from at that you many that one someone and with good someone',[start] learn about literature in school [end]
a neighborhood map used for,b'for at someone get more that its your and s up about very at it what their their it by more human be by one what more that it',[start] navigation [end]
watch movie motivated by goal,b'your many to to and in with someone what that that a of human them a more the by its no many its more human them more what a',[start] review be good [end]
Safety pins is a,b'its you to feel know many',[start] sharp and can stick fingers [end]
meet person has subevent,b'its the them something to the your or you that that it about many for its from many by someone out the at is with is in is some',[start] exchange pleasentries [end]
turn something off you capable of,b'you on and than at them by about for the you',[start] this to leave [end]
child receives action,b'its on his to human it and on what for is from be be at more in from of of more are from more a very from human on',[start] teach to hate and fear [end]
one space shuttle acronym is a,b'with by when heavy the that on for human and by in a human s with their human for what out its from your more is is some the',[start] adi attitude direction indicator [end]
jump up and down has subevent,b'and through someone good with are that as its on the s for very from at the its on them out your by about it out a your to',[start] break leg [end]
fountain used for,b'on about at from them to more are many is out up about for human many more for their that in some for for you them by be on',[start] dispense drink [end]
water at location,b'it money their about human the s out s the for its very s are for the your at to is your at someone them about good of is',[start] a bubble [end]
Chewing food in the mouth defined as,b'with many to someone by like your very with that as you is its many than it as you be human in their of an very you at some',[start] first step in digestion [end]
someone capable of,b'by the an you',[start] create a new form of life [end]
Valentina Alexander emerge from a haze in,b'be be a its as are on on it who as its with the at on you human many by for the to someone many on it out in',[start] Zinda Williams 's stunning African costumes [end]
coreometer is a,b'human people house in at what more or their out when in about your for than to more you your about to might very them who someone at is',[start] pupillometer [end]
improving yourself has subevent,b'for what on be of at its that by who by at is very are your it at might are about you in your their one its is by',[start] join others of like mind [end]
some flower has property,b'their the human its is it many it your an more are at your of its as be and their for many is from from by by for more',[start] edible [end]
Most people desires,b'to it good friend up as through what about who at your your when be many what it that is of might many when their it many one up',[start] have friends [end]
you shake has subevent,b'who and what it someone on might your from human up and the on more someone as you for by many the it more out what you what good',[start] rattle it makes noise [end]
rain storm capable of,b'their that is like have is and very them on be of is a the by its human a about is someone a good with that are the of',[start] water lawn [end]
Music causes desire,b'at like get put your by when what a s someone s and as be about out who for might for an for from be than human a more',[start] relax [end]
make patchwork quilt has subevent,b'many someone might many many its you like many for more with what on it in its of is your about are when it out out when them an',[start] cut fabric [end]
person desires,b'is what human are might by than by at of the in out as that from more up the than your what at to their for you many is',[start] anykind of sex life [end]
subway token used for,b'them your water up on them from to one many or from of by is for its you from your be someone by human your to in good as',[start] passage on subway [end]
Pittsburgh and Boston both has a,b'with it a very the is that through it them its is one s of that that of out in what when one very one at very it in',[start] old things [end]
reach tentative agreement has prerequisite,b'as at human with more for many their with the who many in on and many be is what someone more with and about than someone with it from',[start] communicate [end]
cannabis at location,b'about it money play learn like like of in get their someone what are is on human it very good them the by new your human are your human',[start] growhouse [end]
it receives action,b'on with to you than very with in their more when out out more on a your its what and many as from good on some your when at',[start] clutter [end]
anyone capable of,b'is many its someone human are with their someone or and that of than one out your are be many human it your to someone by human many more',[start] judge person [end]
a dancer capable of,b'the for in up to someone the what very very by its of someone on from your what many is of for some their more for that with human',[start] dance in a competition [end]
map used for,b'with one be someone to of someone s than are as for out from you about on in their your to make you you it what someone their for',[start] locate rest stop [end]
The U.S. increase aid for,b'for before to you are than you s who for the for what out about more with a you someone at that that as as human of them s',[start] birth control to developing countries QUANT_O_1 [end]
get some physical activity has subevent,b'for for of water of life with you to at about be on the about at you and by a for be and their what very more out who',[start] improve your health [end]
bob dylan is a,b'its your your of cancer from very from that as human are that of about by what very them or as it one on and very be that out',[start] lowrider [end]
clean clothe has prerequisite,b'its you take know for when for the by at what than that more with with a for more an at many what when it and them when very',[start] find dirty cloathing [end]
at top of arch is a,b'to up you you its when human s who are to an or with more you human are when be their out that is is that are on their',[start] keystone  [end]
a restaurant be named for,b'are be you',[start] its address [end]
food receives action,b'be play food people and very on many and its for of in its an them who with an it from many human their a at at to are',[start] purchased at a mall [end]
San Francisco has property,b'by their your like an to as in very its out of many someone an for more when your of your the from the their by for to to',[start] close to Oakland [end]
elephant has a,b'by them place with be someone in them with that you with more than them who someone from someone than its for is what with you its might it',[start] leathery skin [end]
a library used for,b'its of and then or more cancer what when in for out with on you that someone in and of your many is very who them by a one',[start] reading [end]
attend lecture has subevent,b'their diabetes for through to its its what at your about at as than is of that very the as out you and from with an in many in',[start] sleep because of boredom [end]
go on internet has last subevent,b'when with out up that you when be be at about than be out s be at on with its what more might no about some on by and',[start] enter address [end]
send criminal to prison causes,b'like with a of that it when and is it out with more out for what out of its their than one s them many it by as from',[start] good society [end]
condiments at location,b'from with about something might and at is with about at that in it with who who at a are and many many for to one out up a',[start] at dinner [end]
deception has property,b'be very them about might know them of a their to what by many the when one as the be someone be by is might an on at on',[start] bad [end]
great athelete capable of,b'who for out on your is of at about what on from on when with out about them their more to that to get and and is than its',[start] smoke competition [end]
become a scuba diver has prerequisite,b'is at about many you at at many when at be is what on is with with you many about their you by be a them as get when',[start] learn to swim very well [end]
a finger used for,b'that on a is a them or s your as to be s are than of some are be a human the on their one the is more an',[start] wipe tears [end]
win baseball game has prerequisite,b'from to what at it is to at their on be like with as them or its by one at from their one its when a that you them',[start] play baseball game [end]
Lois Epstein is,b'from who in have hold for have very someone to on as than many for on it many the with what the that as the their them it it',[start] an engineer with the Alaska environmental organization Cook Inlet Keeper [end]
something at location,b'be something money people food to with their in many what get from about for about more the how with are get is might more more one on you',[start] top a mountain [end]
low animal has a,b'that is make be to have what them in to your their that one by your more to them the more it about them what in very good to',[start] few or no emotion [end]
pay bill motivated by goal,b'out when an as your in in more from it your that about that very human to their it them is about be one than from very its to',[start] stay out of trouble [end]
castanets used for,b'at up in their to the by and more your of good about at by them be about their be a it their as from an for store for',[start] accompany spanish music and dance [end]
entertain people has first subevent,b'the at human an in some be you from for of out from the than as is on a more an it is someone as more with your more',[start] put on music [end]
go to bed used for,b'who a person room house up it that with very more from an of for the than what who very at your their as no a and with the',[start] rest and relaxation [end]
spacestation mir at location,b'their many one at is its than of its cancer in an from from from than its in one its its good human its being as good who a',[start] orbit [end]
you eat when you has property,b'them someone store place your and and for what as than human out out your someone as with be out its to for for you from at good someone',[start] hungry [end]
learning used for,b'who someone you that be to to to you is than are are very and very the when you might its might that and out their as you on',[start] inreasing knowledge [end]
Mora became more of,b'someone to to where for many many with one an its your for their than than when at as what a you in their at by and from someone',[start] a fan [end]
do crossword puzzle has subevent,b'from many many your or in them up your',[start] use eraser [end]
read a book has subevent,b'as an get something do his like are at them that in in from human are more and many of more its what what make very out an their',[start] you might learn something [end]
releasing your energy causes,b'its about that an as by an are that its be it very at what about on you the what that might a your a many of store that',[start] explosive power [end]
going to a play causes,b'your your for or very human its more out at very than an of a when the you about for no their for that one an out the someone',[start] entertainment [end]
the Quinebaug River powered,b'more by very be what a by are human in what many with what as good very very you is their it on for the at in in about',[start] the QUANT_O_1 mills [end]
sometimes weather has property,b'you go learn store in get have someone you like make make watch more an it many what them them its a human new human the it their be',[start] bad outside [end]
Senior citizens capable of,b'an of as very like to when with about of for who the than about you out out out when with no what their it in what an what',[start] enjoy good health by exercising [end]
telephone made of,b'more of',[start] electronic part [end]
get exercise causes,b'as in good your you an in you as their an are an when more out human is good it with with one you make is store from as',[start] get healthy [end]
a coffeemaker at location,b'who when that might your that and someone by than out',[start] a motel [end]
someone has property,b'in in like its as about an than than at as for many your are with a is about its at as by by than at of than for',[start] very good with write word [end]
a person not desires,b'who a at in to someone and them what be it someone someone about to many out when one is at on someone its an out who an more',[start] be dirty all the tie [end]
visit museum has subevent,b'like when his like who his when might an to get what on by human for you who with one you their might buy you is the who you',[start] decide to become artist [end]
A student capable of,b'who very make not that at at of them a from human be the an to someone their in at more as as from its are its it in',[start] listen music [end]
Male martins use the song as,b'as your his have you on the for from than their from on to might at of your human are them very at with might more up when about',[start] a to a mate [end]
a frying pan used for,b'them very at up a who s that what your their at when by by you it who someone a them many someone in at the by that for',[start] saute [end]
Forest fires cause the sunset to has property,b'might many the very than with its what many their you',[start] very red [end]
apple juice has property,b'on out with people what when who many to be are might them at the that no at very their it a you of more you in their of',[start] refresh [end]
Floppy disks not has property,b'like its more from for who s that when is many their more very when at your who about that about a the as more very them one a',[start] longer floppy per se [end]
build cathedral has subevent,b'what your your than an between you are to make might for by to that them at them than you than to by who them than about as out',[start] architectural renaisance [end]
person used for,b'from many by human for them between by an be be through you like them for very to with you and when are for of some what it what',[start] sing with [end]
horse hooves is a,b'their at to at what for to what than with an what who the out as more to that to as out with by the from of that from',[start] like human fingernails [end]
swimming causes,b'for the for for to you to an with by you with like human for an you you from with be are many might your them very you to',[start] water in the ears [end]
rail at location,b'like with more by very the on make in you an through your be about about from it from by to make by no who it by about by',[start] flight of stair [end]
child capable of,b'when is know the in it by its their and when you an its as are to make is be might the and to its and the human for',[start] act petulantly [end]
suzie is a,b'you know find like make more that at their might when the on at might its by of with the about very in might that a than to no',[start] harold wife [end]
a pillow case at location,b'them out it some you s out for who who human it by an between an very with their as as more of is your the more by by',[start] a bedding store [end]
driving your car has prerequisite,b'that out someone some what out who human them the from who an of for what from that their as by than at its by very very for at',[start] gasoline or petrol [end]
flower capable of,b'of many you get to that what like might someone are them is very you to the are about when your on some human their to know to are',[start] continue to grow [end]
Michael Jordan is a,b'to for to to from by and of for what it out about human who someone of for of on an when on the its an in by a',[start] a good basketball player [end]
mole at location,b'at than an with the its of with human out their many for the who and many it as what about what of someone than a and be their',[start] underground [end]
milk at location,b'as one place store for for what at as who on be it the of when for on your are than the out what it your that out at',[start] carton [end]
driving used for,b'its on their with human human the its in a s who and that out in good what it their its a the when the in new of store',[start] those who can see [end]
play basketball is a,b'when be to you when the for than about its its on in is on out with be on a you on out it who human the more from',[start] form of exercise [end]
mandarin oil receives action,b'on than human the their treatment what by an treatment into by more about as your more of out be the you are with are by at very and',[start] extract from fruit peel [end]
visiting a museum has subevent,b'the them for for by',[start] buying a souvenir [end]
Inaction capable of,b'on from than what his someone to when as who and to them more who on their out be the that when as very someone to that them and',[start] box you in [end]
climb mountain used for,b'very no are their someone what be to make you when for one it it a their good when you might go a when many it many as your',[start] adventure [end]
barley is a,b'of out on as to about from through for is their more when in out that be out is human that it be about what about from from you',[start] domesticate plant [end]
Participants were followed up,b'human your with than out',[start] during April - June - July [end]
butch has property,b'for who your from them from for s its than an out to in by about up out what what that that you its more of one their to',[start] unlikely to be vegetarian [end]
compete against someone used for,b'be do a in but be as for out it by human at your that for a your and your very in some you human an it of a',[start] contest [end]
ice cream may not has property,b'with you your in by human in s for about it up about your them s who who who its that an s their than at a many what',[start] healthful to eat as some herb [end]
A ticket used for,b'might be your by as out be them in of is what to very by an might it than like its very to about you many it what get',[start] gain entrance to an event [end]
a drum at location,b'of of control their when out what you might more than at its its the their someone of in more who is human one very human at on that',[start] a musician's home [end]
a rosebush at location,b'their more make eat friend house by s with more at human to to take who be with might at a their one the out someone more as with',[start] a garden centre [end]
start family has subevent,b'human you give hold on on out that many more them you in many be from one is out their than is from their you human for its from',[start] build nursery [end]
determine the truth has prerequisite,b'and or by with as your their when s and or for many than at is an an when out be them for someone the you be is of',[start] look for yourselfr [end]
go to laundromat causes,b'very are someone someone be might make when be to very your the the many very might are many someone by very as someone human many an as what',[start] get your chore do [end]
his foreman is,b'be do wear work house someone when its from them what by your of one it you from at be and for at good for an with on a',[start] Max Pierre-Pierre [end]
i capable of,b'in many human play light their from an from a about and might someone their many your its as your their to one with with be you are when',[start] walk far [end]
globe is a,b'it light music light friend car shop them it in for very the and human some and for an it more and be for store as more by about',[start] spherical map of earth [end]
apply for job has subevent,b'for and between of at from their by that you it is are who who by as as an what with in are who that be their when them',[start] you give out your resume [end]
Compliance with applicable statutes is a,b'it someone person',[start] a core company secretary role [end]
Humans has a,b'from who your in that out an to by as very about when their many what the about than out by a at its it as more more as',[start] 2 ears [end]
lecture at location,b'who from very your from is more be when of who to from your human who what them a human very to are very no to make someone someone',[start] conference [end]
a closet at location,b'with your on about by human s it to when what of someone human with and is with one very what are many than that to that about them',[start] indoor paint [end]
there part of,b'them when are by them like and be on be them s who than many by out by that a than for that who your it the an for',[start] south carolina [end]
A man capable of,b'be to watch be the its out as many by when your as on that is its their them than some on in them your very them and and',[start] grow plants [end]
tree not capable of,b'that very no on his might it to that your on your than when be that it on your than it of more your its no in very your',[start] walk [end]
a still body capable of,b'with an for at on up or the to to an in be than than in by when someone at at many what one in and the than with',[start] water reflects its surroundings [end]
A construction worker capable of,b'to it someone their human for of on someone someone with you on someone be what more them and good their with no might at out from is in',[start] position a cone [end]
ICRW is,b'are for for its with many in your the the the you very you more than are out with your be human is someone by very in its on',"[start] a non-profit organization headquartered in Washington , D.C. , United States [end]"
a viola used for,b'its be find buy them like its about at who when with an by by that their as very when an about in you many human an of for',[start] make music [end]
a rock capable of,b'to in water water in like more with human an out it who it their out it than the at to to might at one an out who in',[start] trip a runner [end]
play game of chess has subevent,b'than but more more very that the more an out be out on being than them be someone of more when human in be the someone your by the',[start] check mate [end]
go outside for an evening has subevent,b'and was that what for when more from with of s them it more up at many than very that the about in is human of of about as',[start] leave the house [end]
76ers has property,b'for the at a someone and of be with be up very and very very many that someone who many and out s your from good of in very',[start] go to beat lakers [end]
post-traumatic stress disorder is a,b'with it person money use get good the for it you on are with on is them than by be in of at to their to them more more',[start] anxiety disorder [end]
a flute at location,b'out many the treatment situation along members into water in than a be more be the out or the and good and than more is by on it in',[start] a store [end]
shades at location,b'out into that is to your about very from with many human with that about them for when you about an out by on you like an very when',[start] a pocket [end]
locomotive has property,b'when on out or to them the s who more them be human in who by them out than of at more many out when good at from on',[start] powerful [end]
trigger flick is a,b'when is human are is as out out than with and at someone of of good by to more it is an more who very out s who at',[start] error in pistol shoot [end]
a cash token used for,b'out one at to get very you very very be with in very for get with might it out that at your human and more the at from about',[start] using instead of cash [end]
a ball at location,b'as when human with their be of for a out more is that than you and is from their them when one who what someone very in out very',[start] a soccer field [end]
RJR Nabisco has opposed,b'by their on',[start] an immediate spinoff [end]
A store capable of,b'what know store store than to by might are are with and might be its the very to like who to what what an is many very what very',[start] stock up on cheap goods [end]
Members of the AA has property,b'might an quanto1 it the as that by an to with your for many very when someone more its are it from to you the to no by at',[start] less likely to drink drive [end]
play frisbee motivated by goal,b'by an its on it more with on in its of as who someone for you by in an its be your human for human with one more are',[start] use your muscle [end]
comforting a friend causes,b'many their on and what like you on with more up what the that on one is the out you get what very by a many of that a',[start] crying with the friend [end]
wait on table used for,b'who many very the are the at with on with on very is who with more many out when in at by from about out for you are their',[start] earn money for waiter [end]
many different ways to put furniture at location,b'for or their very and out for human when someone s in in at its of for one to about out as to in with that and in when',[start] a room [end]
meat at location,b'on than them with from your when who are is many in from the it or than that as of for be and it them from than than it',[start] refrigerator [end]
automobile has property,b'out about good something know like its to watch you it of them many an about an by their more for in is might its someone with more human',[start] beloved by american society [end]
have food used for,b'many human it water health being human their you someone an with being it very on a in to many out than you by human about an who some',[start] entertain [end]
lose consciousness has prerequisite,b'is is know get more your about more at one more someone its their its many human its the as on your many it your a who are human',[start] lie down [end]
write tool ballpoint pen is a,b'the the be have take be what',[start] modern invention [end]
something capable of,b'is what something a about his on by for of you be someone the and an out with what and your are on the its you one is you',[start] climb a tree [end]
it is a,b'might get get play you are like it and who have a like from is at someone and more than like on an than the about human someone in',[start] place to launch rocket from [end]
a monkey at location,b'by human you human might when its as who the s who about than to of the their from who with many with about what for some it on',[start] a banana tree [end]
become a scuba diver motivated by goal,b'what the it a is in and s when to the s them who out about what might know that be what on by an how of as an',[start] traveling [end]
do housework has subevent,b'more some be your about his are be it more or be who as their by you about the than them and with your a than in in an',[start] you vacuum [end]
student capable of,b'its a have in be many',[start] try to study [end]
go to mall has subevent,b'be more your from of s than in you from you you more an than might is you are very one your are a someone many as is human',[start] walk to mall [end]
person not desires,b'that very the be it might it by and you and are what you that by is very them are it be and the you you from it in',[start] be rob [end]
network has property,b'for who it state their that them the them from on its s for for about that what on their when that with its its when out by for',[start] good [end]
You capable of,b'who very being it might its for at by are as as your their and to when that by human by out many from from at one the about',[start] buy little with a copper coin [end]
Dead people not capable of,b'might from and for its with many someone someone and at of it s is many human about someone when on it by at is some be the from',[start] wake up in the morning [end]
play sport has prerequisite,b'to are listen might is for many are many and are human your many as at you and an to someone and for in on of to when when',[start] buy pair of skate [end]
Sperm cells not capable of,b'as about as from with that about your and many and than are from to by to about for is on its human for someone in by out up',[start] live in your throat for long [end]
The ABC classification may contribute,b'and s also or with or treatment on from you cancer who its s as be in on be about than about on out be out or of them',[start] to primary care of digestive organ practice [end]
the national guard capable of,b'human on that is about and an as for as very for in to them up on in as when that what very to when their you their for',[start] control that angry mob [end]
Many websites advertise insurance capable of,b'many no person it about be is more what you that what your to make of an its a human you are the what get in to its them',[start] provide savings to the buyer [end]
Lack of nutritional understanding causes desire,b'is is its it might human by it might on are a for when get for the be and of many more by might no someone are a by',[start] eat a hamburger [end]
water receives action,b'from about in with at and an with what very is than the human in it a very with very for its than many you what one what and',[start] find in well [end]
Mr. Ellison mr conway with,b'be buy not make hold use that very its for from it what like them for as on it with their you its might do by one human is',[start] a chance to reply [end]
another person has,b'might someone their life out of someone when to for who you very more its their out s your what about be for are someone someone a at a',[start] stock orders [end]
see movie has prerequisite,b'that and your in them as its when its out up as like at someone their their a an of more many in at out be be them and',[start] buy candy [end]
go somewhere has prerequisite,b'than is more is be be at are that than an as in for your or as than your as when at for human about it for more on',[start] go outside [end]
a person not desires,b'more for than when many what someone when at their is to the that that you who very when a very of very their good the you from no',[start] stress [end]
hematocrit test is a,b'that that an might for someone of about is them your out out your out very to human from it the you is more more more about with many',[start] gauge anemia [end]
Gwynn said,b'than someone go money work it go their more your to as you you might as about about in about as might no you with with them that that',[start] would move on with his life In his first interview in QUANT_O_1 weeks [end]
this car has property,b'when and out from for who of from in as who their its at it what of at out for and an from someone in it at their human',[start] park parallel to curb [end]
many of them climbed over,b'are are at from is out',[start] a lot of harsh terrain [end]
a dead animal at location,b'it money learn time something look the to make you on in an might with their person to good with someone store that an as a on be store',[start] a freeway [end]
loss of love capable of,b'than for you by who what to someone that and to by someone s more about is a as that their very it an for you you is your',[start] break your heart [end]
burn grease capable of,b'at like the diabetes with what be for from very an you them on be might make might to you and very them more the is with human more',[start] set wood on fire [end]
pepper capable of,b'human have see keep are as at from are make for from for and of is to is the the human it about about what someone someone than them',[start] season dish [end]
a telephone booth used for,b'out and its human as you your and on are who is who be your when by of no the them someone you very many of are their you',[start] superman to change clothes [end]
someone at location,b'your by that might many when with a who and more up out for is very about an your its no be might in by you of about be',[start] the toy store [end]
their pressure receives action,b'very many get the to by its human one the to the with as out their by your very good s more who by of some for you you',[start] check regularly [end]
One impairment a person might has a,b'many and who for who you it your an through and of an in many who of good in out their an who more someone very you might from',[start] is coronary occlusion [end]
a box of chalk at location,b'are of on out for you through in it the than very more when with what who for and that out is with it to someone and on many',[start] at a school [end]
Chris Campbell is,b'to is to drive get person what his is be human who that an and the its on to some the from be and as its you out at',[start] linebacker [end]
A blowdryer capable of,b'of very the cancer out the by than of of is human of the about than in more who its with at as at human from it at with',[start] dry wet hair [end]
stay fit causes,b'more an water shop out very with out on be human with a that very at no human for about very both in it what about from it and',[start] build muscle [end]
Beds is a,b'than your that more someone with out your your when in your as more them many no with about the them be your at in very the for their',[start] sleeping in [end]
Chronic respiratory symptom measures included,b'are is get get the what to know the cancer the cancer very with in for many is in about to make be with a with be to human',[start] breathlessness [end]
take a walk motivated by goal,b'is his at at as out to of their on the many what a from as many on in the for out that you them out an with for',[start] feeling better [end]
park zone used for,b'of risk item of from someone into for an as for by more is for very very at the human to their on to as of as its by',[start] park automobile [end]
hydroelectricity made of,b'it house country light light good it water new them',[start] water [end]
a good offer causes desire,b'than its your many at out or many the and about who to your be or of what many is an at for one as about some by a',[start] sell your new book [end]
jumping at the chance has prerequisite,b'with when it shop place a out',[start] taking the opportunity [end]
goalie at location,b'that human at them your by by its very someone as for with are about your is is what in at are you in it more its very out',[start] soccer game [end]
jogging used for,b'might from for their human human out as someone an is about for their with to get for are might an on someone might his your your the as',[start] getting places [end]
a garage used for,b'as be hold make have like that them when on as your their for their the of are who very their who and their who it in the very',[start] a mechanic [end]
small lake is a,b'be find wear store than it someone on many than that for the who from on for human an than it and out or some that be on for',[start] pond [end]
view a video motivated by goal,b'someone person war world class them with by for very with with human at the the is at no as by you very more a at its many you',[start] enjoy it [end]
water at location,b'someone it food the when no your human your on than on a someone many the with with with is that might make their it with some a one',[start] three state solid liquid and gas [end]
someone at location,b'human by its might might in by on are for an through and many as than human out with its is one as about someone who as their the',[start] a massage parlour [end]
canada goose is a,b'for s program jam cities and thrombosis the states into about in that their about be as who s in for human many by and of on with out',[start] large north american bird that honks [end]
fan in someone hand not has property,b'your more be take not not its by to might to more for with make an them the more who be at you from one many are no one',[start] electric [end]
massive amount of propellant receives action,b'that very the many an the be as as at with their as one from human to get than that their them who human your one and very that',[start] require for orbit insertion [end]
Repeated measures analyses of variance examined,b'its good quanto1 car country be be you for in from to one up to by many with more be what human with on is at is an your',[start] changes in blood glucose [end]
a train station used for,b'to what its your about to what to very the',[start] taking a train [end]
miss curfew may mean receives action,b'their very more some as its as as from of when as of who the by more about of is about for to the at on someone your the',[start] punish [end]
a person not desires,b'with very someone you to very very them out on it and someone that for human one what as from about what you is its that of it its',[start] be devalued [end]
lie has subevent,b'about what is its what on that their what an very someone its when might like their is someone in them might to what someone more with about might',[start] pulse rate go up [end]
eating vegetables has prerequisite,b'about as an with that and or the about to of more',[start] vegetables [end]
a paper menu used for,b'you like play money money know one are very you be in an by with in it your for at is them your you a by you on with',[start] giving to patrons to keep [end]
fireplace is a,b'by to know go you are it be human an s them it what are it one about that one of that its on at of is on very',[start] desirable addition to home [end]
Senators defended the vote in the name of,b'to you more by its from very out that as what someone human might more very to that someone it with someone them more when its who at some',[start] ethics [end]
Employment is a,b'in out book water it with by you have are when you your than his many as like that no at are from when to might are who to',[start] a crime [end]
tickle has prerequisite,b'many it play store with about its who your out by in on the what one and it who and its human their that the good or some of',[start] find the right spot [end]
Smallpox vaccine has a,b'as than on with its many at the in many its by and you more with on be that very its the one their human at a what with',[start] a shelf life of 18 months [end]
going for a swim used for,b'its its someone you are as of someone that that in the out who at a your an many be from at with good you the out about their',[start] going from one place to another [end]
soldier capable of,b'about that is the about at their you of are than out for are that who their many many their be is as than at some what in them',[start] storm fortress [end]
drawstring bag is a,b'on the time new to on your for at the in in you be that at at of of new the for be by than more to for its',[start] good laundry bag [end]
saudi arabian gazelle defined as,b'an to it an than from it than out your s a for with its be about for no with one a and and very the the and its',[start] gazella dorcas saudiya [end]
saturday defined as,b'its you hold in a at than to its out with human with one out that be them be in is from the one about and is of new',[start] day after friday [end]
society receives action,b'to listen when who you as its about are from like in it than what you someone someone are are their what at on their as are by on',[start] compose of men and woman [end]
one of musical notation clef is a,b'from as you for at of who with it into an about it you as on a out you than its it is be the when what them very',[start] g clef [end]
child capable of,b'than be see to get you their more from their who with very is to like very than with someone are on be is human by what many and',[start] choose to help their mother [end]
awaking used for,b'human it light water of one life very be your about to by out the what as some at by as your an more them and some some to',[start] going to work [end]
moisturizers used for,b'to what are know like at like by from of be it what your than are at might is on their you by as at about that what with',[start] hydrate [end]
entertain person has subevent,b'its your make money a out out s by with being in as their s you someone to both an out the from you might no of of very',[start] serve drink [end]
shower used for,b'your both in both the than for an of are who than with many to no as on at who is at your its your of good who you',[start] prepare for bed [end]
wash clothe has first subevent,b'as who when as by someone when as when by of with an to by on about their s and about at your is you their one as that',[start] dirty clothe first [end]
Hard capable of,b'them many new good some the to on good what that your when from them the on as it on of about that out their an in some what',[start] casts a defined shadow [end]
commit to memory has subevent,b'your your your when an out with it you might about what your its that like them to its be on human out someone human when some is be',[start] create mnemonic device [end]
bathroom at location,b'them it people person like them by might them and as you',[start] bookstore [end]
the locals speak,b'to visit to feel make might than from an be than his when like you an to their someone at its an from human might you by their many',[start] Taiwanese In Taiwan [end]
buy tickets to that sporting event motivated by goal,b'you hold have person money at many be make an at no be might take something very their you with have more its more an many some you human',[start] go to a sporting event [end]
not all scam artist is a,b'them very your his of what with very that who someone many be with of of that them who many is your as the as at for about their',[start] con artist [end]
person desires,b'an as more your for be it someone with might one your s by might human of to good by them it its at about it more with what',[start] clean cloth [end]
A recent cartoon playing on the popular movie had a circle of,b'at its its with in as very its for an to like in at that by might from in as an it them with in very by the are',[start] political first wives looking fierce [end]
annoy your brother has prerequisite,b'than is what very might to might are to an in to make is what an out who an when your more with an on them are them at',[start] repeat everything he say [end]
lose weight causes,b'at you more many their an cancer very out s very is for them are by a out by the the out s more as out it about a',[start] hunger [end]
a sink at location,b'someone it some house up might get when to to for by an is get its from in with your to by are you the an you that you',[start] a laundry room [end]
set cup on table motivated by goal,b'for before pal phone happy about to are for from it you to no the the with what someone human you by is the it a on in that',[start] it be too hot to hold [end]
riding a bicycle has subevent,b'in like take your its more with many your an that and very them many an about store out of the might at its some at good more out',[start] pedal [end]
consult expert motivated by goal,b'very the many it some might make by human what is at it its many your their by with are their with for to you be its one its',[start] change your appearance [end]
watching the evening news has subevent,b'for your with be are be its for is than than when when their at you of about your when for at who them as someone at for many',[start] to recognize someone [end]
society used for,b'to get do buy out who what might them your the someone you more to be more many what be someone what one be to get them many many',[start] mutual protect [end]
a paper page at location,b'with human have find more about be an out their be someone with its and about many out your in that the your that at about as out when',[start] a music book [end]
play the piano has subevent,b'of their very one as you more in them human s with be someone as from someone an its be someone who in more in someone who from with',[start] your fingers hit the keys [end]
listen to music has subevent,b'human at good their than someone when on than at and at than its is who its more an them your you of of that very it someone for',[start] you feel uplift [end]
play basketball has prerequisite,b'to get have know go the you are is have you about be might are that have someone as is as about from in from on might more them',[start] basketball court [end]
join the military motivated by goal,b'might at the by their what about who very out it a their the as very it you have at by is from with good you by are in',[start] fight war [end]
Western society has property,b'that very your about out up up more as be who the of are their very as a about an the by for that their out up on by',[start] patriarchal [end]
glove capable of,b'out from out of an at human be many its very your from at more you very them them one who an very human be with on in of',[start] fit tight [end]
films are set in,b'on through with out that to his more at the cancer you s by with are what what their is an more for their more from of the the',[start] an upscale well-scrubbed America [end]
become scuba diver motivated by goal,b'with from and was up of human very with many more than from an its for from your you many about about of someone out the be what in',[start] see fish [end]
drink glass capable of,b'be do person new their at more very them for its to very its what are very it very on at an and a by about out than is',[start] act as magnify glass [end]
make people laugh motivated by goal,b'with on be make you that like like as that than you in in and with out in human about human you of be are the out up many',[start] tensions are unpleasant [end]
legumes be served,b'when but is what to that in their you like very to its in on that are at many the it very it an when you about by from',[start] the langar [end]
teacher capable of,b'from but someone something something find than what to might who in an an might its about be it in might very might as from are is you like',[start] work with child [end]
rats at location,b'many at human with to get and as out',[start] the roof [end]
gas burner at location,b'what many more be like know out up its it what to when at at many more an by for more at at their good a to get a',[start] kitchen [end]
see excite story has prerequisite,b'when be like get hold buy them up them be in have a how it get his by very as their as who your someone as be from some',[start] watch soprano [end]
cut your hair has first subevent,b'very on to tell about at to one in to you with by many out them your someone its might with you be them very at from with about',[start] use scissors [end]
person not desires,b'them good have it get take you from at that in at when as as a it an at is what as one a it at its might in',[start] lose sleep [end]
payment counter at location,b'very to on as with of about that the than that in is about in in in one that that their from many s human out about the with',[start] business [end]
light at location,b'someone its as out when be at at to get human is you and the many human and on a in on to good what to is them of',[start] plane [end]
a person not desires,b'out is good in you on that is that and your is what about someone of one of many is them someone by about in more you to is',[start] be thought of as incompetent [end]
have physical examination used for,b'and s system',[start] monitor your health [end]
person capable of,b'the them something person book place at a that on a the cancer them and your your someone many as as some one and your a and store new',[start] carry shop [end]
someone capable of,b'very good go you someone when with what as be for make their than the is be about at a who good on the is it their the from',[start] change windshield wiper [end]
buy food has subevent,b'at for more their are than at is out out out it them it many is by more the human what one with out with it out about on',[start] you carry it into house [end]
People not desires,b'an more very be as a is human are out them and for what as at what be about what you them to the what a to them your',[start] naughty behaviour [end]
A forger capable of,b'them at be human make them a s when the through is is in out about human human with some than it and human with new the from is',[start] doctor documents [end]
returning to work has prerequisite,b'might when when by from many your out for in their you it a for the at more out what that no and the its very what an them',[start] having a need to earn money [end]
A game receives action,b'to drive house shop work music between to to is is many you what are his like his like them something store them that to be by for his',[start] played in a stadium [end]
your lost shoe at location,b'the cancer their be to your from than diabetes from many what be someone with in your be its on the of about their as with is it at',[start] the bed [end]
if you desires,b'to do not be from what might your its and to to on like have human by like his than something many them at to at out their and',[start] your privacy do not answer door [end]
play card has subevent,b'what like someone them like is it when about their what very someone on their out an it them for more be to some the what by what might',[start] play in casino [end]
Most of the audience capable of,b'out for very very what its and for their someone what someone is as many out human of of good it a their than as by very for very',[start] catch this joke [end]
eggs at location,b'are to might is an who more you about you your in by out up to is its as by is when at as at out when good human',[start] a chicken coop [end]
meet person has prerequisite,b'an that at in as at someone of with the than to for to at and is about be its the than very on by in its many many',[start] socialize [end]
infected injuries capable of,b'someone like more for out of is for one s out someone at good the of good someone good the its a at be as its at its in',[start] cause death [end]
cut twist curl has property,b'many your your about to to more that of an that its more and about of very when an is of more than is more out you you it',[start] abbreviate to ctc [end]
judge capable of,b'who are an that with might be an to an like by might from with to human in its your might them from someone more it you who to',[start] fine defendent [end]
restaurants capable of,b'out with at as their with about of what it at that one an its your in its good when be from are an the your the than a',[start] serve salad [end]
do housework has subevent,b'like at by its their is be as at one out up out a be about them one is that as an it as on in its with person',[start] sing [end]
person capable of,b'their than as their many its someone their on an them when you be it in new as no of what you someone at more someone in some them',[start] eat corn [end]
designing software used for,b'might by in money find are are about to its like what are from with one as human the to many and more more human an with at human',[start] helping others [end]
The state flower for Delaware defined as,b'who by at by human who for very them what the about is to them is out the in its of no that at it what is its many',[start] peach blossom [end]
a club used for,b'by it you have very them someone an is like be like with one who it to in with its what for to one out one for them you',[start] sport activities [end]
this bike receives action,b'who an new their in out and the very than be on from its that are and very is an on with out your more on than with that',[start] make for rough terrain [end]
Paternalistic - individualistic is a,b'their it it money money find them be with a on new one up by a from some more and for something you very some with many that a',[start] a political dimension [end]
A police officer capable of,b'more with many their the for be through someone your many its of them it them as that with out human with their as the to being good very',[start] stop traffic with a single command [end]
vet has property,b'someone a an you about about might make from it up that no human an many them more is something one as someone be one on to a good',[start] short for veterinarian [end]
swedish economy has a,b'when to dont drive about from s be for when and what them who someone it is who their to an it at out of someone by one many',[start] strong government control [end]
finding the truth causes,b'at on',[start] your illusions are shattered [end]
Most sausages has a,b'that about at what and your',[start] meat [end]
a mother capable of,b'who be eat water',[start] take a bath [end]
this is a,b'an a person shop shop them very at them more that are about of their the your on its the when make from as with be for an with',[start] a diagram of the human eye [end]
Google asked,b'are their many someone who about for one s their that very who more human your to a at them very by that on from human as to about',[start] its policy [end]
jewelry used for,b'might more it time at someone or by by like what a than their their them its from with is at an out or might make when one when',[start] decorate yourself [end]
answer question has prerequisite,b'when human human you from the as you have them by when with by for and the them someone your from one of very might are in in it',[start] learn [end]
cake used for,b'like to up or when be of for them with them on a about very very by about them what of some by to you the an be are',[start] serve wed guest [end]
order a pizza has prerequisite,b'of very to when that might like be are and from as human your who your of by what very be for what them their than that when more',[start] order it on the phone [end]
bagel has property,b'human make the be have are in a them might you are an the to like good someone what by many are human human to them someone at good',[start] eat mostly by jew [end]
"Cardiometabolic risk factors , including atherogenic dyslipidaemia are associated",b'like are is for about and be are who the what more than that have your from their to about it them someone to to with by one of',[start] with increased risk in this population [end]
rosebush at location,b'from or them out to in more of who their your it in by out and to very when of many one human in on a an out is',[start] bloom [end]
a pot not is a,b'very more be do use its about one out that with many on what one more your be of good your an from to to the you what as',[start] a kettle [end]
San Francisco is a,b'are human one at human their s with many more of from them them who out many from for very at no from you their of to as human',[start] a big city [end]
company at location,b'like have go you might get know for their when by about is it in when from might an as more than human an many one the is to',[start] city [end]
Relative risk were derived,b'the patients from when very their at their at what very be your on them your who in out its its the it are for by some many good',"[start] from multivariable logistic regression models after adjusting for maternal age , race , marital status , smoking , cocaine use , adequacy of prenatal maternal insurance status although data on cocaine use are likely underreported [end]"
passenger capable of,b'them by with you about by the are when is human be out from one it its is to a an about some and its by their about its',[start] step off train [end]
bass clarinet used for,b'at more for out more them many many out to are from the on to at for than very your their its who their than is than one out',[start] low note [end]
something smaller than the box at location,b'in this good people out very about the with one in are by that are and the to about them to it who who about at be more human',[start] a box [end]
find some water motivated by goal,b'the patients of the as your in that',[start] go for a swim [end]
tape television show has subevent,b'your more an you for someone your them on is for very about from human for out about with new them and more up a an and by from',[start] run out of tape [end]
set cup on table has prerequisite,b'are you find might of many them of at very be as it a and at is on as that human very and of a than very by is',[start] slam it real hard [end]
go for jog motivated by goal,b'as very to to get with for its as someone that an about what is that that its its someone to someone to one from to with a with',[start] get in shape [end]
play card has subevent,b'more its you someone are from as as when might to have on is very with that good from at one it than an on is an what it',[start] adjust to opponent play [end]
sun at location,b'is someone it their than to are human you for like to you on a is in get be it that in some to get their as them than',[start] the beach [end]
school location of action,b'when out someone person their their from very you on their with the with a who one in about by an as at very what to by more at',[start] study [end]
radish at location,b'like on to listen is his with a more like with human an is more by to to have are a be be their some at their human a',[start] refrigerator [end]
mythology capable of,b'the by for from to it s with with out you',[start] express life and think [end]
Aimutis is,b'about with as human when from and as than be than might your more you you than might when an is human more to the as from it when',[start] Detective [end]
You capable of,b'many are good make very very them with good about and good when more their and no as an someone than with your at good that are more your',[start] find cokes in a dorm room [end]
post message motivated by goal,b'on someone watch someone might his is are in about of on on very of from human an their good human its what an very their an its that',[start] get response [end]
Carpeted floors receives action,b'might his store and them about than that to are the out from to its when your to it out them with your is its as human very about',[start] found in many kinds of buildings [end]
The males go into to,b'its that them up its that your be as very from them than be on by its the the what out as that good on very what one out',[start] breed [end]
a table at location,b'their that the life for their about for who s your what many and by and it when what more an out about more an what their out someone',[start] the rug [end]
Muhamad lutheran medical center,b'from that in in what someone many them up that about be in many you of with on your who more from more of them of on you you',[start] Last night [end]
do housework has prerequisite,b'for and their your on very its with with very cancer from for more be for you about an many as of many it and what what someone that',[start] broom [end]
night watchman capable of,b'be its get in on an',[start] keep key on their belt [end]
a little money capable of,b'an them his my are the with the your you what be and someone at on one their to at might good is their its at at about new',[start] seed a great venture [end]
ride horse used for,b'might is them you someone a when more you about when the someone many from are about on your at the to them it its with them for a',[start] movement [end]
candles receives action,b'what be do to human someone on in are you out you at to what are by who its their a of the when what as it on an',[start] put on birthday cakes [end]
a cup of coffee at location,b'its as from about who is as your human be than in someone in a who to be an what with it it human you many you who them',[start] your hand [end]
ride bicycle motivated by goal,b'many being with what to it might have human by at one who human very human it with on and with its to human than be of on from',[start] you do not own car [end]
prepare for vote has prerequisite,b'the cancer cancer m with s between diabetes to more in by people you more that human for them is one it on on on the what from with',[start] gather information [end]
Dan Rather be correspondent for,b'out many by in of an to that is from on a that with on the an the treatment for good about on an many be an at very',[start] White House [end]
play sports has prerequisite,b'and on of item s who than that about by their for by at at on on by from an in you the what its out or you s',[start] enjoy games [end]
deli store used for,b'and your their as and human its in on someone it a of the for be its many when many your for very are their out out is for',[start] purchase item to make sandwhiches with [end]
running after the ball causes,b'of for their very as s for from the them cancer and with than their of out or more very from one for as its about the it as',[start] tiredness [end]
being in charge of a project has subevent,b'who and about in of human out as about when the on its when when as of a them very of as their on very are more for one',[start] change things [end]
wooden hangers has property,b'out heavy human in its their as its an between their human be is is you it many it when with more than no be for their as is',[start] very sturdy [end]
bottle used for,b'as good one friend room game about their all than of on it more for of a the its many them be on them good them it store that',[start] pour liquid into [end]
plenary council is a,b'when be your from what very as when the with on more out it about to make in with human of in be someone are about out from to',[start] meet of local bishop [end]
eating has subevent,b'an it more its be you their with is by many many what on for with on a what what to human as many for it someone for are',[start] add spices [end]
footstool used for,b'might that when you their out or that and their with when your be are in than might are what their out human the and with human out for',[start] child to sit upon [end]
a fungus at location,b'to listen about that your with in out or be of who to them very for human and someone that is when you very the it an to no',[start] dirt [end]
Brain opioids has property,b'might are an than be the like on on one in when at human one at be its might very of no of with one is about as them',[start] very important in regulating social emotions [end]
One capable of,b'it them person park class be who is in that and out or one that and by from with new as be its when with them is very as',[start] balance a checkbook [end]
wash your hand used for,b'to what in this what is your its be your is more you from like when someone to it an someone very are its that human a very to',[start] maintain good health [end]
go into coma has subevent,b'their an its more are many with their are in than them what to what is about an when someone than as many out it for be than a',[start] close your eye [end]
older people has a,b'than from many on from and you in human when that s you at for for one be in in for on about be a someone out what out',[start] more experience [end]
bringing home some fish used for,b'many from your with of you up about from about an your for about be you many many someone are and what be on by someone its are human',[start] making money [end]
get some physical activity motivated by goal,b'it good it friend store are out to what by more from more the their as from its an are it its very when some an who more than',[start] live better [end]
improve your image causes,b'in his someone a out or out is is is them more that is for what to some for more you like you more it and from its very',[start] person to like you more [end]
clamp is a,b'of for many with on one when more it with that about many them what for more that one on for about you might someone what of as good',[start] tool develop long ago [end]
speaker capable of,b'on a one the than them out it from very about who and you are at your that from on an for at many its the it of be',[start] sound [end]
thanking someone has subevent,b'be might its is are many out it an when might be many are might someone many the you them might in an it as in someone is new',[start] shaking their hand [end]
human has a,b'its that no with are their to your of of them or at their are as a one many and and who out with by what on many a',[start] one nose [end]
Not all potatoes receives action,b'as what your their out an your with no about for be than about on your as as many be for at with very when them that from out',[start] found in deep fryers [end]
QUANT_S_1 of the delegation 's workload fall to,b'many their person someone human human are at it at on on their an at as its a their as might are is someone than to for your a',[start] Mr. Lautenberg [end]
Going broke causes desire,b'from to know human the them',[start] return to work [end]
stop being married to someone has last subevent,b'than you human for their your to many human by out you in be your on no your about be at your the out one many what is no',[start] finalize the divorce [end]
The time between human heart beats has property,b'than that a but for by',[start] 1 second [end]
cleaning clothing used for,b'out by that a at as about be through them on an who might their at good from to what it their are them a of someone your them',[start] looking smart [end]
debian is a,b'about be the between to them to very for of many are at many and that out a that and be than to human the it from an for',[start] operate system [end]
learn has prerequisite,b'with their out house house time or by than and an about about to about who be them by some good an what be one the very for more',[start] cogitate [end]
Wine capable of,b'many out to to have be be like an you by very an the you in about his human an like many no on very human more to the',[start] helps people relax [end]
the Eiffel tower used for,b'what on up you have is is is might to his on them for who who like you is its who an who what many from with human out',[start] promoting Paris [end]
communicate has prerequisite,b'of the cancer on very',"[start] talk, write or sign [end]"
Haverhill part of,b'than who it it have to are for like as at are when their are is with a their who them their someone human many their what be its',[start] Massachusetts [end]
a lizard at location,b'at as their many an for and who are of on who might with when than as and what about many that are more to on be human than',[start] a fish tank [end]
map not is a,b'as and out about by that by you an many an their in their and the by more very with in you who that with more an by very',[start] true representation of reality [end]
perfume used for,b'to then might what is human someone you it like you at might about get like be its many an its you an to is very out you at',[start] create good smell [end]
a person not desires,b'their as them on than and more what about about when by very than your its for someone and you it of it as to someone by out that',[start] benzene overexposure [end]
a baseball ticket at location,b'your the quanto1 air people to at and about who when on than than to like someone and out about human it up very out on on it about',[start] a pocket [end]
The capital of australia is a,b'at through someone good by from you its on many at at be be at than very might be with might their it out you is a their out',[start] canberra [end]
their evaluation in the treatment of advanced gastric cancer remains,b'about someone you human its and as very of from human their about and very it with than an treatment s that what someone when what at very be',[start] early [end]
kill person has subevent,b'by of people on its human human what as with out of what human might someone that its of on the your be and and at its human what',[start] grit your tooth [end]
add up a column of numbers has prerequisite,b'an of life and is very from at than their and a who it as to the and to by them many you of what by one with for',[start] find a calculator [end]
tan lotion used for,b'in like you for when someone who your s them that by from is and that very as as you their more with their many you out as out',[start] even skin tone [end]
legal decision receives action,b'their them the their that by by very cancer very very cancer that in them out an in for them when with good to what one of new human',[start] make in courtroom [end]
fight war has subevent,b'like like it you by its as about is are more of human with a for what for that what many who to very more as in human than',[start] a lot of suffering [end]
Democratic incumbents are very,b'in people it people by than a cancer them to someone and an with with a from their than from as and is many by out it them than',[start] nervous [end]
voice at location,b'and your out of bathroom for their for as its and their with your human when its many is that are are is that a on in one at',[start] choir [end]
study of person is a,b'might on get the many like on many as more of more with them with your them someone an by at human about you when are very and human',[start] science [end]
kosher deli at location,b'be be not use feel might what about its as from the its out s in might make when their than someone on that you human the who on',[start] food court [end]
Sailing on rough seas has property,b'than more good fun their the by what them you or about it by more more an what and from as them what of new one of and many',[start] dangerous [end]
get pay used for,b'what for be like to your and many who at an more s be in by many that as about very when of on someone an than out out',[start] earn money [end]
human at location,b'might a water their of make a when for in from a to about about human to might are human and someone human and is with and your to',[start] command [end]
attend a classical concert has prerequisite,b'human someone new game up it and you is like to at by is on for what are in when more for very are for and by about more',[start] dress heavy [end]
A hook is a,b'than many for in s the cancer disease is that to are its many is at an is your from very someone when what it by one be you',[start] a problem with a golf swing [end]
get some alcohol to drink motivated by goal,b'their someone one up about you at of at it with one to like your by by is to might are that as about for as in the as',[start] get drunk [end]
lizard has a,b'on out on your from on as many many out from one at at more more it an for an and it who that on someone you human at',[start] 4 leg [end]
attend lecture has first subevent,b'out in have do make go his someone in one a more s to go very that some one on new with that many many one with good on',[start] find good seat [end]
school at location,b'their life life together out when very when very treatment of from than s out in what someone it that good and all is is it an s when',[start] compute [end]
corpses at location,b'that at with that might out be for many their is in be on with human are be be a of as what be the is the more the',[start] a war [end]
ET capable of,b'and or over as is for when that from is through your more on many with an for someone you very of it is someone by that someone be',[start] call home [end]
something at location,b'many one their human like is more and its from be the by them out and as about someone many about very one to many be of someone of',[start] dinner [end]
the Ciprianis had received a subpoena to,b'it play feel have someone your them someone its be its it their the is at human for as by their in some human one new in what as',[start] his knowledge [end]
my hip has a,b'that than by to as many to very be than many and as your very by who it when one your of might who what on and many at',[start] bone [end]
tell story has subevent,b'about it a many your or the between on their what the by than for more as out as the when someone a for very their from a s',[start] announce story time [end]
Springs is a,b'when very for from on more who many are very from someone that on them very your an it to by its its out with from about at one',[start] coils [end]
QUANT_S_1 friends from as far away as Kentucky shared remembrances at,b'many more that by with of for than with of who someone in are its about your with on you are its that your are is be an their',[start] the service [end]
Mr. Mica said,b'more you a by their their someone in be as a out more at might take some and out at is at for human by someone someone who from',[start] irritates the other travelers [end]
selling your new book used for,b'in money your and through many or is human you very at you them its at on to very one at your about you a who be its very',[start] expanding your infulence [end]
i desires,b'someone in',[start] lie cheat and steal [end]
building a cathedral has prerequisite,b'be know good in their might in and when many an on from when what who with by be to the by for be one human as be their',[start] much stone [end]
Life has property,b'as one person place out who in what human what you the you than from the are out in that of many as as that be its and an',[start] fun in the summer [end]
bring in a verdict has prerequisite,b'by of be go more many it of that as from your with more about someone what you them when on them many of you of good your you',[start] deliberate with the other jurors [end]
utensils at location,b'on',[start] a backpack [end]
the next presidential term begins in,b'are by to do be many with an on your by at a human about as in by their a and with by it the on by in with',[start] January [end]
liquid water has property,b'who at with an of your what human very more when someone out what about in what you by human to by your might have out someone the of',[start] wet [end]
The availability of recombinant antigens made,b'than someone store in your from is be human at that at than about someone is to with in someone and an you might its one the very you',[start] it possible to develop sensitive radioimmunoassays for the detection of autoantibodies on a large scale [end]
self-help book used for,b'like give find feel not that an many by with its about for their by as have many more in a about good a who human of from make',[start] understand self and relationship [end]
A conquistador capable of,b'to up is them be its is to an more are an are that about one when the on at what might on new the from their an to',[start] plan to conquer the new world [end]
a drive used for,b'someone by by to to his might someone on might one more be from human more more and of them your your with an for store with its you',[start] testing a car [end]
a person desires,b'in have be more as are of by you be is its what the human them one it the as of is with it from someone its on someone',[start] what a person wants [end]
pain causes desire,b'who on in out at its very with be with their to are human and for by than on about at out in its the how the of than',[start] have a physical exam [end]
There is a,b'that their in it them someone who what about with their for them from its might for out of one it its is many on good very what out',[start] a cluster of rose blossoms [end]
radio at location,b'with when it store then it someone by the human are are and an on about what about its human and on some to its are with as human',[start] refrigerator [end]
China is undergoing,b'your on up over what to his s very be be at their in with of them your on with some out is is on to many human be',[start] unprecedented economic growth [end]
finger used for,b'for between phrase exist ahead between',[start] tip over cup [end]
Someone is a,b'it house eye shop it food something it house to his when its some on you to something you you might more from store by store as something by',[start] visiting Manhattan [end]
cream cheese has property,b'human to get like what many and what your many with are who its with and many the at very them human what be their an with many from',[start] good on bagle [end]
go to get a haircut has first subevent,b'like a house light in be at what a like very be someone in a them for someone in it for is in more to take in very when',[start] grow hair [end]
sometimes frame has property,b'what your at as an be an very human their at to one about from is are is in its someone with the to is very when one is',[start] good than picture [end]
many person has property,b'you someone go get make get a are his an s it to them human your are something human its for it them his are it something that a',[start] obsess with aquiring wealth [end]
many colors at location,b'on and as to for its s that you about of by human in by from many more is very than what a them that very with at human',[start] a sunset [end]
Fleas is a,b'and',[start] found arounds a dog's waist [end]
she capable of,b'like be make take a to more that at very someone about from be the to one be from for their by some a be the human by you',[start] scratch your face up [end]
A true story has property,b'with your you might an are what and s by than a for in on of the who someone s who what on from their and of many when',[start] non-fiction as opposed to fiction [end]
dvd at location,b'of as your in what is what as in you with very of human of more out as is good your that very be more it are someone it',[start] in dvd box [end]
dog is a,b'them be person knowledge water',[start] usually about two foot tall [end]
felt is a,b'many as them on in an is out about by in it to are its for human is that a human for by its in be on new you',[start] a soft fabric [end]
u capable of,b'with in your his its might them an cancer or on for on with of someone human them at it be when in to many human very one it',[start] read it [end]
person blow into has subevent,b'your by good store you at human to about by for a and them out and very from on one who are about when with it on at an',[start] instrument he make music [end]
grain at location,b'by as what by is at many for at an or in are for with it human about as in when one than very is your what out that',[start] sand in spinach [end]
Peoples has a,b'an both on of treatment',[start] different tastes about furniture [end]
catching a cold causes,b'on the be human might an for who at by than about are its at it on more about its that an very in it an that the out',[start] you will have fever as well [end]
Humans capable of,b'you know go light work do its from human with get many and more you out its on many human to like from to your human be human many',[start] fear dying [end]
person desires,b'what his might the more their as it are as might on with about many someone by from your one it as more from at one their more of',[start] sexual encounter [end]
convenience store at location,b'to have that an at that at with at on more',[start] city [end]
pretend has prerequisite,b'in of with by is like your many someone at from many what human human a very its that a for your might very that what with by from',[start] learn to act [end]
workers in the back room chop,b'be play do a are in as you it human you someone out them that many that have with in some what to the what make on human someone',[start] scallions [end]
That man capable of,b'with them good friend new you or as them with of at it the an between by be about with the than good very what that someone an its',[start] cross the room [end]
The Golden Gate Bridge is a,b'that about its someone as than them or to and when about you human more for one its out as than many in your in and at to some',[start] a bridge [end]
Voters capable of,b'at is one them when to the them for for as an are about them you of their who is to by the you who many who are to',[start] voice opinions [end]
get a job has prerequisite,b'when heavy is something to know them from you is than might someone it that what many an that its out human very more their very that in you',[start] go to work every day [end]
meat at location,b'you it an someone like human many from be their from when his that by as like when get and its no with at someone is many who with',[start] butcher [end]
discover truth causes,b'is from with good their is from on one out of it at out on in a who more them of their you you are it one and good',[start] become unhappy [end]
watching a musician perform causes,b'it about some than their someone as what about with than in and who as be their to for about it an you when might your your someone your',[start] enjoy their music [end]
fart has subevent,b'are it house food money to the many human to know to go might you out your might make be the in make to to have your what the',[start] drink skunk [end]
teach other people has first subevent,b'as many you',[start] find out their level of education [end]
riding a horse used for,b'might your water time game good the as of someone human at might it with and by as many someone the might their many many by its human new',[start] being a cowboy [end]
bathroom with bathtub is a,b'to about more to that be that be to it very it to his who at get what from are by your them and for it out you is',[start] wash area [end]
beer at location,b'by and is with and many cancer of on on who it who is one its one with the treatment with it as very and you that at are',[start] a building [end]
stop your car has prerequisite,b'at a be buy them about very who about very that its be and many that are be an what that from and more very might their when what',[start] turn off the lights [end]
play baseball has first subevent,b'the the of their to do someone in it you your is them them from very what an between be what of more and some about that its an',[start] choose sides [end]
Starch receives action,b'at your in and about the with with a by from many out',[start] found in many foods [end]
polls put support at,b'from from more you you your than when is the or an up of it your to as to for might someone a who someone about their you is',[start] only QUANT_O_1 strongly [end]
In some cultures special mushrooms receives action,b'its many make very in like human them with to your of when who like to one as is an at be one more someone with as one than',[start] eaten as a spiritual ritual [end]
