source,prediction,target
person capable of,b'them store house them his might that be some might one one someone when some when for someone them for with person you it in your more with from',[start] jump over puddle [end]
hot and cold is a,b'the most than it for is both this all or your by by about with from his than both to both many more part that like this about it',[start] measure of thermal activity [end]
Yahoo flickr,b'an for your of to are is a are to a one is many an and all many with for one than an part or of their in new',[start] an undisclosed sum [end]
walk around lake used for,b'very make wear find more like some the and than person from good of part both more this of good both some up the all out some some people',[start] hiker [end]
land used for,b'more with than up on one for your the small some on it both his up to live is it your some all up your at out at and',[start] grow food [end]
go to a concert has prerequisite,b'what are his you might more from from like person you work an at new for from some both some both like for that not his for about not',[start] obtain tickets [end]
exercise has property,b'what is very at his an his be one some one than about for the you his when another is some in person is that person some about the',[start] necessary for health [end]
the Senator q u a n t o,b'that more you you know like person to might your are more might are something his about the some person one his one his from more that new on',[start] the votes [end]
wrestle has subevent,b'more store someone very by up some person that live from to do with new is up many people about very it be from someone with is new about',[start] arm lock [end]
hamburger has property,b'than an his them like his something might when at on some who his someone for about the of you not to it good might be it his on',[start] well cook to prevent food poison [end]
a doctor used for,b'in who many very at more very an from the an part s some by an someone very his their more in very about than good part out it',[start] maintaining health [end]
newspaper is a,b'have take fun new at that not his on be be one in for it your many an more an is live some some is both more the someone',[start] document [end]
sea has a,b'like more it it by more from on to his both for good as one the an new up is more as like from good someone an about in',[start] seawater [end]
a Hard Lesson ruth mc mullin,b'when not money good their by for is an this in as one to than you than on many when when both when another some some that up and',[start] the newly formed Harvard Business School Publishing company [end]
do housework has subevent,b'the at with your might some many than an that person from about all with the an another about with good some at than small out more very is',[start] wash window [end]
rock is a,b'for all with some like by be very is like on than at when another by one it very for from with it is be new of is up',[start] solid object [end]
cotton at location,b'many about what you make good will someone with very an both about your than an it very up it than another it on all someone both and his',[start] a field [end]
hayker is a,b'is the the with more them like good both by some as person good all to another and its someone both from your be from person as new at',[start] hyiking [end]
er diagram is a,b'from like that many with it is than when very at is someone on like than an than the many very person from someone some an on his from',[start] conceptual schema for database [end]
holiday shop has prerequisite,b'like you work money work new music when tell someone good music is the many many someone than you his on your his than person music good is from',[start] save money [end]
Everyone including Angela Vaillancourt new york,b'more to to you get to do it in that make about make to his something to it that something you are about it an something have with up',[start] performing to street noises of robberies [end]
a glasses at location,b'like might at more an them that with someone when what for both one in very all the for you some by very is one with that the to',[start] a nose [end]
a public university be located,b'up than might at in from someone be like person with both many as on is many at person person good his up you not very that some a',[start] in the city of Sulaymaniyah in Kurdistan [end]
rem-dream state is a,b'that to do person it the more on than you that the person an very them good people at the like it people people you more both in time',[start] neurologically and physiologically active state [end]
ducky defined as,b'about in that is by that with and to might to like in at for more some in as that it for up and you be on more that',[start] rubber duck [end]
reading a magazine causes,b'from after then and over than up many by someone with both someone about that when for to about be by with than them for than all them one',[start] to take up time [end]
finding the truth has prerequisite,b'when what someone good important for are that is by many when an with you you someone that new with them like good is is another more with his',[start] investigation [end]
dance motivated by goal,b'is on one part out both many more one of than at some more person this on as that up an an many and be person who new many',[start] bring pleasure to guest [end]
attic used for,b'it air knowledge office space for at on in at more more that for all them than something be about new at more a for time is on someone',[start] storage [end]
bathroom used for,b'is about not know tell open about up it many all by both by like your by the someone some some many one his with at at by on',[start] groom [end]
be on time is a,b'many it play a when that might might your you his from than in both it one with about more an at them is the an at person on',[start] good trait to have [end]
building a cathedral used for,b'very all their call keep one one as small at that on person both this be in about one of person it than some in someone by at up',[start] wasting natural resources [end]
something at location,b'are something know good some your very that are many his at an many many to them than his one of than person someone very someone person a one',[start] end of it life [end]
pay cash be for person who desires,b'an it water happy with know when on more both all at of about them at it for than good by about on by their person the very it',[start] avoid pay interest [end]
most ameracans not has property,b'up from be go it to you to will them with you will the you for that one some might might from on more person them a that his',[start] fit [end]
surf the web has subevent,b'from and is from one in up or is from by be more them by who that person like of someone to someone in person one both it with',[start] use Mozilla [end]
an article in a magazine used for,b'an in many by one some many the to its on their is one all with of it for that than an be with by very one one and',[start] reviewing a restaurant [end]
drug has a,b'someone than an are are are are might something like in from very very many all all about another his on another from their some by both at and',[start] medical effect [end]
lizard at location,b'very someone important more you an about on for with person on the part by as at to be more on the as some all person from at from',[start] country [end]
A rainbow is a,b'something see eat show eat give keep make get put with feel very the that that an is something live that be are like you one a another them',[start] a multicolored light arc [end]
bathe has prerequisite,b'about with both than are some with more and this over the new with be on very as many someone is his as up that you all for some',[start] get undressed [end]
03:03 associated,b'more for at many good of all and all of good their another good as someone up as store the an one in this both part for very and',[start] with Fulminant type [end]
many kind at location,b'from by more be to them your up on from at some someone than some from some than for both one out it person as about an to is',[start] model [end]
breathe some fresh air has subevent,b'when than one at that is is person to an person more is in about them when both one more more someone someone as one someone both to with',[start] feel good [end]
electric fan at location,b'is at be learn person an one his than both be some an from some you than all person from about you it on their like a be might',[start] home [end]
bring home some fish motivated by goal,b'up for from heavy like and with you them his one all than up for new in the both on a at all them many is about both person',[start] fish be good to eat [end]
go to work has prerequisite,b'them and on to enjoy have them for be might many for someone that up one to a is someone are at more at about in about someone from',[start] remember where you be work [end]
most case of sexual dysfunction receives action,b'on is many be very are good the from new an very on all as like in by with in that on with another all with some to another',[start] cause by psychological factor [end]
Older adults may experience,b'very human play house people that another both most good out the of all very person part by people good people that very as another for person in the',[start] both diabetes - related barriers to diabetes management [end]
a woman french huguenots in,b'with from after treatment down',[start] a portrait [end]
candle at location,b'be it someone person to learn them in not that have in by one like at your be one many his many might like very his the is it',[start] candelabra [end]
pretending has subevent,b'will at your many are what are in is it the good on his when some with on about one very another new them an is person your it',[start] put on a costume [end]
eat apple has prerequisite,b'what many human the with your from be are his very an is to the that for by you more for new than that might someone as many be',[start] buy apple [end]
talk to someone has prerequisite,b'your a money thing person at with have up you an with about by many some someone someone when good be than good the at both be on more',[start] speak with them [end]
a kitten at location,b'about person someone his that very at on many be another be more about more about for one of someone your all it is not both that his their',[start] a veterinary's office [end]
cowboy is a,b'person time air world war things show for store first air and the hurt more from money new water air money food person money his store to new from',[start] part of oklahoma history [end]
criminal court capable of,b'them be you that them what person you a from more new what with like it with about about feel with not you might have good person up by',[start] pass sentence on guilty person [end]
bus used for,b'to on what watch know work when an on your open on your with is one and for up when an person and his it many be a person',[start] mass transit for city [end]
attending a lecture used for,b'might know a place feel good to from them are up many about good to very person when both from be the open one with something you them the',[start] listening [end]
The results support,b'them someone you person be when to that like when person are with a his more them by about tell many an person might live one one new his',[start] the hypothesis that there is an association between signs and symptoms of CMS [end]
androgen receptor variants are thus able,b'an the many are very good to you you something something are about his it someone to be is both by an one some someone one all more all',[start] ligand - independent [end]
calorie receives action,b'one by up about you feel will an with them at all person from by and than all and on in new from on about about some this like',[start] obtain from fat [end]
man become angry has subevent,b'someone be you it with with and to watch person who about someone the than a than them to might an good as new his both new out someone',[start] he crush paper [end]
paper at location,b'might at with more someone from are when an them you an with your an for some some up your with about from about from it some one in',[start] ream [end]
a desk used for,b'by on in the very for at out your all his than that than up this who someone by as and his by by for it many at an',[start] putting your computer on it [end]
bontebok defined as,b'from about not open in with be both up one one when your his for from to you in your in good about some on at person who someone',[start] Damaliscus pygarus dorcas [end]
budget be balance has subevent,b'you feel go need to on at know are when in someone by something many might it are with live from open is is more that not someone one',[start] deficit be eliminate [end]
his or hers birthday causes desire,b'you need store person open for might not when is need one all than a the his you open something about good new good them about work people about',[start] buy something for a loved one [end]
Kanun is a,b'you his need know make take more them person the know it for good at your on an at on the person with someone them with someone it you',[start] a stringed instrument [end]
lying causes,b'will one new is by be from when it from for from good up his all for to might when up with many many at someone of it with',[start] problems [end]
Judith O'Savio is the president of a 29-year veteran of,b'to what live it is is will not and to on to at something is about be his are some both an one who not are someone by not',[start] Westchester school music programs [end]
someone at location,b'about person house time someone at that might some person up by very than them by on them by on new person good as open for some people as',[start] baby shower [end]
you capable of,b'in your have be an with your through the from is an and a is that many with good to on by like at good it who that when',[start] learn things by listening [end]
salt causes desire,b'will something them his your an you your his you your to open something with you tell your not open in like someone some not are to like in',[start] drink water [end]
find lose item has prerequisite,b'like like you that something your it to at are some you is a for to an you the not when about it by music might the more by',[start] ransack room [end]
a bus at location,b'you person person it for up on with from both about new as person them it an about in them on on many more one a and it at',[start] a city [end]
someone at location,b'like is one and or them on that than when his up in good or might new to open his good at it his an his for be on',[start] barbecue [end]
slap capable of,b'one them to is up of more when up both out his that than different his the for all from new be for about by up is in by',[start] amount to assault [end]
go on vacation has prerequisite,b'at both at your is from as good some as very for both your another someone up your up very this both your to your and them both with',[start] research transportation price [end]
smoking used for,b'what about make it will like your at that person his both like both than many by up for one on some many good some that new is in',[start] impressing others [end]
see movie has prerequisite,b'many one more small some of it from some from that someone person is about another you in that in them it from an more good with very you',[start] find out what be play [end]
lighting a match used for,b'will your find clean the like an good someone more an both person be its up be your you them very person time something up people at the it',[start] burning some wood [end]
have asthma attack has prerequisite,b'at as many the both many all up who many of your one is someone the new many be both very its to good on of one your your',[start] smoke cigarette [end]
shop has subevent,b'the all your on to are are from very from them and by someone than of up your an is someone for be good with about both many from',[start] one sometimes forget what one intend to buy [end]
Koji Inagaki is,b'to have become making might more some up his when many something on in someone by are you are some an his open about for you the someone on',[start] a 25-year-old unemployed security guard [end]
debit card used for,b'like many most is to more it than one more at new when to be you that not when not might live with one one them both someone more',[start] pay for thing [end]
person not desires,b'them it know to feel when very an it up to are both a about a one when with one when something at from one that it from a',[start] t ofeel bad [end]
A photograph has property,b'will what might them by it from at in for your on some who some as from on you one them from more more an and it from person',[start] called a shot [end]
a hair roller used for,b'are like tell up an like your some is not more the you at all it more both is by a new the the the it by new many',[start] styling hair [end]
sail on the sea has prerequisite,b'to in than than and for off who it in like might it be good his as at more be up your for a you more when for that',[start] sail a boat [end]
overweight person capable of,b'the at more very an of it than be its part on out at their is the that his and more the both on in that his it all',[start] burn calorie during exercise [end]
soy bean paste made of,b'is when an the from the about this as another up someone many with good to be with more the an one for at for the in many good',[start] soy bean [end]
going into a trance used for,b'like from you buy enjoy it is know his his one you with not them is is new some you be not an someone by with someone in might',[start] Regressing to a past life [end]
accommodation receives action,b'by be an it is from when might it the good to might for it that from about new it at that in it with at you by more',[start] determine on case-by-case basis [end]
A hand capable of,b'to are do you go like with watch like is not than a new in you know new like someone be tell with for open about one from it',[start] hold a ball [end]
Ruth Bader Ginsburg is,b'have like person to his many someone you will be many you with you feel something be good on his not them new many is one the up up',[start] Judge [end]
people at location,b'you his need store in them at that someone more to person a are music it when open something in his the at the with at be an good',[start] at an airport [end]
A girl capable of,b'might be watch play music will will more that be you will someone up for new to about not some one like like an someone open about more that',[start] join the choir [end]
Sushi defined as,b'in you hold buy enjoy be it like about might that when your when in is with in both from at from good person and be about at an',[start] Raw fish prepared for eating [end]
a chess king capable of,b'many person music work record will with not an new with both is both it one the very for the an with person the about money one to with',[start] move one field at a time [end]
everyone's ears look different - capable of,b'your very you get see it more good you keep something someone an good the be open for new some a important some from his like all it you',[start] like fingerprints [end]
Most of the recommendations were related,b'that be a more that an an many might be more that at for someone like about is might might not an and new an and by on about',[start] to obstructive sleep apnoea [end]
vestment at location,b'an good new one on both in you that have is on in is a be is might like to the might some an might very than very both',[start] in church [end]
Heyman is,b'many that that with up from the at up on up more up by them one more is many on like more many for to an and it on',[start] male [end]
competing causes,b'something person cold it an the it you at both very that do is many it them new all new and many them that it more on from some',[start] jealousy [end]
system used for,b'be on them more many and one to tell by that something person that a by from the new for their is them person to not than by good',[start] particular purpose [end]
theater ticket used for,b'what is good many and the with on or another of about this at their who many at many on an at at person some all his your the',[start] get into theater [end]
an ocean at location,b'it music you them what for something on very up it many at it some and his some more with that someone to tell up on all someone his',[start] the globe [end]
cell phone at location,b'to someone important not read how a with not up his tell on one open and good that from open in with with when by than up like person',[start] shelf [end]
paying by check has prerequisite,b'be work home store be one of you might a up many at them be very you person to more to be like your both a that up about',[start] a picture I.D [end]
deli restaurant used for,b'to music work house house person in you watch up an work to tell store new someone a many for like up open you on your open you know',[start] hungry person [end]
Everyone 's polls show crime as,b'at very good computer both more and another is you will an that to more an this it the with at at a than for the some one that',[start] the single most important issue [end]
stool at location,b'for more work music open might for open be an from a it like it his them when is very new about at to with live new one one',[start] specimen jar [end]
spaghetti is a,b'something know good place might them and by someone like his that live are one some like open is something something up more something music from is an good',[start] a form of pasta [end]
ride lawnmower at location,b'like might to at his by many something both more as to them your more one more good more up an person all you to something be very about',[start] garage [end]
remembering causes,b'have feel have take someone than make on with many make them his that go on someone on with one your with more more at be person the new',[start] realizing that you had forgotten something [end]
person desires,b'be go eat be might find from like make to his your good when something many another with not very up by your on up by you that both',[start] stability in his life [end]
make up is a,b'person room room air time like is the the open his music that his not the the live it someone than you it for store be to money person',[start] compact [end]
The goal of the basket-ball is a,b'you with them are very one more the someone at like will person someone you not to something more up on be like the something are to like up',[start] a basket [end]
a back yard at location,b'with them on might when your out more and in you the in his when some like his all who is in and his it as and very it',[start] a suburb [end]
a stick at location,b'for your in an and and with up is than to at with on his one all with and to by an very at all all in it some',[start] butter in a grocery store [end]
attend a classical concert has last subevent,b'are for as very is an up your someone about some them an on the both is by some as about many more that another at on the all',[start] applaude [end]
People get into trouble if they not capable of,b'than of that the someone for many who more the at for it someone many of one to with someone in someone your this like one than up your',[start] pay their bills [end]
you capable of,b'the small both the from like person at many by many person who be it like its it by is the be you good all on be you for',[start] buy all sorts of groceries there [end]
A lucky charm capable of,b'with off your by the you more than who than is about like of by your one all his another like and all many by your for all like',[start] give a person good luck [end]
one book of bible is a,b'his something music music want room it that live with good is one from music them when new than it from like many a some many about music for',[start] psalm [end]
seeing an exciting story causes,b'very another lose part one an all part from part by all part s on some in one your one both in and that this as someone the people',[start] sharing that story with other people [end]
mat in in front at location,b'with like up on many at for of one someone more very you to are good with from more be them an the in another them more like it',[start] door [end]
playing games causes,b'is both an might on might it with and is is very for is be for you all it up an very from from an another at of many',[start] fatigue [end]
Cheers receives action,b'more one another more up as some on good on from someone his up as like person an than for you more to it many them on many about',[start] set in Boston [end]
adjuvant chemotherapy is recommended,b'on is with all about their than when of you are them the good this be to good from like both to by his many and about good both',[start] for patients with lymph node metastases usually [end]
go for a run motivated by goal,b'on more play home store music it in might his someone with about work with that like at them in more an that that person an and some when',[start] exercise your dog [end]
The capital of Svalbard is a,b'than very many his with for at very over or the about both who person one at is one is in be of it on to is like by',[start] Longyearbyen [end]
dog capable of,b'at and the be watch be many in your your of many up like than more that up and many more up out for good both person with their',[start] be many colour [end]
warren part of,b'on as that might person by than and to that with more when both than is your to be good very by when person of the on their them',[start] ohio [end]
the man receives action,b'how person it people with what up some good an like one for his the some from on some one good good person a good about their many from',[start] raped [end]
have heart attack has subevent,b'are when on them be them about in his on person person one the good one with to them new up something up about like music new is like',[start] you feel pain in your chest [end]
eat apple motivated by goal,b'at in off when when in your you is from from might for that more an very very from for your them about be in good on by person',[start] you be hungry [end]
flower on your table has property,b'the small human very an many of this some many on with about with small an with more in up both one on all both his another on its',[start] nice [end]
know if you healthy has prerequisite,b'them your about an than person than might some be at a the up as by some very it up all person your it and his them both about',[start] examine your breathe [end]
592 ( 31.6 % required,b'will them something them someone when for to up that someone one who and is someone for new out by an and more some them some with up with',[start] ICU admission [end]
lot of person receives action,b'from his take give on in like as up some many and it that be as about is many when when like new when with that one to be',[start] scare of reptile [end]
going to school has prerequisite,b'for and by when very are and them for the more be the is and both very be good this up that person that them up that some all',[start] motivation [end]
The coalition is seeking to have,b'at is some many that in some one be for up from his on some and be one an as with to a his at from is more both',[start] musicians paid directly for use of music online [end]
Tactics is a,b'them up when with be the on some by one an up good up good about more them be about on be on be them your with for his',[start] the means and methods by [end]
An arm is a,b'are you need water knowledge food thing something shop you someone something music at a up good money from more music you money his work new water store you',[start] a useful appendage [end]
deja vu at location,b'your something wear make are is someone when both on very your very an it and at one at his some all when up on be some them that',[start] middle [end]
volcano at location,b'the out one at more the an its person this one it that that it than time about person time that the good the an part more and an',[start] top of mountain [end]
a coin purse used for,b'when like them more it more for a from person some like good the person on on people about is good is to a to be it someone someone',[start] keeping excess change [end]
get drunk used for,b'them something store room world school for like person be important many people and to not some music at some time and for to good like from the them',[start] person with mental problem [end]
god causes,b'what be his enjoy about enjoy in you open a to are be up person with more than about be be person what be his you work something not',[start] miracle [end]
cup has a,b'on the that be to like be will more his like his in at someone an some in new the a be very both by more and many your',[start] coffee [end]
kiss causes desire,b'more more good food thing work like might at not at be the is new is many be you an from on it in up many new a time',[start] help someone [end]
Very elder humans has property,b'is when something know it by at many and them an with and be some person someone about you a be many like someone new people more by person',[start] feeble and weak [end]
agents capable of,b'be not fun store them someone are like at it you on something good an with both your to might you them be on something from you are person',[start] list houses [end]
glue stick used for,b'might about your have take for good are from might in be with when be new is very than when your this one be at that is for one',[start] glue piece of paper together [end]
visit museum motivated by goal,b'that something store room school to someone are not up is from both than is are good to more open from from on both both both person by for',[start] it be good artist date [end]
going somewhere causes,b'like more time game to do on at one someone your that know that them good an new and than person and the an people that that not a',[start] really get lost [end]
comb your hair has subevent,b'person music time you at good your it good them that play all with be more his in them time as play and the both someone new it it',[start] look in mirror [end]
Egyptian pyramids has a,b'very with both many person is that from very it you person in new all be more person and some you some from its be on your is for',[start] rectangular bases [end]
compete has subevent,b'about more one at about is about with that by be in more that them with in them them and some it many to his someone up be many',[start] poor sportsmanship [end]
unite state is a,b'you be person time when his very someone for very when up from both them some both for some up it when some someone an for in than one',[start] same size as brazil [end]
irvington part of,b'them in an them one you what in like be more them in your some good for his someone that is one up an more up out with from',[start] new jersey [end]
person capable of,b'when you feel a his like it on have when person than on open might them someone about the with shop from many in it for by it to',[start] learn until they die [end]
cutlery drawer at location,b'how is it live be the person you on know at might on is his you when about might important an for at that from it by one by',[start] your own kitchen [end]
person go to work at location,b'will about is both someone some for up up your at like will are some some at for than an as are that with all both it his from',[start] subway [end]
cold weather causes,b'for on some like might like one on your them on be the both both someone for both some is you like for the by new his on to',[start] frostbite [end]
The oilseed radish can be grown to scavenge,b'to know more it person new about be up them up with open what are his be that what someone when might know the both at at for work',[start] nutrients [end]
most child not capable of,b'them store happy a have up is at is might money your is in person you by up that new on up someone to person about open his on',[start] wear wristwatch [end]
driveway at location,b'for more it it when in the at who from is good of many be it of you to that at by the new many on from for at',[start] car [end]
a QUANT_S_1 caliber Daewoo assault rifle is,b'up you do a not need them with to on at them an them and from them more your someone up many new new like all as not on',[start] QUANT_O_1 of the weapons banned under the law [end]
horse at location,b'an very keep go will it his your is not that about the like many your all like on the on at an in some for about than like',[start] field romp [end]
a saucepan used for,b'on it his to in for it when very one it about at very up from about person all to someone from it it new in when one many',[start] boil vegetables [end]
pie la mode in french defined as,b'your to it live with an be many of their is you something are your that his about some than you his for something might many by good all',[start] pie and ice cream [end]
buy something small has subevent,b'on by is his in of like your about when one or from the might them an this at all when on someone with is more on their someone',[start] you lose item [end]
a head used for,b'someone are something water eye on an very it to play than not on like a good someone the open people people with for a store the by his',[start] making a lettuce salad [end]
children capable of,b'how what many than some some that with many in them than by like in for by person be about and in about your person be them about on',[start] love [end]
vacuum the floors motivated by goal,b'many on have keep see up are good on some more his your both your about in the some that an about very an all person on that that',[start] do the housework [end]
horses has a,b'when person do know work open might very is for more up like about person some in some all good more the person it both than store a someone',[start] served humans very well throughout history [end]
A star capable of,b'the the the on from is your its the the many be most about his that their for his both his by all at your some its the at',[start] guide a weary traveler [end]
thread on nut or bolt is a,b'to to know take more on like feel with when someone something in his both like one new about that good many it many new one a with about',[start] form of lever [end]
earn live has subevent,b'might not see buy need to not will them his the that it person them to his for store than them is that many many by up both is',[start] prepare for retirement [end]
large item receives action,b'how more your be watch from have at on very person for one than not person who by all good one at his is someone all is you at',[start] haul to recycle center [end]
divider at location,b'are up many the for the than them out of your with by person your person from your be part about more of be to on it of person',[start] street [end]
answer phone has last subevent,b'your by their keep his will at it on an with from in at all than one more as is in your all them is on like for another',[start] hang up [end]
person capable of,b'be to to many many might the them are some up one person the his by by person that many like one from more to like than his new',[start] go for trip on their vacation [end]
have haircut used for,b'that at in a be them the be be about it an someone person for work a someone that than not good your them than some people of the',[start] tidy yourself up [end]
playing chess has subevent,b'it more know not that from with some it for them as many the on someone up some them someone very that music someone to person like about new',[start] tension [end]
storm capable of,b'to do need get learn more with like more know with know the might person new an important like work good one is for is new it at one',[start] move west to east [end]
buy hamburger has subevent,b'that the most both with very in is more in to that up with to from your on your be when that about his is with about to is',[start] take restroom break [end]
lady capable of,b'your something store to at will the for good who person your some that many up than many more up very someone it them that person a for for',[start] kiss pig [end]
basket is a,b'that be his on that more his at might up his be than a one than more with good than it your many is with the an someone that',[start] container [end]
Humans capable of,b'person shop something you a watch something in might it music like play at at might one his you store be it something good open on a one more',[start] taste with their tongues [end]
play ball has last subevent,b'more one your very good very many many this as them and your the up at at some is his up and more to different at your the new',[start] go home [end]
first floor used for,b'with someone know them some an about one his good his the who you that both all and his someone it in person is an be about than for',[start] be beneath second floor [end]
automobile capable of,b'by like like watch when is very as by someone in some more about might both on you person is be many the someone some his it more all',[start] hold certain amount of person [end]
dying causes,b'someone his need feel them that his his from an when on from good someone many very new and more you might work up someone like when an at',[start] an object's color to be changed [end]
buy christmas present used for,b'from by an be many are your is very very all many you than new another on person for is his is is someone an someone in like with',[start] make yourself feel good [end]
Flossing your teeth has property,b'it up in and s who who on that the one more an an good someone to about of that them both an his very in all to with',[start] routine [end]
person desires,b'his tell live important are your person with you one all in might have know might on an another some all on up by up both your with like',[start] be treat with deference [end]
politician capable of,b'one is is might might for when to them like about the like them up of at it them on all an at is an from be on from',[start] agree with voter [end]
food at location,b'in an get do have something have might with you in might by be them some them one it many are good it them you have it and by',[start] bowl alley [end]
Members of crew capable of,b'to up a work water time a them by that you work what open it person work open from something someone some open is the the an with money',[start] row a boat [end]
glass of water has property,b'when than many might by with it an is from from his than one his person one from be with his in more to are on both for the',[start] welcome on hot day [end]
person desires,b'in is an with might your are an at for at with in good some to many be from is is many the the up like more like an',[start] their mate to find them attractive [end]
get angry has subevent,b'how them in to like an like that them at the by with someone like when the person for the more about when on one who that both in',[start] yell [end]
billfold used for,b'than out food friend fun health with one with person at out who one an his in some it that one good someone of good of out than be',[start] hold your credit card [end]
have a heart attack motivated by goal,b'your make make find the and his is someone at both someone up in very from be someone his the more the a all his than person by good',[start] smoked too much and excercised too little [end]
gather energy for tomorrow has subevent,b'from than for his like from will is and the and on at you another at you person from some and from be new on like both very person',[start] rest today [end]
play has prerequisite,b'have buy fall work work important good is make put them in many not good about time about not not it like good in good his on many people',[start] learn game [end]
person not desires,b'is them an from you have by an you have very some one with be your when about at from up in them is some from his one both',[start] be drafted [end]
cow capable of,b'is them person water something not you not up an when for up from for that like that very some them you for it than his from than good',[start] quietly [end]
Steak used for,b'an its some many more in more and on an your as very for like more be is at many about to be good for new it you up',[start] eating [end]
you capable of,b'are are have take on when will many of many for one good as about someone and one for both be all more to the more for like them',[start] act upon it [end]
telling a tall tale causes,b'how know someone one good about more many for by many that both some for one some new it it is might at the very all out many up',[start] laughter [end]
Tasmanian tiger defined as,b'are to his be many someone of one be many more might good to the some them than his that more one that be for at more his like',[start] Thylacinus cynocephalus [end]
tickling used for,b'will about someone about are one to his how might are than what an and someone is than on like is like with than both by be his like',[start] forcing someone to laugh [end]
gazelle at location,b'than some them a about it for for from some one is at about many up be about good as is good up be on it all by an',[start] asia [end]
disk is a,b'on the it one person with the you have his person is both good that person some by the his your from for is one more of that it',[start] flat object [end]
Maricia Melcombe of Stamford is,b'be take see you feel what to go person have like a tell live the the know his at live one work it music to shop person up person',[start] a sister [end]
William Shakespeare is a,b'you make buy be watch his for need a at an have it is with in them is work are like the important more than with many open by',[start] a playwright [end]
relaxing has subevent,b'than his not his an for from when be that some is of up as up in more as about with a to it some than someone all be',[start] drink lemonade [end]
car capable of,b'it open one for it your when an like something you know at one it good new by work and than for an part than someone person when more',[start] hit cliff [end]
course receives action,b'on what it water friend city life at the all for for good food food in money from many person some his with good more first someone more many',[start] offer at college [end]
not everyone is a,b'an of and cancer the as by more s more the all more part one and of both another in is this a its that by that another with',[start] from america [end]
bridges receives action,b'be on some to are person than on be some it than with from the all with more the be very for with very be new is person an',[start] constructed over water [end]
An engineer not desires,b'to are his work like more what to might it to tell something one it someone them a both is his about live them to a it about music',[start] a chaotic system [end]
Lifesavers is a,b'more something live money music something his open for person for people an at different up with good it open to have with a a that some you them',[start] a necessary item on any boat [end]
an accordian bag at location,b'on many more make the up with as the it with by by very all of from on at all to some more someone at all many the on',[start] scotland [end]
buying something has subevent,b'are at good more when with is might an with with from from about one for and to at by to than than new like you by all about',[start] work with an agent [end]
diesel has property,b'with more work fun them up more about the very it from with it as person them from with up one for people it an from his part when',[start] one of many product of petroleum [end]
i capable of,b'is than by to be it an about on more that up all that good some with the another all you more both that good one one for your',[start] light match [end]
someone capable of,b'are about someone at his it like person new some at the good from all his up is new someone than your at more you your his many be',[start] paint a picture [end]
Her long legislative record of expanding women 's rights won her a large following among,b'person not fun the their an for another the his one from you his some both some their about an different his that open them of that to good',[start] women [end]
red meat has property,b'you his his not make someone more to see it one by them for very his in some you the by up to watch more like in with something',[start] high in protein [end]
overeat causes,b'person money',[start] poor physical condition [end]
you capable of,b'his to in you more are you person up have it that that know with an when up on that the more on both very very that one the',[start] ticket to enter event [end]
restaurant receive used for,b'what not good be his when something not know a are an to music for a something it more be an the tell to more one them some from',[start] intake bulk food item [end]
commit suicide used for,b'on some both than on by to than up to very one out of someone at his when with with all them up as about the this with very',[start] person without hope [end]
a ring capable of,b'be watch not wear get be the very than know an all it to not by about his like tell from very more for like good many both your',[start] fit a finger [end]
seeing exhibits causes,b'at for than some his someone one in than all of all very out one that up his of your of person of very at their is and up',[start] surprise [end]
hospital patient not desires,b'very by very it when your in you someone person an it that his someone with all more some new and at the part up up an people to',[start] be forget [end]
sit quietly has subevent,b'than at their one all in like it on of some them be about another from his more someone up more that for it one all your about that',[start] look around person [end]
a stringed instrument at location,b'more more name store shop someone it on some open some the very about different for up both than is more up it by new new that by with',[start] a string quartet [end]
most common hat is a,b'someone with you have about be might live is it what up something in someone something in at at both your music some you with them something is about',[start] baseball cap [end]
go out in public has subevent,b'are not buy see your and might watch with a of an like that both the like by both your at both be the very in it be for',[start] you must be dress well [end]
mankind believes they capable of,b'them to more many is your up that to many when that with good very by one on like at for new with very for the by one by',[start] conquer all [end]
mont blanc is a,b'that them when you at them is your that them out who for your with about by with them in many about when for that very new many when',[start] mountain in swiss alp [end]
waiting tables has subevent,b'very is at very is one be good of the many all as the person many many someone an part about one be part some it as than up',[start] fill water glasses [end]
the roots q u a n t r,b'be person someone the their about your up at at very at the from at to many be them someone one more many more the all be his more',[start] the moment [end]
have checkup has subevent,b'your human get become his that make for some more to are like than be when be both some them about both an than its like in more them',[start] you get pill [end]
send e-mail used for,b'by at is than someone what more who by with very one out your person at be all at another it new for to by from good one both',[start] communicate inter-office [end]
a street sweepre at location,b'an out time open about person them from one at an someone as is that new many up about music someone many that with some very on people the',[start] the street [end]
Curtains capable of,b'more more music shop up what some the than that an both one it many many by the at its his as someone new the part an different to',[start] block light [end]
molecule is a,b'by you work food car make you not an be the very might his be your with new is person up person it them person your new it new',[start] small amount of chemical [end]
play lacrosse has prerequisite,b'by with from about person something up on with all when you by at someone is be is you both you not to might from like someone with you',[start] have net [end]
take bus used for,b'is than when them than his them to something might be be might some the be one of his in at on someone some at that that that some',[start] poor person [end]
french restaurant at location,b'your that not get use find are an like be both them of your like one many by by at on another from on a some good and some',[start] many city [end]
seeing your idea become reality has subevent,b'person be read have that you about many up might school by people up when someone be person is work them someone on like is store new person the',[start] the feeling of accomplishment [end]
maintain good health has prerequisite,b'in off for their someone that an your all is from another with the his for their his person your an all for in from one be and than',[start] get more exercise [end]
embarassment is to receives action,b'person it fun more the are good good from your good one at more them new about very is store the new up that money your store some people',[start] avoided [end]
in anarchistic society there is a,b'than and about when you you very them what at some than it it person like many an an one in another in more new is when an like',[start] no leader [end]
the role plays,b'is with some that you that that the them the the on one of is you more someone for new for very up them his about many that you',[start] compared to the whole range of old treatment methods [end]
tying your shoelace used for,b'one someone many some up you not you his his some like that at person the open might a you many a by that an his new by a',[start] keeping your shoes from falling off [end]
a grocer used for,b'from who up who something an up an heavy than be them on that like as that when on new to both for in in is one when in',[start] Fresh vegetables [end]
television view has prerequisite,b'have need something someone might eat in person person his watch you something it on to work them are store from store you watch for live time something more',[start] time [end]
guard at location,b'it not music someone for something one be good when be a by work on store your your at that new by in person is someone some your is',[start] military base [end]
fortune cookie has property,b'by the this their an with on many when the about person than the by both is from to by someone this to many its be someone be them',[start] give out at chinese restaurant [end]
going for a walk causes,b'them store more at to will open your an in for person up at you open about good his all by from very it and that for them in',[start] enjoying fresh air [end]
willy-willy is a,b'what are have watch his many something you be one something your about your them an one the many that the more more someone their something good by person',[start] dust devil [end]
works of art barrel madison avenue,b'up who from about an than for one at this from at and good the up up when an about good to at a with on the an with',[start] last week [end]
this legislation is,b'that good place store person might his at in in when about to about the for might to with new be many for that are be on some one',[start] important [end]
Canada has a,b'someone someone more be you them up from be for person than both when more when than it the to good someone with by very up by on your',[start] six time zones [end]
know how stock market perform used for,b'on you take have take someone about a you very an to is on them a about open be more someone more than it by to it your the',[start] technical analysis [end]
eating quickly used for,b'many more place live what you to many about open the might make that is than some when some all both person at with new them be important both',[start] airport food [end]
love defined as,b'on at his with them and at of your that who that up all all many many one one out this as both another at up of both your',[start] strong feel there be [end]
dress nice motivated by goal,b'up to something store that have are what like be might in about more might when in a for work more by at a open about at that the',[start] the men to look at you [end]
the major carrier be serving,b'will for at some what very what is in in like to your on the good his an are from in his are about about to that good and',[start] Las Vegas [end]
train engines capable of,b'his watch it person have you be that on make something something with have open be it up by be one might are about with on something in like',[start] operate using steam power [end]
cat not desires,b'one on than might someone very and by more with about another when all on very one as than very many be to your good them of as than',[start] live with dog [end]
movie is a,b'about person air in when than is are to you them up you when something that on you an be up in is at at for many you a',[start] series of picture [end]
revolution made of,b'his it it it not person be have have feel like something is not someone by a not them your someone it them that be work some you you',[start] sentient be [end]
celebrating has subevent,b'with in out for as one both some when the or very of that as good at good someone the part it be their that all at on all',[start] honor heroes [end]
'Life With Dexter' is a,b'on a not have a many to for be the of both is someone than both all like your a good at than someone an for time a the',[start] a comedy radio serial [end]
destroying your enemy has subevent,b'up with some on his how will one person on about very both someone person all in an more that one with from all is by the to the',[start] you might get hurt yourself [end]
water has property,b'one the different be have something to that both in many is all when one a both with new them the different for up with you you than both',[start] transparent [end]
tape television show has first subevent,b'are about are the one your with with when than an this that you good very this with both his as another on up by good that some an',[start] program vcr [end]
giving a gift used for,b'how dont do live up very that someone with both person be from someone at by new some at in to for the both both part by about some',[start] charity [end]
Stephen M. Cutler was honored last night at,b'what a play good all many by his both to someone person and at the the new than many on all and an like from good some about his',[start] commission headquarters [end]
a manila folder used for,b'at be cook open when from the his both at your some this an good at many as you about it one one is many that at in be',[start] filing documents [end]
"Tested is past tense, testing is a",b'about it up about is by many the for it the in that new his by like about for an an good many and them more the part person',[start] present continious [end]
Debra Anne Klein is,b'very on more have not more about not many is all on many person it some one it someone in for than you it for up be from by',[start] their daughter [end]
a nutcracker at location,b'something you get get your you to open more them from your know on with person up an is many you watch than be something with new both that',[start] a store [end]
go to sport event used for,b'might you know water store the to very might that at is many to is about is one an for his an them your at some the like an',[start] cheer your team on [end]
Someone capable of,b'you to want name happy like feel like many an you with for his someone good than to at up to someone that be that some new is more',[start] plan to go to the movies [end]
Large dogs has property,b'more for it air in from them by that his be is his for that one on it by your on all be that to open on their at',[start] affectionate and gentle [end]
eat has last subevent,b'more know be tell it up to play by more like more up what many about at about is is the person person from someone both one person both',[start] swallow [end]
semen at location,b'is to in in about his something than about a about at and a all an it you more more it something to to like one when someone some',[start] a porno [end]
A person capable of,b'will what feel buy get get do good many it for know one at for with very from the might that them for you it them new for the',[start] learn to read [end]
exam table used for,b'will you hold be be the them be them for something an is more more by them an about it someone by in like for with for their a',[start] write exam [end]
penicillin at location,b'an more live one very be more good both many with you an is many all of at them your in an your person for them and many with',[start] cabinet [end]
some dogs desires,b'what your the this for and it of as an of for on who on your like for with the as about his another that be both some at',[start] fetch frisbees [end]
gun capable of,b'in someone person not know is an to it from many them who up it more all and one people it both from for is many them person you',[start] kill you dead [end]
March QUANT_S_1 Revenue QUANT_S_2 q u a n t r after,b'be your human travel the many that one to go you his be are is might see very a more about know you be one them on to person',[start] the latest first quarter Hope Brook Gold Qtr [end]
making people laugh causes,b'are be to a your by of with in very some than person your that many very the the it that to both person one in about like by',[start] the atmosphere becomes lose [end]
write a poem has prerequisite,b'when more time play it by at might person many both to not with new with one some and with his about is you you by by be this',[start] get a pen [end]
spit causes,b'about that good time them at to when good by more you is when very many more with some good up someone for an on is by your it',[start] fight [end]
open business causes,b'that than for up about have like very are in in good them like your in by it by all is with an good that you than that at',[start] make profit [end]
write letter has prerequisite,b'something money',[start] buy paper [end]
american life has a,b'might them for in be at your them in person that up them like very them more the it to with one the with be to an to a',[start] get way out of balance [end]
see art causes,b'from for very for of someone after when to that with with is is about be all the that with like than on than is new one someone with',[start] appreciation [end]
teach other person used for,b'by an his drive a many be another up by and more to one good many an both from your with a them is it from the good many',[start] share experience [end]
gazelle at location,b'about to them some up of about one your an about be at in you about in about them at your all many a both an on an all',[start] ivory coast [end]
horse has a,b'many another some your than the of more both and both about good and for more good this is about another be by part person at that them more',[start] really good balance [end]
this used for,b'many this most from to them with on an be at in very for about than his it and in on with his to very person someone it someone',[start] see wood [end]
flower bed defined as,b'you go move you something at to be something them you do an have open might wear is work person one person for like is his be with some',[start] sometimes flower garden [end]
see artifact causes,b'what them you work person music will not are with when that on the up about be one both from his some both good someone at by someone more',[start] bad reason [end]
enzyme is a,b'have need it his not person for at be good all and a very at for another more like be an someone new people be all at their some',[start] high molecular weight molecule [end]
divorce capable of,b'when it new at on in that is one from in very his is might are in person many about them the from that be is and in a',[start] include custody agreement [end]
howling with laughter has subevent,b'them than it at them one that good than very and with person than your one it that you an is that one up your part it out as',[start] crie [end]
14 reviews included,b'something buy take use human use his watch many very make be be his be more something feel not it both good them is open good your money many',[start] in this review [end]
mouse capable of,b'someone you his need at that from is his more someone that one by some more by a from some up you many you at you by than good',[start] life on grind [end]
dust at location,b'up by good the of people s by an over in from than it this many who the them by by of both about and with his some be',[start] under bed [end]
Antowain Smith cut,b'it person work food it at more one someone with up up it with new to know some both at about good one out person some an be good',[start] wide right [end]
join army has subevent,b'about to not be do might from person it that at might many might an by that on in one for an all your on your to some be',[start] go to war [end]
seeing a story has subevent,b'that in up some many are for to you might many one from be from be on more on the someone than is more be both by many with',[start] turning a page [end]
stand up has first subevent,b'from out of',[start] plant the feet [end]
a picnic table at location,b'what are more have at might you someone that not it will might more from are might you open with in in might important many an in a by',[start] at a rest area [end]
men with lot of money has a,b'on more one at than an them of is both when at when on as the be more be it someone some and some an good your from than',[start] nice car [end]
fall has subevent,b'are them one more about for than not some someone than one than person one some the with an one your all with the more all be that his',[start] you break a leg [end]
celebrate has subevent,b'your your have know it your many for up his another them the good from all good out that their both new to both is person at to different',[start] special achievement be recognize [end]
a magnum opus new york,b'more time one time open from very someone it is like it on be music with time it it many many from open with at at like store someone',[start] American identity [end]
Champagne seems appropriate to,b'his might person home park',[start] QUANT_O_1 this splendor [end]
The secondary directive for machines is a,b'are will on by are be it might with when it you be on like when person with his one more someone about with person is both when by',[start] : Obey human commands [end]
the House had,b'to them is you it on for that how them with one many an might feel as in up with more as know person when at new them by',[start] a 394 - 21 roll call [end]
an erection causes desire,b'one be feel not work something open at it from is on some many more for one some one at at one than person person a the and both',[start] masturbate [end]
roller skate at location,b'the at by more another the this their about very and of by it part it the one or this good and all part up it that some from',[start] skate rink [end]
One impairment a person might has a,b'them new good money fun time more time a money and first a up someone person than them person that to someone money by your work music some his',[start] is bulemia [end]
obstruct justice causes,b'with to to have is many than of on many with more to them with from with it them at with some for his for many this with them',[start] get arrest [end]
the impact of the latter is,b'more you look you might someone and by when you have your be on some it the important his person the music like someone to one good for are',[start] modest [end]
handle proposal motivated by goal,b'have something his very good you person a is find for have go to watch is watch that play when one at it new more someone a many something',[start] do your job [end]
having fun has subevent,b'many an more be will make be be one up in his are is an to with more your by his both good to another than new someone both',[start] enjoying company [end]
hi-lighters at location,b'very at more play music on are both with about an might be when an them about with all one that very an new his from you some many',[start] a cabinet [end]
its proceedings take anywhere,b'someone the people',[start] place [end]
kiss someone causes,b'how music water thing air first a heavy them the one from on his be from like like them store it about with your good store is them from',[start] lipstick smear [end]
data concerning,b'your be not get wear the up very to another them that at more many from is many one someone like like his more in for someone both more',[start] the prognostic strength of current tissue biomarkers in the diagnosis of colorectal cancer [end]
empty boxes at location,b'your by his have to your is you will that at than is from that to it both you about his be an them to not many in good',[start] a waste bin [end]
philosophy of mind is a,b'be an no i from what an might learn when many about more an this on by his on for a for up that very to them good as',[start] subdiscipline of philosophy [end]
waiting tables used for,b'your for many that to to are for in might the from up that both his your from it from it by some when more that new the to',[start] giving people food they ordered [end]
lp record receives action,b'is when to is many to by them an it them many his by about up an and all from to another is good as you person you more',[start] make from vinyl [end]
gas used for,b'how will on them on very both many to important or to you have music you it both someone at an them like both them by one you an',[start] use as a fuel [end]
educate person capable of,b'his live watch watch live some person one by important by very be person person like by than the an someone up good up one an them at on',[start] face hardship in life [end]
get exercise has prerequisite,b'it person a like with someone what like are might it one an the an when by good that some person as people up from very on like at',[start] play a sport [end]
Hong Kong is,b'what will his more many on of another it both an is an to very them when them about tell for some is both all at at your both',[start] South Asia [end]
debate politics motivated by goal,b'more some very than from is like from his than up of an at them to you be new it many your at good that them you the good',[start] have good laugh [end]
light match has prerequisite,b'are not see use use do make keep are you it your one good are an with work at many more you a you open more by it are',[start] find something to light [end]
The governor 's campaign aides offered,b'from about up open feel at is what up by when his the in on some many very on at another as all your is both about when good',[start] a quick retort [end]
chewing your food has subevent,b'someone is from from at are be one about many them about an more person good is on it some his one about it in on up that not',[start] you might spit out some gristle [end]
see excite story has subevent,b'one is is good get it and you with that in person for some them your them about to both when than be at the an like new the',[start] hold your breath [end]
monogamy is a,b'by for his have not like it and many very many the when and this it like one as person the that and than than about with the one',[start] relationship between two person or animal [end]
go to a party has prerequisite,b'many person someone with in of with them many the new this on many good it all be part people to another in is is in be new in',[start] put on nice clothes [end]
glasses defined as,b'very one good very more more it for its that for another on than some someone that like the up as many be as you some is is its',[start] a group of glasses [end]
the company clears only,b'your the more it by like what to on more it by like you be like from an them that it more some you your for with you on',[start] specific hurdles [end]
celebrate has subevent,b'with his not work water food world money the that in that to not the from that them about your both than new out up be music person them',[start] band play [end]
A person capable of,b'person them store air friend time the people good good in at all all the be person for more to very be them you more an money that them',[start] twirl a plate on a stick [end]
get some physical activity has prerequisite,b'very your have eat',[start] run five mile [end]
horses receives action,b'have have need person music with make person about be new you watch open like you person about with music a something about to live his new that an',[start] trained to jump over things [end]
piece of trash at location,b'than for all all from for be from many with from with his from both more it more for person as with an by someone all out that your',[start] on sea [end]
someone capable of,b'you with when that when like that are very the what something up and than up good you you new like person to are for on all and new',[start] hunt wild game [end]
nashua is a,b'in by the the his many many them as a of in that your at from an very like both an at good with an it of more about',[start] city in new hampshire [end]
fight capable of,b'to person school to someone one off with from when might person and and about new his at an it up his with with your that from it who',[start] make person upset [end]
jewler capable of,b'be watch work hurt work an person is to cook them the more at their someone both up good people his than some his all by his person store',[start] value jewel [end]
sloth at location,b'on up up some and many who that by is all to some it all one that that up person or on many you to the his when new',[start] burrow [end]
telephone at location,b'the all both good person you be is person good with one as store with someone person many his for time of by your that to someone be someone',[start] earth [end]
convict suspect for crime has prerequisite,b'how new one more many an them about their all an them at more like to good very an by some is from all new is his an to',[start] gather evidence against suspect [end]
many hats contain logos which has property,b'your no like with many more up more with them by very in your all when in be at at it for new more some all than up a',[start] esoteric in nature [end]
Overexposure to the sun has property,b'about up at your like more you very good when with in you person up many both that you one when up is the be to them one about',[start] harmful to human skin [end]
drink used for,b'in something it break you that for at with in them with your with it what about new his with that about with to it his in you one',[start] quench thirst [end]
change society has prerequisite,b'than in of your in be what who as some of is your to another you at good at an than for person that more many with from his',[start] define society [end]
meet interest person has prerequisite,b'his be his know you when his might tell to the about person some a important the tell be at your music than to work something open might with',[start] you to leave house [end]
write story has subevent,b'them some most its good on one in your and at good in on all on good this of very good and very than by for all of as',[start] gather paper and pen [end]
a group of mourners at location,b'like to person house someone that to tell some what is a like person from up when on about shop it a like good like on to it like',[start] a funeral [end]
hairbrush used for,b'the small money show space',[start] brush your dog [end]
Some people has property,b'might an some more in one in some someone of them more than them it with from and with some someone both them one for some his to are',[start] afraid of dogs [end]
find lose item has last subevent,b'up and to you your many to be both an by a in are on something is person one something that it that not in some good good you',[start] give it to owner [end]
person not desires,b'for all for in you at to very for your than in it both about up that by like like like is the all many is both many from',[start] angry parent [end]
Americans has property,b'them person food friend',[start] proud of their heritage [end]
A roof defined as,b'his when from in who by something that up more when when with an them that at like on when by new both by like when all is about',[start] top of a house [end]
playing the violin used for,b'like more an that about by will know for his about many good like more them good up you are some them for person from his person up it',[start] the joy of making music [end]
woodwind instrument at location,b'what on them the that one with one some one from some by the at another them that more someone another that for about someone very in it good',[start] concert band [end]
a cottage used for,b'is up some from at by your one that are about both on is that like someone who you the from another all up you it be your it',[start] vacationing in [end]
dress and pasta is a,b'an on by by them up person at and than its at more of about very all on the your with you good good someone some from many it',[start] type of food [end]
gold has property,b'have do need play know watch not you feel to a play that person not many good might the record from one you be be that are live a',[start] shiny [end]
fishing causes,b'his someone more play his them person at for you are his very are up might one his someone something you a be many one up than some a',[start] having fish for dinner [end]
going to a performance causes,b'be see it you an his someone at them on your his someone new in are an both than you new both is very up the that like a',[start] joy [end]
personal slight causes desire,b'might what more not someone the how at them person for his by very you the good of people be by that his like an up it at you',[start] judge someone [end]
clamp used for,b'them you need time in from his that up to might know by from from might something person in that with more that music some your one many about',[start] hold object together [end]
white key at location,b'something with someone will the in by someone that work for that one to work and when on his like at some up the both as an for good',[start] piano [end]
a lady capable of,b'when for about tell watch at on like be at your be it with some them than is one up from like you good someone and very by like',[start] receive a love letter [end]
zoom lens used for,b'person good people new some very be person in your store at with is at up someone at the time is money good out an it more person someone',[start] see distant object more closely [end]
one food that may receives action,b'very good warm very for many for many to like an at the that many to not it it to are his from be you someone person the part',[start] put in pan be sausage [end]
fight war motivated by goal,b'more the more person play important be his is know to a about you open store person work by time up one than you to his not store than',[start] we be invade [end]
curtain at location,b'it in your their you you at in about for like in that work that more from with with one about to are very that a an one it',[start] the theater [end]
Richard S. Tedder is,b'one more time game than someone with to both and in it all all both someone to that about your one out who for person than that like that',[start] Dr. [end]
use calculator motivated by goal,b'more in be to like on when your by is it for very might it some your on than by on with good it that on a with both',[start] do math [end]
Fungus gnats has property,b'like at in a more with very from on very the both when many you the both be very about store than like in at his good out both',[start] annoying [end]
spend your time on this site causes,b'his have watch open might are in up them from your something them more with it in like at person the people more an from in from a both',[start] get eye stain [end]
success causes desire,b'the new not wear person work something do it new the small someone it a store them a money live time store something it his air air store shop',[start] have party [end]
soap used for,b'an be like them by about the your is is person than them from its is at your someone them of many one an than for the new more',[start] wash your body [end]
fish has subevent,b'your about like will from many of than that at at and some his of like be with very up by your than all for your an good who',[start] peer into water [end]
vomiting is to receives action,b'will many their a his you you watch an his when one about many an you your his an with are about with new more by the another with',[start] avoided [end]
a sunglasses used for,b'his know them something see like know have on something open your open them about to you feel in store his important on for not you know music is',[start] protect your eyes from the sun [end]
see your idea become reality used for,b'when from an the like about an might about that something both very another person many new with you good by might one to not is one on to',[start] attain goal [end]
give clue used for,b'his be do feel feel about person his about more your his might someone are it to music than work with you that an with something good and music',[start] help guess [end]
a choker used for,b'one as them with very another more both some many to the some some their very be their with to different many one more someone up someone one on',[start] wear around your neck [end]
monarchy is a,b'your them more some very at that like with on more in good good someone an with from from on both his from someone at to more from your',[start] old form of government [end]
some thing only work if they at location,b'them one their more is his is both is more than open his about for like at one is the like like more both good up as that than',[start] right place [end]
exercise has property,b'for or or an to person you up and them person with someone a this than someone them when the from both an people like to the by you',[start] fun [end]
downspouts are,b'with about are no your for to when what the all that on many that on the about your by on both is like to than is his the',[start] clean [end]
human interaction is a,b'more know live not see it your up are an are one both it some from about someone and someone for you know his both the up all like',[start] game [end]
talking to someone has subevent,b'in that one for more his that that to to a what to someone the something be be the to no it one it something a for it at',[start] make an unusual face [end]
buy a shirt has first subevent,b'might it work good is when more for the person about many it is new up for about them more very this it like the someone more time someone',[start] try it on [end]
2 Diabetes Mellitus is,b'at when when more you are on will and some in with his as is in when is them is be many that your with like as for might',[start] a chronic disease closely related to personal life style [end]
anteater capable of,b'from for on is his like something about very many might from when be person as at is it your in it your when that than that good to',[start] eat ants [end]
Most of the animal skulls are the result of,b'to will know need music to open than about up for when one what many than someone up as one his that that up a with person person when',[start] culling [end]
obesity is a,b'at like at to someone of that many than the all out many about in and some when to his someone in than an one all it is from',[start] correctible [end]
different breeds at location,b'are his might you will you that when more about like for you many them your person you for tell will are by up both at to you you',[start] dogs [end]
moisturizer used for,b'someone be do be might his them many on more by to have a it is a it is to have like something an is new an many an',[start] spray perfume [end]
The bottle is a,b'one person shop money open the at another an is one at and in and both many out and that with is for is that both his all this',[start] casting a yellow shadow [end]
person be kill has subevent,b'will at his work watch more up your to good what like are that on are might them on for new his are one be them something up in',[start] that person be damage beyond repair [end]
watch tv show used for,b'many them with his enjoy with many many someone them for at it on person all it be all your new at your as to an the this someone',[start] pass away [end]
meteorite capable of,b'at good fun more when it it at them in be the be by good person by the his a by the someone someone it for at be different',[start] near planet earth [end]
climb mountain has subevent,b'in you find you might one than what you be one some many when is by like be some than on an than your when on like someone your',[start] bring oxygen tank [end]
Mercury is a,b'very i be go take you know be watch is like many them to very someone them from something on someone might their some like are you them the',[start] about two-thirds iron [end]
reading a newspaper causes,b'will what his watch are his many an for are from it with someone for for you person that both by than a this from someone person up it',[start] understanding world events [end]
tell story used for,b'than on from someone by about in who you on who that of them what them many good than on it with at from many it one someone an',[start] make person laugh [end]
a control room used for,b'someone might open it to like someone one you more many that very when both when the all person one all with many person with an many that good',[start] checking up on people [end]
a courtroom has a,b'by of an that at about like many by someone the this who on his like by be be that another them in like when them about in an',"[start] a witness stand, [end]"
solor system is a,b'with is by with by one than for that by many more for by at from this some an in this as you from good from more about for',[start] wonderous thing [end]
The doberman is a,b'at your take be are many by at many your than all out is an in good your out at many very person of the both of from its',"[start] a loyal, intelligent dog [end]"
someone capable of,b'to that you like might about your it how it it that them you when something like someone you work what a from a with music person and about',[start] eat a sub [end]
see a movie has subevent,b'what for you wear have be that to person an with are them to many at up for by more about about an someone one the more about it',[start] watch and listen [end]
having fun causes,b'what when is that have are an for up some his another be up an up when in be to that like your up are them person a than',[start] get a criminal record [end]
execute fly kick has prerequisite,b'person show store air person person from a it the a music you feel open store you people his his it water air air be it air a more',[start] get run start before jump [end]
The German-English Academy was founded by,b'have feel have make you like in like get learn are an watch good to take up is do more about might know you tell new at more your',[start] a group of Milwaukee German Americans in Milwaukee in 1851 [end]
a bullet used for,b'with some by by some by on up your them with about both is it one it is them about to new for some like for the and both',[start] shooting people [end]
a baggage used for,b'how dont be might what something at one in the one someone like more is at some someone than to that an good it some for that many on',[start] checking in at the airport [end]
Toyota makes vehicles which has a,b'be someone on is at that when your it with are when from it from some very both as at many like to someone all some it new like',[start] alternators [end]
Revenge of the Nerds II defined as,b'to that someone you need them will your very them than it what an up a about your them by for more at new one a one on about',[start] sequel to Revenge of the Nerds [end]
something at location,b'an another make buy feel from the about another and many many be you person that both someone all new this to its their very by be than many',[start] open pit mine [end]
room key at location,b'is like tell on a more up at of on very for his on like and your up of by with you some of it like at like on',[start] at hotel [end]
badminton defined as,b'something play music new with his you to like many when open have have that be good something is important like to his a good is you something not',[start] fastest racquet sport [end]
a person capable of,b'how be feel more that in what not many both good like person them with that work it the the an than them a by in many them than',[start] swim in the ocean [end]
some mistake is a,b'at be wear do more like when his his the be all like that is that be good than something an more new person from something up one you',[start] not correctable [end]
attend meet has prerequisite,b'that many small person record what good on from not and them on it one an up about people with for than from by person many from a on',[start] get dress [end]
sunny weather has property,b'are his watch be your is will his an one than be the at good your the for not something the than the an one than like someone and',[start] considered nice [end]
metal has property,b'from by as what you something know them about good it to more in is for be on on you when on an his person something one new about',[start] hard [end]
eating causes,b'what music air thing more is be might up at by than know as tell both like than when an be from on on some the you new from',[start] becoming overweight [end]
MDMA at location,b'be be his at for them that it like in about when to live by for than are for might some person to live and when more some very',[start] a rave [end]
baseball field used for,b'an another someone when than than is of this as its your this of to its all some be and an new his your is be and than with',[start] look at diamond shape [end]
the Clintons to q u a n t o,b'from you need new from an in his in as person your all an all like very by by more it with many this good many his all from',[start] the retreat [end]
swear causes,b'to music food office eat you get store it to more might to be that not person one it an many with them by someone new when you tell',[start] make someone angry [end]
watch a movie has prerequisite,b'at be more good his is with both when to good to you than about than one as about good more more be one more when good both someone',[start] turn on the tv [end]
commit to memory has prerequisite,b'from with be cook them what at that them an one more to be by you both for up one for might at someone someone an that more than',[start] think very long [end]
an approaching car capable of,b'be take take do learn person many from at another the is have is more about have both the the up one with one with for you his someone',[start] hurt you [end]
coins at location,b'with that know play might on from up someone at an that you you them up all who with one to by for than good up who some that',[start] a water fountain [end]
a computer mouse not has property,b'more is very the and this out when up more that them at new in the up an with another is at that on for of of a from',[start] living [end]
bill file at location,b'that it water park fun person show work show to work good it people one shop good money and store one it a new his first more for with',[start] accountant office [end]
This is a,b'the good get look the about very that at on many from another at for very one both of from new out it one and all that that someone',[start] a bottle holding a orangish fluid [end]
Onawa is a,b'to know need money something to to watch when watch open is be on at at someone on many the both like someone is like be open person by',[start] a town in Iowa [end]
an audience at location,b'them person something buy keep them about more music that that open up in you a both that know it an in something someone than is it like by',[start] a show [end]
go fish causes,b'more good their keep it in like not that it you his an them is someone person the someone on your an more to not is be both both',[start] have fish for dinner [end]
A pain causes desire,b'in and in as when what for who one be of as an that for as one some of to might to some that be with many and all',[start] have an examination [end]
take oath has subevent,b'will something something something are know be many by with what more someone both up with when someone be one person his very like some open someone all that',[start] touch bible [end]
selling your new book causes,b'person person time new that on when them as hurt from someone to you have music as the shop them them both up his a on you good a',[start] earning money [end]
Compassion and wisdom has a,b'on for one more from one who on more another all with about all more to with their as another person by one it his that like your person',[start] a positive effect [end]
Ms. Ephron is,b'person one of their make at more both them is water by that it both all new one the on for their by be different this them a person',[start] a novelist [end]
black-capped vireo defined as,b'what his work more that about very up more about in both all person the good on for a some at his an in someone up with than them',[start] Vireo atricapillus [end]
number used for,b'it a shop to on in and on them and them your good after from good is your like store from at both good your up them with many',[start] work thing out [end]
wait in traffic has a,b'you like that at and about in very with something person something by the more all good out be up for some are like good them in them at',[start] high economic cost [end]
you capable of,b'person house show game people one with an new and its water at all than person that good as to at one both person one new at a part',[start] drive onit [end]
person not desires,b'how for like his more might about more one good and the someone many an up them someone like this up it at more some about than you with',[start] bad luck [end]
get contract has subevent,b'them for at the their by an you it an is might an good many at be another be the by be them his his an about new with',[start] sign contract [end]
person not desires,b'his more a something them than the for is not like good very to to tell by his many when up someone them on is new is his his',[start] be drafted into the military [end]
someone at location,b'for about it it what an very as someone many for with like both like to the by it on is one good and about open his is your',[start] the compost pile adding yard waste [end]
something at location,b'it that when know you is with a to someone might have something on about it at be like at like on that is that open it a some',[start] in newspaper [end]
fruit at location,b'like that have need something at one up like are some like not both many new on someone to at up is for good many people good about a',[start] kitchen [end]
A dog capable of,b'on your in more to at might another your about than be more is when someone who good all up about for new someone the it like for the',[start] eats dog food [end]
hippies in april,b'something up in like very his like that his when on from one that on your from to like up to work person like his on with his some',[start] that year [end]
pacific ocean used for,b'will might more something music have will at at is many on an more might with like person all some more as person like one music as open up',[start] swim in [end]
David Spade is a,b'with than on are an the and with like more is is with about with like to it up than your some when both about like from the in',[start] not God [end]
run in marathon causes,b'about one many by when an how for all more about it with in from and good than about up all out your with person on be for you',[start] complete exhaustion [end]
sofas made of,b'about person home happy home the his not his very by them to watch be very about that are open for be you a at people good people with',[start] leather [end]
Apartments receives action,b'more one food a them more an this one of your more that more very new them than both and good one at that like many of more person',[start] built on the ground floor [end]
there is a,b'will be it people one more the them more person be not a someone store than store to like some for many both them more them and than is',[start] bury treasure in carribbean [end]
Chickens not has property,b'when them with of s through it be like many of you on by not to for when very an good in more for new from be his like',[start] allowed in motel rooms [end]
A private foundation seeking to revive part of Newark 's blighted downtown is to unveil,b'than to enjoy to at to one with about something up that be in for very good at on person them his good like the more them for than',[start] a $ QUANT_O_1 plan on Wednesday to help transform the area into a round-the-clock neighborhood [end]
go on internet has subevent,b'how up than some by of one someone both another out when them as them to is someone as for with them to both the this is with it',[start] spam [end]
fire capable of,b'it shop food money game someone person music than people with work people that someone in is more at store than the the part from something money it store',[start] cook vegetables [end]
"To ""act"" defined as",b'with some some be his it for from an you to up like with on to like to be at than than more someone what on are is be',[start] proceed [end]
The Loan Deal goes through on,b'them your be person be it your by by from be that them for by all be his all one good your new on than from new one on',[start] Oct. 6 [end]
kid capable of,b'on someone up up from might more might have be person someone someone an with when an more at be them with is person that you up for from',[start] be brother [end]
job is a,b'with is good it you when you to his your an like very what when them person an you like might when might might up from more your some',[start] student [end]
desk drawer used for,b'person someone new many be that have person might work new one with at about than person an them be an the them the important new is not to',[start] hold item use by office worker [end]
can receives action,b'very lose you know someone are like the all someone that make at good you another all more on something a both as you with your and some both',[start] find at theatre [end]
A comforter is a,b'it like them that on it with in when are in both some more at person than for more in with your some as up good like with for',[start] someone who gives comfort [end]
run has prerequisite,b'when about are watch them and that is what in all on by all your many be as at good your for new as like another with from for',[start] just do it [end]
The Concorde supersonic transport is a,b'from to feel see watch them is you something person by on up at new both by many someone something you like the person that by is from from',[start] a beautiful airplane [end]
Elan Pharma conduct,b'an the the to on and when from when another from to person and the up to not them be about both about new person or his it for',[start] marketing efforts [end]
Many offices has a,b'up be watch someone on them up from and than it both an person good more the to many some for some good one about up some person some',[start] canteens [end]
I has a,b'one his wear do know someone in them an person more on many you is is you something are them them new to an by it on them something',[start] too much junk [end]
bone at location,b'about what might that on very for someone at an an it when for new his when than like all an from to tell someone his very to them',[start] church [end]
bulb defined as,b'your place time people his to an like in be on have at up is them for new someone you the with than the very more than it someone',[start] seed of some plant [end]
a baritone at location,b'by some more have person to one of his up many them that for very for from an someone by more both at with another that with from good',[start] a singing group [end]
xml is a,b'that many their be on might one by when in you someone might to them be be are some at an many by for both in it is when',[start] modern interchange format [end]
Steven Lonegan ran for,b'his open not take that from like are is is are your more with than person it both it on than for is by to his it you you',[start] governor [end]
Brake lights has property,b'you work house space park store happy room the more work money at one shop house at your fun people music open time to record person a different an',[start] red [end]
yard used for,b'up more store money happy good water food them and out the first is that to person of people at one on his them and by by about by',[start] distinguish property ownership [end]
clean your room motivated by goal,b'might will it that it it in might by more one it than than by the might that be like very by from to that when it of your',[start] it be clutter [end]
a diva at location,b'his them work more not will know from you tell his one by from person when person at like from you someone good is it on from not some',[start] an opera [end]
wait on tables has prerequisite,b'be your use keep make the his from their one up from on that you with at their all is your good very your them in is up an',[start] get a job at a restaurant [end]
cash and credit cards is a,b'might like tell work play go up will for tell you with be good open a by with both them new on is them good music than for that',[start] two ways to pay for things [end]
take stand used for,b'one more store someone you get are good will an is another like new with up with from for from be the someone them like person to to more',[start] get what you want [end]
Recent research at the Medical Research Council 's Environmental Epidemiology Unit is showing,b'than your an are them with about good over is all than and with it than this on an who an this out as is and than up on',[start] that impaired growth in fetal life have profound long - term consequences for health in adulthood [end]
a sound used for,b'more for many might not more by about by an is both many with at some them you both all than it for some at by both by than',[start] listening [end]
skeletons at location,b'be on your an you something be an not very is someone be know some you something more good is might someone like be for their both to something',[start] a museum [end]
the cop capable of,b'are person show space others on music his all more person than it person on some new person be important the by music both both at be new with',[start] direct traffic [end]
Light in the window is a,b'like from when his you will from person in on an is have about at some on at his about from by with your it are and an like',[start] a sign [end]
motehr capable of,b'your his open tell what them for them be about a it than new on about that by is you you your be an person on is from on',[start] sing to baby [end]
a toy car at location,b'is both from is up might more about more his might someone than to good that them that you are from new as new from from his in you',[start] a house where children live [end]
drive to work causes,b'than of during treatment by of who it of and from this when to by many good and this one during them it that on from like to up',[start] promotion [end]
notebook used for,b'about from to you are up how for someone at someone that like than some when than one up that an the that person some from to be good',[start] keep note [end]
the law takes effect,b'will person room food fun store on their more for good many an this is than a from you is new and your some very their his someone like',[start] Friday [end]
The 4MGS was,b'to open store room up more is up his when not what a be at not something store some by good in to someone one be some person on',"[start] the 6 min walk distance ( r = 0.477 , p < 0.001 [end]"
attend rock concert causes,b'very all your like up that when on by by from than good some is very someone with at more an with an is very than in many be',[start] hear loss [end]
notes at location,b'are are many at his it something like someone many both about when up on one both both at from your by at on person one for an the',[start] screen [end]
bug has a,b'when about at an with their in to to his on both might are than in by it some some up in up who many with to very like',[start] leg and wing [end]
student capable of,b'at at on what by might person like many an up up who all the than for with from up at that you many that like someone and with',[start] learn about literature in school [end]
a neighborhood map used for,b'have learn bad water water happy good work new live his a water first food at it fun live one it good more more be them one game a',[start] navigation [end]
watch movie motivated by goal,b'when that your to something to on in a someone what one that a like new them one person the new that both many you work than them more',[start] review be good [end]
Safety pins is a,b'you watch play air',[start] sharp and can stick fingers [end]
meet person has subevent,b'that like music person them might than good as good up that that it about his some up from new by someone someone one at is like is in',[start] exchange pleasentries [end]
turn something off you capable of,b'about his you learn get not feel them might about for not you some more some it new some by one new are be music an people about some',[start] this to leave [end]
child receives action,b'like one it on his to on it and on what for is something be like at more in from not one more person his more a very from',[start] teach to hate and fear [end]
one space shuttle acronym is a,b'are person game it when up the that on for about you by in that to something with someone both both many like a from something more is is',[start] adi attitude direction indicator [end]
jump up and down has subevent,b'them something show space together over with for that for who on the new for very from person the them on for on it by about it out them',[start] break leg [end]
fountain used for,b'about person school america at from them to more someone like is is up about good both many this for them that in some for for you them by',[start] dispense drink [end]
water at location,b'person to it money first open up the good people for the people them good people at for the person at to new the at someone them all good',[start] a bubble [end]
Chewing food in the mouth defined as,b'someone some one many like someone by new good very person that a you his at many than it as not all of you something both an very you',[start] first step in digestion [end]
someone capable of,b'be know water car food happy',[start] create a new form of life [end]
Valentina Alexander emerge from a haze in,b'at when be be a to you are on know his good when very some the another on you new many by some the to open some on store',[start] Zinda Williams 's stunning African costumes [end]
coreometer is a,b'what that up than is in at is more is new than new in about your up than one more many it about both as a them one someone',[start] pupillometer [end]
improving yourself has subevent,b'them like have a on be the at all that like a all at is very be his a some a the about you on like person one like',[start] join others of like mind [end]
some flower has property,b'the part their make have many is all many it your an more this at your one than the small both their people many is from from by by',[start] edible [end]
Most people desires,b'on you something it when his someone as up what something when at your his when some many on it that is more might many when with it many',[start] have friends [end]
you shake has subevent,b'your his have make might it someone on might your from is up and the on more someone as you for by many the it more that it you',[start] rattle it makes noise [end]
rain storm capable of,b'with at their that is as and is and very them on be of is both another both up as more about is than a good with that when',[start] water lawn [end]
Music causes desire,b'up when at to when than than by when as a it someone and and as good about the them for both for an for from be than is',[start] relax [end]
make patchwork quilt has subevent,b'many an many someone might some many your you like many for more with very good it person when them is your about than good new this out when',[start] cut fabric [end]
person desires,b'very it know go watch are might make than his at by the as might might person like more up the all new person at to you for you',[start] anykind of sex life [end]
subway token used for,b'when not a your of be with them from to one many in both of by is for more you both your be someone by good your to something',[start] passage on subway [end]
Pittsburgh and Boston both has a,b'by some with it a very the is like this it them one is one at good people up of an in with the one from the at by',[start] old things [end]
reach tentative agreement has prerequisite,b'to be play store person with more have many will with the not many all on up many be is at someone more with good about than someone with',[start] communicate [end]
cannabis at location,b'them at about one is from more like like are in all be someone some good is something in new very good them the by new his that an',[start] growhouse [end]
it receives action,b'to from one very to a than have someone in like up person a tell more on a music like store his many both from good on some your',[start] clutter [end]
anyone capable of,b'might your that not feel someone many are some it person new and that like than one from your at be many like person your person someone by good',[start] judge person [end]
a dancer capable of,b'by to not something in you to someone an what like very another more new someone on from up what many all a new some from more for that',[start] dance in a competition [end]
map used for,b'it on with one be someone to feel someone that an are than his like both you about on that new with both that open all it some someone',[start] locate rest stop [end]
The U.S. increase aid for,b'are about for is to you are than person many that for the for when them his more all be all someone at that that is to some by',[start] birth control to developing countries QUANT_O_1 [end]
get some physical activity has subevent,b'when is have look like might is might with you to at about be on his some at you that by for both be his another are very more',[start] improve your health [end]
bob dylan is a,b'them on you do it from not some very from a both by up that up about person about a them as like it up on new his be',[start] lowrider [end]
clean clothe has prerequisite,b'something watch do you will know for need not the new at about someone that more like with a for more an at many be very it and them',[start] find dirty cloathing [end]
at top of arch is a,b'when very give like you you his when for might something are to an someone with more you a is not be for know that up is that are',[start] keystone  [end]
a restaurant be named for,b'an many are be you is good in you you about the one someone person for you have about that at his up at the might one at your',[start] its address [end]
food receives action,b'for his something play more that and very on many all or for many in of an the who person person it from many be their this at at',[start] purchased at a mall [end]
San Francisco has property,b'one all by with your like an to someone some very your good both many someone an for more more your than than the from the up both for',[start] close to Oakland [end]
elephant has a,b'on to about them will with be his in them with some you with more than good who someone from someone than it his is by with than an',[start] leathery skin [end]
a library used for,b'might for many his not might them more you up when in for very with on you that someone in it both very many is very one them by',[start] reading [end]
attend lecture has subevent,b'than to a to for how to with the all at your by at as than is of that very the as than good and from with an at',[start] sleep because of boredom [end]
go on internet has last subevent,b'many as when both more his that you when be be at about than be when on like at some with is at more at some his some on',[start] enter address [end]
send criminal to prison causes,b'like work watch take them up some it when up is it that like more with for like both than about very than one like them many good by',[start] good society [end]
condiments at location,b'more store room food time something fun person a work store more at one time it with people people something a be an many many for good one out',[start] at dinner [end]
deception has property,b'for at be feel them about might both them of his with to when by many the good one as the be new be by is new an on',[start] bad [end]
great athelete capable of,b'in in who for is on your is of at about very on from on when with his about them by more at that to your and some is',[start] smoke competition [end]
become a scuba diver has prerequisite,b'in person air or about many you many person many when at good is very on than with with you many person up you his new like them one',[start] learn to swim very well [end]
a finger used for,b'for many that on are is for them or more his up to be up the than with some when both this his the on their one the is',[start] wipe tears [end]
win baseball game has prerequisite,b'with on from to what at person is to at person on be like new as them one on by person at from his one up when a that',[start] play baseball game [end]
Lois Epstein is,b'to music show fun someone it and for all all someone like on both another many for like than many one with his the that up the more all',[start] an engineer with the Alaska environmental organization Cook Inlet Keeper [end]
something at location,b'by an his when your what his more with when in and one at both about for about more the some with all at is this more his one',[start] top a mountain [end]
low animal has a,b'for more that is to be to have what than in up your like that one person your another to them the more his some them what in very',[start] few or no emotion [end]
pay bill motivated by goal,b'is them open not an in one in all some from person your his about that very than all in it person is about be one than from than',[start] stay out of trouble [end]
castanets used for,b'the its at up in might a the by his more your of good about at some by be up from be a this both as that different for',[start] accompany spanish music and dance [end]
entertain people has first subevent,b'at that person home park with up some both of from for than on from the than as is on a more good it his someone some more all',[start] put on music [end]
go to bed used for,b'the this another very by your it when it that new very another good an of for the his person who very person your their the on new and',[start] rest and relaxation [end]
spacestation mir at location,b'to open something to have when not his will like someone many in some new from both than not in one many at good it many person as like',[start] orbit [end]
you eat when you has property,b'for you to someone with one by and and both many as than as another out your someone as with be the that to for for you his at',[start] hungry [end]
learning used for,b'than and who someone what that be on another to you his than for are that and up the when up might is might both person or an as',[start] inreasing knowledge [end]
Mora became more of,b'something feel someone to up how for many like with one an both his about than than than music at the both of like in and at by and',[start] a fan [end]
do crossword puzzle has subevent,b'for is might make many your both in them up your both on on some with for that some one to for the all person both part both is',[start] use eraser [end]
read a book has subevent,b'about you something open many it them many like are at them that in in from very them more about many is more more the one a up with',[start] you might learn something [end]
releasing your energy causes,b'from be have go that an as by an like that of be it very at by about on both the in that for a all good many of',[start] explosive power [end]
going to a play causes,b'it live person home light money something you that more someone at up music an both a new his you are for some many for open one an than',[start] entertainment [end]
the Quinebaug River powered,b'like person more more very his what person new than an in for not with like from good up that you is music it his like the at up',[start] the QUANT_O_1 mills [end]
sometimes weather has property,b'one all is them is are in as an someone you like from an one more an it many about good them with a with new good the it',[start] bad outside [end]
Senior citizens capable of,b'on with an of as than like to when with about of for who the than about you new out out when with a like is it in one',[start] enjoy good health by exercising [end]
telephone made of,b'many it more an that many of with up in be it about on all some both both an as the as like it at another one from the',[start] electronic part [end]
get exercise causes,b'someone might someone in to your you an in you when it an some like when not like like is some his with with one you be is might',[start] get healthy [end]
a coffeemaker at location,b'are many by when that might your that his someone by than person one an good up of for is new on more of a this as the his',[start] a motel [end]
someone has property,b'for on in in like will as about an than than at as all many like as with many is about many at as another by than at of',[start] very good with write word [end]
a person not desires,b'how up it a know buy to someone have them what be it new someone about to many up person one is at on work them an one your',[start] be dirty all the tie [end]
visit museum has subevent,b'person room room it his will live a is live some to music music on by live new person more open one you work up a good person the',[start] decide to become artist [end]
A student capable of,b'with what up something live that that his at that them when from some be the an to someone person in at more like when from for you like',[start] listen music [end]
Male martins use the song as,b'are them up your his have some on the for from than from from on to than at of person by his them his at with from more up',[start] a to a mate [end]
a frying pan used for,b'someone a friend show knowledge store a people or that a them many at one by by you it be someone a them many someone in person the new',[start] saute [end]
Forest fires cause the sunset to has property,b'on your make find might very than with of this many up them his at good up with from an when be with is that for from from someone',[start] very red [end]
apple juice has property,b'on is on with what the what when like many his be some might them at the that about at new than good to you is more you something',[start] refresh [end]
Floppy disks not has property,b'an some that like more from up who your this when is many by more very like his your new about that about a the is more both some',[start] longer floppy per se [end]
build cathedral has subevent,b'might more not music store than an be you his to a might for at to about them at some than about new than by one than some about',[start] architectural renaisance [end]
person used for,b'like many from many by up up them one by are all be person all all them for his to both you that for another his and some like',[start] sing with [end]
horse hooves is a,b'when for their at to not what for to with than with an all his the than both more to that to up in with by the from both',[start] like human fingernails [end]
swimming causes,b'with up for the for for to you them who with by you with like for up an you up from with be it many about your them some',[start] water in the ears [end]
rail at location,b'his drive feel not more by very up up at in than something that know both all about from it from by to it by when on and by',[start] flight of stair [end]
child capable of,b'what one than is from the in it his when that good when you an be when are to like is up good the some to like your than',[start] act petulantly [end]
suzie is a,b'many them you know need like by more that at person by when the on at up all by another with the about very it this that than than',[start] harold wife [end]
a pillow case at location,b'for that them might when an you that up for another your his it by an like all with a than someone both more very is your the more',[start] a bedding store [end]
driving your car has prerequisite,b'like many that up up who up some who his them the like like an at both on from than all as by person at at by very very',[start] gasoline or petrol [end]
flower capable of,b'person a paper clothes house water to record open like money work like them live new his to the at water first is music store store a water new',[start] continue to grow [end]
Michael Jordan is a,b'them music open do learn use them by that live for you work on one one someone someone in for like on an new person like music an music',[start] a good basketball player [end]
mole at location,b'you person person time some with the feel of with your more some many his the his an many it good the know person than someone than know and',[start] underground [end]
milk at location,b'an is very one about like for for you at as get both be it the about another new on your all than the on on it your that',[start] carton [end]
driving used for,b'about know them like someone with when good the some in person some all and that an both good that than by many some the his his in new',[start] those who can see [end]
play basketball is a,b'it them when be on you when person for something about an some like new is on them with something on a one on on it person someone the',[start] form of exercise [end]
mandarin oil receives action,b'be to on than might the are might like by a all someone by more about both up more a another be the you are his about by at',[start] extract from fruit peel [end]
visiting a museum has subevent,b'might for the this for for by it off on all many someone your in about than good and both to one as that very than someone who like',[start] buying a souvenir [end]
Inaction capable of,b'are more your from like what his someone to work as something than to his more be good from by be the that person person with someone to that',[start] box you in [end]
climb mountain used for,b'what many his dont are something someone what be to make you a for one it it a the good when a might person a important many person many',[start] adventure [end]
barley is a,b'an a more his on his to play might more for is a more when might them that be his is at that it some about that about from',[start] domesticate plant [end]
Participants were followed up,b'than more work food office store out who more about something in more from for money at it to some in from more for one it out of your',[start] during April - June - July [end]
butch has property,b'will from up who than from might have for more your than are be to be might something good as that something something that you his more at one',[start] unlikely to be vegetarian [end]
compete against someone used for,b'on from be do might in it be both for might it by the his you that for a his with your very in some you a up it',[start] contest [end]
ice cream may not has property,b'an very make you your in by about in good for person it up about your them about for might have some that an new both than at a',[start] healthful to eat as some herb [end]
A ticket used for,b'at in his be someone by as all be them in of both up to very by an up it than like person with some when up many it',[start] gain entrance to an event [end]
a drum at location,b'them music live important open what on person what you music more than at might his the than store when one more an is his one some good at',[start] a musician's home [end]
a rosebush at location,b'like with for more the very as them by about with about many is to to the some be with than at a about one the in someone more',[start] a garden centre [end]
start family has subevent,b'about many human you about in on on the that many more them one in up be from than is both an than is person both some person for',[start] build nursery [end]
determine the truth has prerequisite,b'are not see look an with have your will a from his are for many than at both an an both them be them his someone the in be',[start] look for yourselfr [end]
go to laundromat causes,b'his music a see someone someone will might an when up to very not the the many very not not many someone by very the someone someone like an',[start] get your chore do [end]
his foreman is,b'for for be do wear them when very when for good them up by many when one it person from at be and for at good for an some',[start] Max Pierre-Pierre [end]
i capable of,b'more at in that how his like about from an from a about your might someone it many your new as your their to one good with be you',[start] walk far [end]
globe is a,b'more good it it by his what on for might it in for very the and another some and for an it more and both for be as more',[start] spherical map of earth [end]
apply for job has subevent,b'you be go be an in at from something by someone you it is are both your by know good an person with not person his that be like',[start] you give out your resume [end]
Compliance with applicable statutes is a,b'on is it someone person the his with be from from your them like both for a this a in it of them person up about up an a',[start] a core company secretary role [end]
Humans has a,b'it water',[start] 2 ears [end]
lecture at location,b'on someone at all very his some is more be when the many up from your one good about them all person person new your very part to new',[start] conference [end]
a closet at location,b'someone them with your on about good about might it some person to open someone like with like is with person with about about many than that to that',[start] indoor paint [end]
there part of,b'will you wear it are one person like is be on be them is an than many by some some that a than for person the very it new',[start] south carolina [end]
A man capable of,b'is it a know need be the this about something many by one your as on that is like his person than some this in them your is them',[start] grow plants [end]
tree not capable of,b'at both good very many on good good it them one your on new than time be that it on good than good of more your the for many',[start] walk [end]
a still body capable of,b'is at with an about at on up or one after to an in this than than in by good someone at at all be one in person the',[start] water reflects its surroundings [end]
A construction worker capable of,b'than be to it someone from more for that on someone someone with than on new some with more some and new up with at up at by from',[start] position a cone [end]
ICRW is,b'up for and than for of with like in your the the new both very from one than up out some your his up is someone by very in',"[start] a non-profit organization headquartered in Washington , D.C. , United States [end]"
a viola used for,b'your make write have something need them like that about at a good with an by by that on it very when an person in you many up an',[start] make music [end]
a rock capable of,b'up like his very someone to what like more a one an his like more good both it it than the at to to might at one an good',[start] trip a runner [end]
play game of chess has subevent,b'you on than one more more very his both more an might need out on them than them be someone of more when your in up the good your',[start] check mate [end]
go outside for an evening has subevent,b'one as and during that his for when more from with some about them it more up at many than up that person about in is all of many',[start] leave the house [end]
76ers has property,b'for and for the at in both and this out with be up like and very all many that his than up and both about your or good of',[start] go to beat lakers [end]
post-traumatic stress disorder is a,b'you that something it person be someone might something the more it you on them with on it them some by be them is at to that to them',[start] anxiety disorder [end]
a flute at location,b'to in out food the his an it his for both in good many be more be the not time the a good and people time is his on',[start] a store [end]
shades at location,b'person food paper knowledge knowledge time person food money air happy with store game first up more them for fun first house people out by shop money by his',[start] a pocket [end]
locomotive has property,b'something money money child record when to live music when are more them be them like to like store person one person like more people an like good at',[start] powerful [end]
trigger flick is a,b'to do a his person music is someone for store than with his at someone that open good by to more it is an more both both good that',[start] error in pistol shoot [end]
a cash token used for,b'when to want his at to someone might you very very be with in very for might with might it in that at your new and more the at',[start] using instead of cash [end]
a ball at location,b'might them open someone many with them be might for with that more is that than you you like from it them when one by a some very in',[start] a soccer field [end]
RJR Nabisco has opposed,b'for about dont tell on have about one of all or about as with someone some up than from when one all when some for from at good and',[start] an immediate spinoff [end]
A store capable of,b'someone one by another might do than to up might are person with new might music some the part to like you to the good good is many very',[start] stock up on cheap goods [end]
Members of the AA has property,b'for about might an in it the as that by an to with your for many good when someone more good and it like to you the all it',[start] less likely to drink drive [end]
play frisbee motivated by goal,b'are might that an what on it more with on in very for by your someone for you by in an when all person up for than with one',[start] use your muscle [end]
comforting a friend causes,b'by than many their on the an his you on with more up up the that all one is the it good them of very by a many this',[start] crying with the friend [end]
wait on table used for,b'will you feel take very the are some might with on with up very is them all more might tell of its at by than about another for you',[start] earn money for waiter [end]
many different ways to put furniture at location,b'you need important money new very very make with some when someone when something many at an both for one to not an to his good with that is',[start] a room [end]
meat at location,b'your another on than them with from your when some both is many in from some it for good that all of for all or it one from than',[start] refrigerator [end]
automobile has property,b'to open something buy not something know will feel open to know it for them many an not open store are more music in is might like new with',[start] beloved by american society [end]
have food used for,b'like is many up it them one like it when you someone an with good it like on a in up many in than you by someone about an',[start] entertain [end]
lose consciousness has prerequisite,b'about a not go know get more your his go at one more someone than both this many with something something than on your many his your both it',[start] lie down [end]
write tool ballpoint pen is a,b'what is the the be person like be from for the that at a about with the them when someone good the than at like a with at is',[start] modern invention [end]
something capable of,b'in out their look something a about his one by for something you know someone the and an person one your be your from on the good of one',[start] climb a tree [end]
it is a,b'what open have get get you you watch like it for live will know will know person at know music more good like on an not the by to',[start] place to launch rocket from [end]
a monkey at location,b'how many some very some at might something be for at the music some about another to not the some from up with many with about one for some',[start] a banana tree [end]
become a scuba diver motivated by goal,b'his feel store the it your is one and their when to the with both his this about both that many that be both on by an for more',[start] traveling [end]
do housework has subevent,b'might something open many be your about his one some it good your than some both many by you about the than them one with your on than in',[start] you vacuum [end]
student capable of,b'how what more know watch about be many at up by in them as more them than you by about open on from from good the more very a',[start] try to study [end]
go to mall has subevent,b'on person be more your from person like than in you good both you more an than might is open for by one some his a up many the',[start] walk to mall [end]
person not desires,b'at as that very the be some more it all and you than by this in that by is very someone your some be new the than you from',[start] be rob [end]
network has property,b'the new person a watch not work that small new them from new by by for for about that a another their than one with something more to new',[start] good [end]
You capable of,b'something',[start] buy little with a copper coin [end]
Dead people not capable of,b'about something to to in more who with many one someone and another of it when is many both about someone when on it by than is some be',[start] wake up in the morning [end]
play sport has prerequisite,b'many person time someone something might is for many very many and on the another many as this many some an to not up for like on and to',[start] buy pair of skate [end]
Sperm cells not capable of,b'something not open live for with with that person like up many good than the from to be to have something is new all with for someone in by',[start] live in your throat for long [end]
The ABC classification may contribute,b'his feel store america it person his like on on from know for more a new time one people music be like you some on someone be to be',[start] to primary care of digestive organ practice [end]
the national guard capable of,b'have feel open not know is be take an both for person very good in to keep are on is with the that you his to be very you',[start] control that angry mob [end]
Many websites advertise insurance capable of,b'have take eat',[start] provide savings to the buyer [end]
Lack of nutritional understanding causes desire,b'an more a a for it out when by it like on an them for be new both the all and a all more by people all someone both',[start] eat a hamburger [end]
water receives action,b'is by from about in with at his an with for very is than the some like it very at with very for new than many out them one',[start] find in well [end]
Mr. Ellison mr conway with,b'his when be buy not that someone at that very be for good it them like than for his on it with is you it might tell by one',[start] a chance to reply [end]
another person has,b'to person money air friend store out of air for money out who you the new one someone one game your it some different open with someone someone a',[start] stock orders [end]
see movie has prerequisite,b'are something something person more in them as open when one both up as important at person his it like an all more many in at both be his',[start] buy candy [end]
go somewhere has prerequisite,b'be make good very some is be be some are might go an many at for your good as their both this when at his small about it some',[start] go outside [end]
a person not desires,b'what you more play read when many what someone when his his is to the that like you work you with a very when very with both the music',[start] stress [end]
hematocrit test is a,b'will that that that an up for someone of up is them your all out your both very to new from it the you is all some all about',[start] gauge anemia [end]
Gwynn said,b'might be watch music someone about work it is you like might something is a you might know about one in about know might something you with with them',[start] would move on with his life In his first interview in QUANT_O_1 weeks [end]
this car has property,b'will your one and out from for who both from in as what is something at it by good at out for and an one someone or it at',[start] park parallel to curb [end]
many of them climbed over,b'person shop them are at from is one when that know is someone with more both more good at very someone and very this is that more his like',[start] a lot of harsh terrain [end]
a dead animal at location,b'an is it money others time that both the its it of on by time the with their both new good with someone all that all as a small',[start] a freeway [end]
loss of love capable of,b'your your human get you not many up to good some very someone by some new more about is a to tell a all it both for you you',[start] break your heart [end]
burn grease capable of,b'on like at it when your with what be for from good an both in on person it up of to you by one them more the is with',[start] set wood on fire [end]
pepper capable of,b'to might are know set about are how at from are person will from open and more is work is good the that it about it person someone someone',[start] season dish [end]
a telephone booth used for,b'that on person his are have for you your with on are his is about some your when up a than the them someone you very many all person',[start] superman to change clothes [end]
someone at location,b'about have hold good that might many when one be is an one his all for than very good an person with person his than than by you you',[start] the toy store [end]
their pressure receives action,b'one and in many like is to by good from one the someone than with more out his by your very good it person both by of some both',[start] check regularly [end]
One impairment a person might has a,b'his tell many all small this who you it for an that his person up in many by many good in all person an some more someone all more',[start] is coronary occlusion [end]
a box of chalk at location,b'on something need play need live for you not music person the than with more about with music them store and that to is with it to someone and',[start] at a school [end]
Chris Campbell is,b'about a to them to them at person what not is person in person that an from the is good to something the from like it many one you',[start] linebacker [end]
A blowdryer capable of,b'what for of than something like you at someone than are up is like the person about than in more the important with at many his many from it',[start] dry wet hair [end]
stay fit causes,b'more something a an at are someone his with someone on be at new all that very at person is person about very both in it person about the',[start] build muscle [end]
Beds is a,b'be have find keep know more might wear your your your it in your both another them many a with like the them both your at all them the',[start] sleeping in [end]
Chronic respiratory symptom measures included,b'is will are have get get the when to know one up many than very with it for many is another about to up be his one with be',[start] breathlessness [end]
take a walk motivated by goal,b'about about is some at at some an both than when on the some from for from as many on in the for with that up all out an',[start] feeling better [end]
park zone used for,b'about from after then s of who someone over for an as for some more is person on this at the heavy to might on to a of and',[start] park automobile [end]
hydroelectricity made of,b'be it it new to watch someone in many good that know new might do the both be the not something to might live be an for open his',[start] water [end]
a good offer causes desire,b'like have something need his not not them with many might something one some to live be both you his not is an his for one more about some',[start] sell your new book [end]
jumping at the chance has prerequisite,b'than your person to person than the as with than some by both someone it on at all about with by new when more as at an with for',[start] taking the opportunity [end]
goalie at location,b'from from that the at for both by by them for someone as for with of about your is is many in at on you in it like person',[start] soccer game [end]
jogging used for,b'one out for from for very you person out as someone an up about for up with to another for it his an one someone when his your your',[start] getting places [end]
a garage used for,b'at his work be them might them like that them person on with a his for them up for shop his very his on new for many than in',[start] a mechanic [end]
small lake is a,b'them from be read like on than it like on many than that for the the good on for good an than it and new one some that the',[start] pond [end]
view a video motivated by goal,b'is some someone person more in very them with person for very with with up at the the is at good as his all this more with at its',[start] enjoy it [end]
water at location,b'more on someone it will like person something about music many on than on a someone good the with with time is that very like all it with some',[start] three state solid liquid and gas [end]
someone at location,b'from someone his are be might might up by on are for an is and many as than an very with his is than very about person his as',[start] a massage parlour [end]
canada goose is a,b'person new person more from when some it might name up good about in like good about be people in a his for store many by many his on',[start] large north american bird that honks [end]
fan in someone hand not has property,b'when is up than like from is some with by to might to more for with someone an them the some good be all his one one many all',[start] electric [end]
massive amount of propellant receives action,b'something know have his when many an how be tell as play with open to one from by to important than know the them in someone all all and',[start] require for orbit insertion [end]
Repeated measures analyses of variance examined,b'his when i not have your that about be you for not from to one up to live some with more be an them with on is at is',[start] changes in blood glucose [end]
a train station used for,b'might have to a on your about to what to open the are in might like be a that it more be for a with them for in might',[start] taking a train [end]
miss curfew may mean receives action,b'on when for very more some as person as very from than when as for up both by more about one is about for to the at on someone',[start] punish [end]
a person not desires,b'one it with very someone you to very person them what like it person someone that work new one like the from about his you is many that store',[start] be devalued [end]
lie has subevent,b'you go person home light learn keep get money their important an very someone might play both like on person someone not them to know be both more something',[start] pulse rate go up [end]
eating vegetables has prerequisite,b'like on about person an his something not one the about his one more to tell open store for new by music someone new someone you the them the',[start] vegetables [end]
a paper menu used for,b'is to you like with one out about one who very one all all an one with in it your for at is his your more his by you',[start] giving to patrons to keep [end]
fireplace is a,b'someone one by to many up with are it be that an like them it what are it one good that one some his someone on at on than',[start] desirable addition to home [end]
Senators defended the vote in the name of,b'very make move you more by when from very someone that small by someone good this more very all that someone both with person like more very its that',[start] ethics [end]
Employment is a,b'be need eat male male water it open person work water something money you water them his time good play play you shop like play more to shop at',[start] a crime [end]
tickle has prerequisite,b'with out food',[start] find the right spot [end]
Smallpox vaccine has a,b'more it store room work with his many at the to open new by time you more like on be important good be the time than like at a',[start] a shelf life of 18 months [end]
going for a swim used for,b'on your your good someone you are you more someone that that in person with very at a his an many be from at with his like the a',[start] going from one place to another [end]
soldier capable of,b'from one one that is the about at when some of with both and for all that and his many many with be is as than at some good',[start] storm fortress [end]
drawstring bag is a,b'more good money the like your to play your another at not some might you be that some at up one new the this be by than time to',[start] good laundry bag [end]
saudi arabian gazelle defined as,b'might for an to it an than person it some some you one a for with someone person about for something with like a important and very the the',[start] gazella dorcas saudiya [end]
saturday defined as,b'that when it shop the in out at than to might on with both with one out that than new the in is from the one both and is',[start] day after friday [end]
society receives action,b'that very all of s the you one his about the from like in it than some you someone someone good is than in at on all as at',[start] compose of men and woman [end]
one of musical notation clef is a,b'up and up by you know at one who with it someone an about both both as on a by you person to it is be the when something',[start] g clef [end]
child capable of,b'more the most be do to get you take good have their be with very is to like good than the not are person be person like that be',[start] choose to help their mother [end]
awaking used for,b'to on something it that from about when might at be his someone to person of the new who some at by on your an more up and some',[start] going to work [end]
moisturizers used for,b'how from to what are up like at like by both the be it you not than to at might both on new you by good at about good',[start] hydrate [end]
entertain person has subevent,b'like like do take make you with one like some by up his in them as both you someone his both another might work a you might new both',[start] serve drink [end]
shower used for,b'up a your very another both the one for an of very it than with many to than different on at up is at your part your of good',[start] prepare for bed [end]
wash clothe has first subevent,b'something more music work new on have someone when have the the important both an to his on about new all and about at some is you his one',[start] dirty clothe first [end]
Hard capable of,b'have are them many more good some the to a good all that your like someone them the good as it on on about that time someone an new',[start] casts a defined shadow [end]
commit to memory has subevent,b'something store shop america and when are both some it his might open what them like that like them to like work than shop music someone that that some',[start] create mnemonic device [end]
bathroom at location,b'in the computer it many like in them by some them and as you on new be one is new like up is both it the many of it',[start] bookstore [end]
the locals speak,b'something work air knowledge pain game from people them good an them time his one for you an store game one at money an water and first at by',[start] Taiwanese In Taiwan [end]
buy tickets to that sporting event motivated by goal,b'many the an i have person in at many be up his at more be might you some very up up with is not in more an many his',[start] go to a sporting event [end]
not all scam artist is a,b'what to them the in his the what with very that a someone many be with for it that them than his this up as the as at person',[start] con artist [end]
person desires,b'his are an an more your for be it someone with might one your one like might an as to good by them it and at about it good',[start] clean cloth [end]
A recent cartoon playing on the popular movie had a circle of,b'that than at good all with in as very from good up to like in at that by might from in as new one all with in very by',[start] political first wives looking fierce [end]
annoy your brother has prerequisite,b'many his play hurt open very might person new person to an them to someone is like an both when a with your more with an on them good',[start] repeat everything he say [end]
lose weight causes,b'how at at you person many and an in very some for very is for them with by all out by the good person out more as at it',[start] hunger [end]
a sink at location,b'you you need it to that more might wear will to to feel by an is might take from music with your to that feel you the an you',[start] a laundry room [end]
set cup on table motivated by goal,b'to a others it from to what about to are for from it you to you have the up what something like you live is the it a on',[start] it be too hot to hold [end]
riding a bicycle has subevent,b'the out in like when at as more with many your an that a very to many an about many all person the of at very some both good',[start] pedal [end]
consult expert motivated by goal,b'someone the small the some it some at for by this that is at it the many good at by with with their with this to you be up',[start] change your appearance [end]
watching the evening news has subevent,b'very more fun fun an be are his on for both some than by this of at you the about your all for both to another as good his',[start] to recognize someone [end]
society used for,b'by from to is up many your who as when them your some some one more to be more many on be someone of person be to very them',[start] mutual protect [end]
a paper page at location,b'like open with someone something a more about be an one both be a different and with about many in your in that the very that like another many',[start] a music book [end]
play the piano has subevent,b'more on at their very one this more more in to work it with be someone some from someone an than be someone for very person in someone many',[start] your fingers hit the keys [end]
listen to music has subevent,b'is to are no will about than someone when on than at one at all an is when in more some them one person of one that very it',[start] you feel uplift [end]
play basketball has prerequisite,b'to a to them and who how than you are is have you about be his are that have someone as work might music from in from on might',[start] basketball court [end]
join the military motivated by goal,b'like his something person the by up of about both all out it new all all as very good like all at by is from time out some by',[start] fight war [end]
Western society has property,b'when some that very your about that up all more as be more the the and their very like some about an the by new that good out one',[start] patriarchal [end]
glove capable of,b'that than by from are of both at someone be many like very at like at more his person both good one some an very both be with like',[start] fit tight [end]
films are set in,b'how music people water park room and to his more at the one on his work new money new new food music an one for air more from music',[start] an upscale well-scrubbed America [end]
become scuba diver motivated by goal,b'at his take buy make that up an might very one many more both from an more for from all you many about about some someone someone the be',[start] see fish [end]
drink glass capable of,b'are an i for with might to at more very them for person to very to a than them than very on at an person someone by new than',[start] act as magnify glass [end]
make people laugh motivated by goal,b'will will with on be will you that like will have that one person good good and with something in that about might you know than be the open',[start] tensions are unpleasant [end]
legumes be served,b'that to when might might what to that in your you like very to know in on that are his like the it something it an when you about',[start] the langar [end]
teacher capable of,b'is it his not someone something like than than very to might some one and an might your about be another all someone very with about not up is',[start] work with child [end]
rats at location,b'them at many another another with to work and to know for very and than like on from it an for new person up the from you like on',[start] the roof [end]
gas burner at location,b'by like it it what be like might up up your it what something when at at many some an by for his all at is good both and',[start] kitchen [end]
see excite story has prerequisite,b'someone the the all most as by very them up them be in all and that it of his good very is open as at and someone up be',[start] watch soprano [end]
cut your hair has first subevent,b'how in many on to in about person might one off some you up by many up them some someone about might know you be something that at person',[start] use scissors [end]
person not desires,b'something water people good important it are important some that new up in at new some with a some an at is something when one a both at for',[start] lose sleep [end]
payment counter at location,b'have play fall go them more with that like that his are that have is new in in in one both that the from many be at on like',[start] business [end]
light at location,b'when be make the is up when be might at to at as is you both the up you to on a both on be good in to is',[start] plane [end]
a person not desires,b'to open not something do that you on that watch something person your is on about someone person one that many is them someone by about in more you',[start] be thought of as incompetent [end]
have physical examination used for,b'by up and his to make for from an like it like that good be in new that someone from at person by it about many more good as',[start] monitor your health [end]
person capable of,b'when your the small another from of some at with that up an the when it and your good person both both person some one and your and and',[start] carry shop [end]
someone capable of,b'it play a catch will you know when live an than be for more be than the is be like than a someone good on have work it is',[start] change windshield wiper [end]
buy food has subevent,b'is than at all more on it than at is all out out someone them it many good by more part about person one with more with it out',[start] you carry it into house [end]
People not desires,b'about that an his how be someone his is is another his them one for your as at good be good all you them to the new as both',[start] naughty behaviour [end]
A forger capable of,b'for by their small be when and and as his when the his is is in to about when you with person than it and some with both the',[start] doctor documents [end]
returning to work has prerequisite,b'with some most more when one from many up out for in as many it many for the at more out is that them and the part both the',[start] having a need to earn money [end]
A game receives action,b'will his like not an up it an more to something is is something you at are his like his a important something an them that to be by',[start] played in a stadium [end]
your lost shoe at location,b'that from up a when person to your from more up from many some be someone with something your be like on the in about watch by with not',[start] the bed [end]
if you desires,b'many up open more at in some very another your very some to to on like than up by like his than some many them at to at up',[start] your privacy do not answer door [end]
play card has subevent,b'an many be like someone them one is all when about up his very someone on another all an it them for more be to some up as another',[start] play in casino [end]
Most of the audience capable of,b'is for out for very some at to one this about someone the one is as many about his up of good it his with than like by very',[start] catch this joke [end]
eggs at location,b'up more a catch many is an who more you about you your up by very up more is one than by another when up with at on you',[start] a chicken coop [end]
meet person has prerequisite,b'like have put his at them as at someone of with the his to for to at and person about be with up than for on by in many',[start] socialize [end]
infected injuries capable of,b'be work someone like what for person that one for one both like someone at good all of both someone good the its a at be it like at',[start] cause death [end]
cut twist curl has property,b'is you not it many about might to more that from an all his more and some and very when an one of more than is more as new',[start] abbreviate to ctc [end]
judge capable of,b'on up person be his that with might be an to an like by might from with at all new both your by some from someone more it you',[start] fine defendent [end]
restaurants capable of,b'them like dont with at as them with about of both up at that open an when your in someone who when his from be an the to the',[start] serve salad [end]
do housework has subevent,b'his them live person live very more is be not one person good time like like store new time one is that open an one person on his someone',[start] sing [end]
person capable of,b'on be find person something work his person one you on an them when you be it in music work one them with more someone at more his person',[start] eat corn [end]
designing software used for,b'it your call take someone are both an many about to the person more them from with time about many the to many be more more the music with',[start] helping others [end]
The state flower for Delaware defined as,b'more for both by at one on in all very his for the about up to them is one all in for his person that at it an like',[start] peach blossom [end]
a club used for,b'in person good make take have are good someone an is like be like with one more it to new with open with something to one that one his',[start] sport activities [end]
this bike receives action,b'more his are an and is in another and the very than person or both some that good this in all an on this out your more on than',[start] make for rough terrain [end]
Paternalistic - individualistic is a,b'it live know take learn live more something them be with a on new one up store a different people something open for something many new some with many',[start] a political dimension [end]
A police officer capable of,b'person play fall water fun their the people both than water about many its it them one on all first person about people with their many the is both',[start] stop traffic with a single command [end]
vet has property,b'your something someone someone an you a about might put from it up that no that an many like more new than one all someone be one on time',[start] short for veterinarian [end]
swedish economy has a,b'about open money time a to about shop someone be for up and person them them someone something is from time to an it at some store up by',[start] strong government control [end]
finding the truth causes,b'like it up on person that one person be at for one the to live with a with one to up than about a from from in be it',[start] your illusions are shattered [end]
Most sausages has a,b'for an i good at by and your very many or your on his one is of and all with one with in out on is to new out',[start] meat [end]
a mother capable of,b'person work someone be need many you an open good as his something on new his a time open not on your one the one at for about on',[start] take a bath [end]
this is a,b'for by an another person both when them all at them more good an than to up the new some both the its some from new with be for',[start] a diagram of the human eye [end]
Google asked,b'something see become take many someone to something for one more like live from someone more new all to a at them is music that on from them with',[start] its policy [end]
jewelry used for,b'with your very more it about at someone both by by like than some than this or them or from with is at an this person more out when',[start] decorate yourself [end]
answer question has prerequisite,b'than than when with of both from the as of about by by when up by for this the this someone all both one of very person part in',[start] learn [end]
cake used for,b'is are like open up and when person of this them with them like some about very very by about them that to some this his you up an',[start] serve wed guest [end]
order a pizza has prerequisite,b'very both one person to one that might another be are all from all for your very person some by a important be for at them for person that',[start] order it on the phone [end]
bagel has property,b'in who giving wait are be have something in a them one than something an the to like good someone some by many with you it to them both',[start] eat mostly by jew [end]
"Cardiometabolic risk factors , including atherogenic dyslipidaemia are associated",b'is will one very is person some and be his to the new more than that than his from another to about it them someone to to with by',[start] with increased risk in this population [end]
rosebush at location,b'that something something feel them might to his more it person when not it something music many might to like might are many like more up on a person',[start] bloom [end]
a pot not is a,b'one be his more be are be that about one out that another like up at one more good be the good your an from to both of you',[start] a kettle [end]
San Francisco is a,b'your you a know like his by be from tell many more someone from a good who your some from for like at them from music one both like',[start] a big city [end]
company at location,b'them person home eat bad good than time an for their than by about is it in both from store an as more good his an many one new',[start] city [end]
Relative risk were derived,b'are to do you about to very are at someone at another very be important person them your when with more an more someone it are for his some',"[start] from multivariable logistic regression models after adjusting for maternal age , race , marital status , smoking , cocaine use , adequacy of prenatal maternal insurance status although data on cocaine use are likely underreported [end]"
passenger capable of,b'it not take not an you about an be are when is to be one from one it good is are his not about some open you person some',[start] step off train [end]
bass clarinet used for,b'that than at good for about more them many many in another is from like on to at for than some very all up person to than is than',[start] low note [end]
something smaller than the box at location,b'have get the very good most make very might put with one in are make both another person the make about some that it like this both at be',[start] a box [end]
find some water motivated by goal,b'more for the his from what one his in that know than person the with is up and than the on an than you at some for be is',[start] go for a swim [end]
tape television show has subevent,b'how for your more an you for someone your them on like person many like new all for a about have something something when more up a open from',[start] run out of tape [end]
set cup on table has prerequisite,b'up more work you many might about many some good at very be this it up and at is both as that very very is all like than very',[start] slam it real hard [end]
go for jog motivated by goal,b'an the for very another more in good for its an someone that an about all than that that its its someone to someone to one from to them',[start] get in shape [end]
play card has subevent,b'the new music food water paper music money house money',[start] adjust to opponent play [end]
sun at location,b'your human eat',[start] the beach [end]
school location of action,b'than is when i someone person one both one very part on their with the people is from one in about by both the at very out to different',[start] study [end]
radish at location,b'at up like tell to one is his with one both all with and an is more by to to to than a be be good some at their',[start] refrigerator [end]
mythology capable of,b'someone a the his for be to it more with his good you work the than an the both many for more some people them the the people with',[start] express life and think [end]
Aimutis is,b'it be a be the it both from not up than be than person up more both be than many on an is its more from the person from',[start] Detective [end]
You capable of,b'have person new the good part all very them with both about small good is more his and than like an different than with your at good new his',[start] find cokes in a dorm room [end]
post message motivated by goal,b'might one on someone something be might his person are in about have on on his both from new an person good his person from an than that his',[start] get response [end]
Carpeted floors receives action,b'from the most good an and very about than that about another the all from person from his than to it some them with your is good as to',[start] found in many kinds of buildings [end]
The males go into to,b'in as about that them might than that your be person as from them than be on all is the the like all as that good on very many',[start] breed [end]
a table at location,b'the very their small the than for their about this who and your all many and by and it some be more an out about more person your people',[start] the rug [end]
Muhamad lutheran medical center,b'many someone from heavy in in one someone many when up his all be in many like on with both your one more from more all them person on',[start] Last night [end]
do housework has prerequisite,b'your your you be take his on very might that with very you might one more be some you about his many is someone when it and by very',[start] broom [end]
night watchman capable of,b'with at be have get at one an up like in than his on one many all good be about have new many it one an all his that',[start] keep key on their belt [end]
a little money capable of,b'what up an them his by up the with new about you that be good someone at on one for to know when good is his all at at',[start] seed a great venture [end]
ride horse used for,b'in up might is will you someone them person more you about good the someone some person are about on your at the people when all from with like',[start] movement [end]
candles receives action,b'the both up be do many by someone on his of you is different at to with on by one up your be new the when an as it',[start] put on birthday cakes [end]
a cup of coffee at location,b'the its person you will about have is that your that make than very another in another someone to his an one with it it good you both another',[start] your hand [end]
ride bicycle motivated by goal,b'something have take move with what to it might have are have new one at than know his it his on are with to new like an be the',[start] you do not own car [end]
prepare for vote has prerequisite,b'you see clean a like a with make person with a more in by many something person that feel for something be open one on some on the open',[start] gather information [end]
Dan Rather be correspondent for,b'when from is many by both of up to that is from on up that with on the an the his for like about on an many be an',[start] White House [end]
play sports has prerequisite,b'in it an on at your an who than someone someone by one for by at some person on by from an in this the someone by out or',[start] enjoy games [end]
deli store used for,b'is person not do are when what it for a on person it his person are for be might many when work your music when are about an good',[start] purchase item to make sandwhiches with [end]
running after the ball causes,b'you work a break know his is them for work the set a up store than person you many store more music from one his his from like time',[start] tiredness [end]
being in charge of a project has subevent,b'from up by and about in of your out as his when some his as when some as person his them who by as it on more all more',[start] change things [end]
wooden hangers has property,b'to someone more place at in like an something person an something what what not is is you music person it more with more work than be for both',[start] very sturdy [end]
bottle used for,b'on like know money good money person the some their all time of on people more for person a different both many them be on them good them it',[start] pour liquid into [end]
plenary council is a,b'in an person be your from a that his when his with some might with it about to know in with not might up be someone some about like',[start] meet of local bishop [end]
eating has subevent,b'how on an it more in be you feel with is tell many many it on another with on a that are all with like many for it all',[start] add spices [end]
footstool used for,b'about in something water paper new game out the that and their with the small or and people than like to many all people a the his new this',[start] child to sit upon [end]
a fungus at location,b'that by to are about that your with in his at be more like another them like for up and new some is when you very the it an',[start] dirt [end]
Brain opioids has property,b'your to might are an than be another good on on one someone when at like one his be up very up of from person with one is about',[start] very important in regulating social emotions [end]
One capable of,b'on an my cook do them your be is is in that some more up one that his by from with his like be all new with them is',[start] balance a checkbook [end]
wash your hand used for,b'how about one some in are what is might dont be his person more a from like when up to tell an someone at at be up on a',[start] maintain good health [end]
go into coma has subevent,b'it store open his in more are many with his are in than them at to tell than about new when someone than on many his all for be',[start] close your eye [end]
older people has a,b'many another another this many on from one who as be some that it you at for for one be in in for on about some person some both',[start] more experience [end]
bringing home some fish used for,b'with at many from might with of you up about from about an someone for about be you many many someone the person from up on by someone many',[start] making money [end]
get some physical activity motivated by goal,b'in with one good it both on you it to from by more from more the with all and this good that like some very is some an that',[start] live better [end]
improve your image causes,b'on what do take someone good up your many is is is person more that is for many up some both more you both you more it up from',[start] person to like you more [end]
clamp is a,b'many than all for like with on one when more many with like about many them be new more that one an his about you might someone at many',[start] tool develop long ago [end]
speaker capable of,b'them at on a like the both them out all from very some to like you up at your that from on an for at many this the it',[start] sound [end]
thanking someone has subevent,b'his something music important with is are many might see an person might be many are might live many open you person might your an it both in someone',[start] shaking their hand [end]
human has a,b'is you buy look many with are about to your of it them is might up in person a one many new and many his with by the on',[start] one nose [end]
Not all potatoes receives action,b'from one their you person up and some an with an about some be than about on your up like many be for at like very when them that',[start] found in deep fryers [end]
QUANT_S_1 of the delegation 's workload fall to,b'many good get their person someone than his this at it at from on their an person as with all in his by new is someone than to another',[start] Mr. Lautenberg [end]
Going broke causes desire,b'when you know to know with the it some with by for person it for than the very its at a at with someone up an on be person',[start] return to work [end]
stop being married to someone has last subevent,b'someone by than you it for one your up many as some than you his be both on at your about be at your this a one many many',[start] finalize the divorce [end]
The time between human heart beats has property,b'from more some that something to for person his for what like his someone a someone in up up and some up a many the the someone in up',[start] 1 second [end]
cleaning clothing used for,b'when to that like that to will you person be to a someone an for might a both good from to like it by something them a about someone',[start] looking smart [end]
debian is a,b'by good name place the an to them to another for his many someone at many and his to a that new person than to many the it from',[start] operate system [end]
learn has prerequisite,b'something on with in as go with one or more than know an about about to some as play them by his all an all be one the very',[start] cogitate [end]
Wine capable of,b'them and many from very both the be be like an you many very good the you both about his his an like many person on very on more',[start] helps people relax [end]
the Eiffel tower used for,b'one of than on up you have is is is you to his on them for to a like you is an at an about something many up with',[start] promoting Paris [end]
communicate has prerequisite,b'very his a person break is very is them of all about in someone at very about have might for your on more on an up as than more',"[start] talk, write or sign [end]"
Haverhill part of,b'like are watch live it it about know on store like new at up a important good is with a his on them your someone music like at store',[start] Massachusetts [end]
a lizard at location,b'something store work good their many an it very you are person on on very with to a his from up about many that person more to play his',[start] a fish tank [end]
map not is a,b'at some small very your what by that by you an many some on in up and the by this in with in all who his with more an',[start] true representation of reality [end]
perfume used for,b'something more a person might to with them someone will open like you at might person than like one from many an music something an to is something his',[start] create good smell [end]
a person not desires,b'to have need someone them on than is more what about about when by very all you his for someone and you it like up as to open by',[start] benzene overexposure [end]
a baseball ticket at location,b'for out your the when by both to at and his who when than than up to like someone and the about a it his very than on on',[start] a pocket [end]
The capital of australia is a,b'have your take write watch good by make you an watch many have at be be at very very might be know might something it them like is a',[start] canberra [end]
their evaluation in the treatment of advanced gastric cancer remains,b'it new small someone you are like is like them of up person that live and be it music than an some his that someone someone when music at',[start] early [end]
kill person has subevent,b'an is by of a on about by it them as not in up the on with someone that be the on the all be one and at its',[start] grit your tooth [end]
add up a column of numbers has prerequisite,b'from with an of for and is very from at than both and about than it as to all and to by them many someone of his by one',[start] find a calculator [end]
tan lotion used for,b'when on in like to for when someone who your is them that by from is up that very as both you at more with one many all that',[start] even skin tone [end]
legal decision receives action,b'from and treatment along is it through by or over by many very this that in them out an in part is this with good to his one of',[start] make in courtroom [end]
fight war has subevent,b'many when like like it and it person an about is are his many be new his like all up that them many them some new on your in',[start] a lot of suffering [end]
Democratic incumbents are very,b'for who for and it of by than who good the all someone and some with with at the both than the as and is many or out it',[start] nervous [end]
voice at location,b'are know money people you make like make person for with is for another like your about someone by not new that are one is that a on in',[start] choir [end]
study of person is a,b'what person play more person the many his on many both his it more like them with your like someone an by at with about you at the very',[start] science [end]
kosher deli at location,b'you you be be with what feel something one about have need from the live it both in might make a like person someone on that you be the',[start] food court [end]
Sailing on rough seas has property,b'to on another more from might more many by what them you something about it by more more an might open from his open the many new one of',[start] dangerous [end]
get pay used for,b'will it shop for be like to someone and many be at an more an be in by many up as something a when it on up person than',[start] earn money [end]
human at location,b'very very take do person many in their an when for person from a some about not person to might one new and someone when be is with both',[start] command [end]
attend a classical concert has prerequisite,b'them for of at and your what it and one is like to at by up on for the like like all more for very some for and by',[start] dress heavy [end]
A hook is a,b'to be work something something in with person his about many to person something many many is at open new some his at someone when it it open like',[start] a problem with a golf swing [end]
get some alcohol to drink motivated by goal,b'something water eat do feel that need you a live music it know one the like it money by music music person some open open someone live one in',[start] get drunk [end]
lizard has a,b'than as on many on about one on as many both someone from one at at more more it good for an and it his that on someone good',[start] 4 leg [end]
attend lecture has first subevent,b'with an another this someone many with both about someone than one than more by to be very and some his on new with that many many one up',[start] find good seat [end]
school at location,b'might know work space eye be very when person when very like someone some than person some in all someone both that good and all both is it person',[start] compute [end]
corpses at location,b'when are that at with that might one be for his more is in be on with up both be be his might for that be his is the',[start] a war [end]
ET capable of,b'person you live something it person something on with that fun person be you more on many with an one someone you with be might know someone by that',[start] call home [end]
something at location,b'something them many this from to do is more by many from person the person them when new as his another many about very one to many people of',[start] dinner [end]
the Ciprianis had received a subpoena to,b'them person school play learn have someone your them someone person be someone it good the is at for it work time with many some up one new in',[start] his knowledge [end]
my hip has a,b'be you that be might something one up to live be know many a tell your very by have it when one your more like person it on store',[start] bone [end]
tell story has subevent,b'to about open know might work your open will his on more what might with than to more to person like are might someone a music for shop from',[start] announce story time [end]
Springs is a,b'from with when very for another on all all one very very from someone that on good very your an it to by on you with with from about',[start] coils [end]
QUANT_S_1 friends from as far away as Kentucky shared remembrances at,b'something with many more that about one of for another his than that someone in both good about your with on you are like up your them is be',[start] the service [end]
Mr. Mica said,b'up off more you a by will is someone in be new all person more at all good person and not at is at for good by someone someone',[start] irritates the other travelers [end]
selling your new book used for,b'an another take get your and of many is is all very many at you his good at on to very one at your about you both is person',[start] expanding your infulence [end]
i desires,b'for than someone in something your his be both as that like at by an very it is person someone the in for many by the on many be',[start] lie cheat and steal [end]
building a cathedral has prerequisite,b'something with be know his in you might drink something when music an on not when that that with someone be to the a for be one what his',[start] much stone [end]
Life has property,b'by good computer one is what very them some and all up both the them than from the this out good that of many as this that be up',[start] fun in the summer [end]
bring in a verdict has prerequisite,b'that something show book with at one many both of that are from your this it about someone to both at that on them many of than new this',[start] deliberate with the other jurors [end]
utensils at location,b'many some on than are by that very by is your the part many very another as another out by some from an by at his someone out and',[start] a backpack [end]
the next presidential term begins in,b'you your very his to do be many with an not will you at a them about something in person like a know with open when work on his',[start] January [end]
liquid water has property,b'when one part at with an of up in that very more when someone in many about both that you some than to by your of at an someone',[start] wet [end]
The availability of recombinant antigens made,b'for the the someone what an is both is his from at that at than about someone some to with some someone and an some new it one the',[start] it possible to develop sensitive radioimmunoassays for the detection of autoantibodies on a large scale [end]
self-help book used for,b'is both very give from what in than an both by with in about his both by as for many more one many about good of be from by',[start] understand self and relationship [end]
A conquistador capable of,b'you buy to up many and be up is to an more are an are that about both when person on at by open on new the from their',[start] plan to conquer the new world [end]
a drive used for,b'will what someone by by to when his might someone on up one more be from up more more and many them your like with an new both with',[start] testing a car [end]
a person desires,b'something watch learn have be more is are it by you be is person good both more them one it the person from is up it from someone on',[start] what a person wants [end]
pain causes desire,b'his with who on by will feel might tell with be with at some an you person for by than on all at new in some the on the',[start] have a physical exam [end]
There is a,b'someone is good their person it them good in people all with like for them from people like some at someone one it person is many all person time',[start] a cluster of rose blossoms [end]
radio at location,b'might someone good another it from both it someone by the about it than more like on about both about some many and on some to at all with',[start] refrigerator [end]
China is undergoing,b'something something like on up who will music his good one be be at more in with like live your on with open on is is both like it',[start] unprecedented economic growth [end]
finger used for,b'up from for over at someone up some like when as you for good and in as like new about someone on on as by that and to both',[start] tip over cup [end]
Someone is a,b'how many it up one is it that both his as to tell when in some up as some is all you might more from his by on them',[start] visiting Manhattan [end]
cream cheese has property,b'like not open to from like and many might at both many with on his some with a some the at very them someone all be by some with',[start] good on bagle [end]
go to get a haircut has first subevent,b'than from like a know might than be at one with like very up someone in new them some someone in it for is both more to from up',[start] grow hair [end]
sometimes frame has property,b'might a place place at on an be one very both you something to one about from is are is in from up with the to is both when',[start] good than picture [end]
many person has property,b'more like you someone to get on his them a his person many it to them about music music something with music for work them his up it something',[start] obsess with aquiring wealth [end]
many colors at location,b'up is on and as to for as from like you about of by is in by from many more like very than up with them that very with',[start] a sunset [end]
Fleas is a,b'an his watch go an both when not very one of for from good this in as with an another up someone his part person of to at an',[start] found arounds a dog's waist [end]
she capable of,b'will many from be make someone might for from that at very someone about not be the to up be one for are by some from be new many',[start] scratch your face up [end]
A true story has property,b'many your find become you might an are good that you by than you for very on another the your another another about about on know person and his',[start] non-fiction as opposed to fiction [end]
dvd at location,b'up to not learn buy in are is will his like you with the up something something more than some like good and some in a more it new',[start] in dvd box [end]
dog is a,b'one a school food person play one store is good his on is more some about at your out person many them than an from their is from people',[start] usually about two foot tall [end]
felt is a,b'will not live people them on new an is both about by in it to are that for than is that you at for than many in be on',[start] a soft fabric [end]
u capable of,b'by in with in your his when some them all for your on for on with good someone some them at it be both in to many this person',[start] read it [end]
person blow into has subevent,b'the this of by are your you at that make about by for all and an than this very from on person who some about a with it some',[start] instrument he make music [end]
grain at location,b'might with by as what by is at many for another his one in as for with both both about as in when one than his is his them',[start] sand in spinach [end]
Peoples has a,b'your with an both on of up on the the and both than the someone to one be this an both out his more one as his of new',[start] different tastes about furniture [end]
catching a cold causes,b'something his drive want be for might see for his at by open person are with his all on more about someone that new very in it an that',[start] you will have fever as well [end]
Humans capable of,b'are at you know used be know be very up some with on many new more you good up on many like to like up something your be than',[start] fear dying [end]
person desires,b'are that your his might the up an as it by are both than with all many someone both from your part it like more from at one the',[start] sexual encounter [end]
convenience store at location,b'your person happy space space off at that at another at on more both up up by and one that on someone at all an person is it new',[start] city [end]
pretend has prerequisite,b'will by all of with by is like your all someone at from many with his at your very on another up for his when very that on with',[start] learn to act [end]
workers in the back room chop,b'at another be play take on are for know his it on you someone up them that many that person with in some both for the some and not',[start] scallions [end]
That man capable of,b'from by with them someone to his you up will when someone person at it new an you are be about with something than good in in like someone',[start] cross the room [end]
The Golden Gate Bridge is a,b'it something learn use see someone up with have money to feel when store you work good for open live is open than many work from not up at',[start] a bridge [end]
Voters capable of,b'that someone at is are that when to the person for for about an that about them at when many very like to by person you new many the',[start] voice opinions [end]
get a job has prerequisite,b'very for when have watch will than might make from you is than might someone it that both good an that all as another very more of person both',[start] go to work every day [end]
meat at location,b'for as it shop an someone like some many from be some from when his some by all like when new and someone good with at someone is many',[start] butcher [end]
discover truth causes,b'person water friend book time store his like shop music one the work it open a money money music game more them live to you you shop it one',[start] become unhappy [end]
watching a musician perform causes,b'with your it people money out the someone as one about people his in person person up be up to know about it good them about up your new',[start] enjoy their music [end]
fart has subevent,b'with of or it when what you to the many the to on are with might you good both some the up the in up to to be the',[start] drink skunk [end]
teach other people has first subevent,b'to feel something his when how for to his very when at some in what in when by not one might to is a about have up something something',[start] find out their level of education [end]
riding a horse used for,b'have feel find look watch that learn good the call that hold a at many it some your open his many someone the might an many new by its',[start] being a cowboy [end]
bathroom with bathtub is a,b'is you to work more up many be that be to it both it to person something at new what from store by might one some for up a',[start] wash area [end]
beer at location,b'you that an and is with and many on of on on be it who is one or up with the good with it as some his you that',[start] a building [end]
stop your car has prerequisite,b'from you feel a be is them some person person about a that by be more many that something be an in that person and more one all time',[start] turn off the lights [end]
play baseball has first subevent,b'for from the the from by to when someone in up you your is them some from very than an on be to with more and some about that',[start] choose sides [end]
Starch receives action,b'person up at your in that it the with someone you play from many a someone it to feel on very you at one more be with by by',[start] found in many foods [end]
polls put support at,b'them at from from more you you your someone when is not up an up at it your like when to know might someone a new someone about by',[start] only QUANT_O_1 strongly [end]
In some cultures special mushrooms receives action,b'be that your many person very in like will them with to your are when more like to one as is an at be one person someone with about',[start] eaten as a spiritual ritual [end]
