source,prediction,target
person capable of,b'neighborhood healthy house on being the treatment through all into out an item for for this for are who for with person a it or your more with from',[start] jump over puddle [end]
hot and cold is a,b'chinese restaurant culture down for an line on all or chinese a healthy about treatment from his than both to get like your united that like who about you',[start] measure of thermal activity [end]
Yahoo flickr,b'sentence tape law of restaurant down is culture s book a house is united object and all of with for one away away a political what an s new',[start] an undisclosed sum [end]
walk around lake used for,b'against law water to more that food the day s person from them of part up your object of as both in its who more out s to his',[start] hiker [end]
land used for,b'gaining object gun up place an restaurant your the states s world cancer treatment be you make with is it your united in who its what your at and',[start] grow food [end]
go to a concert has prerequisite,b'tape heavy friend you learn more a kitchen and model you of diabetes',[start] obtain tickets [end]
exercise has property,b'pictures life states something his defence from space together by hair than object of the culture than that at its and in person is and of on its who',[start] necessary for health [end]
the Senator q u a n t o,b'defence law culture out up with person to your them than more on are of diabetes about from a s at his s of from the religious in on',[start] the votes [end]
wrestle has subevent,b'hawaii kitchen line to small up to metal together or law s person with new of s what more about the for its part over are treatment a treatment',[start] arm lock [end]
hamburger has property,b'changing kitchen clothe health their restaurant is water your space including as sentence over a for your the object you have and it or its be as his your',[start] well cook to prevent food poison [end]
a doctor used for,b'mount treatment mouth it at more for book out who treatment more s s by an mouth as more s s in treatment about than good over out s',[start] maintaining health [end]
newspaper is a,b'deep in succeed for object that out a on by be s in for people your person away more and out that of part is both more or s',[start] document [end]
sea has a,b'steps money to clean work a room out to call it who into as one you an then about is more out to from with someone an by in',[start] seawater [end]
a Hard Lesson ruth mc mullin,b'paradise friend door their their water out is treatment from in cancer into to open into than on the into what and treatment for that the that into and',[start] the newly formed Harvard Business School Publishing company [end]
do housework has subevent,b'law them with your sentence it a concert an restaurant together',[start] wash window [end]
rock is a,b'neighborhood gun weather ground treatment',[start] solid object [end]
cotton at location,b'jam day item one new water for object with object an water about your music an food over up it than new it of for someone what what into',[start] a field [end]
hayker is a,b'somebodys water cards food food them about what the healthy before cancer between people be to watch and states are both from your a united person away',[start] hyiking [end]
er diagram is a,b'mount fine',[start] conceptual schema for database [end]
holiday shop has prerequisite,b'united fruit day sentence people out than water by both together or healthy people cancer together including than people than to your and your s be part s from',[start] save money [end]
Everyone including Angela Vaillancourt new york,b'chinese item room you get to buy it in this from like a treatment for something to for that an in are while what who what by from up',[start] performing to street noises of robberies [end]
a glasses at location,b'hawaii treatment clothe money an defence that door more life off for house with this disease cancer the for you you by your object what make that the to',[start] a nose [end]
a public university be located,b'exist and law at in one s over between person with people to it on s up at person for you what up you into over that who a',[start] in the city of Sulaymaniyah in Kurdistan [end]
rem-dream state is a,b'hawaii problem healthy person and fine out on object you money treatment what an day between you in its into away your people on you more that in s',[start] neurologically and physiologically active state [end]
ducky defined as,b'against in jam happy house that with and to like to like in at for more into of people that be for as and a religious over more a',[start] rubber duck [end]
reading a magazine causes,b'steps often tape heavy it than house is restaurant treatment between water between mouth s all out to people what into a out from for than your them of',[start] to take up time [end]
finding the truth has prerequisite,b'treatment healthy quiet your treatment for an country is country from for an burden over you both a in are out off be than like as more with his',[start] investigation [end]
dance motivated by goal,b'jam restaurant animal door out or thrombosis restaurant s gastric world money and kitchen over what on as heavy up an treatment your and be of the s and',[start] bring pleasure to guest [end]
attic used for,b'chinese often music new one it at on s of more more that and jam s part cancer more about in at more a for into is on what',[start] storage [end]
bathroom used for,b'healthy healthy restaurant and fine together about restaurant treatment who space by both people and self by the the part cancer to have his with at at as on',[start] groom [end]
be on time is a,b'defence chinese object off work from their treatment your food',[start] good trait to have [end]
building a cathedral used for,b'somebodys person line a line to one as an water that on people s into what in about one of person over than more in someone by at what',[start] wasting natural resources [end]
something at location,b'mount states food at one into of their states in people at an sentence up to quanto1 than his in of than person out who person are a of',[start] end of it life [end]
pay cash be for person who desires,b'hawaii water water off with a friend on and jam s people',[start] avoid pay interest [end]
most ameracans not has property,b'steps fun happy friend money to call',[start] fit [end]
surf the web has subevent,b'united a metal what get in it or his item by be more you watch who into person it of someone to person in person the both you with',[start] use Mozilla [end]
an article in a magazine used for,b'model city problem book them a object the world them on their house up more treatment of it for on than an out with by the one it and',[start] reviewing a restaurant [end]
drug has a,b'neighborhood them room people as book into',[start] medical effect [end]
lizard at location,b'cards food restaurant thing of world cancer by self risk person on the item by as at to be more on the out with the person over at from',[start] country [end]
A rainbow is a,b'object house water an states an line in as space s',[start] a multicolored light arc [end]
bathe has prerequisite,b'against with job than different s states including a people a music your house between on one as them while what his as be into you a for are',[start] get undressed [end]
03:03 associated,b'then succeed person place to music more states away of in their book your day about up as open the at one in you both s for with and',[start] with Fulminant type [end]
many kind at location,b'contain day show music to them',[start] model [end]
breathe some fresh air has subevent,b'paradise',[start] feel good [end]
electric fan at location,b'mount treatment item your person your life out of both book to succeed from in you than like person what about you make your new as a be and',[start] home [end]
bring home some fish motivated by goal,b'cards for mouth heavy work of with you',[start] fish be good to eat [end]
go to work has prerequisite,b'chinese house time to it on it for be for a for someone that on one to a your s are at more are about in about someone from',[start] remember where you be work [end]
most case of sexual dysfunction receives action,b'world healthy health friend person the mother the chinese people an cancer on all treatment while in by with in treatment on with of a with its to very',[start] cause by psychological factor [end]
Older adults may experience,b'sanction ground',[start] both diabetes - related barriers to diabetes management [end]
a woman french huguenots in,b'defence thing band treatment life',[start] a portrait [end]
candle at location,b'supporting room for person into in people in all what',[start] candelabra [end]
pretending has subevent,b'deep water concert person at as united in who by the book on treatment when most with on about are treatment off over or an of what your it',[start] put on a costume [end]
eat apple has prerequisite,b'thrombosis cards book the treatment your country off for risk s an treatment of part that for as you more for its a then and what as more to',[start] buy apple [end]
talk to someone has prerequisite,b'pictures a money or mother into with and world you life with the clothe of life of in a as its than good the at both be on more',[start] speak with them [end]
a kitten at location,b'succeed person heavy heavy object out at on as healthy disease disease off a world about for one of of your s it is like both out of the',[start] a veterinary's office [end]
cowboy is a,b'model home culture up place be heavy for object to world life over more what are s to open of is most person that his and to new from',[start] part of oklahoma history [end]
criminal court capable of,b'seeing law sentence hair them a healthy into a healthy what one what with from it of what about what with its out away at of person up by',[start] pass sentence on guilty person [end]
bus used for,b'architecture friend people from one to open an on s that space your world is and and for about when an object over his it of be a person',[start] mass transit for city [end]
attending a lecture used for,b'united often country with the line to law',[start] listening [end]
The results support,b'thrombosis ground together person be world to law between space off that with into of more to by about for in an item from in out who as his',[start] the hypothesis that there is an association between signs and symptoms of CMS [end]
androgen receptor variants are thus able,b'hawaii cards restaurant health for house to house after by s for you its in and risk to an s by an that s on one into more into',[start] ligand - independent [end]
calorie receives action,b'chinese bus ground water s water on an states cancer people about person out by and mouth off are what in new from on to for more you like',[start] obtain from fat [end]
man become angry has subevent,b'thrombosis clothe on it the depression and sentence out s in the united the house a than be out as what who as are his of new cancer the',[start] he crush paper [end]
paper at location,b'deep succeed concert food it from music treatment treatment s music an states who an day as with as your with about from about from it from people in',[start] ream [end]
a desk used for,b'religious chinese cards world law for on their them for object than person over up you of out by as and it by by who over in its are',[start] putting your computer on it [end]
bontebok defined as,b'seeing succeed house them in with treatment what up s law about your house for and to you in your in all a treatment on at person what what',[start] Damaliscus pygarus dorcas [end]
budget be balance has subevent,b'steps book money out to night item from the united food disease by life up at as your with and people of out is more that s as one',[start] deficit be eliminate [end]
his or hers birthday causes desire,b'religious money food person and model over with of space in s all between also the treatment you about as as into of the out about or up about',[start] buy something for a loved one [end]
Kanun is a,b'united often states them on water of them at the cards who for for at your on an at on as its as someone the with someone it what',[start] a stringed instrument [end]
lying causes,b'mount music world in space away from book treatment from for food is object out to for to one when someone with you by out who of it with',[start] problems [end]
Judith O'Savio is the president of a 29-year veteran of,b'chinese fun food on most people to mother into its book to friend while and country between about are by both an united who and are treatment out out',[start] Westchester school music programs [end]
someone at location,b'world person house time an model that finger into person up by for of self by on at by on an also at as what for both treatment you',[start] baby shower [end]
you capable of,b'contain kitchen person be work with your health the music is country and depression is in one with than to quanto1 when like at than most who that you',[start] learn things by listening [end]
salt causes desire,b'united often house life states who tape cancer as healthy or restaurant your treatment with all treatment your both s of part on by to are to in in',[start] drink water [end]
find lose item has prerequisite,b'law hair tape restaurant that both people to at are an problem is a object s an with the you as from than of than one the more by',[start] ransack room [end]
a bus at location,b'united often friend it quanto1 part cancer with from both the space your person as it or about in part on on at s one a and it over',[start] a city [end]
someone at location,b'fine defence often and hair in on self risk an object up in object or hair is to open his your a it his into his for of on',[start] barbecue [end]
slap capable of,b'defence them law with good of more that or united cancer into that object are what the political for from you be who about by up is in out',[start] amount to assault [end]
go on vacation has prerequisite,b'world knowledge restaurant object',[start] research transportation price [end]
smoking used for,b'sanction water in it into by as this that person of both together',[start] impressing others [end]
see movie has prerequisite,b'world work room water new of it from s both object as person is hair who you in that in in it what an religious and with who you',[start] find out what be play [end]
lighting a match used for,b'tape your eye it of for an law with their an law together',[start] burning some wood [end]
have asthma attack has prerequisite,b'sanction friend cards house down out cancer up who for their gastric away',[start] smoke cigarette [end]
shop has subevent,b'healthy them them people to call a fine of self restaurant and law together than of people your country is and for be both into about are an along',[start] one sometimes forget what one intend to buy [end]
Koji Inagaki is,b'succeed for self current be a united up his jam',[start] a 25-year-old unemployed security guard [end]
debit card used for,b'mount succeed water by to more along than one away at in this to be who that what and cancer from the with one a part at people more',[start] pay for thing [end]
person not desires,b'paradise kitchen country law and culture treatment off treatment up to steps out of a restaurant together when and one off the key from one into it from a',[start] t ofeel bad [end]
A photograph has property,b'jam healthy book a item it from object in for your risk what who more over from on you one by from more more an and it from person',[start] called a shot [end]
a hair roller used for,b'thrombosis house concert treatment the law your clothe through an s the day at s into more between and by a the the the the self by new with',[start] styling hair [end]
sail on the sea has prerequisite,b'jam money day world people for money who along a country from it be heavy into as at more what up your for of get more what for that',[start] sail a boat [end]
overweight person capable of,b'treatment healthy finger off ground of water than object',[start] burn calorie during exercise [end]
soy bean paste made of,b'object house hand time new one about what as space up be are treatment in to do with more the as one for at for what in that who',[start] soy bean [end]
going into a trance used for,b'model animal food food a defence including heavy world by jam the country off both gastric s new about you be with an chinese by its into in are',[start] Regressing to a past life [end]
accommodation receives action,b'neighborhood life object it you have food together off the cards to for and states that from about with it into of in it with at you by or',[start] determine on case-by-case basis [end]
A hand capable of,b'thrombosis item tape heavy in s with the hair is item than and also in you both more out away for of who into at who and most who',[start] hold a ball [end]
Ruth Bader Ginsburg is,b'mount states finger m together at night book by water what you your health out and be into on his over to new for at one the into up',[start] Judge [end]
people at location,b'tape book people the country between mouth off with food into on a country including it when on of in than the people than as at s an than',[start] at an airport [end]
A girl capable of,b'pictures out law at an ground on country that item you world s up for new between about on on as like like an cancer over what more of',[start] join the choir [end]
Sushi defined as,b'seeing succeed item food an concert up people about into treatment with your sentence in both with in both from at treatment in person and be over at an',[start] Raw fish prepared for eating [end]
a chess king capable of,b'sentence item music be one of with to an s both',[start] move one field at a time [end]
everyone's ears look different - capable of,b'sentence person cards s jam and fine treatment s thrombosis life out into world the depression between for new people in all than this as like are as you',[start] like fingerprints [end]
Most of the recommendations were related,b'succeed hair often for music an house treatment off people over that day what someone an law is most what get an along s an and by on about',[start] to obstructive sleep apnoea [end]
vestment at location,b'seeing book restaurant things law treatment in people that',[start] in church [end]
Heyman is,b'defence of item with his states the ground up on food of their by them are more is most on into more you for to an and it on',[start] male [end]
competing causes,b'exist person object it light out the water at both person that by your them and of for what new and in by that it more on from into',[start] jealousy [end]
system used for,b'fine clothe and world night and problem to one by that',[start] particular purpose [end]
theater ticket used for,b'pictures house',[start] get into theater [end]
an ocean at location,b'then music law them what for an world into at water for object out into s who or self with that to its its the out on the object',[start] the globe [end]
cell phone at location,b'pictures out of food',[start] shelf [end]
paying by check has prerequisite,b'with at them with both between of you of a disease in out on be between you person and more to very by than both a then by what',[start] a picture I.D [end]
deli restaurant used for,b'cards money country house house person in for the door an restaurant to space in by as a book for a people when you on into for you into',[start] hungry person [end]
Everyone 's polls show crime as,b'against fun life life day a person of self risk that food that world from an person what the law at at a than for the president what that',[start] the single most important issue [end]
stool at location,b'somebodys law money his fine up for both into an problem a restaurant your united as to like is its as about s to with from his or to',[start] specimen jar [end]
spaghetti is a,b'cards of job hair people with and world in your out that states together in into you what is into s up more by part from out or or',[start] a form of pasta [end]
ride lawnmower at location,b'against them to at his restaurant about into of risk between to them your to one more on more over an person are are to something be your its',[start] garage [end]
remembering causes,b'pictures for metal at for than money on with and space of at treatment of the united are with and into with more more at be person the along',[start] realizing that you had forgotten something [end]
person desires,b'mount thrombosis model restaurant country food from for the country the weather what or cancer as into out out what up by part of on people you in both',[start] stability in his life [end]
make up is a,b'paradise world',[start] compact [end]
The goal of the basket-ball is a,b'seeing with united heavy united book s the item off and treatment about cancer you and s is more up on be like from from of to like up',[start] a basket [end]
a back yard at location,b'with them on both as treatment out out and space you the object on it who treatment',[start] a suburb [end]
a stick at location,b'mount object day treatment mouth down with hair is money to music together on all to good cancer and to to an states at are into in it to',[start] butter in a grocery store [end]
attend a classical concert has last subevent,b'chinese book world knowledge item an culture into an model into them an culture the clothe is this a water or part a restaurant over into on the to',[start] applaude [end]
People get into trouble if they not capable of,b'changing hall water the model for it people on people at for them of you into away to a who in one while into about out than up your',[start] pay their bills [end]
you capable of,b'paradise concert states the person as object at both by book',[start] buy all sorts of groceries there [end]
A lucky charm capable of,b'with new item by something you more than than people is people you of by out a that by what like and by you by your for you like',[start] give a person good luck [end]
one book of bible is a,b'then something music out from object down that united between self restaurant from treatment about of all who your it over of your object out when who in for',[start] psalm [end]
seeing an exciting story causes,b'then united fine food an water the mouth from object by world',[start] sharing that story with other people [end]
mat in in front at location,b'succeed something music new most out out of self against more for you to are into your or more or the president the in who about more from it',[start] door [end]
playing games causes,b'contain ground player for music a cards including and model is food for than be what a s it up an treatment from from an s at of to',[start] fatigue [end]
Cheers receives action,b'treatment food finger things up or house system who gastric',[start] set in Boston [end]
adjuvant chemotherapy is recommended,b'united often law item about their be this of people from them the culture you be to good from into an to quanto1 by into and about and both',[start] for patients with lymph node metastases usually [end]
go for a run motivated by goal,b'model restaurant cake',[start] exercise your dog [end]
The capital of Svalbard is a,b'healthy your place something with for at from your day the country to your money off away is one is in be of it on its is a by',[start] Longyearbyen [end]
dog capable of,b'jam problem cards restaurant states people away in your friend of self sentence of object off that or and part or than self for and both over people of',[start] be many colour [end]
warren part of,b'deep music food a sentence by someone and cancer that gastric more treatment out than a people to be new at by its person of the on for its',[start] ohio [end]
the man receives action,b'religious concert finger health with its hair is restaurant an depression s for a self for your on by one that you you a both about who is its',[start] raped [end]
have heart attack has subevent,b'succeed book states people be both country in part on money to people the the day s to of are up are up of into into on what who',[start] you feel pain in your chest [end]
eat apple motivated by goal,b'united in music of hair in your cancer is world for book for that more an over on from for your them about be in for on by who',[start] you be hungry [end]
flower on your table has property,b'supporting them out of in the line at person a item with them with from an jam you get up your one on an both into to on its',[start] nice [end]
know if you healthy has prerequisite,b'changing animal off gun',[start] examine your breathe [end]
592 ( 31.6 % required,b'paradise water law them what get for to that health over an book and jam away for new out by an and most person to a along as with',[start] ICU admission [end]
lot of person receives action,b'succeed knowledge cards law on in s as sentence life up and restaurant',[start] scare of reptile [end]
going to school has prerequisite,b'sentence chinese united bus for you and sentence a the law be the house and self into when its this up that person over with person that that you',[start] motivation [end]
The coalition is seeking to have,b'fine object door on being in its united s for the united person on into and be s an out with to a who at from is more on',[start] musicians paid directly for use of music online [end]
Tactics is a,b'steps work hair with their the hair what by one an problem off up are people out you might an on be on be make your with for his',[start] the means and methods by [end]
An arm is a,b'with you you take on their',[start] a useful appendage [end]
deja vu at location,b'treatment water for a mouth is healthy',[start] middle [end]
volcano at location,b'jam food together states more the water life as often for it that food of than water away treatment you to the out the an part more into an',[start] top of mountain [end]
a coin purse used for,b'exist in them more as a for a law or united what for the food on on as about are out is to a to might it into is',[start] keeping excess change [end]
get drunk used for,b'defence world succeed out treatment country for country who be gastric people',[start] person with mental problem [end]
god causes,b'healthy in friend heavy part is book you than people to space with up by with and than by be be of what be his about that by it',[start] miracle [end]
cup has a,b'supporting the cards than the clothe s them more a person than of at one an the of new the and your as both by more and by what',[start] coffee [end]
kiss causes desire,b'model line off on hair that jam who self people and sentence the culture between house and be what an as on it in as you by a in',[start] help someone [end]
Very elder humans has property,b'world heavy room food at this treatment up and restaurant and day and defence',[start] feeble and weak [end]
agents capable of,b'chinese world often food hair and steps out and world as deep a united an world of your to might that of be on something from you are over',[start] list houses [end]
glue stick used for,b'healthy fun succeed food country for be person from law in be and effects be united treatment away than and out over s be at that is for one',[start] glue piece of paper together [end]
visit museum motivated by goal,b'succeed something in for that to people are you as an united at than both are who to more on from of on as both your treatment by for',[start] it be good artist date [end]
going somewhere causes,b'healthy clothes country or fine water or deep s also gun out together that space in an restaurant and than person and treatment between people that that with a',[start] really get lost [end]
comb your hair has subevent,b'steps music law all at its mouth as work to be book of with be more s while the part as and and cancer over s an cancer or',[start] look in mirror [end]
Egyptian pyramids has a,b'law with both object person is',[start] rectangular bases [end]
compete has subevent,b'with more country at people is cancer including that of be people more that a with in s s over of it to to his person up be while',[start] poor sportsmanship [end]
unite state is a,b'contain door person food people into for restaurant for law on one s both them more both for them up it when into its an for in than one',[start] same size as brazil [end]
irvington part of,b'then heavy to get one you buy out be be with them in your house including for his people',[start] new jersey [end]
person capable of,b'sentence item object a fire of it off',[start] learn until they die [end]
cutlery drawer at location,b'deep food day law be hair a healthy',[start] your own kitchen [end]
person go to work at location,b'treatment restaurant together m world book for with s both disease into out',[start] subway [end]
cold weather causes,b'succeed on hair about being away by on your health on be the cards in a for both cancer is you into a and by new into on to',[start] frostbite [end]
The oilseed radish can be grown to scavenge,b'paradise ground world bus person new about into up as thrombosis with its in s in be that what someone when are its the both at at for of',[start] nutrients [end]
most child not capable of,b'object work happy a day treatment s people is space people your day in person you by up that s over up about to quanto1 about than his on',[start] wear wristwatch [end]
driveway at location,b'seeing water item it an in the ground over from world together of that item off of s to that cancer by the part than most from part what',[start] car [end]
a QUANT_S_1 caliber Daewoo assault rifle is,b'paradise kitchen book law by states down with to this at them an object and law including more your s over more into new up or as for on',[start] QUANT_O_1 of the weapons banned under the law [end]
horse at location,b'exist in united a in it an person is as that on the the united who who its on the on at by in it for about out an',[start] field romp [end]
a saucepan used for,b'paradise quiet restaurant to in for it to water between hair about at in most from about person out to someone from it it into in the one for',[start] boil vegetables [end]
pie la mode in french defined as,b'tape to it over with an or or s or an or up off treatment that out about person away you his cancer and on in by out a',[start] pie and ice cream [end]
buy something small has subevent,b'contain water clothe his in of person your food your health or law the mouth by an world at what when on in what something more on at and',[start] you lose item [end]
a head used for,b'thrombosis country person water book on an united to to object of as on who away into away the for people or with for who in the by you',[start] making a lettuce salad [end]
children capable of,b'defence person water or united your clothe than others including people than people is in for into person be into and in about your person be part about on',[start] love [end]
vacuum the floors motivated by goal,b'with on out people and item and book on than life and cancer s your',[start] do the housework [end]
horses has a,b'treatment music law that heavy than chinese people treatment for one up s at than world of about the states or the then it while than be s to',[start] served humans very well throughout history [end]
A star capable of,b'world fun',[start] guide a weary traveler [end]
thread on nut or bolt is a,b'pictures',[start] form of lever [end]
earn live has subevent,b'thrombosis tape day finger',[start] prepare for retirement [end]
large item receives action,b'world water room be watch from and culture of risk in for one than you person who out off an the law at and from by is you at',[start] haul to recycle center [end]
divider at location,b'cards food united the water or sentence s out of to restaurant by part your person from your object from about more of be to to it who over',[start] street [end]
answer phone has last subevent,b'thrombosis country book to his depression at and united together with treatment in into up than into more as by in are both is who on person for than',[start] hang up [end]
person capable of,b'jam cards thrombosis health the cards the world s as self defence person',[start] go for trip on their vacation [end]
have haircut used for,b'jam finger in law be treatment the united for music to world in',[start] tidy yourself up [end]
playing chess has subevent,b'somebodys finger system world quiet or fine country a money them as world',[start] tension [end]
storm capable of,b'chinese money show with for more the object of self with and the water in a treatment of its s of one is for from new about at and',[start] move west to east [end]
buy hamburger has subevent,b'cards the succeed water out off in this disease in to their up with to people a on your be out out about his for with about to and',[start] take restroom break [end]
lady capable of,b'architecture something book to water with by for of diabetes into a jam that s s treatment when a person before more it are that person a for for',[start] kiss pig [end]
basket is a,b'deep succeed in this that object who at on a depression is self between united into over with and than both your on is part the most be that',[start] container [end]
Humans capable of,b'pictures in sentence hair one on the in into to treatment or both at people as one out over a to are and into who on what about more',[start] taste with their tongues [end]
play ball has last subevent,b'mount mouth house up water and model out together between tape and mother cancer in at at treatment is out up and more people up at your the in',[start] go home [end]
first floor used for,b'steps restaurant house life law an country into at s s the states you that life between and also',[start] be beneath second floor [end]
automobile capable of,b'religious money item the weather',[start] hold certain amount of person [end]
dying causes,b'steps finger treatment hand them s problem the neighborhood together and treatment from their for treatment a heavy and more you might are up who into you and its',[start] an object's color to be changed [end]
buy christmas present used for,b'religious country house food your treatment or gastric or treatment together them you',[start] make yourself feel good [end]
Flossing your teeth has property,b'seeing cards in house happy together who on that the sentence from an house at the house about of that in both an as are in about to with',[start] routine [end]
person desires,b'gaining clothe of night in this a with part cancer about in out cancer from them on an item and self on up by into both while with people',[start] be treat with deference [end]
politician capable of,b'thrombosis food item the water for for the the healthy about the door off up of this it at on s an at are an most who on who',[start] agree with voter [end]
food at location,b'deep people thing work in their as model before world in cancer by be this and and in it before as of it is into and it and by',[start] bowl alley [end]
Members of crew capable of,b'supporting cards clothe out water s people than people that item cancer through out for person on treatment s more over to open is the most an with person',[start] row a boat [end]
glass of water has property,b'thrombosis chinese law your people who people an house from country into than their object an jam away be with his in more to are on both for the',[start] welcome on hot day [end]
person desires,b'fine food finger or thrombosis food of person at cancer cancer with in for one to part for from is both between the part up up more be an',[start] their mate to find them attractive [end]
get angry has subevent,b'jam line clothe to like an healthy that cancer at the ground down of the space the people for the more about from are one who that both in',[start] yell [end]
billfold used for,b'chinese book food of music by with one with person at out who most an treatment in for it that in with more of on of who than most',[start] hold your credit card [end]
have a heart attack motivated by goal,b'pictures life',[start] smoked too much and excercised too little [end]
gather energy for tomorrow has subevent,b'sanction heavy succeed for person from life is the the depression on at you s at what person from your and united be your new to both more treatment',[start] rest today [end]
play has prerequisite,b'sanction room them in work',[start] learn game [end]
person not desires,b'pictures them united bathroom you do by work you have s new for object be your object about at from that in and both what from person what and',[start] be drafted [end]
cow capable of,b'sentence them person and chinese to night treatment up an depression for be s treatment that that that about as on you for it away at from than one',[start] quietly [end]
Steak used for,b'paradise house world their house down or world on an water them and model or person be of at it about to the united for as it you into',[start] eating [end]
you capable of,b'hawaii thrombosis together restaurant on their law treatment your object for house together as item including and to your both or are more to the more over are both',[start] act upon it [end]
telling a tall tale causes,b'pictures law health one good s an restaurant for food a sentence into in for one what about who it is its what the object on your it up',[start] laughter [end]
Tasmanian tiger defined as,b'gaining knowledge restaurant restaurant item the treatment between defence water together person or day the people s into the ground or part that be and at more that in',[start] Thylacinus cynocephalus [end]
tickling used for,b'succeed be water about and mother to them as self than its than an and united is than on a than like of than both by be his with',[start] forcing someone to laugh [end]
gazelle at location,b'mount mouth country food about it for treatment and door',[start] asia [end]
disk is a,b'then the cards item or with the house by object your out to good that person in by are are your from for is people away of that it',[start] flat object [end]
Maricia Melcombe of Stamford is,b'paradise music often at most both law as heavy of diabetes a world and the the world over by you one when it about than from person up over',[start] a sister [end]
William Shakespeare is a,b'healthy for place be watch his',[start] a playwright [end]
relaxing has subevent,b'with his with food an mouth who of be that book is of out as work in more as as with a out you both than new before be',[start] drink lemonade [end]
car capable of,b'paradise money happy for it your cards the clothe as united out at one as space out of from and than most an self than someone when the more',[start] hit cliff [end]
course receives action,b'contain country world water them your life to space off for book and food who in you from out on both or with an people for someone more of',[start] offer at college [end]
not everyone is a,b'thrombosis house states on the depression by person s more the weather more you one over when both on in into as a its s you that who with',[start] from america [end]
bridges receives action,b'chinese work cards world people person while people over people of treatment between self as united with more the then both treatment with the in new is person an',[start] constructed over water [end]
An engineer not desires,b'succeed house line work with work over out into it to self united at it in its a both is his to its treatment and out the s with',[start] a chaotic system [end]
Lifesavers is a,b'hawaii music quiet money people up of states out more for people an space between heavy with than it of of all than a a that for you get',[start] a necessary item on any boat [end]
an accordian bag at location,b'contain world ground out off house with food over it with hair by an space of from on at in to someone more or at who is the on',[start] scotland [end]
buying something has subevent,b'tape a mouth than work out is hair as their with get from them',[start] work with an agent [end]
diesel has property,b'with more object in them up',[start] one of many product of petroleum [end]
i capable of,b'tape chinese mother people',[start] light match [end]
someone capable of,b'contain fun',[start] paint a picture [end]
Her long legislative record of expanding women 's rights won her a large following among,b'united it fun hand book an for hair the treatment a mouth you of to both who from about an up s that to in of that as and',[start] women [end]
red meat has property,b'sentence jam happy things their work cancer treatment the line life by law for their in in at you the risk and to the more of in with new',[start] high in protein [end]
overeat causes,b'united money',[start] poor physical condition [end]
you capable of,b'architecture home in an object about you person away than law people or treatment with an at up on that the self while both out are that than the',[start] ticket to enter event [end]
restaurant receive used for,b'gaining law',[start] intake bulk food item [end]
commit suicide used for,b'chinese law food than watch by treatment',[start] person without hope [end]
a ring capable of,b'object often finger book to be the house than its gastric for it to not by about his person to as of get for like your who it your',[start] fit a finger [end]
seeing exhibits causes,b'gaining money world night cold your food in their space what about to self in that that s s your a person of someone at who is and treatment',[start] surprise [end]
hospital patient not desires,b'model park store it new and exist you be person or defence that them that',[start] be forget [end]
sit quietly has subevent,b'fine restaurant door one all in person your treatment of person is object about an country cancer before of the house that for his one or your out as',[start] look around person [end]
a stringed instrument at location,b'healthy food world hair and depression together of all life cancer into the house what for the heavy than something more up it while who new that by with',[start] a string quartet [end]
most common hat is a,b'object country culture house off food and finger',[start] baseball cap [end]
go out in public has subevent,b'united it object up your law from this with a water an person or both the states as part your at both or in it in it be for',[start] you must be dress well [end]
mankind believes they capable of,b'changing life continent and restaurant of life',[start] conquer all [end]
mont blanc is a,b'jam problem law life at most people your space including out who restaurant your with about by with from in out who one for that both treatment up away',[start] mountain in swiss alp [end]
waiting tables has subevent,b'religious work country s hair a healthy together you the',[start] fill water glasses [end]
the roots q u a n t r,b'succeed person equipment the money about your people what at of people the money at to have when one about up when someone more who and be his most',[start] the moment [end]
have checkup has subevent,b'sentence object water at work that them for at more to water',[start] you get pill [end]
send e-mail used for,b'fine kitchen culture s water of money who with with as country out your person at be a at than it what like to to are over s both',[start] communicate inter-office [end]
a street sweepre at location,b'law out up night self water them people at at an effects as united that people it up about out who s that out or both of people the',[start] the street [end]
Curtains capable of,b'united work health and fine book off of united food disease between space than its treatment into is and as his as someone away the of an over to',[start] block light [end]
molecule is a,b'treatment weather water food at person who item for food of country than item away your book when heavy treatment up person it by person your s it by',[start] small amount of chemical [end]
play lacrosse has prerequisite,b'cards out treatment friend food on and neighborhood with all cancer s by at with is of is out away s from of one from are s that you',[start] have net [end]
take bus used for,b'hawaii food item them than treatment for states you might space and kitchen or the space including of more in and s treatment treatment or that that that than',[start] poor person [end]
french restaurant at location,b'tape work united music off food after an life including both them of your treatment cancer over by by as on are from on a on who its as',[start] many city [end]
seeing your idea become reality has subevent,b'jam gun concert in object you do and house on out by people away away you be of you it s or on out in your into person the',[start] the feeling of accomplishment [end]
maintain good health has prerequisite,b'steps money item place someone that chinese your world is day people with the treatment for an religious out your treatment at for in from one be and than',[start] get more exercise [end]
embarassment is to receives action,b'exist it fun off the cards',[start] avoided [end]
in anarchistic society there is a,b'deep cards cards a chinese restaurant out and house at a mouth through it person treatment s an self about who that in more about is s an along',[start] no leader [end]
the role plays,b'defence with self book s against people the law the the water for of more you get someone for new for very its part or about into that you',[start] compared to the whole range of old treatment methods [end]
tying your shoelace used for,b'pictures friend water one up you take you find or mouth a food and healthy cancer a out in you you a very in an in new by a',[start] keeping your shoes from falling off [end]
a grocer used for,b'changing sleep be use a defence up a culture than friend when buy that to play that with its of to both for in in its one when its',[start] Fresh vegetables [end]
television view has prerequisite,b'tape food food that law together including than person over treatment you at it on to work what into person from you you for very what at his s',[start] time [end]
guard at location,b'law out music someone for an healthy off the sentence together a book is on treatment your your food that as by of person is from both your and',[start] military base [end]
fortune cookie has property,b'treatment house cake hand',[start] give out at chinese restaurant [end]
going for a walk causes,b'object with day treatment sentence in them s of water down person up at you on about in of part by from people in s that for s in',[start] enjoying fresh air [end]
willy-willy is a,b'succeed thing water as them for object you be of states your line your book an food the ground that the united more to very from person by person',[start] dust devil [end]
works of art barrel madison avenue,b'seeing food object off hand than treatment as hair between life at and food into up up what an people up into at treatment with on the person are',[start] last week [end]
this legislation is,b'architecture healthy',[start] important [end]
Canada has a,b'somebodys finger player person good life up from friend for person between country of more that than it the part the world what by a that by on part',[start] six time zones [end]
know how stock market perform used for,b'contain country law food people on water who at your world to being on treatment away about at of more and object than it for to it your the',[start] technical analysis [end]
eating quickly used for,b'exist to place is a hair to a cancer your the world from that s than one when a be both into at with new in be up from',[start] airport food [end]
love defined as,b'pictures often them from them and clothe of this together who country what all people be an at one while person as its an religious up of both your',[start] strong feel there be [end]
dress nice motivated by goal,b'pictures',[start] the men to look at you [end]
the major carrier be serving,b'then book restaurant food treatment law a concert people in cancer health your line people from his hair cancer over while his out about about are s s and',[start] Las Vegas [end]
train engines capable of,b'deep weather defence key treatment them when object than object down out with water together',[start] operate using steam power [end]
cat not desires,b'tape house show money for united and culture before risk about their as for on you that as than in that you to your and what of s and',[start] live with dog [end]
movie is a,b'world person them out',[start] series of picture [end]
revolution made of,b'contain day food it its person',[start] sentient be [end]
celebrating has subevent,b'with in out for water cancer down with an the disease by of',[start] honor heroes [end]
'Life With Dexter' is a,b'cards a item be a united or world your',[start] a comedy radio serial [end]
destroying your enemy has subevent,b'paradise object item on water',[start] you might get hurt yourself [end]
water has property,b'object healthy problem item work or world day or in day for for treatment what a both with new s the by for than with you you than both',[start] transparent [end]
tape television show has first subevent,b'world ground problem night one your object out when water in this you you in the self on its are as his out up by his that a most',[start] program vcr [end]
giving a gift used for,b'changing think model treatment water as succeed of with both person be states your of of all out at in people for the both both treatment over about to',[start] charity [end]
Stephen M. Cutler was honored last night at,b'paradise water object with all them off out into to person',[start] commission headquarters [end]
a manila folder used for,b'jam happy off life mouth from states people up at day person what an sentence at be as self about who you one is than that at in who',[start] filing documents [end]
"Tested is past tense, testing is a",b'with object finger things law by tape the for it disease you',[start] present continious [end]
Debra Anne Klein is,b'law on it from food more who and self on at s to new between cancer',[start] their daughter [end]
a nutcracker at location,b'paradise country',[start] a store [end]
go to sport event used for,b'supporting tape concert mouth or the cards as this that person cancer that to the book over by a for his cancer between a at you the people an',[start] cheer your team on [end]
Someone capable of,b'somebodys kitchen person from treatment the healthy than object an depression with for people on part of to at treatment to someone that out that its over is more',[start] plan to go to the movies [end]
Large dogs has property,b'sentence water restaurant book in and self cancer that with be hair s cancer that water on it by your on it be that to person on than at',[start] affectionate and gentle [end]
eat has last subevent,b'religious hair food something it up to bus treatment more of more between your restaurant off while about is as the self the president is its most person who',[start] swallow [end]
semen at location,b'fine finger hand place about at states than hair a ground at and depression when an people you more more or from to part about one when someone over',[start] a porno [end]
A person capable of,b'pictures item quiet restaurant the ground off about all it for healthy in people for with by from the people that what a united it at new who the',[start] learn to read [end]
exam table used for,b'law house restaurant happy water than mouth to them for treatment s between self by by part an people it by by in of for by for the than',[start] write exam [end]
penicillin at location,b'healthy money thing on water be world at both of with you an item of of of in you your in an or to for and and over or',[start] cabinet [end]
some dogs desires,b'cards world house money your people it of as music of people down who most your country over with its as and with that that be both about at',[start] fetch frisbees [end]
gun capable of,b'thrombosis people day item new along treatment to world them who food who its to being who or person up it are from for is both are what you',[start] kill you dead [end]
March QUANT_S_1 Revenue QUANT_S_2 q u a n t r after,b'world bus quiet one the often that for them about out',[start] the latest first quarter Hope Brook Gold Qtr [end]
making people laugh causes,b'then be to a person by of with in into person than person your to work',[start] the atmosphere becomes lose [end]
write a poem has prerequisite,b'hawaii item world be it by at to united cancer risk s what what the with who from and with his along is part in by by be be',[start] get a pen [end]
spit causes,b'defence them music on them at to this for people what you',[start] fight [end]
open business causes,b'somebodys friend health country about food after people s people treatment than often off your in by it by an united with an jam that you for that into',[start] make profit [end]
write letter has prerequisite,b'hawaii money',[start] buy paper [end]
american life has a,b'defence them item place be get your item in person that united them on treatment or part into your to with one are with be to an to a',[start] get way out of balance [end]
see art causes,b'succeed often object for object and steps together to job with with the sentence about be by the people with s than open than a part before from with',[start] appreciation [end]
teach other person used for,b'succeed work concert item a restaurant from music up by and restaurant to self glasses',[start] share experience [end]
gazelle at location,b'mount succeed them off world item about as chinese cancer restaurant what to in you about in about away of your out are a both an on its of',[start] ivory coast [end]
horse has a,b'chinese water room your clothe something of one',[start] really good balance [end]
this used for,b'tape music book and model them with treatment of be of food in for its than his you and in on with his part as person the your treatment',[start] see wood [end]
flower bed defined as,b'defence knowledge cards states on at into be cancer of states out',[start] sometimes flower garden [end]
see artifact causes,b'sentence world cards by space or people with a with all that on its religious about be an world from part at both or out as by as more',[start] bad reason [end]
enzyme is a,b'neighborhood job money his healthy person for an life with all and object or at are out while s be an along on people be one at up away',[start] high molecular weight molecule [end]
divorce capable of,b'object item tape with on in that people over from in at and restaurant including treatment in person what about an religious what while be is as in a',[start] include custody agreement [end]
howling with laughter has subevent,b'contain concert cards m life with that treatment than gastric and culture that for your mouth as that you an as that as are your about over out as',[start] crie [end]
14 reviews included,b'neighborhood gun line them of the cards on what by law be be to to more from are up it be person when of into s in s into',[start] in this review [end]
mouse capable of,b'contain music succeed and law together from for object more treatment that people by part your mouth a people as get you and you at you by than good',[start] life on grind [end]
dust at location,b'neighborhood water house something of people a money between sentence in cancer cancer',[start] under bed [end]
Antowain Smith cut,b'cards person work food it at more away by with that item including with new a in a out at about are you your person with its be into',[start] wide right [end]
join army has subevent,b'contain home day item in self jam than treatment that united cancer treatment as heavy or that on in one for an of people on your into than part',[start] go to war [end]
seeing a story has subevent,b'defence in water about part treatment for to you away together s from be from be on more on the as than is more while both by from with',[start] turning a page [end]
stand up has first subevent,b'law country of both to a friend you and cancer at person and gastric up s from as a also the self than by to person with in that',[start] plant the feet [end]
a picnic table at location,b'jam fire country from work be book including that line out away that world from to might you are with in in from for its an in a by',[start] at a rest area [end]
men with lot of money has a,b'pictures hair cold at a quiet together of with both with at cancer on part between be what be it in on and part an person over from than',[start] nice car [end]
fall has subevent,b'architecture house happy game people from money',[start] you break a leg [end]
celebrate has subevent,b'law food people about it your country between both or in them the sentence who treatment or out that into both into are both is person at its are',[start] special achievement be recognize [end]
a magnum opus new york,b'mount jam',[start] American identity [end]
Champagne seems appropriate to,b'fine clothe day hair and fine by item than law treatment at out into by at treatment in and with of its what the object an item while it',[start] QUANT_O_1 this splendor [end]
The secondary directive for machines is a,b'jam park on object at be chinese into with it your water than on to for person with his for more or of as person what an states by',[start] : Obey human commands [end]
the House had,b'thrombosis healthy',[start] a 394 - 21 roll call [end]
an erection causes desire,b'architecture hair people in work away off at with from life on out of more for its treatment over when at one than person a a to the both',[start] masturbate [end]
roller skate at location,b'cards to room an book as this away about both and of by it treatment more between of its both are and who you that it over than from',[start] skate rink [end]
One impairment a person might has a,b'united house law out or model about chinese a money of restaurant a world on person than them the pictures to someone about by your s both over his',[start] is bulemia [end]
obstruct justice causes,b'with to on you to its than s on it with people to them with from with it over at with when for his for you s with the',[start] get arrest [end]
the impact of the latter is,b'steps money out book to love and world of object off your kitchen on their it the religious of person the in in what to one with for of',[start] modest [end]
handle proposal motivated by goal,b'neighborhood food food for water you person a mouth for for in s is united',[start] do your job [end]
having fun has subevent,b'united place work by in new treatment who treatment up in for into is an united who more your by his who the to another and is are both',[start] enjoying company [end]
hi-lighters at location,b'treatment treatment clothe by music on of world who book an states at world an law about with out out that treatment and religious his them you as like',[start] a cabinet [end]
its proceedings take anywhere,b'gaining cards people be both states in all up over in it on into it at in by of with his as be what of about are is that',[start] place [end]
kiss someone causes,b'tape music world hair more you eat the united the gastric cancer down you have from like what very its into about with your good over is for from',[start] lipstick smear [end]
data concerning,b'somebodys object money from person the thrombosis in to more treatment that at more over from of the united be who over his as in into by both more',[start] the prognostic strength of current tissue biomarkers in the diagnosis of colorectal cancer [end]
empty boxes at location,b'against law people an treatment what is sentence along that united than treatment from that to it off you about his be an jam to an also in that',[start] a waste bin [end]
philosophy of mind is a,b'changing problem model depression person',[start] subdiscipline of philosophy [end]
waiting tables used for,b'exist heavy friend place to to both for in a food treatment off that item s into s it or it by what out more that in the to',[start] giving people food they ordered [end]
lp record receives action,b'religious work house at get to like this an defence down that clothe by about who over and and into to have is person as you person you more',[start] make from vinyl [end]
gas used for,b'treatment friend show person on more treatment cancer to united people to country between united you into a out at an restaurant what who both and one you in',[start] use as a fuel [end]
educate person capable of,b'steps friend concert it people at person away by money by united s person than treatment by s the religious while its to its one an with at on',[start] face hardship in life [end]
get exercise has prerequisite,b'sentence person tape house of this than with what for it on an the food or by who that into person what you have out and on people at',[start] play a sport [end]
Hong Kong is,b'healthy country day finger down on s food what both object is life to different states between with about on treatment more is part into at at your both',[start] South Asia [end]
debate politics motivated by goal,b'contain park or tune in its model from people than music into an space your to you and them it up your most the that to you the on',[start] have good laugh [end]
light match has prerequisite,b'law home with an mother a hair through in you it your of of a chinese with another or what more you a its it more by it are',[start] find something to light [end]
The governor 's campaign aides offered,b'sentence quiet sentence mouth for object is world up by object off out in on treatment a object on into are as all your united both or people or',[start] a quick retort [end]
chewing your food has subevent,b'then heavy world others at are be self religious than healthy about an house out of part on as of of one about it in on up that both',[start] you might spit out some gristle [end]
see excite story has subevent,b'cards concert treatment healthy on and law between with into as person into what you your them about to both between are be at the an s up or',[start] hold your breath [end]
monogamy is a,b'deep people child house in self treatment treatment off about on risk out treatment',[start] relationship between two person or animal [end]
go to a party has prerequisite,b'hawaii item health book in of with water in the food with into an day including for be part from to one in is is s be about in',[start] put on nice clothes [end]
glasses defined as,b'cards money health world team as world for its object for it on than an to that away the states as by be who you into is is its',[start] a group of glasses [end]
the company clears only,b'thrombosis clothe m office life in restaurant off on food over by people you get that part an against that s more at you get for into or as',[start] specific hurdles [end]
celebrate has subevent,b'with something a work in that by person that in in that to someone the states who up about your both between the out or into of person while',[start] band play [end]
A person capable of,b'model door people into place are the fine in this in in in all s be are for what to very this for you its an states that an',[start] twirl a plate on a stick [end]
get some physical activity has prerequisite,b'changing problem door off house your people than person it in it',[start] run five mile [end]
horses receives action,b'object room health person people with both person about your life you one up than hair as as with are a jam by about in his treatment as an',[start] trained to jump over things [end]
piece of trash at location,b'healthy for object to work a person from one with from with treatment from both cancer before away for person s with an disease of be out that people',[start] on sea [end]
someone capable of,b'succeed with water that treatment and life you what the music than water cancer and treatment who you you new between out off for for on for and into',[start] hunt wild game [end]
nashua is a,b'cards book item the jam person off together system a book in states your treatment over an country out what an sentence than with an book of more about',[start] city in new hampshire [end]
fight capable of,b'cards person them s food over',[start] make person upset [end]
jewler capable of,b'contain hair room it work and cake including up up at the space over s a sentence up into people than them what his all what his treatment an',[start] value jewel [end]
sloth at location,b'architecture work them of mouth the object that states is hair to treatment s person by its that you into or on be you to the over when who',[start] burrow [end]
telephone at location,b'thrombosis music friend house person when be in person off with one as to part what person what something for you of by into about to someone be the',[start] earth [end]
convict suspect for crime has prerequisite,b'religious water quiet at night an culture',[start] gather evidence against suspect [end]
many hats contain logos which has property,b'exist his mouth with part out up more s them by people in your health when who be at at s what who s on into s up a',[start] esoteric in nature [end]
Overexposure to the sun has property,b'healthy friend often your hair off',[start] harmful to human skin [end]
drink used for,b'deep object food at you that for at',[start] quench thirst [end]
change society has prerequisite,b'architecture in room your in be what who as its of their your to it you at at at an than for person that more while with of its',[start] define society [end]
meet interest person has prerequisite,b'gaining chinese day life for world to object when to jam what as money or a the item the then your item while to make get get of with',[start] you to leave house [end]
write story has subevent,b'healthy clothes healthy to the money for in your line food what a restaurant including on good a mouth into as and person than and for in of as',[start] gather paper and pen [end]
a group of mourners at location,b'changing finger with space as jam to airport at states is finger or person from the ground on about more out a food from like on to it in',[start] a funeral [end]
hairbrush used for,b'hawaii depression of law of states is clothe as object about you s an with be a country up it about that s on new for of for its',[start] brush your dog [end]
Some people has property,b'religious healthy hair than in one in with treatment off cancer s what of their you from and with as are both an then for what his to get',[start] afraid of dogs [end]
find lose item has last subevent,b'contain water of one your current to be both by one a clothe between also to an person when something that it that on in who are an more',[start] give it to owner [end]
person not desires,b'then object s often new at',[start] angry parent [end]
Americans has property,b'united concert food friend one what about all people to space what your hair who on at you person up at as good an between in to get his',[start] proud of their heritage [end]
A roof defined as,b'mount tape sentence in this as country that cancer life what and with people between that as of on s out cancer or by to that by is about',[start] top of a house [end]
playing the violin used for,b'deep hair country food about a the restaurant for work about to be people more who and into you are while you for and from his between up it',[start] the joy of making music [end]
woodwind instrument at location,b'against be them the person as work',[start] concert band [end]
a cottage used for,b'somebodys healthy states be hair or fine states that clothe about what on be that be someone who you and are while out up over as new your it',[start] vacationing in [end]
dress and pasta is a,b'model fire happy or model up together product and exist down life or kitchen about both them on the succeed your united on part s its of more it',[start] type of food [end]
gold has property,b'exist something be call in and law in for both the united that for your a about when the person from who you be your that is into a',[start] shiny [end]
fishing causes,b'thrombosis finger model door of friend into states cancer animal as restaurant between of that country your food more over you a jam of one up than most a',[start] having fish for dinner [end]
going to a performance causes,b'tape music restaurant to an weather down at and jam your book what who in into an both than you new is an religious up the that at a',[start] joy [end]
personal slight causes desire,b'object them succeed book an country through world them over for object by object you the states of people be part that about of an self it at you',[start] judge someone [end]
clamp used for,b'succeed water with one your object or person up to friend',[start] hold object together [end]
white key at location,b'religious friend house things the item by united also out for water by to work and out on into more at it up the both as an for are',[start] piano [end]
a lady capable of,b'world healthy food out game at on as for at your object away off you with than is one up from like and at about and the out your',[start] receive a love letter [end]
zoom lens used for,b'paradise book line in it off down person in for house at with all at both people at the united is your item you an also more person what',[start] see distant object more closely [end]
one food that may receives action,b'neighborhood door restaurant out for hair over what to object or states by that life to quanto1 as it to get his from be you someone or the between',[start] put in pan be sausage [end]
fight war motivated by goal,b'model store city person work in its chinese is law to succeed about as country into person when by is both person than part for and from its than',[start] we be invade [end]
curtain at location,b'somebodys succeed day item of person at night about for people off that clothe including into from with with one about to in part that a while what it',[start] the theater [end]
Richard S. Tedder is,b'sanction hair object for a country your space who and in it treatment up who person to that about over who out who for part than its part that',[start] Dr. [end]
use calculator motivated by goal,b'pictures thing concert for money on out your united day treatment for their cancer as heavy your on than to on with about it that are a with both',[start] do math [end]
Fungus gnats has property,b'gaining healthy line a chinese with food out down out the cards or law treatment the world be very to someone than and in at part about what you',[start] annoying [end]
spend your time on this site causes,b'world car be very country of people up into from your day over more with it in as at as the people more away from in what a both',[start] get eye stain [end]
success causes desire,b'pictures',[start] have party [end]
soap used for,b'treatment world day object by space system cancer',[start] wash your body [end]
fish has subevent,b'chinese hair restaurant book out and also',[start] peer into water [end]
vomiting is to receives action,b'changing day line up up you sleep or gastric cancer player by clothe treatment what the culture up an with are about with new more by the people with',[start] avoided [end]
a sunglasses used for,b'exist out them something something like and mother cancer or water in that them about from on are in who with of on for its by while into is',[start] protect your eyes from the sun [end]
see your idea become reality used for,b'object object friend the water s united cards people that cancer on',[start] attain goal [end]
give clue used for,b'neighborhood kitchen money people or country for self cancer up',[start] help guess [end]
a choker used for,b'object money them with heavy it more both item',[start] wear around your neck [end]
monarchy is a,b'deep them door book and chinese that states with on more in treatment treatment about s your with from and both over from s at are more before your',[start] old form of government [end]
some thing only work if they at location,b'sanction person day restaurant life object is book treatment together than in by all for of at or an the out over more both who up as that than',[start] right place [end]
exercise has property,b'healthy restaurant people a line s treatment up a water person with someone a restaurant s is its you the in both an people your to the by you',[start] fun [end]
downspouts are,b'somebodys chinese world knowledge',[start] clean [end]
human interaction is a,b'neighborhood kitchen states of restaurant with as world with an world between food up on most about and and cancer what you get his and the in you like',[start] game [end]
talking to someone has subevent,b'supporting item clothe food money over into space to to their people to both the country on of the to both out of it your a what is you',[start] make an unusual face [end]
buy a shirt has first subevent,b'chinese fun for your mouth off you be the object about of object is to his for an them more are more it a heavy someone over person more',[start] try it on [end]
2 Diabetes Mellitus is,b'healthy thing quiet their current of and jam cancer states in cancer',[start] a chronic disease closely related to personal life style [end]
anteater capable of,b'chinese fun on their its restaurant the house before and food from life out a money at is being your in it your s that than that person to',[start] eat ants [end]
Most of the animal skulls are the result of,b'cards law day space a restaurant s the item as for cancer treatment what s than your a item who his that that as into a and person when',[start] culling [end]
obesity is a,b'seeing house day current treatment of depression person than the law out including about in and people when its this up in than an self to it is treatment',[start] correctible [end]
different breeds at location,b'somebodys law hair you see you that',[start] dogs [end]
moisturizer used for,b'then be happy his clothe of life for on their by to most a food who a it is to have like something an united the out into an',[start] spray perfume [end]
The bottle is a,b'somebodys person hand restaurant it the ground disease out or treatment s and model and space up out when that with is for with that are part a this',[start] casting a yellow shadow [end]
person be kill has subevent,b'architecture your clothe money and day up your to good treatment or their object on and of people on for new treatment are as be who a your in',[start] that person be damage beyond repair [end]
watch tv show used for,b'law and child person about with a culture off from for at cancer people off what it be out your than most your cancer to something the this as',[start] pass away [end]
meteorite capable of,b'sentence ground restaurant up their restaurant over what as in be the people by into you by the self a treatment the for someone it for at be over',[start] near planet earth [end]
climb mountain has subevent,b'cards thing concert with an day or restaurant you both of food and day cancer disease together on the than on an along your people over is person your',[start] bring oxygen tank [end]
Mercury is a,b'fine jam country people treatment country s united thrombosis restaurant what a united treatment with someone that cancer from on his object off at like are you one the',[start] about two-thirds iron [end]
reading a newspaper causes,b'succeed fun',[start] understanding world events [end]
tell story used for,b'against hair concert food by house what who cancer on its clothe of them what that with someone than on it over at from its it about are an',[start] make person laugh [end]
a control room used for,b'then chinese finger food to like of one you more together that food when both into who in person away out with with what with an out when into',[start] checking up on people [end]
a courtroom has a,b'sentence united often that their to like out by space the water down on them when by be its that into what in new or more about when an',"[start] a witness stand, [end]"
solor system is a,b'steps money item with in one than mouth s by house you for people at people away down an in that as who your you into more about for',[start] wonderous thing [end]
The doberman is a,b'sanction healthy life mouth your ground by ground off your mouth who out is its in both who out you are it person of are both of and its',"[start] a loyal, intelligent dog [end]"
someone capable of,b'fine ground hall hair up of states the',[start] eat a sub [end]
see a movie has subevent,b'tape people treatment the person on most people who an problem over out to both at are out by and that its part together',[start] watch and listen [end]
having fun causes,b'world often country law with being an states up on people into be treatment over and of in be to that treatment your object over or person a united',[start] get a criminal record [end]
execute fly kick has prerequisite,b'sanction country water one person person from food or the healthy a line as your life you are about about it what who out over of be a more',[start] get run start before jump [end]
The German-English Academy was founded by,b'defence thing money your sentence a ground out than people including an effects',[start] a group of Milwaukee German Americans in Milwaukee in 1851 [end]
a bullet used for,b'succeed place of treatment united item on them what a world about on at into its it what what what to more for of what make the and both',[start] shooting people [end]
a baggage used for,b'neighborhood ground happy',[start] checking in at the airport [end]
Toyota makes vehicles which has a,b'succeed music united law at that self self united with of item from it in its be both people at of your into be new are it by one',[start] alternators [end]
Revenge of the Nerds II defined as,b'religious item healthy things one them',[start] sequel to Revenge of the Nerds [end]
something at location,b'supporting hair house water an for the treatment of and day an in you person that into who in new and to its up and by be than it',[start] open pit mine [end]
room key at location,b'world something someone on work more up at while on',[start] at hotel [end]
badminton defined as,b'gaining tape chinese night treatment restaurant you world to chinese than others from than that be what it is most or by his most about is who out of',[start] fastest racquet sport [end]
a person capable of,b'hawaii clothe world bus of in object down you its space together up into with that into of the then your than and that by in are treatment than',[start] swim in the ocean [end]
some mistake is a,b'gaining house hall person new with an object into the sentence out than place what that be to one at an united who up into more up when you',[start] not correctable [end]
attend meet has prerequisite,b'world place work person in like s of from an and depression on cancer s an into about be with are than from by person who from a out',[start] get dress [end]
sunny weather has property,b'against his sentence life treatment a water up an the',[start] considered nice [end]
metal has property,b'against money life treatment book together that chinese about or tape out your in your object is on s you be s an into person from one into about',[start] hard [end]
eating causes,b'world music restaurant thing house is for united states who its hair what as at both what than people away be from on on are the you get from',[start] becoming overweight [end]
MDMA at location,b'exist be friend at for new',[start] a rave [end]
baseball field used for,b'gaining place place and tape than the defence is treatment over your treatment of to its most and be and an at his your into be over s with',[start] look at diamond shape [end]
the Clintons to q u a n t o,b'mount world',[start] the retreat [end]
swear causes,b'tape music food out or mouth when chinese it to watch of at this that its into and it an cancer cancer including by both over out you and',[start] make someone angry [end]
watch a movie has prerequisite,b'succeed be model hand country is with both book to united object you to one while of as about at more more be s more when in your are',[start] turn on the tv [end]
commit to memory has prerequisite,b'pictures money thing place up up at a day out to kitchen to watch by you both',[start] think very long [end]
an approaching car capable of,b'against world hair water off person or tape from person the clothe of risk',[start] hurt you [end]
coins at location,b'with that music be are on from most to at s treatment you you away up than new away away to from s than good up into it that',[start] a water fountain [end]
a computer mouse not has property,b'thrombosis sentence defence the fine together out through object who united them at risk your people into what with good is at s on for of of a the',[start] living [end]
bill file at location,b'architecture in water with the them on out what or that by by in into from an or are into of it your treatment to that its for with',[start] accountant office [end]
This is a,b'sanction law person than the day by that at on out from to them for most in a of from part out it when and into that that or',[start] a bottle holding a orangish fluid [end]
Onawa is a,b'cards money object money to more to hair when one a house down on s at are on the the along into are is an s your person by',[start] a town in Iowa [end]
an audience at location,b'supporting person equipment restaurant and day about be s or life up up in most a both that to it what in from at than is into what by',[start] a show [end]
go fish causes,b'defence country treatment',[start] have fish for dinner [end]
A pain causes desire,b'chinese chinese world water treatment law for them out a country as hair cancer for you one of new to might give get that be with are and for',[start] have an examination [end]
take oath has subevent,b'fine cards model gun in water and the for with both life out cancer up with at into be than person what is more about or a united over',[start] touch bible [end]
selling your new book causes,b'treatment person law over that music when them as self treatment in to you want with as the states the self both up be what of you on a',[start] earning money [end]
Compassion and wisdom has a,b'healthy for one more something make his on more what about a space an depression to with into you might person by into it his that his your most',[start] a positive effect [end]
Ms. Ephron is,b'fine house model restaurant money at of this a restaurant who object over it as hair over a treatment on and to quanto1 be your people or a person',[start] a novelist [end]
black-capped vireo defined as,b'thrombosis hair tape current music over s house with treatment in both of a the s on for of your at from an between of are with than on',[start] Vireo atricapillus [end]
number used for,b'changing life cards object on in and contain from space them together than jam from life is your treatment when part at both between your a treatment away an',[start] work thing out [end]
wait in traffic has a,b'neighborhood problem finger animal money between clothe the cards life health life down the healthy cancer as out be and for part treatment out into you in what its',[start] high economic cost [end]
you capable of,b'seeing item object',[start] drive onit [end]
person not desires,b'tape healthy finger person more self jam of one for and the book to an object into s one off up it at more an part when you with',[start] bad luck [end]
get contract has subevent,b'architecture item door money their states an day about out is book about s than at be person be the by get into his s an states out or',[start] sign contract [end]
person not desires,b'paradise finger health hair them than chinese for a neighborhood by house by to to most treatment what who that out s at on what for be his that',[start] be drafted into the military [end]
someone at location,b'jam water',[start] the compost pile adding yard waste [end]
something at location,b'contain cards thrombosis key item is with this between in restaurant a house on for it at both together at your both into is by of it as in',[start] in newspaper [end]
fruit at location,b'model clothe in book than the depression up including for world on a friend of new on up to at up out out at than people out about a',[start] kitchen [end]
A dog capable of,b'law your in more to at of in your world than their more is his at who out from up what as new s the it when for the',[start] eats dog food [end]
hippies in april,b'tape be item with something his health by people in on an book or both on from to like up what person for on his a with its are',[start] that year [end]
pacific ocean used for,b'thrombosis concert tape music up than hair at at a with on an jam your health up person more than more over person to one up as you have',[start] swim in [end]
David Spade is a,b'jam healthy door food food the door between them more along is with the with out to it up than something be its both out about from the into',[start] not God [end]
run in marathon causes,b'object place for person who an world for this more about it with in from people in than about of your out your s person on be for you',[start] complete exhaustion [end]
sofas made of,b'tape person concert the mother the treatment',[start] leather [end]
Apartments receives action,b'against law food for part between law what s of food treatment that the chinese person a than both and all as more that like of of more person',[start] built on the ground floor [end]
there is a,b'seeing healthy animal law out over the world water person out cancer out and law than part to like are treatment into what the more with and than is',[start] bury treasure in carribbean [end]
Chickens not has property,b'thrombosis country water of your world into be your clothe',[start] allowed in motel rooms [end]
A private foundation seeking to revive part of Newark 's blighted downtown is to unveil,b'steps food person to being to one before about as succeed together in in for your by at on person when his at in the more is for than',[start] a $ QUANT_O_1 plan on Wednesday to help transform the area into a round-the-clock neighborhood [end]
go on internet has subevent,b'thrombosis states with music by law treatment together including about out off and united them to quanto1 more as for with what to both the s is with it',[start] spam [end]
fire capable of,b'exist for food by one in person out than country s by people that than hair s more who your than in the part from about by it out',[start] cook vegetables [end]
"To ""act"" defined as",b'with that music people is it s from an disease into up into with than both',[start] proceed [end]
The Loan Deal goes through on,b'model happy door person be succeed your house by hair out away is space by self a part what one away your food on of as new both s',[start] Oct. 6 [end]
kid capable of,b'object people hair up the the food or s states including out you an with as an into at be s away is person that you make into from',[start] be brother [end]
job is a,b'jam healthy',[start] student [end]
desk drawer used for,b'chinese bus world place be get have person his depression is space with very that than person an in be an in by the united its is are to',[start] hold item use by office worker [end]
can receives action,b'neighborhood money water for someone are treatment the culture from the line a country you in get more over an religious to good you with your and who both',[start] find at theatre [end]
A comforter is a,b'then object s hair on it with in treatment off into as treatment off at treatment than for more in with are your as his out in with for',[start] someone who gives comfort [end]
run has prerequisite,b'cards music clothe your house and chinese',[start] just do it [end]
The Concorde supersonic transport is a,b'fine water quiet heavy night states is world or mouth by food up at most both part of a out you like the along over by is from of',[start] a beautiful airplane [end]
Elan Pharma conduct,b'jam food people to person and mother from treatment or healthy to object and succeed up into out off be about be about of people or for it for',[start] marketing efforts [end]
Many offices has a,b'healthy restaurant line be hair them up from states than water s an finger away more the hair more over for someone while one about out for person on',[start] canteens [end]
I has a,b'religious quiet country in this both treatment or music up including on treatment you of risk you into are an food over to an treatment it on at a',[start] too much junk [end]
bone at location,b'succeed money',[start] church [end]
bulb defined as,b'sanction item united healthy them to cook in in be out',[start] seed of some plant [end]
a baritone at location,b'somebodys money world house money to fun of object or restaurant to like for its its and treatment away out more out at with another that treatment from into',[start] a singing group [end]
xml is a,b'religious friend water be the restaurant into by it in people for water to light be be are by at as the people for both in it is out',[start] modern interchange format [end]
Steven Lonegan ran for,b'supporting room quiet country up from country at be on',[start] governor [end]
Brake lights has property,b'paradise succeed restaurant things food than tape on its states on of diabetes up away out when your friend away more into both to to person a into an',[start] red [end]
yard used for,b'chinese world line money his model your item than music out the culture over that',[start] distinguish property ownership [end]
clean your room motivated by goal,b'cards book in space out with s out by s united with than people by part s that be by from by from to in are it or your',[start] it be clutter [end]
a diva at location,b'jam park cancer restaurant together person cancer and',[start] an opera [end]
wait on tables has prerequisite,b'neighborhood time water as to the object from as treatment up from on',[start] get a job at a restaurant [end]
cash and credit cards is a,b'sanction healthy animal often heavy often',[start] two ways to pay for things [end]
take stand used for,b'deep them object a restaurant your ground through part',[start] get what you want [end]
Recent research at the Medical Research Council 's Environmental Epidemiology Unit is showing,b'law your united pictures them the world what by with all than and with it than on on an person s to its as is of than up on',[start] that impaired growth in fetal life have profound long - term consequences for health in adulthood [end]
a sound used for,b'hawaii succeed happy with people treatment by person and item a country into with at for and you both before than it are both are of its by than',[start] listening [end]
skeletons at location,b'united world often and hair when of risk what very problem of be law over you want more on is of someone into be for by both of about',[start] a museum [end]
the cop capable of,b'contain hair united one of part about his them more person than it',[start] direct traffic [end]
Light in the window is a,b'thrombosis succeed clothe or defence the country off in on an succeed including about at s on at is about from by what your it are and an to',[start] a sign [end]
motehr capable of,b'succeed with them for this them for them s its country treatment than new on most that by is you you your be an states on is from on',[start] sing to baby [end]
a toy car at location,b'seeing clothe program program for clothe a country cancer into or law than object who that over that into are from about as new from from his or you',[start] a house where children live [end]
drive to work causes,b'jam problem day ground world of united united food into space in food between then to good and law what someone over it that on from who to as',[start] promotion [end]
notebook used for,b'sanction united line you live up over for someone',[start] keep note [end]
the law takes effect,b'cards person concert food food to a culture down for for food and out away than most from you about who and your a one of his more with',[start] Friday [end]
The 4MGS was,b'law work often and heavy law off and cancer life as at a law at of your with by by in in to someone away or it an on',"[start] the 6 min walk distance ( r = 0.477 , p < 0.001 [end]"
attend rock concert causes,b'chinese job country by united part when food by both by its person more is new you with at more an with what is to make while when be',[start] hear loss [end]
notes at location,b'exist a jam in all a day that',[start] screen [end]
bug has a,b'hawaii',[start] leg and wing [end]
student capable of,b'sentence room day people by heavy a food or people up or music out the self for their in most at that you be that like it and with',[start] learn about literature in school [end]
a neighborhood map used for,b'deep in restaurant water water up is in part up over a item about be at it over up over it by more more be by one what a',[start] navigation [end]
watch movie motivated by goal,b'defence child house hair something to an house a culture what one that s into in for one more the most that into the its who who and more',[start] review be good [end]
Safety pins is a,b'pictures house with world and thrombosis into by to united at an the item cancer',[start] sharp and can stick fingers [end]
meet person has subevent,b'deep band often the states and sentence treatment your item',[start] exchange pleasentries [end]
turn something off you capable of,b'paradise states clothe on for object at them by space or the item together more over at by who by out on are be you an united about that',[start] this to leave [end]
child receives action,b'religious chinese job on his restaurant on world and the money for work from be the self more in from of of more to his more a your from',[start] teach to hate and fear [end]
one space shuttle acronym is a,b'paradise person finger person that water the in most for people and door in a united s with someone over for what out a treatment your more is is',[start] adi attitude direction indicator [end]
jump up and down has subevent,b'thrombosis',[start] break leg [end]
fountain used for,b'model cake treatment restaurant happy from person book what people cancer day out up about for both over more for them that in one for for you of by',[start] dispense drink [end]
water at location,b'world water thing money you go up the object are s the for its object s are for the self at to new your at someone it over over',[start] a bubble [end]
Chewing food in the mouth defined as,b'exist world object money off water by music your in person treatment off you his water into into it as you do of in to of an and you',[start] first step in digestion [end]
someone capable of,b'cards treatment water the food you',[start] create a new form of life [end]
Valentina Alexander emerge from a haze in,b'tape food',[start] Zinda Williams 's stunning African costumes [end]
coreometer is a,b'seeing hair hair than music in at or jam between sentence through cancer in at your food than to more you your both treatment as a from who be',[start] pupillometer [end]
improving yourself has subevent,b'model clothe for a day their',[start] join others of like mind [end]
some flower has property,b'exist on house the law what is hair cancer the money an book on treatment your of its as be both that for the united from from by by',[start] edible [end]
Most people desires,b'with hair united it good it s as up what about who at your for people over while what it that a of than and both and people in',[start] have friends [end]
you shake has subevent,b'sanction fun health and contain their cards on a depression between thrombosis up and the in more while as people for by your the it more out what you',[start] rattle it makes noise [end]
rain storm capable of,b'contain house time or object as kitchen is restaurant at treatment on be world is both including by its religious a object is than a heavy with that are',[start] water lawn [end]
Music causes desire,b'supporting food cards to not away than in out what a sentence an chinese and be be about out who for both for an for into be than is',[start] relax [end]
make patchwork quilt has subevent,b'deep hair country money of the cards in you do by for more with what on it or its of who your of than good and out out when',[start] cut fabric [end]
person desires,b'tape it clothe that water off s by than world at of the in this as person while more into the along your into a part than for part',[start] anykind of sex life [end]
subway token used for,b'with an united your of be on new from to being as in both of by is into its you from your be than by new while to in',[start] passage on subway [end]
Pittsburgh and Boston both has a,b'against chinese day sentence states of the object from country including into the healthy cancer s of people up of out in what when one treatment the at by',[start] old things [end]
reach tentative agreement has prerequisite,b'gaining home treatment hair people who often treatment at their with the food more over on and its be is as someone more with and about than something s',[start] communicate [end]
cannabis at location,b'united united concert one them from more out with of in all a water treatment s is on its people into for person the this the your that are',[start] growhouse [end]
it receives action,b'cards book states with food a day s with in life up off out out more on a music with what his an political from good away to your',[start] clutter [end]
anyone capable of,b'sentence people clothe house and mouth with one treatment for person together disease treatment of than one out your country out your as person your person than like the',[start] judge person [end]
a dancer capable of,b'cards to the for in you to people the jam over into by cancer or from on from up what up s of who on its more over that',[start] dance in a competition [end]
map used for,b'steps money world one be place to fine than kitchen than mother as food or both you into on in more your both between up up it what someone',[start] locate rest stop [end]
The U.S. increase aid for,b'model food states you to you are than united s that healthy the item what out into more treatment a all a at that that as as someone or',[start] birth control to developing countries QUANT_O_1 [end]
get some physical activity has subevent,b'sanction money food for the water of money with you to watch about be on s a at you and by a both be and s what s more',[start] improve your health [end]
bob dylan is a,b'hawaii ground with country it of self the mouth from a law disease up that of s person what a s as like it up on and part by',[start] lowrider [end]
clean clothe has prerequisite,b'paradise house happy money',[start] find dirty cloathing [end]
at top of arch is a,b'object water item up you you have who for in their book to an then s more you a are when an object out that than is into are',[start] keystone  [end]
a restaurant be named for,b'sanction tape water be you want',[start] its address [end]
food receives action,b'defence thing money or food together and object on food treatment between for of in its an against who person an s from into be more over at at',[start] purchased at a mall [end]
San Francisco has property,b'healthy world concert them your people an sentence as in their food together of most over an for more while your of than the this the s both for',[start] close to Oakland [end]
elephant has a,b'steps money',[start] leathery skin [end]
a library used for,b'jam country cards of clothe people or cards cancer up of item for self with on you that your object and both your into is into who of by',[start] reading [end]
attend lecture has subevent,b'defence to a house for most to its the day at your by at as than new of that an the as person of and from with an in',[start] sleep because of boredom [end]
go on internet has last subevent,b'sanction sentence fine money out is house disease or neighborhood of their restaurant down people together s be at on with its at more at are about about on',[start] enter address [end]
send criminal to prison causes,b'law work thing with a restaurant that clothe before and',[start] good society [end]
condiments at location,b'exist heavy room with heavy more treatment and clothe is jam about at one in it with who both into a treatment and one in for to one out',[start] at dinner [end]
deception has property,b'paradise money book house treatment about water book as fine a often',[start] bad [end]
great athelete capable of,b'defence in object for his life over is restaurant disease',[start] smoke competition [end]
become a scuba diver has prerequisite,b'cards person house book person in you treatment treatment cancer on at be into what of than with with you a person up to his be a out over',[start] learn to swim very well [end]
a finger used for,b'paradise states restaurant on a house s them or weather your treatment to be religious are treatment of someone are both or his the on into one off is',[start] wipe tears [end]
win baseball game has prerequisite,b'architecture world law to its at treatment is object at',[start] play baseball game [end]
Lois Epstein is,b'model water line at in it and contain while with object to water as chinese be for on people off the cancer what the that people the people on',[start] an engineer with the Alaska environmental organization Cook Inlet Keeper [end]
something at location,b'pictures life world something and object by book with food in treatment what at treatment about for about more the law with are at is in more more with',[start] top a mountain [end]
low animal has a,b'contain item law as law out the culture what all in to work',[start] few or no emotion [end]
pay bill motivated by goal,b'gaining them',[start] stay out of trouble [end]
castanets used for,b'paradise hair',[start] accompany spanish music and dance [end]
entertain people has first subevent,b'cards sentence restaurant item to self in them on you life for into between than the along as it on a cancer an sentence his who as more with',[start] put on music [end]
go to bed used for,b'paradise tape thrombosis life person your house treatment treatment that with treatment up from an house for the object or who and cancer who into as what a and',[start] rest and relaxation [end]
spacestation mir at location,b'pictures thing house food game as metal over than restaurant over cancer in an treatment from both than self in one treatment at for it who out as the',[start] orbit [end]
you eat when you has property,b'hawaii item health money food as law system and restaurant what as jam or united out your into as with be out that to for for you his at',[start] hungry [end]
learning used for,b'gaining sentence model',[start] inreasing knowledge [end]
Mora became more of,b'united law people to quanto1 on for s both with one an restaurant your for into than than new of as what a most in and at by and',[start] a fan [end]
do crossword puzzle has subevent,b'law work house hair as your person in all treatment your money on on be with for are out what to for the risk into both is both is',[start] use eraser [end]
read a book has subevent,b'paradise money people book or person cancer as water a jam up that in in diabetes of than more and for of more more what what s up out',[start] you might learn something [end]
releasing your energy causes,b'thrombosis software law person that food as world an object down of with it a money what about on both the succeed that for a religious a for of',[start] explosive power [end]
going to a play causes,b'steps person person in for new out than its of out at s than most of a jam the at about for and part away when one an into',[start] entertainment [end]
the Quinebaug River powered,b'deep object money people of be often as chinese treatment down in',[start] the QUANT_O_1 mills [end]
sometimes weather has property,b'object book kitchen something is restaurant in money down out you country from hair over more between it while what into on its a with new about the country',[start] bad outside [end]
Senior citizens capable of,b'against united object of both item what to treatment with of of for at the hair about you a out out away with a than more it in what',[start] enjoy good health by exercising [end]
telephone made of,b'pictures on object of restaurant a cards with up in cancer and world on all is both both an as into as like it at into s from the',[start] electronic part [end]
get exercise causes,b'neighborhood house country in life at you an in you as it an food an restaurant than as like is a both with with one are while is s',[start] get healthy [end]
a coffeemaker at location,b'seeing object with self hair the door that and self also out out',[start] a motel [end]
someone has property,b'law on in in you its as with an',[start] very good with write word [end]
a person not desires,b'seeing people thing a states in to night away into disease cancer up person what about to new out when one is at on someone with an out',[start] be dirty all the tie [end]
visit museum has subevent,b'model',[start] decide to become artist [end]
A student capable of,b'fine cards cards or model the mouth at this',[start] listen music [end]
Male martins use the song as,b'treatment world healthy your hair you you on the money from on their more on to might at of person away are be his at with something more up',[start] a to a mate [end]
a frying pan used for,b'healthy thing them the mouth up a cards s that',[start] saute [end]
Forest fires cause the sunset to has property,b'architecture law often up place up than healthy of this than house over',[start] very red [end]
apple juice has property,b'fine money on bus or defence what all who law',[start] refresh [end]
Floppy disks not has property,b'law on work is more from for them s most the to someone a with his who his your the of that about a the as into into the',[start] longer floppy per se [end]
build cathedral has subevent,b'pictures in object your line than treatment between in people into a hair over by to that into at who than you new over by one than new about',[start] architectural renaisance [end]
person used for,b'world food country on light up up to one by an clothe cancer s all up when for part to quanto1 you and for are his of it what',[start] sing with [end]
horse hooves is a,b'sentence world concert restaurant to not or for its book than food cancer a states the item as more your that to as out with by part from of',[start] like human fingernails [end]
swimming causes,b'with up model animal m house to states a ground with their you with all for for an at up from with be are from about your people while',[start] water in the ears [end]
rail at location,b'mount ground states law more self thrombosis between on treatment in space into that both both about over from it from by to from by his who and part',[start] flight of stair [end]
child capable of,b'gaining water states your restaurant the depression what his treatment that cancer in you an of as are to like is part than the and to like and than',[start] act petulantly [end]
suzie is a,b'gaining them door that friend be succeed is them in their water and the sentence cancer',[start] harold wife [end]
a pillow case at location,b'cards law tape law as heavy states or out for food who person up by an in all you a than as who or of is your over more',[start] a bedding store [end]
driving your car has prerequisite,b'cards country mouth up home who world out who jam on the object s an life for what from than into as by person at its by one or',[start] gasoline or petrol [end]
flower capable of,b'changing animal of night house about to often before depression cancer or ground them is model you as both',[start] continue to grow [end]
Michael Jordan is a,b'religious restaurant hair for for its music by and self for their into out off treatment who over of for s on an of into the in an in',[start] a good basketball player [end]
mole at location,b'contain person person than an with the law of with your water up',[start] underground [end]
milk at location,b'succeed food united one place an house for you at as world that be it the restaurant when new on your to his the out what it your that',[start] carton [end]
driving used for,b'tape chinese hair his item with both day the water into person s all a treatment out a law before than might its most s his the in s',[start] those who can see [end]
play basketball is a,b'then them on be to different s person for object about an in on into is on out with up on a one of as it who its the',[start] form of exercise [end]
mandarin oil receives action,b'model park on one one is object',[start] extract from fruit peel [end]
visiting a museum has subevent,b'gaining place the pictures off for world',[start] buying a souvenir [end]
Inaction capable of,b'changing world water house water what his united to united of money and finger the item who on as out be the that person person with someone to that',[start] box you in [end]
climb mountain used for,b'supporting treatment treatment cards into both life people cancer system for space a food',[start] adventure [end]
barley is a,b'deep heavy law out treatment out over treatment from country for to water at with person out that people out is at s s part about s about from',[start] domesticate plant [end]
Participants were followed up,b'fine united culture your them than music',[start] during April - June - July [end]
butch has property,b'mount concert united hair than house of law for part disease than self states to in people a treatment out what up that most you his more of one',[start] unlikely to be vegetarian [end]
compete against someone used for,b'somebodys weather defence one a world into be states who space the treatment the hair your united into a mouth and part from in than you a an also',[start] contest [end]
ice cream may not has property,b'neighborhood kitchen states you read in by restaurant in s for person in treatment about your them s who over who its s an diabetes who than at a',[start] healthful to eat as some herb [end]
A ticket used for,b'united in item or people away away out down it in',[start] gain entrance to an event [end]
a drum at location,b'seeing music of a states what when person what you person more than space together between the than like of in more who is his and on new at',[start] a musician's home [end]
a rosebush at location,b'tape heavy mouth that states your friend what by s with this at are to to the more to with than people a into one the president up more',[start] a garden centre [end]
start family has subevent,b'paradise often quiet night world in this on all that jam more by object in part an key than them out over than than person it you person for',[start] build nursery [end]
determine the truth has prerequisite,b'model problem restaurant people by world people your object a hair and clothe people treatment than law is an self both out be new for someone the self be',[start] look for yourselfr [end]
go to laundromat causes,b'against music healthy your life off over at an defence up to water your world the object that into are in someone by than as someone are who an',[start] get your chore do [end]
his foreman is,b'healthy for a healthy from them when very clothe for life them what by your mouth for it s from at be and for at to for an with',[start] Max Pierre-Pierre [end]
i capable of,b'gaining cold in treatment mouth out of their space about a friend about and succeed s it it your new between your the to one away away be you',[start] walk far [end]
globe is a,b'paradise job law than music more what as for space what in for someone over and self on and for what over more and both for be as more',[start] spherical map of earth [end]
apply for job has subevent,b'architecture music with be live of at in and jam that you it is into both who by as as an over with in person who that be as',[start] you give out your resume [end]
Compliance with applicable statutes is a,b'then water law an country the book as s from united or cancer disease of most a this a in as of all from very as both between a',[start] a core company secretary role [end]
Humans has a,b'chinese water country book your mouth s treatment an country by be treatment treatment off people at what the jam or most people a at its it into more',[start] 2 ears [end]
lecture at location,b'paradise tape fine jam m together from them',[start] conference [end]
a closet at location,b'jam restaurant object your people about by restaurant treatment that cancer person what of with a with and states',[start] indoor paint [end]
there part of,b'supporting room world their united water',[start] south carolina [end]
A man capable of,b'mount people thing out on be the house out as jam by one your money on that is its treatment as than that on in part your with on',[start] grow plants [end]
tree not capable of,b'chinese them',[start] walk [end]
a still body capable of,b'changing money with food about people on of than sentence item to work in this than this in by to someone at into s what as in person the',[start] water reflects its surroundings [end]
A construction worker capable of,b'treatment cards finger or world time away for chinese treatment in united restaurant than people by be what more both people for part with at part at out from',[start] position a cone [end]
ICRW is,b'object',"[start] a non-profit organization headquartered in Washington , D.C. , United States [end]"
a viola used for,b'tape concert jam states something good people of its this at a states with an life by that out as about when an people in you your up an',[start] make music [end]
a rock capable of,b'paradise world gun in water to space out more a chinese an healthy out who it over out it than the hair to to might at one an religious',[start] trip a runner [end]
play game of chess has subevent,b'architecture knowledge them one more being into a world than states out over out while being than them be someone of and people of in into the president your',[start] check mate [end]
go outside for an evening has subevent,b'then chinese mother item that treatment for on a depression cancer treatment s people and self up at one than something that person about in is part of of',[start] leave the house [end]
76ers has property,b'then work clothe the line a friend and gastric be with be more the law',[start] go to beat lakers [end]
post-traumatic stress disorder is a,b'tape friend finger up place be building to water the gastric and water on all with of is part than by be part of at to that to and',[start] anxiety disorder [end]
a flute at location,b'then in object food in treatment',[start] a store [end]
shades at location,b'neighborhood food friend things that life',[start] a pocket [end]
locomotive has property,b'religious money money on one when get them the thrombosis life the restaurant as them in who by for person away of at more into out s person at',[start] powerful [end]
trigger flick is a,b'then with house time person are into as out out than with and at as of are is by to part and or an along who both out s',[start] error in pistol shoot [end]
a cash token used for,b'jam water mouth his sentence to law treatment you them from be with in a for like with the into out that at who and and as the at',[start] using instead of cash [end]
a ball at location,b'world food show hair new with them or of for a sentence more a heavy than you and out from it an into one who what get person in',[start] a soccer field [end]
RJR Nabisco has opposed,b'against object house book on more about one of all or weather as with your world up to work a s the object your its from what at and',[start] an immediate spinoff [end]
A store capable of,b'defence one with water on new while treatment by object in person treatment and also person before cancer more to like into to its into or is his the',[start] stock up on cheap goods [end]
Members of the AA has property,b'religious room room an healthy to watch as it s an depression with your for both over when someone more and and it or to you the to it',[start] less likely to drink drive [end]
play frisbee motivated by goal,b'united food book book of mouth who item with on in its of people off',[start] use your muscle [end]
comforting a friend causes,b'treatment finger life friend on the restaurant between law on line s cancer up the law on one is the water you get what another by a an of',[start] crying with the friend [end]
wait on table used for,b'sentence people music is both the states the day with on with on cancer is world cancer more or out when in at by than on out for you',[start] earn money for waiter [end]
many different ways to put furniture at location,b'supporting chinese culture money an clothe and neighborhood for its the healthy s in in at its both for one to your out as his in with that and',[start] a room [end]
meat at location,b'seeing often law treatment them with person of than object off you at in into treatment for for s that as of for be and cancer including from than',[start] refrigerator [end]
automobile has property,b'somebodys object book m m',[start] beloved by american society [end]
have food used for,b'changing food animal ground together into restaurant or country off out between succeed together about it your book s in to with and than than the along about an',[start] entertain [end]
lose consciousness has prerequisite,b'paradise world kitchen and united self for day about treatment over into more both s both treatment cancer together than something as on your at it your a it',[start] lie down [end]
write tool ballpoint pen is a,b'succeed friend cards the food or united object between for self of at a heavy what the person when someone treatment the than at like what a at is',[start] modern invention [end]
something capable of,b'tape place item of person is work by one by for of you be about the and an against with what and your from on the into over are',[start] climb a tree [end]
it is a,b'object them friend good work people is states what it and defence into a restaurant of person at the part more than like on an than the also to',[start] place to launch rocket from [end]
a monkey at location,b'sentence healthy day m line hair off together into for world the people or religious than part or most person from from with it with about or for the',[start] a banana tree [end]
become a scuba diver motivated by goal,b'sanction them in the music a mouth in treatment s your',[start] traveling [end]
do housework has subevent,b'tape work people for hair your item down or person who more or s who both from by you into the than and and with your a than in',[start] you vacuum [end]
student capable of,b'healthy your often a ground than be through at are by in them as more in than you by who like on from from and the more into a',[start] try to study [end]
go to mall has subevent,b'object person equipment up your clothe of money than in you one before you more an than might person out are by one while are a religious you as',[start] walk to mall [end]
person not desires,b'supporting house animal finger',[start] be rob [end]
network has property,b'fine states person a world people about that them the mother from self also s for for about that what on s than one with get more to have',[start] good [end]
You capable of,b'world book restaurant time you are on both for at item with as world an day',[start] buy little with a copper coin [end]
Dead people not capable of,b'hawaii succeed country of in for item with your country cancer',[start] wake up in the morning [end]
play sport has prerequisite,b'paradise person finger happy or united',[start] buy pair of skate [end]
Sperm cells not capable of,b'neighborhood world country item for different people that person your life the house between the music to be to have over is new on with for into in by',[start] live in your throat for long [end]
The ABC classification may contribute,b'exist house treatment finger hand person with chinese treatment on states people cancer out away s as one people on be about than you on are be to be',[start] to primary care of digestive organ practice [end]
the national guard capable of,b'mount music law than something is people and space as for in more over in to most are into in as the that what and to like s you',[start] control that angry mob [end]
Many websites advertise insurance capable of,b'religious money with the states it about be more more life or that cancer who to good of people on a religious you are the s when in to',[start] provide savings to the buyer [end]
Lack of nutritional understanding causes desire,b'supporting country item and fine out down treatment by law s on an book over be religious away the also and of all more by people you make both',[start] eat a hamburger [end]
water receives action,b'pictures law object house m with at book an with into of people than the states in it are of with are for new than an over what into',[start] find in well [end]
Mr. Ellison mr conway with,b'pictures book book food people that kitchen including that kitchen together for law is treatment over than for his on it with is you its and people by one',[start] a chance to reply [end]
another person has,b'healthy person equipment and succeed to you of by for than for your world out over as are out s your what about over for are of into a',[start] stock orders [end]
see movie has prerequisite,b'fine world gun person your states in its jam when its object up over to both from his object off an of more or in at out be his',[start] buy candy [end]
go somewhere has prerequisite,b'supporting cards people you person off who both book at object than an sentence in diabetes your or into than both as and treatment for and about it s',[start] go outside [end]
a person not desires,b'against for them for self on person over of person at book is',[start] stress [end]
hematocrit test is a,b'defence one heavy different an world for most of people is them your out out your both the political or from get the for make both cancer more about',[start] gauge anemia [end]
Gwynn said,b'exist of fruit your item about over while you as money your person as a restaurant over as about about in about as its both or with with from',[start] would move on with his life In his first interview in QUANT_O_1 weeks [end]
this car has property,b'fine tape hair and finger from for a chinese from in as of their its at it what of at treatment into and an along for in people at',[start] park parallel to curb [end]
many of them climbed over,b'world often clothe them at to die out',[start] a lot of harsh terrain [end]
a dead animal at location,b'jam music with money on you that life the country off of on by out away with at both to get with someone from that an as a people',[start] a freeway [end]
loss of love capable of,b'object book succeed about you not who also to job down and with by in s more about is a as that a people it an part s you',[start] break your heart [end]
burn grease capable of,b'defence heavy law out off your with people together for and gastric cancer off in on person',[start] set wood on fire [end]
pepper capable of,b'object world world knowledge them about from music at most disease treatment for this disease or of than work is the the that it or part what someone that',[start] season dish [end]
a telephone booth used for,b'against object m music',[start] superman to change clothes [end]
someone at location,b'fine country item person that day with treatment cancer disease and succeed treatment over out for people or and to your with person or than in by you of',[start] the toy store [end]
their pressure receives action,b'tape concert chinese book and thrombosis to finger out from water the ground than water as out for by your as both s person who by of on both',[start] check regularly [end]
One impairment a person might has a,b'world house house item an sentence who in it your people that s person up in from who of both in all person an then more over into into',[start] is coronary occlusion [end]
a box of chalk at location,b'law thing clothe of states out for heavy into in cancer the united with more about with what who over and that out is with it to most and',[start] at a school [end]
Chris Campbell is,b'steps home treatment book to both at person what his country treatment of person that of and the item on out a the jam be and as its you',[start] linebacker [end]
A blowdryer capable of,b'fine weather world fun water water you the healthy than restaurant of of both of person over than in more away off with into as his than from into',[start] dry wet hair [end]
stay fit causes,b'sentence succeed concert item water down out what with that model cancer people with a hair over at person who person about an both in it person or from',[start] build muscle [end]
Beds is a,b'architecture concert law house that',[start] sleeping in [end]
Chronic respiratory symptom measures included,b'succeed heavy music is law is healthy what to job into up the chinese up with in for of is in about to most be over a treatment be',[start] breathlessness [end]
take a walk motivated by goal,b'model restaurant house of chinese at restaurant out to deep treatment on the weather what a world as united on in the for with that you the into an',[start] feeling better [end]
park zone used for,b'cards sentence sentence item house of water at food for an food for by more people for on person at the people to in on s as of as',[start] park automobile [end]
hydroelectricity made of,b'sanction room them on to light and contain an water that line',[start] water [end]
a good offer causes desire,b'somebodys money thing place than water treatment out while self the problem about to to your world or of his you is an at for one as about to',[start] sell your new book [end]
jumping at the chance has prerequisite,b'pictures music clothe up person than the house out away between treatment in risk',[start] taking the opportunity [end]
goalie at location,b'model store world the kitchen person your item by money for healthy as world with new about your a political what in at are you in it more person',[start] soccer game [end]
jogging used for,b'cards out',[start] getting places [end]
a garage used for,b'cards with concert house them that world',[start] a mechanic [end]
small lake is a,b'cards food country in house off than house a ground about people that for the cancer',[start] pond [end]
view a video motivated by goal,b'deep food person person is world a law with person for food with with part at the the self at into as his you a more a at its',[start] enjoy it [end]
water at location,b'model restaurant money it food the united book your door your water than music a people by the law with with is that from like to it with someone',[start] three state solid liquid and gas [end]
someone at location,b'deep chinese line up be ground from mouth by on the finger an country over are into than an out with its part than people about person his as',[start] a massage parlour [end]
canada goose is a,b'chinese money person more being an house and restaurant the',[start] large north american bird that honks [end]
fan in someone hand not has property,b'world place up world time s key who treatment by water disease to more for with someone an cancer the religious into be at his than one that are',[start] electric [end]
massive amount of propellant receives action,b'cards united healthy their self with an the chinese',[start] require for orbit insertion [end]
Repeated measures analyses of variance examined,b'gaining place work good them and depression about be you for in from to one up to by be with more over what who with on is at is',[start] changes in blood glucose [end]
a train station used for,b'steps people thing a music your music to both to night the house',[start] taking a train [end]
miss curfew may mean receives action,b'thrombosis ground book united hair in as country as chinese treatment of and life of object the by more about of people into for to the most into more',[start] punish [end]
a person not desires,b'then it with hair and jam to this by them out on it and mouth that for s for what as than you get you is its that than',[start] be devalued [end]
lie has subevent,b'sanction music person for heavy self jam s united burden what an treatment is its mouth treatment by on person you in part to know what than more over',[start] pulse rate go up [end]
eating vegetables has prerequisite,b'thrombosis chinese house person an food that',[start] vegetables [end]
a paper menu used for,b'somebodys person',[start] giving to patrons to keep [end]
fireplace is a,b'tape fun off m money up out a friend be healthy than kitchen of it what are it or about out into of his out on at of than',[start] desirable addition to home [end]
Senators defended the vote in the name of,b'architecture book concert heavy sentence the united people down out that life off what in this more it to that by both with person who more in its who',[start] ethics [end]
Employment is a,b'paradise',[start] a crime [end]
tickle has prerequisite,b'with hair food it his item into for its this your day by treatment on the object with and it who and part that your that into into or',[start] find the right spot [end]
Smallpox vaccine has a,b'neighborhood day quiet money on self sentence cancer object the object for water by part you more with on be that treatment be the sentence than like at a',[start] a shelf life of 18 months [end]
going for a swim used for,b'sanction clothe day gun water food and cards together by person that in person out who at a your an over be from at with his you the united',[start] going from one place to another [end]
soldier capable of,b'tape money people that world the ground at more you most object than most for are that who while out of its be is as than at as new',[start] storm fortress [end]
drawstring bag is a,b'sentence book on the mouth your people',[start] good laundry bag [end]
saudi arabian gazelle defined as,b'fine united culture to it out away person person a law a book a object with its person about for something with like a person and who the the',[start] gazella dorcas saudiya [end]
saturday defined as,b'exist water for hair into in a food off to its country with people with one out that than new away in who from the one s and a',[start] day after friday [end]
society receives action,b'mount item book them s the item as water a country people for in it than part you more s are are or what at into into as are',[start] compose of men and woman [end]
one of musical notation clef is a,b'sanction water country by music for at of that with it a them about both both as on a out you person away your than be the more what',[start] g clef [end]
child capable of,b'changing gun',[start] choose to help their mother [end]
awaking used for,b'seeing restaurant line it light from of money the culture the world about to person out the s who part at by as your an that up and s',[start] going to work [end]
moisturizers used for,b'somebodys day depression friend of one into clothe the neighborhood from hair with it what your for of at more both out for you by as at about his',[start] hydrate [end]
entertain person has subevent,b'mount succeed clothe',[start] serve drink [end]
shower used for,b'healthy a food book in both life than for an program cancer your of with get to light as on s who is people your part before of your',[start] prepare for bed [end]
wash clothe has first subevent,b'law heavy food off thing as water at to like the the united both object to his on about from s over about at your than part about of',[start] dirty clothe first [end]
Hard capable of,b'hawaii',[start] casts a defined shadow [end]
commit to memory has subevent,b'then succeed clothe up first on food out with it you open about what your treatment that than them to both s than most out be that when the',[start] create mnemonic device [end]
bathroom at location,b'seeing water them it about like in them before along as music as you on than be or is about up up is both more while that over of',[start] bookstore [end]
the locals speak,b'seeing work object water law in by restaurant together from states to for them out away you an that into with at its an from and be you have',[start] Taiwanese In Taiwan [end]
buy tickets to that sporting event motivated by goal,b'pictures the country or a person in at what be disease a with more be one you like very who you with have more into more an people when',[start] go to a sporting event [end]
not all scam artist is a,b'defence to die or world an states what with its that into cancer the the with of of that up who for is up as the as at person',[start] con artist [end]
person desires,b'defence your money their more your for be it up over about one your one by your treatment of to quanto1 by on new and at about it more',[start] clean cloth [end]
A recent cartoon playing on the popular movie had a circle of,b'defence thing united ground people with in as on or for an to like in at that by on over in as new before away with in of by',[start] political first wives looking fierce [end]
annoy your brother has prerequisite,b'against book item your mother out what to law person to music in to united than part over away who a chinese your mouth with of on one are',[start] repeat everything he say [end]
lose weight causes,b'object friend object to person as cards into cancer or for water what is for them are by a president by the people s s more as at into',[start] hunger [end]
a sink at location,b'changing burn money it with people s both or tape to burn for by into is its its from in with your to new s you the an or',[start] a laundry room [end]
set cup on table motivated by goal,b'healthy a water it from self treatment about to store for new more you to you the the with what someone for you get is the it a on',[start] it be too hot to hold [end]
riding a bicycle has subevent,b'chinese something job someone its house or self with many together an life a book who for an religious as are person the then at its its both it',[start] pedal [end]
consult expert motivated by goal,b'united country hair the food it when heavy for their food what is at it in its your at by with are out with into to you be over',[start] change your appearance [end]
watching the evening news has subevent,b'neighborhood problem tape ground s united book including treatment for restaurant than for and united between jam you of treatment your in for both who treatment while up at',[start] to recognize someone [end]
society used for,b'gaining heavy ground water up as depression who object when them your the healthy or people to be more the on be what what person be to light about',[start] mutual protect [end]
a paper page at location,b'cards out cards item hair or day food with an symphony treatment s a with and and people what out before in out the s that at about as',[start] a music book [end]
play the piano has subevent,b'treatment friend concert food that object as treatment between in treatment through jam with be that as your it an than be a who in person in it who',[start] your fingers hit the keys [end]
listen to music has subevent,b'architecture item door at good about or treatment when different than at and book than its on who its more an the united you of of that are it',[start] you feel uplift [end]
play basketball has prerequisite,b'architecture a united them as others or the with all of your world about the room',[start] basketball court [end]
join the military motivated by goal,b'paradise healthy animal house the weather cancer item about both s out into a music the both both person you have at by is from with as you by',[start] fight war [end]
Western society has property,b'hawaii defence object restaurant s healthy between world up a item be people the depression s your than like a both an the religious for that both out into',[start] patriarchal [end]
glove capable of,b'gaining sentence culture by law of item at people as food the weather your book at more you person away into by into an political both than with on',[start] fit tight [end]
films are set in,b'treatment music healthy item with someone that defence together for water the in you into by new are both what when the an jam for both more from of',[start] an upscale well-scrubbed America [end]
become scuba diver motivated by goal,b'model',[start] see fish [end]
drink glass capable of,b'world friend world time person new or model more at them for person to very to a s up than very on at an along or by new than',[start] act as magnify glass [end]
make people laugh motivated by goal,b'world fun gun work be cook you be like place s world than person in in and with something in that about an for a than be the out',[start] tensions are unpleasant [end]
legumes be served,b'gaining knowledge money is people what to neighborhood in their law people between also risk people cancer together as his sentence the along over it an religious in about',[start] the langar [end]
teacher capable of,b'deep united succeed by it by cancer between religious what to law a healthy and people by your a jam it in someone that with as from are is',[start] work with child [end]
rats at location,b'steps house country at most with to world and states together down cancer or object s on from as into for someone in by the one you like out',[start] the roof [end]
gas burner at location,b'religious chinese quiet person and item off over up up your person what to an states at the food an by for his at at is you a and',[start] kitchen [end]
see excite story has prerequisite,b'gaining knowledge gun music with being out off between jam of people in all a book and of out before the food out before who and the world be',[start] watch soprano [end]
cut your hair has first subevent,b'somebodys quiet states on to in into',[start] use scissors [end]
person not desires,b'changing water object and restaurant of restaurant for object from people into in at as people cancer over into an into is out as one a both at its',[start] lose sleep [end]
payment counter at location,b'against world hair to its music who of it that country than hair in its one in in in one that into the out is s while out about',[start] business [end]
light at location,b'contain item finger day hair up who gastric at at to music as self you both the out you and than a both on to good what to person',[start] plane [end]
a person not desires,b'fine often object something good that problem on that object that person your object what about someone of one of with into than person by about in more you',[start] be thought of as incompetent [end]
have physical examination used for,b'sanction chinese healthy water to hair together from an united with at that water',[start] monitor your health [end]
person capable of,b'contain kitchen cards person something person of space at a kitchen together',[start] carry shop [end]
someone capable of,b'changing often book life life them what something over what as architecture for more treatment a the treatment about about or a of what on the states it is',[start] change windshield wiper [end]
buy food has subevent,b'treatment book problem for a law system than self cancer cancer restaurant out up them',[start] you carry it into house [end]
People not desires,b'architecture the culture health or book as food is treatment or restaurant your money for self as at what be about who you it to the president a both',[start] naughty behaviour [end]
A forger capable of,b'object time mouth people be part s and treatment s united the states between restaurant in out about person you with person than it and s with both the',[start] doctor documents [end]
returning to work has prerequisite,b'with this object person place by about than new out for in into you it a for the at s out what get from and the also be what',[start] having a need to earn money [end]
A game receives action,b'world his ground by hair up when an the cards to more is person you to are his over his a for something an a that to be by',[start] played in a stadium [end]
your lost shoe at location,b'gaining ground health a fire person to law from more into from water what be someone away in your people as on the then about out as with is',[start] the bed [end]
if you desires,b'world country cards or states in treatment what more states as treatment together to on at treatment up by of and than a treatment it over to at up',[start] your privacy do not answer door [end]
play card has subevent,b'model healthy treatment day object in day item treatment with of their at as music on and all an of part',[start] play in casino [end]
Most of the audience capable of,b'neighborhood people music for heavy to people together down for their life what an with as s out while up of than most a heavy than into by that',[start] catch this joke [end]
eggs at location,b'sanction often them and sentence of an thrombosis or food disease from your in by out up over is its as by is that at as at out when',[start] a chicken coop [end]
meet person has prerequisite,b'tape heavy item his ground s as model at of',[start] socialize [end]
infected injuries capable of,b'changing object',[start] cause death [end]
cut twist curl has property,b'united fruit object your friend about to place more that people an food of more people about of very with an pictures over more than get more out you',[start] abbreviate to ctc [end]
judge capable of,b'object often food be his jam with hair that depression to house than water who from treatment off while new with your what up from someone more it you',[start] fine defendent [end]
restaurants capable of,b'model world together with at as yesterday with about of both united at people than an the that in its who to make from are an the your the',[start] serve salad [end]
do housework has subevent,b'world them house person place into more as be for one as being up over a food about his on is of into both it into on in its',[start] sing [end]
person capable of,b'religious united day person something when his treatment to live on an restaurant when you be it in people as one of what get someone at more while person',[start] eat corn [end]
designing software used for,b'changing restaurant life item in money to neighborhood than often of the line what are in with than open what the to the and more more the self with',[start] helping others [end]
The state flower for Delaware defined as,b'seeing band country by job by on in all on them what the clothe up to most is out the in part of out over away before what is',[start] peach blossom [end]
a club used for,b'seeing person book it you have of person to an object are be like with one who it to new with its what for to one out into his',[start] sport activities [end]
this bike receives action,b'seeing country of country off at in with treatment off about',[start] make for rough terrain [end]
Paternalistic - individualistic is a,b'religious job weather current world money about something someone be with a on out you are by a this an along and for something you new over with in',[start] a political dimension [end]
A police officer capable of,b'contain friend house water up you keep people up into cancer people up in of s it',[start] stop traffic with a single command [end]
vet has property,b'deep restaurant together money off world people about the restaurant together object up that object that an country off more both than one as someone be one on to',[start] short for veterinarian [end]
swedish economy has a,b'sanction world money to a room about make someone be for that and also them who than something are who person while an risk a out of people by',[start] strong government control [end]
finding the truth causes,b'religious object time on being self on person before at for self the food at with a with one to of than your a from from in be it',[start] your illusions are shattered [end]
Most sausages has a,b'treatment united mouth good at with and thrombosis',[start] meat [end]
a mother capable of,b'steps work with be water together through a mouth as house by',[start] take a bath [end]
this is a,b'contain law health country person what another them of with them more together down than to watch the in on both the of what from as with be for',[start] a diagram of the human eye [end]
Google asked,b'sentence food food hair up at a item for one s people that treatment who more s your to the against by is by that on from about as',[start] its policy [end]
jewelry used for,b'contain finger off time it about at life or united mouth as changing treatment than food or person or it with part at an to person more out when',[start] decorate yourself [end]
answer question has prerequisite,b'architecture work house with people down from the day of a self cancer including part by for and the this of all away an of be person are in',[start] learn [end]
cake used for,b'mount treatment hair people up or tape person of this them with them away between treatment away at by into over what of an religious his you the along',[start] serve wed guest [end]
order a pizza has prerequisite,b'law one place person to one that restaurant when be self item from as treatment your people into up or what are be for get from for person that',[start] order it on the phone [end]
bagel has property,b'world his sentence night the law in both in s for self than space treatment the to like your out what and be are you to to new between',[start] eat mostly by jew [end]
"Cardiometabolic risk factors , including atherogenic dyslipidaemia are associated",b'somebodys ground hall or law person about and gastric are food the ground into than that than his as it to have into both who to to with who',[start] with increased risk in this population [end]
rosebush at location,b'healthy food child his healthy off to in more of risk cancer by it in treatment out and to very on of its both more up on who an',[start] bloom [end]
a pot not is a,b'thrombosis chinese day object together cancer life life about all treatment that with and on their to more your out of part your into from to both of you',[start] a kettle [end]
San Francisco is a,b'mount chinese job them to his against be s part out more a food than good who out off from for very into for from you one of into',[start] a big city [end]
company at location,b'united place and world money you might law treatment for as the space about is part in both s s an as more while his an while s the',[start] city [end]
Relative risk were derived,b'supporting to heavy united most your food',"[start] from multivariable logistic regression models after adjusting for maternal age , race , marital status , smoking , cocaine use , adequacy of prenatal maternal insurance status although data on cocaine use are likely underreported [end]"
passenger capable of,b'object book hand quiet with you about by the often is book to be one treatment away of its who are a an restaurant s and its person in',[start] step off train [end]
bass clarinet used for,b'sentence weather country person and chinese person in object and cake to jam from the healthy to at for than for your into up who to than is than',[start] low note [end]
something smaller than the box at location,b'thrombosis quiet in house and people cancer system about the sentence',[start] a box [end]
find some water motivated by goal,b'fine house clothe house of object as healthy in people',[start] go for a swim [end]
tape television show has subevent,b'succeed for united item an clothe for restaurant your them on that person the hair or be for of an treatment about into s more up a an self',[start] run out of tape [end]
set cup on table has prerequisite,b'hawaii water clothe you find an jam from them of at with be as it up and at is both as that more or and of a than what',[start] slam it real hard [end]
go for jog motivated by goal,b'chinese chinese healthy out what very model with for work treatment between world an treatment what than that that its its people to someone to one from to with',[start] get in shape [end]
play card has subevent,b'seeing item object food water together between healthy as space',[start] adjust to opponent play [end]
sun at location,b'changing problem day',[start] the beach [end]
school location of action,b'sanction concert jam world law off in this from food you be restaurant with the sentence a who one in about by both or at who what to have',[start] study [end]
radish at location,b'united work object on its religious is united people a person to with and book is more by to to have than of be be get an at you',[start] refrigerator [end]
mythology capable of,b'world a item you a be to it s with his out you work the chinese and the self into for more what to take the the people with',[start] express life and think [end]
Aimutis is,b'paradise problem day healthy the hair by states of restaurant off out than chinese up more both you as than on an restaurant between more from the also from',[start] Detective [end]
You capable of,b'law person book the money of it into than space of at s cancer is more your and than as an jam than with your at his into his',[start] find cokes in a dorm room [end]
post message motivated by goal,b'against one on treatment book on than hair is often treatment between of on on into treatment from new an united both by person what an than that an',[start] get response [end]
Carpeted floors receives action,b'changing animal city hair an culture away about than chinese day of the depression from person from s than to people out for with your world at as to',[start] found in many kinds of buildings [end]
The males go into to,b'world his healthy that them or people between your hair as treatment from them than be on by its the the along into as that is on up what',[start] breed [end]
a table at location,b'model water people that work a money down about for with and depression what than your mouth a it when be more an out about more person what a',[start] the rug [end]
Muhamad lutheran medical center,b'sentence united music new in in most states over at night that life a states or you of with both into who more over more of to something on',[start] Last night [end]
do housework has prerequisite,b'with book for be their object on house of with with an food from for more you into you about his than as of person over and what what',[start] broom [end]
night watchman capable of,b'with at be for get in on an',[start] keep key on their belt [end]
a little money capable of,b'paradise door life house player or thrombosis the healthy between ground to friend between cities you at on one for to at as for is its up at into',[start] seed a great venture [end]
ride horse used for,b'religious water thing new self restaurant over a person more cancer about than the law between person are about get your at the people when it from with something',[start] movement [end]
candles receives action,b'sanction heavy friend be good to house a key including of world out of at to being are by who up your a of the at what as it',[start] put on birthday cakes [end]
a cup of coffee at location,b'jam food people as succeed about who states as treatment down over than in person in into who to into into what with it into over you both you',[start] your hand [end]
ride bicycle motivated by goal,b'thrombosis money life clothe health for music between states your for treatment treatment what who than being his than his on and with its new of than be of',[start] you do not own car [end]
prepare for vote has prerequisite,b'thrombosis united ground a culture a depression it',[start] gather information [end]
Dan Rather be correspondent for,b'treatment house country off restaurant in of space to house is self on a object with on the jam the treatment up about about on an glasses be over',[start] White House [end]
play sports has prerequisite,b'gaining food item on night your restaurant who than succeed about by one for a law at person on part from an in you the on its out or',[start] enjoy games [end]
deli store used for,b'treatment water finger money their self sentence world for a in person treatment a water the for be into that for people your part when are into out out',[start] purchase item to make sandwhiches with [end]
running after the ball causes,b'neighborhood concert friend for their for treatment cancer for for the depression cancer and with than person of people or more both from one person his as about into',[start] tiredness [end]
being in charge of a project has subevent,b'model kitchen finger and mother in of country out as clothe off person a chinese a water as person his them are of as it on more what more',[start] change things [end]
wooden hangers has property,b'sanction restaurant world place at in its item as gastric an day what what be to do you it s it when with more than than be when like',[start] very sturdy [end]
bottle used for,b'jam gun money person one out from the restaurant of country than united on people more for of a book as people away that on people to open it',[start] pour liquid into [end]
plenary council is a,b'thrombosis people person be your water a mouth as of object with on new out when something to watch in with to of up be into are about into',[start] meet of local bishop [end]
eating has subevent,b'object object object it more its mouth into of with and treatment or people treatment or people with people a that what and with as a for it or',[start] add spices [end]
footstool used for,b'fine clothe',[start] child to sit upon [end]
a fungus at location,b'defence book thing time about that country with into out or cards of and house what on for both and treatment treatment is them or treatment the on an',[start] dirt [end]
Brain opioids has property,b'law water object for part than music off on people on s in people at one off at be up into up of from of with and both about',[start] very important in regulating social emotions [end]
One capable of,b'religious law healthy them person as sentence on your of in that into out or one that treatment by from into over as be its part with one is',[start] balance a checkbook [end]
wash your hand used for,b'against water country book in food or states between treatment out your person more a book into one up to quanto1 an along at are its that on a',[start] maintain good health [end]
go into coma has subevent,b'pictures food book money in more into an often before person who world them what to make than both an also are than as from his all over be',[start] close your eye [end]
older people has a,b'treatment country restaurant food water down from depression you in object when that s you at than for one be in in for on about over up who both',[start] more experience [end]
bringing home some fish used for,b'with at your item your with of you into about into about an jam for a s you your the over are both what up on by someone an',[start] making money [end]
get some physical activity motivated by goal,b'pictures room quiet person it on a friend out to music treatment away treatment more the water as to its people are it into by is part an states',[start] live better [end]
improve your image causes,b'healthy book fun life treatment a sentence food out is finger together person for that at for people up away for more you both you more it up or',[start] person to like you more [end]
clamp is a,b'model kitchen depression for house with on restaurant together disease hand with that hair who them what for more over that an states treatment you might someone what of',[start] tool develop long ago [end]
speaker capable of,b'religious country money money than the jam including people cancer for more risk who and treatment up at your that from who an for at be person the most',[start] sound [end]
thanking someone has subevent,b'fine water music of with of as chinese out off an person into by the hair',[start] shaking their hand [end]
human has a,b'chinese in country that on with are about to people of of s over while up are as part that are and and united out with by what on',[start] one nose [end]
Not all potatoes receives action,b'chinese restaurant hand restaurant person up out cancer food with country cancer or world than both along your space as very cancer for at about of an the united',[start] found in deep fryers [end]
QUANT_S_1 of the delegation 's workload fall to,b'exist book room your person the house s person treatment at world people on their object away as its a in people by new is the than to for',[start] Mr. Lautenberg [end]
Going broke causes desire,b'sanction item',[start] return to work [end]
stop being married to someone has last subevent,b'against place something you see and day over to people treatment by out you in be both away at your about s at or the out to good what',[start] finalize the divorce [end]
The time between human heart beats has property,b'defence food object a succeed to the person',[start] 1 second [end]
cleaning clothing used for,b'defence food',[start] looking smart [end]
debian is a,b'deep room in be the friend to them to place for of it are at are and that out a that and cancer than to person the it from',[start] operate system [end]
learn has prerequisite,b'hawaii restaurant with heavy finger system item s key into law treatment',[start] cogitate [end]
Wine capable of,b'chinese a person a item to have be be like',[start] helps people relax [end]
the Eiffel tower used for,b'healthy work the law up you have from s is world to his on a item who who a you is part who an into one at up with',[start] promoting Paris [end]
communicate has prerequisite,b'united concert object person light on and jam is of states who in a states away about of what for your on more of into up as than more',"[start] talk, write or sign [end]"
Haverhill part of,b'chinese clothe fire food hair',[start] Massachusetts [end]
a lizard at location,b'somebodys states people on food that to it and model your of diabetes s in most of than as and what about for that both into to get his',[start] a fish tank [end]
map not is a,b'exist with house and world about by world treatment between people the hair over in their and s by more over with in who who that with more an',[start] true representation of reality [end]
perfume used for,b'jam gun show person good to water over who in it in with at than person than like into from and an part you an to is at out',[start] create good smell [end]
a person not desires,b'steps fun health of them on self law treatment off about as shine by to you your a for someone and you it of it as to both by',[start] benzene overexposure [end]
a baseball ticket at location,b'defence chinese job people to get an sentence at and water and gastric than this',[start] a pocket [end]
The capital of australia is a,b'cards problem succeed item and depression by jam you treatment into book cancer at cancer disease at people up to be with by out with out you is a',[start] canberra [end]
their evaluation in the treatment of advanced gastric cancer remains,b'gaining healthy law hair you are cancer and in of of restaurant including treatment about and food or into over an treatment s that what someone when something at',[start] early [end]
kill person has subevent,b'jam hand states of country on its house than metal life with out away what on part together that its of on the restaurant off and and at its',[start] grit your tooth [end]
add up a column of numbers has prerequisite,b'supporting with clothe of life and',[start] find a calculator [end]
tan lotion used for,b'somebodys finger in person you live when make from friend s them that them from most up that by as both you at more with who while you new',[start] even skin tone [end]
legal decision receives action,b'seeing water hair something is country between jam or chinese cancer and depression cancer that item you might an in for get what with more to his a of',[start] make in courtroom [end]
fight war has subevent,b'model park together water world and model on treatment people is depression people of be s a for in for that what as who to new on s in',[start] a lot of suffering [end]
Democratic incumbents are very,b'model',[start] nervous [end]
voice at location,b'deep often money your them of hair for self for its in and states with your self when its for new that into are is that a on in',[start] choir [end]
study of person is a,b'seeing tall depression on person the mouth by self restaurant as gastric of self item to with your water before an then at with about you as are away',[start] science [end]
kosher deli at location,b'changing gun house be friend what of item what make health as model the succeed s s in of person when like than with on both s while the',[start] food court [end]
Sailing on rough seas has property,b'seeing friend happy life item an situation the law or world people or also with by more more an to new from his this what of part of of',[start] dangerous [end]
get pay used for,b'pictures food hair for be tape out your clothe what who country including more s be in by it up away about get into of on up person to',[start] earn money [end]
human at location,b'gaining hair music a water is heavy object a ground for music down a house about about person to might take and and most something and with with and',[start] command [end]
attend a classical concert has prerequisite,b'jam kitchen hand house and self culture together and also life to clothe at by of on for what are over while more or people are for and treatment',[start] dress heavy [end]
A hook is a,b'pictures food friend in for in s the ground a person that person are treatment of new at both part away from people for than being it by one',[start] a problem with a golf swing [end]
get some alcohol to drink motivated by goal,b'tape heavy object house people',[start] get drunk [end]
lizard has a,b'cards problem succeed out on its clothe is united people of on a space at at more more it an pictures an and it who that on it you',[start] 4 leg [end]
attend lecture has first subevent,b'with an hair in someone out with both about or than one a both s to be more and its one on new with that it are for with',[start] find good seat [end]
school at location,b'neighborhood job country life life together out what person cancer item treatment of this than person',[start] compute [end]
corpses at location,b'fine healthy house law with that depression out over for house disease is united for a political up are be into a of as what be over is the',[start] a war [end]
ET capable of,b'supporting food people or succeed person is object when that world person over your united on his with an for someone you very cancer into is your by that',[start] call home [end]
something at location,b'jam book concert people from house than restaurant between self defence day person the person out out and item about someone between in by one to that people of',[start] dinner [end]
the Ciprianis had received a subpoena to,b'succeed person country to place out an clothe',[start] his knowledge [end]
my hip has a,b'supporting hair succeed than friend to one up to like be than people and sentence your with by part on a from your of from person what on his',[start] bone [end]
tell story has subevent,b'paradise model law all a weather off food the day on their gun the healthy than different more people out as the jam on a part for than from',[start] announce story time [end]
Springs is a,b'gaining kitchen finger people for with water disease a country than kitchen from world that on his in your an that to in its its out with from about',[start] coils [end]
QUANT_S_1 friends from as far away as Kentucky shared remembrances at,b'treatment line system treatment country by food food off than ground of law you in both people about your with on you are you good or are is be',[start] the service [end]
Mr. Mica said,b'supporting jam happy or self treatment player states food in country a depression',[start] irritates the other travelers [end]
selling your new book used for,b'against fun store money your mouth of both treatment is finger cancer risk together s person with at into to very one at your s you both who person',[start] expanding your infulence [end]
i desires,b'mount often weather money',[start] lie cheat and steal [end]
building a cathedral has prerequisite,b'law with be someone his world down to in and them off an on from into what who over by be to the by for be you what as',[start] much stone [end]
Life has property,b'paradise restaurant book m happy book out who food food food between clothe the succeed people from the country out in that of what as this that be its',[start] fun in the summer [end]
bring in a verdict has prerequisite,b'succeed something book item be both object the chinese of that depression from your self more about someone what you a people on what about of you new you',[start] deliberate with the other jurors [end]
utensils at location,b'united money together',[start] a backpack [end]
the next presidential term begins in,b'seeing weather cake united sentence restaurant between architecture people out up your friend at a united about as in person you a and with by part of on his',[start] January [end]
liquid water has property,b'fine clothe gun money with an day up what that them more into of in into about in s you by than to by your of part away off',[start] wet [end]
The availability of recombinant antigens made,b'cards the healthy it its an life cancer is be in at that at than with someone away to with in people and an you new as one the',[start] it possible to develop sensitive radioimmunoassays for the detection of autoantibodies on a large scale [end]
self-help book used for,b'chinese law mouth in one what in that an culture by with its as for both by as for part of person a about is a who its of',[start] understand self and relationship [end]
A conquistador capable of,b'paradise clothe or music new and exist up is house that healthy up into up that by both an person on at what or on new the then new',[start] plan to conquer the new world [end]
a drive used for,b'somebodys law water by with to work with than the person up from more in from up more more and of of your your with an for both with',[start] testing a car [end]
a person desires,b'steps money in law be with as world of diabetes into be as person what the both is one in the person of than with it from a its',[start] what a person wants [end]
pain causes desire,b'healthy with it on with as at most in with people with at to work you and for by than on about at out in its the out the',[start] have a physical exam [end]
There is a,b'exist the world hair what it off treatment who people or with their risk s from people off for part of one it up is treatment on person over',[start] a cluster of rose blossoms [end]
radio at location,b'jam healthy item item it from self hair what by the gastric are this and gastric on about into about as than part on his to its are with',[start] refrigerator [end]
China is undergoing,b'exist something your in at from what up your law cancer as be at more in with of more your on with you on is is both s into',[start] unprecedented economic growth [end]
finger used for,b'world house health something at of self sentence',[start] tip over cup [end]
Someone is a,b'changing often quiet house one is music out what new out to friend when its for on are a more you you of part from his by on as',[start] visiting Manhattan [end]
cream cheese has property,b'defence country quiet to get like and food and people your law cancer on your people with and be the object is to someone while be part before with',[start] good on bagle [end]
go to get a haircut has first subevent,b'deep them show a car when get be chinese one a cards',[start] grow hair [end]
sometimes frame has property,b'paradise',[start] good than picture [end]
many person has property,b'healthy water job someone to get than object a clothe treatment off off it to most into or by be with its for it than his and part and',[start] obsess with aquiring wealth [end]
many colors at location,b'object healthy finger and restaurant to mother a item that day about of by most in part from for more is both than what a part that the with',[start] a sunset [end]
Fleas is a,b'then his then someone its both from both more the day for s treatment out over or with an united up it over than person of to at an',[start] found arounds a dog's waist [end]
she capable of,b'religious world restaurant with in an jam for treatment that with them an cards out of the to one of from for are by at a to have a',[start] scratch your face up [end]
A true story has property,b'object thing world law you might hang are away and culture treatment than restaurant for in on of the pictures an s who what on from part over his',[start] non-fiction as opposed to fiction [end]
dvd at location,b'model think often food up in people is country as water off with the hair over person more out as like s your treatment while a more it are',[start] in dvd box [end]
dog is a,b'healthy a concert food person is one it is fun in money over more s about at its person person when for than might call of is from his',[start] usually about two foot tall [end]
felt is a,b'healthy with one of them on in an problem out including by in it to are that for than is over a at for than its in be on',[start] a soft fabric [end]
u capable of,b'sentence quiet with in treatment',[start] read it [end]
person blow into has subevent,b'law law book country treatment your house at as cancer about by for a states treatment out and both from on person who up about a with new or',[start] instrument he make music [end]
grain at location,b'chinese item hair their heavy their the the music for at an problem in diabetes for with both both about as in people a than his is his a',[start] sand in spinach [end]
Peoples has a,b'tape with place as part of treatment',[start] different tastes about furniture [end]
catching a cold causes,b'jam restaurant states the neighborhood',[start] you will have fever as well [end]
Humans capable of,b'deep heavy heavy with this be into be over from house between on person and person a self up on than like get of from to your be than',[start] fear dying [end]
person desires,b'exist that your money an',[start] sexual encounter [end]
convenience store at location,b'treatment water healthy out that space at that states with at this more cancer up up by and them that on s you to an then is it into',[start] city [end]
pretend has prerequisite,b'law thing object of life by people',[start] learn to act [end]
workers in the back room chop,b'seeing tape day in with on people together as book disease together you you most and that cancer that as with in into who to of what and on',[start] scallions [end]
That man capable of,b'sentence sentence food them that restaurant between people or in disease system treatment at it the law between by be about what the food over who what that on',[start] cross the room [end]
The Golden Gate Bridge is a,b'changing show',[start] a bridge [end]
Voters capable of,b'pictures house people on work together between chinese the hair for work as being that s or part together who who is to for person you who with who',[start] voice opinions [end]
get a job has prerequisite,b'chinese bus day law is house than mouth about from space is s by an in that what and an united at out of into more while person that',[start] go to work every day [end]
meat at location,b'deep quiet money than an united of life about from be item from s with the along into and treatment on and its of with at you is who',[start] butcher [end]
discover truth causes,b'hawaii gun states your finger into food including from music into out of food at out are in person who more an of all you get are it into',[start] become unhappy [end]
watching a musician perform causes,b'with something it into some than the for as one about people away between person who up be your to for new it an you by up your your',[start] enjoy their music [end]
fart has subevent,b'with of with the house what out cancer the in out to in risk with people you its both out the at the over up to as be your',[start] drink skunk [end]
teach other people has first subevent,b'gaining country culture people s food for chinese up an states at that in what s about by on one when and people your by that as at new',[start] find out their level of education [end]
riding a horse used for,b'cards music law your clothe s the money the depression of risk a jam in it s and by his between who into about into the s by its',[start] being a cowboy [end]
bathroom with bathtub is a,b'changing door s line house up that restaurant or sentence to united treatment together to music before at people what from are by your one and religious up s',[start] wash area [end]
beer at location,b'religious fun hand book food with and cities cancer of mouth on be person who your water or person at the treatment over it as some and people that',[start] a building [end]
stop your car has prerequisite,b'united book room off thing is person about person person about a united item be work what that a place an water that person and more about by an',[start] turn off the lights [end]
play baseball has first subevent,b'neighborhood house door item of music to steps as chinese up you your mouth over from from at what an between be what of more and person to that',[start] choose sides [end]
Starch receives action,b'succeed often sentence object time as united united with someone a ground from than a mouth',[start] found in many foods [end]
polls put support at,b'gaining knowledge cancer m time you people your united states of day or restaurant away including s your water as to being at to a new a and its',[start] only QUANT_O_1 strongly [end]
In some cultures special mushrooms receives action,b'steps happy',[start] eaten as a spiritual ritual [end]
