source,prediction,target
person capable of,b'with through when an meal be them',[start] jump over puddle [end]
hot and cold is a,b'book you do look in eat the restaurant in it for something on your them or your a new something a lose his another as to get like your',[start] measure of thermal activity [end]
Yahoo flickr,b'out over the law up of of for its of to watch is a hair away a good is many something and all of with for one away an',[start] an undisclosed sum [end]
walk around lake used for,b'change in',[start] hiker [end]
land used for,b'that be their at something make more with to more on one for your something its something have it are like you to live is it your more all',[start] grow food [end]
go to a concert has prerequisite,b'person from that with when who what are his this after more a good and of you of an at that for from many both with all like for',[start] obtain tickets [end]
exercise has property,b'are many many like when of of s in at them an restaurant of one their their than be for the you his when all their their in person',[start] necessary for health [end]
the Senator q u a n t o,b'people from at you very with their their you you its like person to might your than more on are of his for from a person at his one',[start] the votes [end]
wrestle has subevent,b'by on over or sentence on and as away from by up to person that by from s person with who is in what more about the when its',[start] arm lock [end]
hamburger has property,b'in the book of time or of on at them their s all at be at who as who his who for your the of you have and it',[start] well cook to prevent food poison [end]
a doctor used for,b'like many book when his in in who s it at more for an part who an them s like by an something as his their when in be',[start] maintaining health [end]
newspaper is a,b'for than them their a in that in out for at that out a book when be its heavy for it your many an part and out that of',[start] document [end]
sea has a,b'be it with a people you more more to very by a book out to his it who good as one you an heavy person is more out to',[start] seawater [end]
a Hard Lesson ruth mc mullin,b'become the your time you not one their very good their watch the her an them in its buy to find you their on many like what their when',[start] the newly formed Harvard Business School Publishing company [end]
do housework has subevent,b'go food change make store for change them with your become keep find is eat your book from wear all with the do as person with good on something',[start] wash window [end]
rock is a,b'person them or defence that more for all over be treatment by be very new an like to at when person by one it their for to with it',[start] solid object [end]
cotton at location,b'clothe on world from when person at of your them to good for what with and an water about your than an it who to it than all it',[start] a field [end]
hayker is a,b'for over s book from united into the cards s more them about what both by for as person who all to watch and something someone and from your',[start] hyiking [end]
er diagram is a,b'have play their a their someone as get one many more it is look when very at what someone what have not an the the many very person from',[start] conceptual schema for database [end]
holiday shop has prerequisite,b'your to your like one up or you for get many very as when by someone many to very by all when its good you his to your his',[start] save money [end]
Everyone including Angela Vaillancourt new york,b'your his with one a important out to know you get all out it in that his another have to their something to it that store you are one',[start] performing to street noises of robberies [end]
a glasses at location,b'in in you it to take like from in more an them that with someone when what for of one in are all the for you you by your',[start] a nose [end]
a public university be located,b'have become making find at go their play to play in you very be give person the find many good on his many at person person something what have',[start] in the city of Sulaymaniyah in Kurdistan [end]
rem-dream state is a,b'be put your keep be buy do to get good take the keep do find you make the person an get get good in its take like it one',[start] neurologically and physiologically active state [end]
ducky defined as,b'money in that all than one',[start] rubber duck [end]
reading a magazine causes,b'their something person his be his program who you go it more their many to someone are when are their that his a to not what you a have',[start] to take up time [end]
finding the truth has prerequisite,b'their be buy feel store',[start] investigation [end]
dance motivated by goal,b'for over than out of many and on from part out or what their one of them at and more all what on as that as an treatment many',[start] bring pleasure to guest [end]
attic used for,b'very get person an change have it are to not are it have be your take more more are all when its person something be an in store more',[start] storage [end]
bathroom used for,b'clothe and door hand who object is deep s against or at for all treatment who all by both by and your by the the part of many the',[start] groom [end]
be on time is a,b'like and by many in treatment when it when their who from their treatment your food his from more what what it to with you more an at them',[start] good trait to have [end]
building a cathedral used for,b'on by it when one you as all or by treatment or all as an water that on when both s their in both one of person like someone',[start] wasting natural resources [end]
something at location,b'get become make play for do are something and buy one your very look a be know at get many many to quanto1 something his not of that person',[start] end of it life [end]
pay cash be for person who desires,b'at person by as their by an water is an clothe or when on more their person something of in them at it by all that by one on',[start] avoid pay interest [end]
most ameracans not has property,b'change down down',[start] fit [end]
surf the web has subevent,b'of and object water a hand into and your health and in it or his or by be more you by who their person like of someone their when',[start] use Mozilla [end]
an article in a magazine used for,b'people',[start] reviewing a restaurant [end]
drug has a,b'are all book and deep up than chinese your people away your house what something like in from very very many all all s good his on another from',[start] medical effect [end]
lizard at location,b'with be are see be your money and are more of an on by for with person on the part by as at to be more on the out',[start] country [end]
A rainbow is a,b'your his lose it it all something more to an her an s in get the with his a this that that an by something of that be person',[start] a multicolored light arc [end]
bathe has prerequisite,b'clothe their program book or chinese treatment with both than them s something s a pictures a chinese your book be their one as many someone what his their',[start] get undressed [end]
03:03 associated,b'the book together disease cancer between people for its many to buy like like new of good their its good as someone up as person the its one in',[start] with Fulminant type [end]
many kind at location,b'in at it their the pictures of by more up to them your up on from at an more than of from as something for both out what it',[start] model [end]
breathe some fresh air has subevent,b'on someone away to take like when more by at that a part when to an your more who in an them out of one more more all of',[start] feel good [end]
electric fan at location,b'book than water out them or on her s your their people your weather than both you to live from in you your it person what your you it',[start] home [end]
bring home some fish motivated by goal,b'book for water off and money s also from treatment after of with you them his both all than what for one in the both on a at all',[start] fish be good to eat [end]
go to work has prerequisite,b'clothe their out person person and them away on to play on them for be for many for someone that on one to a them s many at more',[start] remember where you be work [end]
most case of sexual dysfunction receives action,b'to an when watch like with its out over of very are person the chinese to an you store by as like in by with in something on with',[start] cause by psychological factor [end]
Older adults may experience,b'person as many who with something what person be to work s to something it from when the treatment when very person to something something you by when very',[start] both diabetes - related barriers to diabetes management [end]
a woman french huguenots in,b'that who person someone an food away from a treatment and be its one your the it all it with all its of many their as you that in',[start] a portrait [end]
candle at location,b'clothe the treatment hand of an key out for its sentence in people in all what your in its who like of your be one many something many person',[start] candelabra [end]
pretending has subevent,b'get be to make it your use at find many see make are an get make the learn on his it like with on get one their another with',[start] put on a costume [end]
eat apple has prerequisite,b'like his good all person as what its them the treatment your from be are his something an treatment of the that for by you more for its a',[start] buy apple [end]
talk to someone has prerequisite,b'of who over or treatment or day on by or by and with out up away as with his by many s of in when as be s them',[start] speak with them [end]
a kitten at location,b'you take look go on a human eat have become buy very quanto1 make it go make be make a your you its eat see someone your not store',[start] a veterinary's office [end]
cowboy is a,b'at as a world out be person are to very as be all be more to take and the more what are that something their of your s person',[start] part of oklahoma history [end]
criminal court capable of,b'their to it a new is them be and when them a person you a from what store what with like it all what is watch with its all',[start] pass sentence on guilty person [end]
bus used for,b'go or in who person off on of their become use to keep an food s that have your play is learn and for your have an object and',[start] mass transit for city [end]
attending a lecture used for,b'use that do look buy something for hold a new what many to tell them about with many watch when to do person when to an be the an',[start] listening [end]
The results support,b'to that what do not feel take in you person be one to buy very when person are with their his more are by many for many an person',[start] the hypothesis that there is an association between signs and symptoms of CMS [end]
androgen receptor variants are thus able,b'go down and cards than money off the restaurant to do good to you you look something are you its it and get be an wear by an see',[start] ligand - independent [end]
calorie receives action,b'',[start] obtain from fat [end]
man become angry has subevent,b'get play to hold watch go someone be you it the hold get to watch person store the do the be a live them to make have their store',[start] he crush paper [end]
paper at location,b'human',[start] ream [end]
a desk used for,b'get go use wear the change making eat in eat go for feel their your for know an hold its have you hold take good at something his eat',[start] putting your computer on it [end]
bontebok defined as,b'make feel make something make go get change have look go with be buy the small that a help a give to put you might your in might put',[start] Damaliscus pygarus dorcas [end]
budget be balance has subevent,b'make change human get put at you feel go more to move at know are buy in someone by something many might put your many very no them out',[start] deficit be eliminate [end]
his or hers birthday causes desire,b'book with money time than with out with them their out for both with when them them s all than a the his you be as as good of',[start] buy something for a loved one [end]
Kanun is a,b'at with out be with more you good to them on their more and person as your who for for at your on an at on as its as',[start] a stringed instrument [end]
lying causes,b'to on be person person of person for at is by be from when it from for from are their out to for to might when someone with many',[start] problems [end]
Judith O'Savio is the president of a 29-year veteran of,b'their up item money disease in to more in on something is to not as its on to at something and an be his are by the an who',[start] Westchester school music programs [end]
someone at location,b'people food off with with for when person',[start] baby shower [end]
you capable of,b'door of item or contain time health your time of united with your program the world is an food s them that many with more to live when like',[start] learn things by listening [end]
salt causes desire,b'at what for of book the person s many open your use you your work a your an open something with all your your an that of like someone',[start] drink water [end]
find lose item has prerequisite,b'in something book than something not store and you that something your it to at are an your at a for to an you the its when all when',[start] ransack room [end]
a bus at location,b'clothe something book to a their out to to have for take on with from both the it your person them it an at in them on on many',[start] a city [end]
someone at location,b'to have out from something person like its do and have them something that move when his someone in your its might something to it his your a it',[start] barbecue [end]
slap capable of,b'the day to very its have very them to your patients of more when of good out his that his are his the their all from you be for',[start] amount to assault [end]
go on vacation has prerequisite,b'person off something watch his people at s your day',[start] research transportation price [end]
smoking used for,b'object together program down system health book or in object into by house and sentence person his iron their both than many who for for its on them on',[start] impressing others [end]
see movie has prerequisite,b'use play to very something one as eat more the make at it from make from have someone person is know its you in take in them it what',[start] find out what be play [end]
lighting a match used for,b'at his when like of all from your treatment it of like an people after out away more person be its of be your you them that as be',[start] burning some wood [end]
have asthma attack has prerequisite,b'become be do your eat see at you wear the take make like to become take their your one is play the lose many be its watch its to',[start] smoke cigarette [end]
shop has subevent,b'out over law with who with the iron',[start] one sometimes forget what one intend to buy [end]
Koji Inagaki is,b'money together make very day to become culture disease for be country out up people when many something on in someone by are all are to an law or',[start] a 25-year-old unemployed security guard [end]
debit card used for,b'become hold eat feel',[start] pay for thing [end]
person not desires,b'of your you more his help them off as to are its you an treatment up to are for of a all and when with one off something at',[start] t ofeel bad [end]
A photograph has property,b'food of',[start] called a shot [end]
a hair roller used for,b'book of health or chinese cancer of treatment than treatment the law your clothe off an of the treatment at when it more who and by a it the',[start] styling hair [end]
sail on the sea has prerequisite,b'change off on life to keep to move than to not get take get it a like might learn be good something as at more what its another for',[start] sail a boat [end]
overweight person capable of,b'you see a a take a bad from more very the to keep that be its in on with something like very the that his like are the both',[start] burn calorie during exercise [end]
soy bean paste made of,b'to it as than at and is when an the from to a what as who something someone many your in to something with when the an to for',[start] soy bean [end]
going into a trance used for,b'very have play eat make to your become look make a keep watch its do his help you your not take make get see you you be not an',[start] Regressing to a past life [end]
accommodation receives action,b'clothe from house from goods a of a object it is very food to store the good to might for it that from in something it at of in',[start] determine on case-by-case basis [end]
A hand capable of,b'with who that many this it of people is out in like with the restaurant is your than and many in you them more like someone be good their',[start] hold a ball [end]
Ruth Bader Ginsburg is,b'the your to buy something it have like one to his many someone you store your many many your you many something be good their his have them be',[start] Judge [end]
people at location,b'for and many in and book at the people the hand between at that with more who on a pictures that it when on their in their the at',[start] at an airport [end]
A girl capable of,b'something it good that open you make be watch at an good on more that another you not the with for something to get store on their like like',[start] join the choir [end]
Sushi defined as,b'by for who for you be in more an food an the it their treatment about that its your when their both with in both from at of their',[start] Raw fish prepared for eating [end]
a chess king capable of,b'their something with an pictures that many person with be when of with out an s with one is are it them off it for the an out and',[start] move one field at a time [end]
everyone's ears look different - capable of,b'have do for good are something a very you get see it more an make his something store an have the be a their their good in his one',[start] like fingerprints [end]
Most of the recommendations were related,b'door when object book to be that be its more that are an treatment off be more that at what someone like it is someone what for an are',[start] to obstructive sleep apnoea [end]
vestment at location,b'become make sleep',[start] in church [end]
Heyman is,b'out as with them a program over of that with his states the at as on a person up by them s more is many on like more off',[start] male [end]
competing causes,b'get very making a get find make person something it their find the you feel another very you see your eat watch of do take like person in them',[start] jealousy [end]
system used for,b'become feel',[start] particular purpose [end]
theater ticket used for,b'the ground at both that watch what an',[start] get into theater [end]
an ocean at location,b'at it what do your new it as you them what for something on the at it many of its his and his their of with that someone its',[start] the globe [end]
cell phone at location,b'are with and of treatment at to good of are who as a s of that his his on one your and their that in like in with with',[start] shelf [end]
paying by check has prerequisite,b'out to take to buy you',[start] a picture I.D [end]
deli restaurant used for,b'to at them with from when to you of an and person many you from all an when to on in when someone a many for like for many',[start] hungry person [end]
Everyone 's polls show crime as,b'the object be very job do at very life life cancer out and many them a more of that to its an this what the with at at a',[start] the single most important issue [end]
stool at location,b'your their have that you wear for more by his s your book out be an from a it like it his something when you store as their at',[start] specimen jar [end]
spaghetti is a,b'at them your a person something something of its when their them and by someone off his that that are one by like what is something something them more',[start] a form of pasta [end]
ride lawnmower at location,b'on off food bad learn do go that to something his restaurant about something of more as to them your more as more its more like an person are',[start] garage [end]
remembering causes,b'on be eat a your good have for have take for very in on with many of them his who of have someone on with one your with more',[start] realizing that you had forgotten something [end]
person desires,b'with them in it your something be to something his their many from like the to your people what when when many them off it what something by your',[start] stability in his life [end]
make up is a,b'make',[start] compact [end]
The goal of the basket-ball is a,b'the you take use with get eat with person to use one s the like at like like person someone you not to something more and on be like',[start] a basket [end]
a back yard at location,b'at his who another at by with them who them as your out more and in you the in his when it like his all who it something and',[start] a suburb [end]
a stick at location,b'object or book than an gun a office in her cancer down with one their than to something his president his chinese all as on to to an meal',[start] butter in a grocery store [end]
attend a classical concert has last subevent,b'with more your a many them or for as at off an up a something their to them an on the both is something a as as many a',[start] applaude [end]
People get into trouble if they not capable of,b'food by water the money over than night that the pictures for many people more people at for them of many people his to a their in someone your',[start] pay their bills [end]
you capable of,b'door when on them out you the deep from s from them up at something by many person who be it a its it by at the you you',[start] buy all sorts of groceries there [end]
A lucky charm capable of,b'you person use find',[start] give a person good luck [end]
one book of bible is a,b'get take use with in an buy something what might make take it that to quanto1 many take one from take have their have your it all of your',[start] psalm [end]
seeing an exciting story causes,b'food go at to become',[start] sharing that story with other people [end]
mat in in front at location,b'clothe out and political goods time with like that part away out out of one from more for you to something many your from something be them an the',[start] door [end]
playing games causes,b'object it be wear at with you with are on on a it with store is for very for like be what a all to them an the from',[start] fatigue [end]
Cheers receives action,b'at all food life food system of key as more away as someone their good on a something his person as like as an its for something more to',[start] set in Boston [end]
adjuvant chemotherapy is recommended,b'use people or program you give a change to look s to be go of you are something the good you be to person from like not to a',[start] for patients with lymph node metastases usually [end]
go for a run motivated by goal,b'',[start] exercise your dog [end]
The capital of Svalbard is a,b'something the very not you quanto1 make very many something store for at very your s the new are your their one at very one is in be of',[start] Longyearbyen [end]
dog capable of,b'to on are of people a food over your money who be many in your your s many their like have more that very by many more than with',[start] be many colour [end]
warren part of,b'money',[start] ohio [end]
the man receives action,b'go of program out of you people through very human its make do have you your find very person his your give your take store one something you you',[start] raped [end]
have heart attack has subevent,b'like someone off up you play are for their people be both all in his on person person by the good off what to them to with are many',[start] you feel pain in your chest [end]
eat apple motivated by goal,b'people out from be something go at in have of all in store out is watch from all for that more an treatment on from for your them about',[start] you be hungry [end]
flower on your table has property,b'something very are move become use the important out make in the important at like a his with them with have an with you get all your one on',[start] nice [end]
know if you healthy has prerequisite,b'in your good something of their them your and an than and than the sure be at as the s as its what the it what something person your',[start] examine your breathe [end]
592 ( 31.6 % required,b'their be eat to make see use someone something get someone get your to go that watch one person good that their for good are watch an no something',[start] ICU admission [end]
lot of person receives action,b'have take get buy the take take his take your human do like put do play your you look that be that make take many see your like their',[start] scare of reptile [end]
going to school has prerequisite,b'human',[start] motivation [end]
The coalition is seeking to have,b'on as of with than it a treatment the law that in its who s for the united his on person and be one an out with to a',[start] musicians paid directly for use of music online [end]
Tactics is a,b'door when by than good a key up when with their the hair what by one an restaurant off with you something out them be an on be on',[start] the means and methods by [end]
An arm is a,b'on your for more on by a than out s on all that something that from someone off s at a to good by from more your many in',[start] a useful appendage [end]
deja vu at location,b'by on program by the sentence away treatment for its than many away when both on out your book an it and at one at his more what its',[start] middle [end]
volcano at location,b'get wear be take make the the use one at more the the become person by someone you find are it on their watch person very watch the good',[start] top of mountain [end]
a coin purse used for,b'to his are at it what when like them more as a for a in person is like all the when on on as one is good is to',[start] keeping excess change [end]
get drunk used for,b'with out or pictures about up than something an their treatment of for as who be like many who when to the heavy from at its and and for',[start] person with mental problem [end]
god causes,b'person you use very wear play take be make buy do buy in buy be a to get very something store with more something not be be person at',[start] miracle [end]
cup has a,b'to of as in over is on the life than to like s them more a like his of at one an like of many the and your as',[start] coffee [end]
kiss causes desire,b'door the blood with treatment down up that good on on that like from all them and what the them what is many be you an from on it',[start] help someone [end]
Very elder humans has property,b'use your their you it you watch get good as make watch its eat store them an make that be something person someone what you its be store like',[start] feeble and weak [end]
agents capable of,b'like from out than something in be through as out you someone who out and it you on something with an with of your to might that of be',[start] list houses [end]
glue stick used for,b'have do',[start] glue piece of paper together [end]
visit museum motivated by goal,b'human with find find with your that move when for that see someone are not as make from very them is are good to more on from when on',[start] it be good artist date [end]
going somewhere causes,b'have might become buy you not it go to eat to do on something one someone your that know that in are an get your take person and the',[start] really get lost [end]
comb your hair has subevent,b'use become learn use do keep person a have you use take something it buy wear that play take with see more his might live the watch very in',[start] look in mirror [end]
Egyptian pyramids has a,b'like to in up as for something with up it up is that from are it you its in person many be more out and and you of and',[start] rectangular bases [end]
compete has subevent,b'at someone you look an treatment about its one at their one about its that of be in more that a heavy in them them and of it many',[start] poor sportsmanship [end]
unite state is a,b'out than book the program store together as person on people away for someone for your it up s both them more s for them up it when you',[start] same size as brazil [end]
irvington part of,b'get get play take person more and eat an human something you not do like be more them its your go on see his not that get store what',[start] new jersey [end]
person capable of,b'in of as by when like of you up or his of it off his who person than on to something from someone about the of many from what',[start] learn until they die [end]
cutlery drawer at location,b'',[start] your own kitchen [end]
person go to work at location,b'on when who his of when out out out with from all for with what your who like out be in as the for like an you are that',[start] subway [end]
cold weather causes,b'door from day the their that world on and like from like one on your them on be the both in someone for both his person you like a',[start] frostbite [end]
The oilseed radish can be grown to scavenge,b'food book and text at on',[start] nutrients [end]
most child not capable of,b'in as as them for what and what about an their treatment s at as like something your for in person off by when that when on all their',[start] wear wristwatch [end]
driveway at location,b'out about it something like your object more it it when all the ground who from to good of many out it of you to watch at by the',[start] car [end]
a QUANT_S_1 caliber Daewoo assault rifle is,b'their who many you more and its you their at by an them with to no at to an s its from them more your by by many in',[start] QUANT_O_1 of the weapons banned under the law [end]
horse at location,b'door it who their light about an money as both in it his your that new that both the like many your all like on the on at by',[start] field romp [end]
a saucepan used for,b'make something to go out with on it his to make for it when move something it them at very an move person person all to someone from it',[start] boil vegetables [end]
pie la mode in french defined as,b'food',[start] pie and ice cream [end]
buy something small has subevent,b'the you find something watch store on the new his in are very your have your one than from the more them an this at all when on someone',[start] you lose item [end]
a head used for,b'on like out you person person his are what for someone on an united something to their as as on like its good s the for person many with',[start] making a lettuce salad [end]
children capable of,b'go have in something store out your person many something for get do with many put them than very take in for get person be their of in on',[start] love [end]
vacuum the floors motivated by goal,b'at the united an states away with on out s and this and part on than more his your one your from in the a that an treatment from',[start] do the housework [end]
horses has a,b'change in person about the music when person as object more than all when the for more to like at from are of this all to your the person',[start] served humans very well throughout history [end]
A star capable of,b'food or their most item of world s the together from object when chinese out in many be restaurant about his treatment their for his both his chinese all',[start] guide a weary traveler [end]
thread on nut or bolt is a,b'become take a',[start] form of lever [end]
earn live has subevent,b'have very become making not buy a not see buy',[start] prepare for retirement [end]
large item receives action,b'people who person by from an world up your cancer of for and part of from person for out than from person who its something an water at his',[start] haul to recycle center [end]
divider at location,b'money together food with or pictures cancer food and weather for important than light life of your day by a jam s from your object from their more of',[start] street [end]
answer phone has last subevent,b'food on cancer life between day treatment by book cancer over over at all all an clothe treatment in something all than one more as by their their something',[start] hang up [end]
person capable of,b'of by s clothe on from and to someone who many or the them s as in one than the his by by person that many like one from',[start] go for trip on their vacation [end]
have haircut used for,b'to more as more many good down at in a your them the be be be it of someone person what his a someone what to not very your',[start] tidy yourself up [end]
playing chess has subevent,b'very their one an their its it their a very that that with someone their for them their in the on someone all that are someone who that of',[start] tension [end]
storm capable of,b'like many on at the goods to good when it for more the like more and with and the like person a who what its be of one is',[start] move west to east [end]
buy hamburger has subevent,b'change your book by do the use the make see with make in many more in have their something with get have a open your be at that his',[start] take restroom break [end]
lady capable of,b'door book person and restaurant from law and that to find with by for of out their a many that many when are many a person that someone it',[start] kiss pig [end]
basket is a,b'by a hand you make watch that be in store that more his at on a all be that a one its more with get you it your many',[start] container [end]
Humans capable of,b'object in cancer off off as people in or after cancer on all in their to of like something at at as one out you a be of something',[start] taste with their tongues [end]
play ball has last subevent,b'make change get keep feel of put as bad are use very use many move you use something your make in an have might buy his use a more',[start] go home [end]
first floor used for,b'human quanto1 on find from get use a use his quanto1 an sleep person his move his the different you store something get at his get it something person',[start] be beneath second floor [end]
automobile capable of,b'their a soft night store on by like like the heavy like very as have someone in someone their at many what on you person is be many the',[start] hold certain amount of person [end]
dying causes,b'are person food sleep go your day very human find store get very the ground an are on it something someone many very new and are its it are',[start] an object's color to be changed [end]
buy christmas present used for,b'clothe who treatment of book what from this or be restaurant together or from of treatment more them you good for another on person for at his more is',[start] make yourself feel good [end]
Flossing your teeth has property,b'your them that many all be all up in are something something their are that the one more an are another someone a you might that them on another',[start] routine [end]
person desires,b'your a in person who your money',[start] be treat with deference [end]
politician capable of,b'make make wear a play eat store take in go one for very find make like at the use them their your not it very make all an your',[start] agree with voter [end]
food at location,b'go food by good as go away people it',[start] bowl alley [end]
Members of crew capable of,b'you like it many when for to take a new over at are them by that you your what many for person their of the good when to with',[start] row a boat [end]
glass of water has property,b'with s at the book an ground than out your people who it an money from from his than their something person his from be with his who more',[start] welcome on hot day [end]
person desires,b'clothe over or ground',[start] their mate to find them attractive [end]
get angry has subevent,b'door down people',[start] yell [end]
billfold used for,b'money a people an sentence the united cancer about of both by its sentence it person at out who one an important in for it that in something someone',[start] hold your credit card [end]
have a heart attack motivated by goal,b'make look become buy to not your making make find store not play have use their get someone your move have learn something not his get more the a',[start] smoked too much and excercised too little [end]
gather energy for tomorrow has subevent,b'change person object than call more from open for open like see an clothe and the person on at you another at what person from your and from be',[start] rest today [end]
play has prerequisite,b'change',[start] learn game [end]
person not desires,b'clothe cancer with that for many them up down of you have by an water of of be one when be your your that at from that in them',[start] be drafted [end]
cow capable of,b'to its good many his someone is them it and and very you not by an when for be have for that like have very as them you for',[start] quietly [end]
Steak used for,b'very get it a',[start] eating [end]
you capable of,b'use',[start] act upon it [end]
telling a tall tale causes,b'get you find do to buy in know someone store when move more many hold by a that your are for something them to it it is might eat',[start] laughter [end]
Tasmanian tiger defined as,b'that of by by who be your to an restaurant system the of one after many more what an to the for them than his that more who that',[start] Thylacinus cynocephalus [end]
tickling used for,b'on person',[start] forcing someone to laugh [end]
gazelle at location,b'your his with someone that get more than them a more what for all and their one is at his many his be it with all is your in',[start] asia [end]
disk is a,b'food and be hold be you bad very country and self with the house after her person is both for that person in by the his part from when',[start] flat object [end]
Maricia Melcombe of Stamford is,b'your who person the for the item as have by to live by as person of like a from its the the one his by you one when it',[start] a sister [end]
William Shakespeare is a,b'of at from out what to you make his be like his for more a at an who it is with its its both of many like the his',[start] a playwright [end]
relaxing has subevent,b'door it as that an healthy than his many his it for its all be that many from of as as by in more as their their a out',[start] drink lemonade [end]
car capable of,b'change change',[start] hit cliff [end]
course receives action,b'be something keep buy something an change what it for many your help to the important for for are a as in are from many person to his with',[start] offer at college [end]
not everyone is a,b'be keep make use with make',[start] from america [end]
bridges receives action,b'become hold become get the not be eat be watch are take store on be do it good with its live his with more the be very for with',[start] constructed over water [end]
An engineer not desires,b'to from of them their you to are his s like more what out that it to all something one it someone them a your it when very its',[start] a chaotic system [end]
Lifesavers is a,b'object into their the sentence one or one between money between their food off out more for are an in your something its good it of of all than',[start] a necessary item on any boat [end]
an accordian bag at location,b'on a or',[start] scotland [end]
buying something has subevent,b'their person at in at with them at person more when with of as an with what from from many its for and to at by a who out',[start] work with an agent [end]
diesel has property,b'to their person are are something with more and in them up more about the heavy it from with it as something what out with something it for as',[start] one of many product of petroleum [end]
i capable of,b'food and book the object their in as her united',[start] light match [end]
someone capable of,b'by more of part between for and and but at his it it or a more at to good from all his and them the for more all at',[start] paint a picture [end]
Her long legislative record of expanding women 's rights won her a large following among,b'make store food sleep go someone person not know have know an eat another eat your one from you his watch you it their are an tell his lose',[start] women [end]
red meat has property,b'at a the your water his you store from not their someone more to see their good what them for their his in at you the and and to',[start] high in protein [end]
overeat causes,b'like them off restaurant for than person off that his them of like good with person your with someone it out an your more and on person person his',[start] poor physical condition [end]
you capable of,b'people something of book his good that to the you more are you person at have their that lose at with an part up on that the more to',[start] ticket to enter event [end]
restaurant receive used for,b'change have very the the small its not good be see buy keep not learn a your good the something for a your learn more be an the at',[start] intake bulk food item [end]
commit suicide used for,b'with s item states product for on object',[start] person without hope [end]
a ring capable of,b'money or your world to cook your cancer',[start] fit a finger [end]
seeing exhibits causes,b'change money',[start] surprise [end]
hospital patient not desires,b'like of clothe of water of more by off it when and in you someone who an and that his that with out more off like and at the',[start] be forget [end]
sit quietly has subevent,b'',[start] look around person [end]
a stringed instrument at location,b'their it by many by an restaurant between both s and someone it of all off by the one about what for the heavy from someone more up it',[start] a string quartet [end]
most common hat is a,b'',[start] baseball cap [end]
go out in public has subevent,b'your you look make not know get not buy see your see see you you a in make person their another the like with on your at them be',[start] you must be dress well [end]
mankind believes they capable of,b'use',[start] conquer all [end]
mont blanc is a,b'person something go have the human in have its open at not like your that them out who for your with something by with them in many something when',[start] mountain in swiss alp [end]
waiting tables has subevent,b'on person food time time or religious down at s treatment a with person you something many all as in person many many when an part about one be',[start] fill water glasses [end]
the roots q u a n t r,b'person who meal clothes at its book off by the money about your people what at of of the from at to many when them about one when many',[start] the moment [end]
have checkup has subevent,b'like from like with his your your up a at s that its for at more to the their than be when be both a them a both an',[start] you get pill [end]
send e-mail used for,b'the your to work that its by a for new them what more who be with very one out your who at be all at have it what like',[start] communicate inter-office [end]
a street sweepre at location,b'very not like to a you person out something your',[start] the street [end]
Curtains capable of,b'something very give learn your are a something of have you get make of learn that an get one it are many be the have its his an someone',[start] block light [end]
molecule is a,b'clothe about program together up between weather after the iron together over who all for like of an house cancer away your book when to their person person it',[start] small amount of chemical [end]
play lacrosse has prerequisite,b'be the the good the life by with from the patients on not on with all when you on at someone is of more out as you from of',[start] have net [end]
take bus used for,b'very are not become wear with you get you make do see good to you keep be do with are the be one of something in at of someone',[start] poor person [end]
french restaurant at location,b'at when on and to person a pictures out of like who all what like you in them of your like one many by by as on that from',[start] many city [end]
seeing your idea become reality has subevent,b'your the an that you a new be that have that you many many people on at by it by when someone be of you someone them someone on',[start] the feeling of accomplishment [end]
maintain good health has prerequisite,b'clothe in people of food hand in to for s to important an law it is from something with the treatment for their who person your treatment them or',[start] get more exercise [end]
embarassment is to receives action,b'people his in a chinese who when it when more the it when good from your good up at more them than an at of both like it when',[start] avoided [end]
in anarchistic society there is a,b'at your to to very at at and what a you you get them out at more than something it person a many their an one who that in',[start] no leader [end]
the role plays,b'on be human sleep eat get a change find something you a people the your the the both one of more you get someone for them for very no',[start] compared to the whole range of old treatment methods [end]
tying your shoelace used for,b'human use go by be do their be making get buy you not you wear their learn like watch at have the open might go you many a very',[start] keeping your shoes from falling off [end]
a grocer used for,b'the your for have that have of its as one a person up a heavy many be them on that like very that with its of to the for',[start] Fresh vegetables [end]
television view has prerequisite,b'of as as at s when from and at that from on in than person his treatment you by it on to person them their person from you you',[start] time [end]
guard at location,b'food a be wear for very food out out at for an go off get like their a your work what store your your at that lose by light',[start] military base [end]
fortune cookie has property,b'become eat at very something not not see make not have hold learn not see the not person not the take know your have know by someone very not',[start] give out at chinese restaurant [end]
going for a walk causes,b'in from for many at who them at about at to both them your of who for person up at you many in something of all by from as',[start] enjoying fresh air [end]
willy-willy is a,b'the person for at you more off off them as his many them you be of something your the your them an its the many that the this more',[start] dust devil [end]
works of art barrel madison avenue,b'become are move make keep your their go from small an food for are that make from at one its the many like from an people their their at',[start] last week [end]
this legislation is,b'have be hold you use very you learn it are person be put at be keep see that put that the play person to its person be many for',[start] important [end]
Canada has a,b'by a person in for store than by more be you them up from be for person than both when more when one it the to the part what',[start] six time zones [end]
know how stock market perform used for,b'out s sentence resource with that you you at with like someone about who you very an to the on them a more at of more and more than',[start] technical analysis [end]
eating quickly used for,b'have make find feel person it many put his making take you to play another their the play many that watch that eat when a have by a at',[start] airport food [end]
love defined as,b'human bad on one be learn a be do with do are you watch your make in that not not get its many one one out person as its',[start] strong feel there be [end]
dress nice motivated by goal,b'you the learn go use on',[start] the men to look at you [end]
the major carrier be serving,b'',[start] Las Vegas [end]
train engines capable of,b'go that be make be very keep learn make you make good play their become make something something with have very be buy the get watch one someone are',[start] operate using steam power [end]
cat not desires,b'on something his an people or their on for it for who and by their his like their when all on you one as person in many you to',[start] live with dog [end]
movie is a,b'very very keep learn buy to keep person by in its make get are a you in at you watch something their on you their be its their of',[start] series of picture [end]
revolution made of,b'in at off or for their of for it it who person be their something its like something is of someone by their of and all and it them',[start] sentient be [end]
celebrating has subevent,b'door when your and more and out in out for as one over with when the something many of you them off at something someone the treatment it be',[start] honor heroes [end]
'Life With Dexter' is a,b'their an the united it have on a their when a united to at all the of both is someone than both all like your a good at as',[start] a comedy radio serial [end]
destroying your enemy has subevent,b'for be get be eat eat are put at an something you take one their the no its both a have all its another you that one with from',[start] you might get hurt yourself [end]
water has property,b'use have have use take go',[start] transparent [end]
tape television show has first subevent,b'on up for his at its cancer and than the treatment your good out when who an this you you good out what have its are as their on',[start] program vcr [end]
giving a gift used for,b'are from their treatment up and item it down who person as have in with and person be from your of of all out at in what for the',[start] charity [end]
Stephen M. Cutler was honored last night at,b'use on person like to your money a object with all many have his buy to someone a it at the the no you in store up who an',[start] commission headquarters [end]
a manila folder used for,b'go with life off world up at be book s more from become do the play your person what an good at many them you a it many one',[start] filing documents [end]
"Tested is past tense, testing is a",b'book over on s united book about s all are both by many the restaurant it the you might not a many are very for an an good many',[start] present continious [end]
Debra Anne Klein is,b'door that all the chinese by many on more from are more who and many on all s many person it them when it someone in for to you',[start] their daughter [end]
a nutcracker at location,b'with of their at to an than you for of his you as on more who from its at on with person up an with many you its by',[start] a store [end]
go to sport event used for,b'like have to it who store for you take an person the book person their that at something many to the a in one a for no who them',[start] cheer your team on [end]
Someone capable of,b'very not good you you take you become very use like use the their your help you a take his watch not watch to many a to someone that',[start] plan to go to the movies [end]
Large dogs has property,b'that the the day of person more for it about you are them by that his be their by what that one on it by your on all be',[start] affectionate and gentle [end]
eat has last subevent,b'have take the treatment your get look from find by take take to play by more of more at your many have at very be all the person person',[start] swallow [end]
semen at location,b'for to at that to like is to in in or at something than good a out at and a all an it you more more it something to',[start] a porno [end]
A person capable of,b'something their something store something that not what from many this with all that its it for as one at for with by something something what that as a',[start] learn to read [end]
exam table used for,b'food on clothe with many than all you with as money than your states them for something s someone more more by them an people it by by in',[start] write exam [end]
penicillin at location,b'something very open more what that play more out on very be more at many many with you an all many all of in them your like an your',[start] cabinet [end]
some dogs desires,b'food system on you have you restaurant together the money for help it of your treatment of for on in on your people over with its as and his',[start] fetch frisbees [end]
gun capable of,b'your their you do not have make take make that very have have to it something get their take know get more his good one something it are might',[start] kill you dead [end]
March QUANT_S_1 Revenue QUANT_S_2 q u a n t r after,b'are like at by an for be of like many the world that one them about out his be are your that of very a more their in you',[start] the latest first quarter Hope Brook Gold Qtr [end]
making people laugh causes,b'to good in like like person by when to a your by of with in them his for person your that many something the of it that to both',[start] the atmosphere becomes lose [end]
write a poem has prerequisite,b'out in in on it be when more to be who by at to person many its of what what the with one from for with his and what',[start] get a pen [end]
spit causes,b'door over at them that are out that music on them at to be good by their you many when very many more with all for to someone for',[start] fight [end]
open business causes,b'by someone up out or their that and for to all is like to like in their be them off your in by it by all is with an',[start] make profit [end]
write letter has prerequisite,b'that it a place out in something what person with when for more off many many someone than one that them what to be like for many his who',[start] buy paper [end]
american life has a,b'your its for in a body between them for in be at your them something person that person them on very them more of your to with one the',[start] get way out of balance [end]
see art causes,b'get make something do watch store from become very quanto1 of your buy their have to watch are have more many know all the that one like get on',[start] appreciation [end]
teach other person used for,b'very to it to its their by an at its are many be a his by in more to watch what many an in from your with a them',[start] share experience [end]
gazelle at location,b'have might use make person store about to use to have good are watch your go a be to play you something in more them of your all are',[start] ivory coast [end]
horse has a,b'go s make a become',[start] really good balance [end]
this used for,b'by a law in by like of this treatment who at them with out of be of in something for are his his it something in on with his',[start] see wood [end]
flower bed defined as,b'in like them or more their you what of you something at to be something of the out the be your at all who its person to person for',[start] sometimes flower garden [end]
see artifact causes,b'the chinese to an meal person s them you open and an people with are with all that on its of something be one who from your people about',[start] bad reason [end]
enzyme is a,b'use are sleep to buy to eat in to male for person for at be good s be a very at are its more like be an people them',[start] high molecular weight molecule [end]
divorce capable of,b'be something look learn it with your it many at on get that find one from in very his on person are in person many the no the from',[start] include custody agreement [end]
howling with laughter has subevent,b'have play have you move something more not it at see might make their eat their the see person for your one it that you an are that one',[start] crie [end]
14 reviews included,b'out from pictures in an weather as at or them of and his them what by what their be his to more from one up it be good when',[start] in this review [end]
mouse capable of,b'something like at all on as someone you his and at that from for his more on that one by who more by a who as as you and',[start] life on grind [end]
dust at location,b'to good up or be your at by good is of you are by an many in from when it an like you its a by by something something',[start] under bed [end]
Antowain Smith cut,b'something it your of his have it person out at it at more it like with that have have something on a in a no at their good you',[start] wide right [end]
join army has subevent,b'by a sound on use in your their that be its more from person it that at by what as an by that on in one for an all',[start] go to war [end]
seeing a story has subevent,b'their to live up up with that in like all the treatment for something you as many your from be from be on the on the as to be',[start] turning a page [end]
stand up has first subevent,b'to be person their good is with someone of the to a like you a like when are all like one s have as a person the heavy by',[start] plant the feet [end]
a picnic table at location,b'be watch take the water you know are more from it be you in find that it your have get from are their you live with have in from',[start] at a rest area [end]
men with lot of money has a,b'like person for and an music off more over at a pictures for good who when when at when on as the be what be it in on and',[start] nice car [end]
fall has subevent,b'use in play take do use are learn one his people from have not its have are your not person one something the with an one your all with',[start] you break a leg [end]
celebrate has subevent,b'in off or restaurant at after by food after their law people cancer between it down a them the sentence who all it out that something on you are',[start] special achievement be recognize [end]
a magnum opus new york,b'',[start] American identity [end]
Champagne seems appropriate to,b'by from over house as at on at a united treatment away by is more your treatment at its person by at as in and from of its what',[start] QUANT_O_1 this splendor [end]
The secondary directive for machines is a,b'object',[start] : Obey human commands [end]
the House had,b'book or money hand them off to move is their cancer on for that friend them with who many an pictures of as who it like more off as',[start] a 394 - 21 roll call [end]
an erection causes desire,b'change on their person for his restaurant what from good over something your desk with from someone on more many more for its good than when at one than',[start] masturbate [end]
roller skate at location,b'with up of world house s the of by more it as good their to very and of who it many person like one or when on and who',[start] skate rink [end]
One impairment a person might has a,b'of treatment health a city about their weather by out or many in when both by and in a world on many than them person that to someone about',[start] is bulemia [end]
obstruct justice causes,b'their on their and the book with to good about is both when of on many with more to them with from with it them at with its for',[start] get arrest [end]
the impact of the latter is,b'human human in play are use up you',[start] modest [end]
handle proposal motivated by goal,b'to good than to it of be who his very good you person a very for for by many to watch all out that something when one at it',[start] do your job [end]
having fun has subevent,b'use your buy at find your',[start] enjoying company [end]
hi-lighters at location,b'object be take getting quanto1 wear very learn more you are go of get eat at make might wear good an you you something take one that very an',[start] a cabinet [end]
its proceedings take anywhere,b'by who and food m into down between people between on of it what all over them it on the many at in by of with his as be',[start] place [end]
kiss someone causes,b'get make something one like getting make find have very very move your the see the something its go his have you like like very its find have with',[start] lipstick smear [end]
data concerning,b'something more it it good on your object on have all the person in to know out that at more of from of something one be like like his',[start] the prognostic strength of current tissue biomarkers in the diagnosis of colorectal cancer [end]
empty boxes at location,b'are on clothe product or item your restaurant down by treatment what is you its that both than its from that to it off you from his be something',[start] a waste bin [end]
philosophy of mind is a,b'out off by be eat find go and make use',[start] subdiscipline of philosophy [end]
waiting tables used for,b'on who object',[start] giving people food they ordered [end]
lp record receives action,b'people off that good food use s people to new treatment to like them by it them that his them about who their and all from to have its',[start] make from vinyl [end]
gas used for,b'human with feel with are on more the of person on all in something who many something to you have someone you it a someone at an them like',[start] use as a fuel [end]
educate person capable of,b'book with person up and object cancer with who be out at person away by their by that be person than like by of the your that its good',[start] face hardship in life [end]
get exercise has prerequisite,b'something in not take something go it person a like with someone what like are one it on an heavy in their by good that a person what you',[start] play a sport [end]
Hong Kong is,b'something someone when watch to might give from as for many all of to it an an both an who when them when them about on for more is',[start] South Asia [end]
debate politics motivated by goal,b'by at of treatment into down that when many than from its like from his than it of an at them to store and many it many your something',[start] have good laugh [end]
light match has prerequisite,b'person or door of states or law health that people for both of its friend in both your of of a chinese with all at what more you a',[start] find something to light [end]
The governor 's campaign aides offered,b'use or making making bad with learn about someone program for you change what at find when his the plant on that a very very at when at all',[start] a quick retort [end]
chewing your food has subevent,b'clothe off out from person of book is pictures from thrombosis than be book about many them about an enemy out them is on as of of one about',[start] you might spit out some gristle [end]
see excite story has subevent,b'object of item in them for for from treatment or all and and part with when as person for what them your them about to both when at be',[start] hold your breath [end]
monogamy is a,b'use at to make the body out for his have not like take good many very many the to live their it like one as person the that with',[start] relationship between two person or animal [end]
go to a party has prerequisite,b'become person at something something his day of someone with all of with them many the of with on many good it all be more from to one in',[start] put on nice clothes [end]
glasses defined as,b'person in many them from out away as good as as more it for its that for it on out an you that like the an as many be',[start] a group of glasses [end]
the company clears only,b'for you keep be use you quanto1 the more it by like what get on more it by like you get like its an them that it more at',[start] specific hurdles [end]
celebrate has subevent,b'book the people life off to play through a line in that his object that in in that to not the on that them about your both than the',[start] band play [end]
A person capable of,b'in an the night out at person and your the pictures their the this be good in in in all when be are for something to very be them',[start] twirl a plate on a stick [end]
get some physical activity has prerequisite,b'make the the very in their be your are a its your a something an human in it them something it in an like a all by on all',[start] run five mile [end]
horses receives action,b'very have a be buy a have become play an learn with buy person the your open you very your like you get an like the a something by',[start] trained to jump over things [end]
piece of trash at location,b'change a be use make not by',[start] on sea [end]
someone capable of,b'money into health of that desk you good when that book and that are their the more than as for when his good you you them like person to',[start] hunt wild game [end]
nashua is a,b'very take make use bad learn in get a the money one many take at a something in that make a make something very like the have you good',[start] city in new hampshire [end]
fight capable of,b'by good for the night an day up them s s one s with from their person the treatment and their as his at an it your his with',[start] make person upset [end]
jewler capable of,b'people about s',[start] value jewel [end]
sloth at location,b'you take hold hold it on a open them of see many person that very make all to its get all by its take you person it on many',[start] burrow [end]
telephone at location,b'money a use make do your body of find a person get be find person good with one as store with someone person many something for you a in',[start] earth [end]
convict suspect for crime has prerequisite,b'on in than many its on s up or more by an them',[start] gather evidence against suspect [end]
many hats contain logos which has property,b'get not for to do on your money when your sleep out up more with them by very give your might put who be at at when for more',[start] esoteric in nature [end]
Overexposure to the sun has property,b'for as when for be are them up or your to store',[start] harmful to human skin [end]
drink used for,b'object the be go that good in get very get you take for buy watch in them with your with it what all his his a that very all',[start] quench thirst [end]
change society has prerequisite,b'in as the s them or than in away your in be what who as their of their your to another you at at at an than for person',[start] define society [end]
meet interest person has prerequisite,b'with his something make your up who an key what you at their all when to the both as their a it the both be when your something their',[start] you to leave house [end]
write story has subevent,b'that in out his at what a treatment and its the on one in your and at person a on all on when a of very when and good',[start] gather paper and pen [end]
a group of mourners at location,b'have not have good good like keep the person something as be to keep at have more a like person from get someone on have more out a like',[start] a funeral [end]
hairbrush used for,b'like who your are very someone the program of be of both is for something one about you someone them with be good it you it many all an',[start] brush your dog [end]
Some people has property,b'for that with by something are to an states more as it in with someone off them more what them their you from and with as someone who them',[start] afraid of dogs [end]
find lose item has last subevent,b'at on s food you are of this to one your program away than both an by a part what on something is person when something that it that',[start] give it to owner [end]
person not desires,b'change become book with many help for with for in all at to very have your new in it his his no that something like like its one the',[start] angry parent [end]
Americans has property,b'the ground to it by have them a food as one who the chinese when it an key your good who on have you person be very as good',[start] proud of their heritage [end]
A roof defined as,b'are person than good who your water s from both or as their that both more all and with an them that as like on when out than what',[start] top of a house [end]
playing the violin used for,b'in that from for and their of away as that away by the heavy for his treatment or be like more them and you you are on them for',[start] the joy of making music [end]
woodwind instrument at location,b'have person and treatment law of life on them the new as hold person to to to his go the your another them that more that another like of',[start] concert band [end]
a cottage used for,b'object off or ground health out off as world life s their door your office hand about what on are that like someone who you the person his all',[start] vacationing in [end]
dress and pasta is a,b'have find book or the people',[start] type of food [end]
gold has property,b'something them their more more a new many be both than watch when in for both a good that many very their good when the very from one you',[start] shiny [end]
fishing causes,b'clothe through clothe out as them his law in and of them a states for you what his very this that all your many someone something you a be',[start] having fish for dinner [end]
going to a performance causes,b'very a clothe between book is eat than it you an like someone at all on your his someone who in are an both on you in both is',[start] joy [end]
personal slight causes desire,b'like of of out',[start] judge someone [end]
clamp used for,b'make look change for use that move you be keep your bad buy that watch to might you an your look your something person in watch with of store',[start] hold object together [end]
white key at location,b'use person by at when are something with someone an the the water out that take their their one to not have when on his like at it when',[start] piano [end]
a lady capable of,b'that are something very human buy be be good out your at on like be at your be it something you them that person one and from like you',[start] receive a love letter [end]
zoom lens used for,b'for over that person in as person or s in it off about person in your water at with all at many out at the something is your good',[start] see distant object more closely [end]
one food that may receives action,b'of s for like as it down than and out for many out what to like an at the that many its something it it to something his from',[start] put in pan be sausage [end]
fight war motivated by goal,b'human find at them you it more the city person by the become use on are to store as you a its person when not them s one than',[start] we be invade [end]
curtain at location,b'are a hand store light and water in your their of you at by light for like in that something that their from with all be you to their',[start] the theater [end]
Richard S. Tedder is,b'for to someone in someone it a more out for than someone your to have and in it all all who someone to that of your who out who',[start] Dr. [end]
use calculator motivated by goal,b'be play to see of play as give be to be go when your feel its it for their person it on have its at by on with good',[start] do math [end]
Fungus gnats has property,b'on all book by for as like at out s more with one out on out the as when many you the both be of to store than and',[start] annoying [end]
spend your time on this site causes,b'book out for than good s his in be very water of people up all from your something them more with it in like at as the all more',[start] get eye stain [end]
success causes desire,b'on his at for from s and more than than person from something with it what the like someone it a the them who them as it by something',[start] have party [end]
soap used for,b'of their over your out than an pictures with them by good the text is more person than them from its with at out out them of many one',[start] wash your body [end]
fish has subevent,b'make have in very be person your take like it from put of keep that have at its getting his not like be with are his your your are',[start] peer into water [end]
vomiting is to receives action,b'human for the treatment people of with many their up up from many out an cancer away as it many an you your his no with someone off with',[start] avoided [end]
a sunglasses used for,b'very his have something someone from see out what its see like his have on something by your that them about from on are in it their of on',[start] protect your eyes from the sun [end]
see your idea become reality used for,b'the their this water them to know as an the water away an iron about that something on very someone person many a their you good by something one',[start] attain goal [end]
give clue used for,b'object',[start] help guess [end]
a choker used for,b'at when who good is in more as a with his it more is to many to on a out their be be their with to might many one',[start] wear around your neck [end]
monarchy is a,b'in their people about someone as your them more to very at that like with on more in as good about an your from from and both his from',[start] old form of government [end]
some thing only work if they at location,b'object your more be eat make make make their more of his not them is more something have his like for like at one is the like something more',[start] right place [end]
exercise has property,b'on person their them by your life or something a pictures s you another a water by with someone a this than someone them when the from both an',[start] fun [end]
downspouts are,b'human making do store on quanto1 with not another in your money to find what the all that are many a watch when another your their on its its',[start] clean [end]
human interaction is a,b'you be become you eat take their buy learn not see use take have get an are might move have like that have someone get to make you see',[start] game [end]
talking to someone has subevent,b'of object than the house life of that s for more over that all their to their what to both the something be of the to both out his',[start] make an unusual face [end]
buy a shirt has first subevent,b'the to learn person when it them and for good is both more for the person their of it is on all for an them more you more it',[start] try it on [end]
2 Diabetes Mellitus is,b'money s food at with in at to take their life',[start] a chronic disease closely related to personal life style [end]
anteater capable of,b'be have your do do store from buy on find his quanto1 something very find many might keep a watch a good at store many your in it your',[start] eat ants [end]
Most of the animal skulls are the result of,b'clothe out their be make wear to keep someone who a restaurant s the closet as for very one what many that someone a both one his that that',[start] culling [end]
obesity is a,b'make learn out about one them at like good to use of have many do the all out many its you are you a its his get in have',[start] correctible [end]
different breeds at location,b'on that on s or your than his this you them their that when more about like for you many them your person you your their an like by',[start] dogs [end]
moisturizer used for,b'money',[start] spray perfume [end]
The bottle is a,b'you something your another make person get person are an it the at that take them one at like have for make many all when that like good for',[start] casting a yellow shadow [end]
person be kill has subevent,b'to a clothe hand s food the chinese out what and from it your to your what like are that on are of them on for a his to',[start] that person be damage beyond repair [end]
watch tv show used for,b'go at people s law the line and get see to put a give someone them for at not on person all it be might your new you something',[start] pass away [end]
meteorite capable of,b'clothe in at person at you at a treatment up their it it what them in be the people by good you their the his a on the when',[start] near planet earth [end]
climb mountain has subevent,b'get get very take the take in you find more an get watch with you be one an buy their its eat like be the you see an your',[start] bring oxygen tank [end]
Mercury is a,b'door a food sleep your desk and law s are your country s be sing is like from them off with someone them from from another his a their',[start] about two-thirds iron [end]
reading a newspaper causes,b'go into go people with their life body after the find his learn an',[start] understanding world events [end]
tell story used for,b'make quanto1 person and not make use on look good by wear what an you it its take watch them what them many good like make it with at',[start] make person laugh [end]
a control room used for,b'make have change making get be something store of put to wear someone one you more many get very person an hold the keep very live all with many',[start] checking up on people [end]
a courtroom has a,b'their to watch of the with by of an that at from like many by someone the who who on them when by be its that from what in',"[start] a witness stand, [end]"
solor system is a,b'people at at something your united with on by with by one than for that by many more for out at from who a an a that as their',[start] wonderous thing [end]
The doberman is a,b'have good cancer your be might the your the be good many make at many your that not it is an you not your his make many very person',"[start] a loyal, intelligent dog [end]"
someone capable of,b'like very people at a ground to learn you like make of get all like it it that good who from something like someone you to watch a all',[start] eat a sub [end]
see a movie has subevent,b'have hold not change making wear do for you the have be use to keep an find are in to see at are for to keep get its an',[start] watch and listen [end]
having fun causes,b'change out on from water in as learn is go with are an city up on his all be very an plant when in be to that like your',[start] get a criminal record [end]
execute fly kick has prerequisite,b'in more out be a to find when your the book them from by it the a your you to your of its when his your it what their',[start] get run start before jump [end]
The German-English Academy was founded by,b'money a be use you to have at have make you quanto1 in make good out are an the very to take something their more more on its good',[start] a group of Milwaukee German Americans in Milwaukee in 1851 [end]
a bullet used for,b'money that by from and many with s of by program or on them what a their when both is it you it what something what to more for',[start] shooting people [end]
a baggage used for,b'have see change together in very body system your human what buy make one in something out s like more is be another someone like to a an good',[start] checking in at the airport [end]
Toyota makes vehicles which has a,b'like of more something with for be than your it at that by your united with of when from it in its be both as at many your to',[start] alternators [end]
Revenge of the Nerds II defined as,b'become see for from many of to use what you more them for your not your you it what its lose a many your are their for more at',[start] sequel to Revenge of the Nerds [end]
something at location,b'use get bad find the wear an take play his making make wear not know not many many be you person that more someone in make them to its',[start] open pit mine [end]
room key at location,b'money of or out your weather a world or on the money up at new on very s out on like person your this of by with its its',[start] at hotel [end]
badminton defined as,b'make find go bad person get something make take hold feel feel you eat play play do get hold have take be hold something watch more like to his',[start] fastest racquet sport [end]
a person capable of,b'to in you take play his s be more from that its what your many its good like person them with that very from the the your than very',[start] swim in the ocean [end]
some mistake is a,b'change with something to very person at be the person more like get a friend the their all like that person that be good than something an more as',[start] not correctable [end]
attend meet has prerequisite,b'of that many treatment a money of many and this in what something of from an and them on it s an heavy you be with for and from',[start] get dress [end]
sunny weather has property,b'door who food in house a sentence his day is your house out his chinese the them or the united an your the for another something what it the',[start] considered nice [end]
metal has property,b'with up object of at than as by in their you something that them about to all to your in is as be on on you when out an',[start] hard [end]
eating causes,b'the chinese a political book into when it or no more is be with no who its your them as at both what by from all be something on',[start] becoming overweight [end]
MDMA at location,b'get person a be use to bad be person at its go that wear like wear his keep to find by their store are a might move person to',[start] a rave [end]
baseball field used for,b'are that like what that it an world that new than it s of this as its your this of to its all and be and an when his',[start] look at diamond shape [end]
the Clintons to q u a n t o,b'use play and false m time from you open what the making are his male as see your eat an might watch of are another more it with many',[start] the retreat [end]
swear causes,b'in be their its like store to hold to the this you get you it its more of very with that its person and it an many with them',[start] make someone angry [end]
watch a movie has prerequisite,b'door food money with the ground people and treatment away or heavy good s many for good to you them about in of something you good off more be',[start] turn on the tv [end]
commit to memory has prerequisite,b'people food disease player states or book with s at or more at that work off their more treatment of by you store for are of its more who',[start] think very long [end]
an approaching car capable of,b'in from or enemy s world away cancer as away off by many off from person the who of at more their them or the the your people with',[start] hurt you [end]
coins at location,b'human person',[start] a water fountain [end]
a computer mouse not has property,b'by for s goods into with of than like the and this out when at more that them at something be who in what with another like at that',[start] living [end]
bill file at location,b'on and object than more you',[start] accountant office [end]
This is a,b'their out off life program about the deep s on the seeds by that someone on many from to them for very one a a from all out it',[start] a bottle holding a orangish fluid [end]
Onawa is a,b'very have not something not to use its make you become eat to get watch one a like be not at at someone on many the lose store someone',[start] a town in Iowa [end]
an audience at location,b'get be become feel something store about person something their keep play a be your have that do good in you a something that might it what something something',[start] a show [end]
go fish causes,b'your from one more to live over what and what all in like by that it you his an out is someone person the someone out or an in',[start] have fish for dinner [end]
A pain causes desire,b'are you the not go person in go more make for take for make one its at another an that to tell one of of to might buy more',[start] have an examination [end]
take oath has subevent,b'person out in at a car or something something your in open be many your with what more out his no with are someone be one person what is',[start] touch bible [end]
selling your new book causes,b'out person s deep player as their person them an seeds what when them as all from someone something you have your as the something them them more what',[start] earning money [end]
Compassion and wisdom has a,b'at and good by many you on for one down from be who on more their all something that all you to with their you something person by one',[start] a positive effect [end]
Ms. Ephron is,b'',[start] a novelist [end]
black-capped vireo defined as,b'by and goods cancer',[start] Vireo atricapillus [end]
number used for,b'by all treatment food m to it over',[start] work thing out [end]
wait in traffic has a,b'object',[start] high economic cost [end]
you capable of,b'',[start] drive onit [end]
person not desires,b'at and it you get an together for its united more over your of one for for the as to an more them s like its the its at',[start] bad luck [end]
get contract has subevent,b'clothe that good out at that this for at the their something an religious it out is your an good many at be person be the a be their',[start] sign contract [end]
person not desires,b'with in in at a treatment out off a clothe as than the for good who like one by to to on by his many when out s them',[start] be drafted into the military [end]
someone at location,b'like good',[start] the compost pile adding yard waste [end]
something at location,b'your have like have watch like see that learn have you hold with a to your might have something on for it at be like at like their that',[start] in newspaper [end]
fruit at location,b'become use to hold buy a play that eat your money the good by hold buy its see a buy many might do someone to at like that in',[start] kitchen [end]
A dog capable of,b'make be make put the bad use your in do to to find get your move that eat more and his learn something many them by very for one',[start] eats dog food [end]
hippies in april,b'have be their at have its something be go very very make see by keep watch on see its buy on your be have like one what something person',[start] that year [end]
pacific ocean used for,b'book who for of in on off and more up up than light at when a many on an more your by like person all than more out your',[start] swim in [end]
David Spade is a,b'food cancer by goods up hand with than light or heavy important and with like more what is with the with like to it up than something be its',[start] not God [end]
run in marathon causes,b'clothe by your pictures up out about all for its chinese an world for a key about it with in from and it than them of all off your',[start] complete exhaustion [end]
sofas made of,b'human change become very have find are person not move by the body',[start] leather [end]
Apartments receives action,b'in with treatment m for many as away the so as more between what s of you more that more his person them than and and all as more',[start] built on the ground floor [end]
there is a,b'go that play their be play more be it its very making the go more person be not something someone store you not to find are its many both',[start] bury treasure in carribbean [end]
Chickens not has property,b'the more of very its all when them with of your on it their your many their you on what are to get when another an what in more',[start] allowed in motel rooms [end]
A private foundation seeking to revive part of Newark 's blighted downtown is to unveil,b'human have the to know you a buy person to become make take get a human to it be get for very good at on person them his good',[start] a $ QUANT_O_1 plan on Wednesday to help transform the area into a round-the-clock neighborhood [end]
go on internet has subevent,b'at them what keep go',[start] spam [end]
fire capable of,b'',[start] cook vegetables [end]
"To ""act"" defined as",b'people about to store about out with that as people is it s from an hair to like like with on both like its be at than and more',[start] proceed [end]
The Loan Deal goes through on,b'make become a something take a city out when become be small play by look from be that not not a watch a help make one your your their',[start] Oct. 6 [end]
kid capable of,b'with up the house out and on people up up from the food or your for person out you an with as an as at be them who by',[start] be brother [end]
job is a,b'clothe from the food you your day is good in you good you to his your an pictures be what his no person an you like one when something',[start] student [end]
desk drawer used for,b'to more with be an people who an the many people that have person them by like one with have its as person an who be an in by',[start] hold item use by office worker [end]
can receives action,b'have have become have to person very learn it their look are take the become play have like something an you something get more on something a to hold',[start] find at theatre [end]
A comforter is a,b'change their object house off and world treatment s iron on it with in water off in as to its at what than for more in with out your',[start] someone who gives comfort [end]
run has prerequisite,b'in who something on you hold of very from your house and that in what in a on by their your many be as at that your for as',[start] just do it [end]
The Concorde supersonic transport is a,b'are very are something to cook from someone the good a them is you its lose by on that at the both by many someone something you like the',[start] a beautiful airplane [end]
Elan Pharma conduct,b'at at be put very important an food the united their and when from his this from to person are the something their out them be more many good',[start] marketing efforts [end]
Many offices has a,b'be go for one with have their be become be put them of learn and see it something something person at more the see many something something someone out',[start] canteens [end]
I has a,b'become not keep getting do the people with have do your small in get make something its play another you find what you something store them them person to',[start] too much junk [end]
bone at location,b'object up system with an book about what as that on all s something at an of it s for all his it than like all an from to',[start] church [end]
bulb defined as,b'clothe of for over away into your item and part cancer to open in in be out from at than your them all their someone you the heavy an',[start] seed of some plant [end]
a baritone at location,b'very the be an you watch by are more is person to go of his person many them that for its its from an someone out more out something',[start] a singing group [end]
xml is a,b'are from be not get eat find are watch be on a music by it in you someone the to a be be watch get at an their by',[start] modern interchange format [end]
Steven Lonegan ran for,b'at be a use have a book on an you buy make like are be your are get more with your person it when it on not for of',[start] governor [end]
Brake lights has property,b'book about food',[start] red [end]
yard used for,b'object off at out in as line out than good down and your item than and out the house over that to to your people to one them his',[start] distinguish property ownership [end]
clean your room motivated by goal,b'clothe when goods out as at in s in for out it off out by s out their than by by the s that be like from by from',[start] it be clutter [end]
a diva at location,b'in for them is more out his them who than who person who from you at his at by from person when person s like from you someone all',[start] an opera [end]
wait on tables has prerequisite,b'make become feel of make not find your use',[start] get a job at a restaurant [end]
cash and credit cards is a,b'the person treatment of treatment than night food down together of water',[start] two ways to pay for things [end]
take stand used for,b'for over cancer the people to one treatment is this s many are is them an states what and that their to it from for are be the as',[start] get what you want [end]
Recent research at the Medical Research Council 's Environmental Epidemiology Unit is showing,b'money people or line on ground item your united people from their you new by very good than from with it than on on an person s to its',[start] that impaired growth in fetal life have profound long - term consequences for health in adulthood [end]
a sound used for,b'by and with off into that book and the treatment off more system about and an against both many with at them their you both all than it what',[start] listening [end]
skeletons at location,b'become getting to play one your be see your human you have the use one very see someone be know on you buy more store is might keep like',[start] a museum [end]
the cop capable of,b'something very keep use something make take person of open of learn the important have more person get very person on person your their be for the the are',[start] direct traffic [end]
Light in the window is a,b'door out book people s food and heavy their as world of from treatment in on all or an with at all on something his both from their with',[start] a sign [end]
motehr capable of,b'your his no its you like your from them for what them for all s its a it than with on to that by have you you your be',[start] sing to baby [end]
a toy car at location,b'clothe something the her its object is both are you that very your be more his lose someone who have good that them that you are from their as',[start] a house where children live [end]
drive to work causes,b'have to your your something get their their your open their to look it the many from their something to might be good and have what someone them it',[start] promotion [end]
notebook used for,b'in the the in be in a united to you are very many for someone their someone that as something you good than one many that its the that',[start] keep note [end]
the law takes effect,b'something make use',[start] Friday [end]
The 4MGS was,b'are book book down on to something s many this up s your hair his life as what a be at of something with by by good or to',"[start] the 6 min walk distance ( r = 0.477 , p < 0.001 [end]"
attend rock concert causes,b'be make to use person an',[start] hear loss [end]
notes at location,b'with down item player up between or goods about at for a something them',[start] screen [end]
bug has a,b'door a hand on it by book about at an jam their in a object his on both your your something in by what its an one off with',[start] leg and wing [end]
student capable of,b'book his clothe up a car at at on its all something something like many people up your their all the of for their in from at something you',[start] learn about literature in school [end]
a neighborhood map used for,b'to an like be make hold good for for have someone an more that its your his a good are very at it what their their like by more',[start] navigation [end]
watch movie motivated by goal,b'very you feel buy very keep find that do buy something to learn in a someone what one that a something their them one person the lose its no',[start] review be good [end]
Safety pins is a,b'at on than their for one you its with you and its a many to on at an the your to like a it be when what the with',[start] sharp and can stick fingers [end]
meet person has subevent,b'object',[start] exchange pleasentries [end]
turn something off you capable of,b'that what your to live person about his you move and not make them by very for the you something more its at by its no out on are',[start] this to leave [end]
child receives action,b'book your have see an new his one them on his book on it their the more for have something be like at more in from of of more',[start] teach to hate and fear [end]
one space shuttle acronym is a,b'something for know his as you of person or by when at the part on for another and a in a and something with their all something what out',[start] adi attitude direction indicator [end]
jump up and down has subevent,b'that someone from all by from them what and one to good with something that as its on the its a you from person the its on them out',[start] break leg [end]
fountain used for,b'be be become make person do person person on get at know them to move someone like its buy at something good have many more for their that in',[start] dispense drink [end]
water at location,b'money something get see do with be to learn as their open the the object out s the people them a music are for the your something to on',[start] a bubble [end]
Chewing food in the mouth defined as,b'become hold you see buy something someone not an book like take on buy your very person that take you his its many their it as you be have',[start] first step in digestion [end]
someone capable of,b'with you move hold play someone be your by the something you an their them like from are their on someone on more to more its as on that',[start] create a new form of life [end]
Valentina Alexander emerge from a haze in,b'to your out or another someone at person be all a its as are on in his who as its with the at on you an many by for',[start] Zinda Williams 's stunning African costumes [end]
coreometer is a,b'with your and with when with what that s than who in at what more a their out when in at your for all to more you your his',[start] pupillometer [end]
improving yourself has subevent,b'something one off together health s book s for a for be of at its that have a all at have very are his no at a the like',[start] join others of like mind [end]
some flower has property,b'very watch are have person their the ground cancer who have its do it many it your an book on at something one when you something and their for',[start] edible [end]
Most people desires,b'of who on to you person on you something it out his s as something what something a at your his when be many on it that something of',[start] have friends [end]
you shake has subevent,b'change off life of and restaurant including with over and contain their friend on most their from person up and something on more it as you for by many',[start] rattle it makes noise [end]
rain storm capable of,b'are their person their that with who at their that object as have is both be them on be a the both a both its person a one is',[start] water lawn [end]
Music causes desire,b'like at an around at when by when at like and your than by when what a s someone s and as good about out who for both for',[start] relax [end]
make patchwork quilt has subevent,b'their by when the text treatment',[start] cut fabric [end]
person desires,b'people or be be watch take learn are use have do are might them than not at of the iron out as person like something person the all your',[start] anykind of sex life [end]
subway token used for,b'go it book with a their and not them your find be keep them from to get many learn from their be that take its keep from your be',[start] passage on subway [end]
Pittsburgh and Boston both has a,b'something on their and at as by an with it a of the that like what it off its as one s of that that of out in what',[start] old things [end]
reach tentative agreement has prerequisite,b'your that for that many it to be as at what with more for many their with the who many all off and many be from what someone more',[start] communicate [end]
cannabis at location,b'go about food person water to make at you see them from learn like look of in get their someone what good is something its take very good them',[start] growhouse [end]
it receives action,b'your another what hold more have have many one with to a important s someone in like more all out out more on a your like store his many',[start] clutter [end]
anyone capable of,b'on it and on treatment food together at who person and like many from with their person or and that of when one out your at be many like',[start] judge person [end]
a dancer capable of,b'very make eat become keep your use find the buy in you play someone the eat very get make its do someone on buy person the many in a',[start] dance in a competition [end]
map used for,b'in more the with for its it on with one in than to one than a than the as his like both you you on in their your like',[start] locate rest stop [end]
The U.S. increase aid for,b'something be be move an move make hold that do to you are someone person many that for the for be them his more all a all someone at',[start] birth control to developing countries QUANT_O_1 [end]
get some physical activity has subevent,b'change to something one on with when when have for like might very might find you to at to be on all a at you that by a both',[start] improve your health [end]
bob dylan is a,b'make quanto1 on an money about them on its do it of do from very small a watch by know that you something person what very them as like',[start] lowrider [end]
clean clothe has prerequisite,b'have might buy',[start] find dirty cloathing [end]
at top of arch is a,b'food the day a country away when very item up you you its important for might buy are to play their like more you their are when an their',[start] keystone  [end]
a restaurant be named for,b'of them cancer out by them their many them who you his good in you you you the people of person for to watch it that at his both',[start] its address [end]
food receives action,b'out person clothe in your clothe for his something on more a book more person many all you someone of in its an them who person person it from',[start] purchased at a mall [end]
San Francisco has property,b'to someone you make you you be to to their your like an to see in very its good have store someone an for more to your of your',[start] close to Oakland [end]
elephant has a,b'go out at what you your',[start] leathery skin [end]
a library used for,b'',[start] reading [end]
attend lecture has subevent,b'very are its you play look that have a house for its to its its not at your by at as you at of that very the as something',[start] sleep because of boredom [end]
go on internet has last subevent,b'on it down at you in many as when with out his that you more be be their your than be their to not at on with its what',[start] enter address [end]
send criminal to prison causes,b'in on over person with as as you like with what s that it when and is it out over more out for what out of its their than',[start] good society [end]
condiments at location,b'clothe in world in water up together between from with a pictures for and a united all about at one in it with you both something a part and',[start] at dinner [end]
deception has property,b'clothe their world pictures for very for at be treatment and your water s them of his their to good by many the good with as the be someone',[start] bad [end]
great athelete capable of,b'people off food life m animal life in object together out life',[start] smoke competition [end]
become a scuba diver has prerequisite,b'with something are that its you in person is one about many you many this many when at be something what of both with with you many person their',[start] learn to swim very well [end]
a finger used for,b'object person something like are many for many that of a important s them or more your one to be its are your of someone when be a his',[start] wipe tears [end]
win baseball game has prerequisite,b'have buy person to go like wear on see very very watch get watch to a make on be like with it them your its watch person at from',[start] play baseball game [end]
Lois Epstein is,b'with them in be it with to on from who in out and for all their in like on as than many for like all many the with his',[start] an engineer with the Alaska environmental organization Cook Inlet Keeper [end]
something at location,b'become take person something person be not look his get your go his to go when in many make get one your its to watch the another with are',[start] top a mountain [end]
low animal has a,b'at more s pictures away down for something that as to be the part what all in to all like that one by all more as them something more',[start] few or no emotion [end]
pay bill motivated by goal,b'change get food people person to play them out when hold you get have take more from person your might small that very make all their it person have',[start] stay out of trouble [end]
castanets used for,b'to be have look make keep the take at not in their a the important his more your of good many at by them be from their be a',[start] accompany spanish music and dance [end]
entertain people has first subevent,b'get very buy look your have take someone store what to feel in go be move from do be one from the good as it on a more an',[start] put on music [end]
go to bed used for,b'',[start] rest and relaxation [end]
spacestation mir at location,b'make something become take make be to make see to getting very quanto1 its make make play many know an do a find many its not one its its',[start] orbit [end]
you eat when you has property,b'human',[start] hungry [end]
learning used for,b'with in s object a it as of who what what a as person to to you his than for your s and the the when you his its',[start] inreasing knowledge [end]
Mora became more of,b'change on life s of water s so during to quanto1 on for many like with one an restaurant away for their than light up of as what a',[start] a fan [end]
do crossword puzzle has subevent,b'be learn someone the do his sleep it from make many something what in wear the your have on on like with for are many one to see the',[start] use eraser [end]
read a book has subevent,b'in than up item out over about you something an disease or them his water a at them that in in of of them more and many of more',[start] you might learn something [end]
releasing your energy causes,b'be be person use buy use use be have go that watch that find an find that its keep not very at it have on you the in that',[start] explosive power [end]
going to a play causes,b'your are to get are do make take person in for might very you its more out at very have all of you his his you are for store',[start] entertainment [end]
the Quinebaug River powered,b'book over with many something person or another more by good over what person by are an in for many with what as good something that you you their',[start] the QUANT_O_1 mills [end]
sometimes weather has property,b'get see are are have very to give you keep learn are be get have learn you like put make one more an it many a good them its',[start] bad outside [end]
Senior citizens capable of,b'door up money time item people on united off of both than like to an ground of of for who the people about you a all out away with',[start] enjoy good health by exercising [end]
telephone made of,b'human you',[start] electronic part [end]
get exercise causes,b'with that to watch at many on what as in to your you an in you their their an their like when more out of of like his with',[start] get healthy [end]
a coffeemaker at location,b'people of music out is united up over who when that the goods that all and something than person be an sentence its of for the who on more',[start] a motel [end]
someone has property,b'you be hold wear you see buy have in get like its you their an their it at that one many a are with a it from its at',[start] very good with write word [end]
a person not desires,b'out up people for a friend your people who a key in to someone all them what be it person someone their to many an when one is at',[start] be dirty all the tie [end]
visit museum has subevent,b'object for at an door is person is like when his like in a the in an to on his on by that good you its one them you',[start] decide to become artist [end]
A student capable of,b'very make very go be have find person their something buy not see his do that see a take make be the an to take their in at more',[start] listen music [end]
Male martins use the song as,b'use by play are its wear s them as your your have you like eat for might learn their from watch to might give of person by his them',[start] a to a mate [end]
a frying pan used for,b'change something in by by for someone a them as do from are who a that a your their at when by by you it who someone a them',[start] saute [end]
Forest fires cause the sunset to has property,b'your them a his someone of on your program up or very person with store what many their you his at the good with from an out by with',[start] very red [end]
apple juice has property,b'',[start] refresh [end]
Floppy disks not has property,b'clothe with something to to do an ground that like more from for who your that when is many a more his when his your who of that something',[start] longer floppy per se [end]
build cathedral has subevent,b'food people at it on someone off more his life their at an day this book to a hair for another to that them at like both you both',[start] architectural renaisance [end]
person used for,b'on them when for by s their many from many by for for them in by an all be person you all them for his to of you and',[start] sing with [end]
horse hooves is a,b'go on make person person of the',[start] like human fingernails [end]
swimming causes,b'for your as more it who with and all the for for to both them who with by you their like for for an you you from with be',[start] water in the ears [end]
rail at location,b'out for clothe down to his cancer their many with more off as all up who in you something that both what all from from it from by to',[start] flight of stair [end]
child capable of,b'make in bad human sleep or learn be buy take buy the go it his look their good in you an its a are know like that be good',[start] act petulantly [end]
suzie is a,b'with as s treatment hand',[start] harold wife [end]
a pillow case at location,b'very you move it store in see that you might give an keep an open for another are his it by an like something very a their as no',[start] a bedding store [end]
driving your car has prerequisite,b'',[start] gasoline or petrol [end]
flower capable of,b'people than goods by with s the item of many house about to lose s both all or like them is new you as both at of when your',[start] continue to grow [end]
Michael Jordan is a,b'out your them is know in them about to do to its from by as of for what it out off and who someone of for like on an',[start] a good basketball player [end]
mole at location,b'your the one of many are you person at like an with the its to you your out their many his the his and many it when the with',[start] underground [end]
milk at location,b'in it them you open to an s as of out an program for you at as who that be it the of when for on your all than',[start] carton [end]
driving used for,b'go make in book what look with know them like keep hold buy play the bad in person something all a have an wear its more it their its',[start] those who can see [end]
play basketball is a,b'to something be quanto1 a be not know on take to you take person for something person its its like in all on them an something on a one',[start] form of exercise [end]
mandarin oil receives action,b'very person be keep put an food to a desk of the object',[start] extract from fruit peel [end]
visiting a museum has subevent,b'use something play be to put your keep the help do for go its having on have their someone your in to your good have store have of get',[start] buying a souvenir [end]
Inaction capable of,b'book off by your for of his office on from water of his car to live as who and to his more who on their out be the that',[start] box you in [end]
climb mountain used for,b'be take to an making find more many have not are something someone what be eat make you a watch one it it a their good when a might',[start] adventure [end]
barley is a,b'something of open that his you good in of his treatment as to a many more for to a more when person out that be his something at that',[start] domesticate plant [end]
Participants were followed up,b'door and book water together of united between people your with like out',[start] during April - June - July [end]
butch has property,b'that heavy for many to know as from for who than from them from for more your than an out to in something a good out what something something',[start] unlikely to be vegetarian [end]
compete against someone used for,b'out to to the person like on from be person a in it be something for it it by the his your that for a your and your from',[start] contest [end]
ice cream may not has property,b'change book in food of object when take with you your small by have do good for person it out about your them s for you have its something',[start] healthful to eat as some herb [end]
A ticket used for,b'very do use sleep on use use in take be your sleep good something their it person of take what to very watch an might it like like its',[start] gain entrance to an event [end]
a drum at location,b'out them when an weather their them by of of in all of person what you to more than at all than the their like of in more who',[start] a musician's home [end]
a rosebush at location,b'like his when an with your treatment of their more the people as them by the with more many person to to the who to with one out a',[start] a garden centre [end]
start family has subevent,b'out than your their a their or the water from for in this on all that many more them you in many be from one is both their be',[start] build nursery [end]
determine the truth has prerequisite,b'of on program up the key in to his people by with as your their a s his are for many than at is an an both out something',[start] look for yourselfr [end]
go to laundromat causes,b'that the world night his that for the them is this your their at an people up to very your the sure many that you are many someone by',[start] get your chore do [end]
his foreman is,b'book to his from someone by for for a many from them when very its its good them what by your of one it you from at be and',[start] Max Pierre-Pierre [end]
i capable of,b'object that you learn play person more at in that its are like their from an your a water and both someone their many your its as your their',[start] walk far [end]
globe is a,b'people them or thrombosis life from key is it than by his all as for them it in for someone the from something on and for what it more',[start] spherical map of earth [end]
apply for job has subevent,b'of s from s patient hand of president for and restaurant of at from their by that you it is more who who by your as an at with',[start] you give out your resume [end]
Compliance with applicable statutes is a,b'make make you to keep get their hold it someone person the play good be use from your small like your use a take a buy take of watch',[start] a core company secretary role [end]
Humans has a,b'out of good s be to it on from who your in s out an to live as an treatment off their many this the it than more by',[start] 2 ears [end]
lecture at location,b'human making something do wear get feel',[start] conference [end]
a closet at location,b'for his by it you hold someone them with your on you good about be it to person what of someone like with all is with person your what',[start] indoor paint [end]
there part of,b'the restaurant to your money from on all off when are one',[start] south carolina [end]
A man capable of,b'out off clothe than for the life people of out down their the life out as many by one your money on that this its his person than that',[start] grow plants [end]
tree not capable of,b'clothe s law their house the mouth when that good life day s a treatment them that your states your food when be that it on good than good',[start] walk [end]
a still body capable of,b'out or something make be use go at play see buy people it of might learn something to watch in be good more in your good their at at',[start] water reflects its surroundings [end]
A construction worker capable of,b'of them at and treatment or treatment over to it down from more for of on in and with than on by be what more them and good their',[start] position a cone [end]
ICRW is,b'something have you a move to quanto1 very are have its have get get go your the the your use you you live from something their have your be',"[start] a non-profit organization headquartered in Washington , D.C. , United States [end]"
a viola used for,b'at be become the your person your make its have something good them like its on at a good with an by by that their as very when an',[start] make music [end]
a rock capable of,b'by all as at out more s like his in by to both like more a it an meal it who it their out it than the something to',[start] trip a runner [end]
play game of chess has subevent,b'your when them with your or you might live you more more like his both more an out be in on them than them be someone of more when',[start] check mate [end]
go outside for an evening has subevent,b'human the new treatment disease life as human and its take his find when a water with of all them it more up at many all up that person',[start] leave the house [end]
76ers has property,b'have a life',[start] go to beat lakers [end]
post-traumatic stress disorder is a,b'the in all at on it or their off up as her them to good the for and you on are with of when them than by be in',[start] anxiety disorder [end]
a flute at location,b'have have have store of quanto1 of use out be the become eat it his wear than in learn a be more be the very something the a lose',[start] a store [end]
shades at location,b'something person it for an team',[start] a pocket [end]
locomotive has property,b'something be become to have do something for take a open person to live very are are more them be them like to like store person to person like',[start] powerful [end]
trigger flick is a,b'in than a car a mouth to do when his program than a sentence out out than with his at someone of all is by to have it is',[start] error in pistol shoot [end]
a cash token used for,b'their many for are and like when to someone his at to get the you very from be with in very for have with something it out that at',[start] using instead of cash [end]
a ball at location,b'change',[start] a soccer field [end]
RJR Nabisco has opposed,b'at for from you good when for its by their on more about person of all them about as with someone what who to might have one the when',[start] an immediate spinoff [end]
A store capable of,b'',[start] stock up on cheap goods [end]
Members of the AA has property,b'change of object from states your house about like an house cancer the contain that have an world with your for many good when someone more and and it',[start] less likely to drink drive [end]
play frisbee motivated by goal,b'have eat become a person a make at play an move on it more with on in its look as watch someone for you be store an its all',[start] use your muscle [end]
comforting a friend causes,b'of to that them for from by than many their on and what his you on with more up what the that all something is the out you them',[start] crying with the friend [end]
wait on table used for,b'money up out by them that car you lose many food the pictures the book with on with on very at of all more his to that in at',[start] earn money for waiter [end]
many different ways to put furniture at location,b'object into food of water food off from pictures or their clothe and heavy their your the iron s in in at its both for one to your out',[start] a room [end]
meat at location,b'to person the that that be your day on very them with from your than who are you many in have the it for good that all of for',[start] refrigerator [end]
automobile has property,b'at at something that at more to open something are it something at like its to watch you it of them many both by of by their more by',[start] beloved by american society [end]
have food used for,b'very not the them one is move of many human it of one or your their you someone an part about it your on a in to many and',[start] entertain [end]
lose consciousness has prerequisite,b'their all book on on in for a chinese is at like for your its more at one more your its both its many its its something as on',[start] lie down [end]
write tool ballpoint pen is a,b'clothe s object on self united and deep the the food or all off what for the iron at a them what the them when someone for the all',[start] modern invention [end]
something capable of,b'by of united out that like as out is what something is of his part by for something you be someone the and an out with what and your',[start] climb a tree [end]
it is a,b'by someone be make an people or very heavy good on people is are like it and a their a part of person at someone and more than like',[start] place to launch rocket from [end]
a monkey at location,b'for with or united food and the jam between in after at off when its as who the people or it than to have the their from who with',[start] a banana tree [end]
become a scuba diver motivated by goal,b'clothe and door in',[start] traveling [end]
do housework has subevent,b'object on something make be not find make go get be your be good good person not more their watch you take their very you an the with them',[start] you vacuum [end]
student capable of,b'get feel human you your time as your a change have buy be quanto1 at their store in buy their more them one you see like their on more',[start] try to study [end]
go to mall has subevent,b'are person out that them about on person be more what from person s the in you good you you more an more when person all are by one',[start] walk to mall [end]
person not desires,b'to their by as many more a as that very the be it more it something and you more by what you that by good on them your it',[start] be rob [end]
network has property,b'clothe on door with a law the states for another it s their that them the them from on its by for for many that what on their when',[start] good [end]
You capable of,b'person in object health a the people',[start] buy little with a copper coin [end]
Dead people not capable of,b'the your you be a take a something take one and more its with get one someone and no of it when all many both them someone when a',[start] wake up in the morning [end]
play sport has prerequisite,b'door that music or evil into book between with are as many treatment for many them their and them a your many as at you and an to someone',[start] buy pair of skate [end]
Sperm cells not capable of,b'change food',[start] live in your throat for long [end]
The ABC classification may contribute,b'that their on good from one his object and s it you his like on on from both its who all s as good in on be like are',[start] to primary care of digestive organ practice [end]
the national guard capable of,b'food on',[start] control that angry mob [end]
Many websites advertise insurance capable of,b'in person from out with with and s over with more it about be heavy more what you another what something to good of an them a a you',[start] provide savings to the buyer [end]
Lack of nutritional understanding causes desire,b'by over food in people who treatment more off is money it out of the chinese an treatment off a for be something for the all and of something',[start] eat a hamburger [end]
water receives action,b'the you its more one you hold by person someone in with at his an your what very in the the your like it are very with very and',[start] find in well [end]
Mr. Ellison mr conway with,b'for of that person it at his book be treatment who that by at that on something for from it what like who for something on it with their',[start] a chance to reply [end]
another person has,b'at up clothe from them you be person than someone their to get of all when another out who you very more its their one s your it what',[start] stock orders [end]
see movie has prerequisite,b'make',[start] buy candy [end]
go somewhere has prerequisite,b'use become',[start] go outside [end]
a person not desires,b'on with food sleep into with what and more after than when many what someone when his his as to the that like you by you when a as',[start] stress [end]
hematocrit test is a,b'for for from many an than to that that when an up for the of his at them your out out your out many to the from it the',[start] gauge anemia [end]
Gwynn said,b'the their water the people when one of you someone from both you it is their like your person as a you might know out about in to know',[start] would move on with his life In his first interview in QUANT_O_1 weeks [end]
this car has property,b'on an defence than from you to your cancer and out from for who both from in as who their something at it what of at out for and',[start] park parallel to curb [end]
many of them climbed over,b'person from cards for and after treatment for them more at from something out when that the water more with more more more of at out for and its',[start] a lot of harsh terrain [end]
a dead animal at location,b'make become take eat your wear an change it good on you keep might do to make another find by an hold with their person to not with someone',[start] a freeway [end]
loss of love capable of,b'people by book their their its your or when them you by many be to someone that something to on someone s more who what a as that a',[start] break your heart [end]
burn grease capable of,b'to a up or your up a good at like its your with what be for from person an you them on person it of of to you by',[start] set wood on fire [end]
pepper capable of,b'clothe a person for someone be a world as this them their from his this from an treatment for from for and of like to its good off that',[start] season dish [end]
a telephone booth used for,b'for who many that like of that on out over more who as you your and on are who is who be your when by of them the them',[start] superman to change clothes [end]
someone at location,b'money together as over food in ground life program by healthy system with treatment down their who and one over out for good or good an law with person',[start] the toy store [end]
their pressure receives action,b'object of for you their up who and in many and people to be out from one the to the with as out his by your something their a',[start] check regularly [end]
One impairment a person might has a,b'clothe for restaurant money',[start] is coronary occlusion [end]
a box of chalk at location,b'their them of their as from on by all of on out for you their in person the united with more when with what who for and that to',[start] at a school [end]
Chris Campbell is,b'to very its take take to play a to make to find get person get their get person of person that an your the its take to something the',[start] linebacker [end]
A blowdryer capable of,b'very watch a person more to live for of very water over you the object than of of very like of another all than in more who its with',[start] dry wet hair [end]
stay fit causes,b'in out up',[start] build muscle [end]
Beds is a,b'of by to in it the item to good your that more is with your food your it in your as more them many a with like the them',[start] sleeping in [end]
Chronic respiratory symptom measures included,b'person down for for someone',[start] breathlessness [end]
take a walk motivated by goal,b'by with up item money about a program of his of at as out to light their on the who what a from as many on in the for',[start] feeling better [end]
park zone used for,b'door as goods life',[start] park automobile [end]
hydroelectricity made of,b'clothe when object to its be be important off on to watch and good many good that them as it on the both their the that something what for',[start] water [end]
a good offer causes desire,b'go down program',[start] sell your new book [end]
jumping at the chance has prerequisite,b'something one at your house s than your clothe when person than good a new than light by both many it on to all in with by of something',[start] taking the opportunity [end]
goalie at location,b'at who good on their by from from that the at them their by by its for someone as for with of your your a like what in at',[start] soccer game [end]
jogging used for,b'make look person and go by change out',[start] getting places [end]
a garage used for,b'change off have feel people their item with as be program that have like that go when on you a their for their the their are his very his',[start] a mechanic [end]
small lake is a,b'out at are it up who them from be in and on for it a on many be that for the part when on for one an part it',[start] pond [end]
view a video motivated by goal,b'that as to know have very up of someone and all in a them their person for very with with something at the the all at on the his',[start] enjoy it [end]
water at location,b'at good who for in more s on out it with like person something your like your on on on all s all the with with with is that',[start] three state solid liquid and gas [end]
someone at location,b'change by make making play take become',[start] a massage parlour [end]
canada goose is a,b'to get by all to be person that person more who buy get their might do have good are in like their someone be all who a his for',[start] large north american bird that honks [end]
fan in someone hand not has property,b'use at the book be very object is hold more like take not not its buy to look to more for with someone an them the one who be',[start] electric [end]
massive amount of propellant receives action,b'object',[start] require for orbit insertion [end]
Repeated measures analyses of variance examined,b'by over program for your person his the ground treatment of the text about be you for another from to one up to live many with more be what',[start] changes in blood glucose [end]
a train station used for,b'be very play in learn for more from to a music your them to get to eat the its in to its be your their it more be for',[start] taking a train [end]
miss curfew may mean receives action,b'book over',[start] punish [end]
a person not desires,b'that it with than from in than it after person and you to very person them out on it and someone that his what one what as from all',[start] be devalued [end]
lie has subevent,b'clothe down',[start] pulse rate go up [end]
eating vegetables has prerequisite,b'with down of life between united your key down as them or something and person the united his of more to both than an for to their something someone',[start] vegetables [end]
a paper menu used for,b'on an clothe night someone is all to you like with one out away who who be one all in an by when in it your for and all',[start] giving to patrons to keep [end]
fireplace is a,b'be buy feel',[start] desirable addition to home [end]
Senators defended the vote in the name of,b'',[start] ethics [end]
Employment is a,b'human find do buy for the learn to eat good their good it what person you have are store you your take his many get like that like at',[start] a crime [end]
tickle has prerequisite,b'that like what you be like with might something it his be all for its a another all by in good the by one and it who and its',[start] find the right spot [end]
Smallpox vaccine has a,b'in their as an treatment it when it as than on who his many at the in many its by and you more with on be that good be',[start] a shelf life of 18 months [end]
going for a swim used for,b'go',[start] going from one place to another [end]
soldier capable of,b'person you use go very be look something one that good the have at their you know are watch it for are that lose their many many their be',[start] storm fortress [end]
drawstring bag is a,b'out out for many them and more for on like like your people as your life at the part in you be that at at of of your the',[start] good laundry bag [end]
saudi arabian gazelle defined as,b'are your many in with in and for person to it out away from it a and your s a for with its person you for something with like',[start] gazella dorcas saudiya [end]
saturday defined as,b'go up',[start] day after friday [end]
society receives action,b'be take you it his sleep that do to get take the you eat its a watch from like in not make another you someone someone are are their',[start] compose of men and woman [end]
one of musical notation clef is a,b'in that to live by in up and up as you one at of who with it a an it of both as on a out you person to',[start] g clef [end]
child capable of,b'their when its one something with and the religious be their to get you take more from their who with very by to like good than the by both',[start] choose to help their mother [end]
awaking used for,b'clothe a up off of life together who pictures it as water of one the your one his something to person out the new who your at by light',[start] going to work [end]
moisturizers used for,b'that something book or take get make not to play store of like at like by from the be it what your are of at have at on their',[start] hydrate [end]
entertain person has subevent,b'at in many person to good your who its your program you with one his s by with have in as their something you someone his an an out',[start] serve drink [end]
shower used for,b'have make find with like the human are your small in eat the not might person of are it of with many to have like on at your from',[start] prepare for bed [end]
wash clothe has first subevent,b'go off or change up the information by food',[start] dirty clothe first [end]
Hard capable of,b'clothe their s meal that their your people them an healthy what with the united on good what that your like from them the on as it on of',[start] casts a defined shadow [end]
commit to memory has subevent,b'become your something to find to use you get be your very are more something it his might your someone your like that like them to its be on',[start] create mnemonic device [end]
bathroom at location,b'the day their with of one in the program it what like like them by as them and as you on their be one is all up something is',[start] bookstore [end]
the locals speak,b'get the are good from you something at his keep that feel by your its eat an be that his know all you an get their one at its',[start] Taiwanese In Taiwan [end]
buy tickets to that sporting event motivated by goal,b'you play very find an',[start] go to a sporting event [end]
not all scam artist is a,b'clothe their clothe person of their in to them or your for of what with its that a this many be with of of that them who his a',[start] con artist [end]
person desires,b'you like watch with like one his are an their more your for be it their with very one your s like your an of to good by them',[start] clean cloth [end]
A recent cartoon playing on the popular movie had a circle of,b'are be take use find find that watch at keep its learn in might very its good an to see in at that both on all in all an',[start] political first wives looking fierce [end]
annoy your brother has prerequisite,b'you to make do in your life into who your s very might person person person to store in to make it what an very when a when your',[start] repeat everything he say [end]
lose weight causes,b'to it from for as to something at at to person as their an in out out s be you for them than by a out by the something',[start] hunger [end]
a sink at location,b'clothe with s enemy in this',[start] a laundry room [end]
set cup on table motivated by goal,b'you make very very sleep a people make get it a to very not to live for your it you to you the the with it something like you',[start] it be too hot to hold [end]
riding a bicycle has subevent,b'go something do look take it the play his person its look its take with many your move that a very go many an buy store out person the',[start] pedal [end]
consult expert motivated by goal,b'are to to you its more who the person the food it when are for by it what is at it its many your their by with are their',[start] change your appearance [end]
watching the evening news has subevent,b'very that open like it them up more for your s be are his its for by all than when one their at you of as your all for',[start] to recognize someone [end]
society used for,b'use to have go something an',[start] mutual protect [end]
a paper page at location,b'very not help do in use get play with go something a their might be an do their be a with another something something many in your in that',[start] a music book [end]
play the piano has subevent,b'at an heavy chinese out away treatment between of their united after as you more in them them s with be someone as from someone an than be someone',[start] your fingers hit the keys [end]
listen to music has subevent,b'you not have something more very become open are at good their be someone by might the at one at store its lose when its more your them your',[start] you feel uplift [end]
play basketball has prerequisite,b'to at as out when when to a to them as who of the you are is have you of the his are that have someone as a as',[start] basketball court [end]
join the military motivated by goal,b'you take get put get very',[start] fight war [end]
Western society has property,b'go s sleep to be feel or find that very',[start] patriarchal [end]
glove capable of,b'change',[start] fit tight [end]
films are set in,b'door of to are like on treatment',[start] an upscale well-scrubbed America [end]
become scuba diver motivated by goal,b'use people up or bathroom between job down with from restaurant down up away on very one their more than from an more for from something you many by',[start] see fish [end]
drink glass capable of,b'',[start] act as magnify glass [end]
make people laugh motivated by goal,b'your good a an house as watch on with on be person you that like like all that one you in good and with something in that person an',[start] tensions are unpleasant [end]
legumes be served,b'make store you to take see that to take someone is have you look in their you like very to keep in on that good his like the it',[start] the langar [end]
teacher capable of,b'your who many this from its out it from their s something something its not what to might not one and an by its another be it all someone',[start] work with child [end]
rats at location,b'make to move eat a good their at many another by it to get the something have for very something an like a lose it you for have person',[start] the roof [end]
gas burner at location,b'very you know it it his that like it many what be like might wear their its it what something when at at many another an by for his',[start] kitchen [end]
see excite story has prerequisite,b'at the many very book have someone the treatment be like get all are their the them be in all a something and of his good it as their',[start] watch soprano [end]
cut your hair has first subevent,b'have make feel have play be buy in keep buy to hold play person to become your small do with you learn very be live someone store its know',[start] use scissors [end]
person not desires,b'your from another them on a law that them is have it what for you from at that in at something as as a it an at is what',[start] lose sleep [end]
payment counter at location,b'food go with more his quanto1 their bad out to write as find of it that his are that in its his its in in one that that their',[start] business [end]
light at location,b'food of for with as like when be good the world up when be at at to get as his you the the many you all than have all',[start] plane [end]
a person not desires,b'on than when with all at their by out is and that you on that on something person your object what on someone of one of many to them',[start] be thought of as incompetent [end]
have physical examination used for,b'out s goods or model m by their and chinese system who their from an people it out that good over in you that someone off at person by',[start] monitor your health [end]
person capable of,b'clothe the day with as their s your the person treatment from of s at a that on a the treatment them and your your person many both person',[start] carry shop [end]
someone capable of,b'the with them the people it it about a life over you many when your life as be for more their a the treatment be like at a who',[start] change windshield wiper [end]
buy food has subevent,b'to that like of that you something to at for more their are what at is all off out something them it many good by more the its person',[start] you carry it into house [end]
People not desires,b'be go that eat your time people that hold the be eat someone a quanto1 with another you your very that their in at store be good who you',[start] naughty behaviour [end]
A forger capable of,b'their and more many out or for their or at with when s who a world when the states is like in out about when you with something than',[start] doctor documents [end]
returning to work has prerequisite,b'make very sleep together s time with are by hold treatment by keep many see out for in their you it a for the at more out what that',[start] having a need to earn money [end]
A game receives action,b'object person object up with it their restaurant between good as like it as more to something is to something you all are his like his a them something',[start] played in a stadium [end]
your lost shoe at location,b'clothe and money animal house treatment that ground up cancer out than to your their than you from many something be someone to something your people something on the',[start] the bed [end]
if you desires,b'are your by good on you good up to more at in from what more your its a to to many like have their have like his another something',[start] your privacy do not answer door [end]
play card has subevent,b'like them off in the music over away a hair from them than the treatment when as their his as someone on their all an it them for more',[start] play in casino [end]
Most of the audience capable of,b'get look do buy a you find for have keep very very move its hold that find someone the his hold you look be play have more good it',[start] catch this joke [end]
eggs at location,b'at be not eat learn are are more are to might one an heavy more you have you your in his very another to lose its one by for',[start] a chicken coop [end]
meet person has prerequisite,b'at a water time something more is live an states at them as at someone of with the his to your to at and person by be its the',[start] socialize [end]
infected injuries capable of,b'go get change',[start] cause death [end]
cut twist curl has property,b'be use you quanto1 look make become you not your feel you to wear find that do an play its something get take with very like an one of',[start] abbreviate to ctc [end]
judge capable of,b'make be get see be very change the make be put not see buy be hold to an not make might take do to go have person your have',[start] fine defendent [end]
restaurants capable of,b'of person for at them and united off off with at as their with many of both up at that something an the your something something who when who',[start] serve salad [end]
do housework has subevent,b'be get not put to move',[start] sing [end]
person capable of,b'go a your new person store on buy their person something their a small one their on an person when you be it in something as no of with',[start] eat corn [end]
designing software used for,b'food together at when the university the house life down in money to an library about to the deep what them from with something as many the to many',[start] helping others [end]
The state flower for Delaware defined as,b'their and your the treatment person between for both by at by your in all on his what the and like to them is one the in its his',[start] peach blossom [end]
a club used for,b'go',[start] sport activities [end]
this bike receives action,b'the chinese out that of many clothe s who an culture over in out treatment off about a person or both and that good s in all an on',[start] make for rough terrain [end]
Paternalistic - individualistic is a,b'have person or door up at it a their it many help have something them be with a be very one when store a lose an all and for',[start] a political dimension [end]
A police officer capable of,b'make have getting',[start] stop traffic with a single command [end]
vet has property,b'with a restaurant from or something your restaurant together and an world about your states than from it up that be that an who like more off something one',[start] short for veterinarian [end]
swedish economy has a,b'have good people and one or their it s to a people about from play be for good and person them who someone something is your person to an',[start] strong government control [end]
finding the truth causes,b'get it off law system hand over of one on person or one of be have for have the all them with a with one to find than your',[start] your illusions are shattered [end]
Most sausages has a,b'become something of of on have for an for good at what and your very many have your new his one is that a all with one with in',[start] meat [end]
a mother capable of,b'clothe money together s',[start] take a bath [end]
this is a,b'at a health person his something for be an book or what when them your at them more someone an like of their the your on both like when',[start] a diagram of the human eye [end]
Google asked,b'with your you the person a s by an their many at who their for one s their one from who more s your to the at them is',[start] its policy [end]
jewelry used for,b'for in in the text s and your off of it about at more or by by like what a that their the them a from with is something',[start] decorate yourself [end]
answer question has prerequisite,b'human learn bad food out off',[start] learn [end]
cake used for,b'change at many part for the people treatment to see up or when person of this them with them on a of very at by both them what to',[start] serve wed guest [end]
order a pizza has prerequisite,b'the for its that for with a book of person to good that his one be are all from as for your who person of by what the be',[start] order it on the phone [end]
bagel has property,b'with on the patients who them who who many with the than in when both s them that you something an the to like good out what and many',[start] eat mostly by jew [end]
"Cardiometabolic risk factors , including atherogenic dyslipidaemia are associated",b'be go an are call by buy very wear are be',[start] with increased risk in this population [end]
rosebush at location,b'person something good one their a desk something from his them off to his more of person their your it something by many and to very when of many',[start] bloom [end]
a pot not is a,b'change change by them up to',[start] a kettle [end]
San Francisco is a,b'door it off money m than your book a united to his you their very book many more a of a good who your something from for very at',[start] a big city [end]
company at location,b'you the find learn you the go very like have go good have get know for do the that many something it have like to might an more more',[start] city [end]
Relative risk were derived,b'people a life time as an states down the united about when very their at their at what on be your person them off a in more its its',"[start] from multivariable logistic regression models after adjusting for maternal age , race , marital status , smoking , cocaine use , adequacy of prenatal maternal insurance status although data on cocaine use are likely underreported [end]"
passenger capable of,b'in your you know good be it be them by all you get by the are from something to be one from one it its his are his an',[start] step off train [end]
bass clarinet used for,b'the that his be at person that its at person and treatment more them many many in to very from like on to at for from for your all',[start] low note [end]
something smaller than the box at location,b'are food time treatment out s cards health in house by people cancer when good the sentence when in are by both a something the pictures about them to',[start] a box [end]
find some water motivated by goal,b'get',[start] go for a swim [end]
tape television show has subevent,b'out person up and food for like for your item an clothe for someone your them on like person many like from all for of like with something something',[start] run out of tape [end]
set cup on table has prerequisite,b'in by who their of when up more s you many treatment of many them of at with be as it up and at is both as that more',[start] slam it real hard [end]
go for jog motivated by goal,b'human get use eat be play an',[start] get in shape [end]
play card has subevent,b'your its like person that might the their all its you learn are from in another when when to have it is very have person who from at one',[start] adjust to opponent play [end]
sun at location,b'money about program book their book your in many new up their than to no something you a good than you on a in in as all it that',[start] the beach [end]
school location of action,b'change in your its an law into is open person on the human their one away you be their with the people a water your in someone by both',[start] study [end]
radish at location,b'are good on your treatment it at what like on its one is his people a both all with and an it more by to to have who of',[start] refrigerator [end]
mythology capable of,b'are you a do',[start] express life and think [end]
Aimutis is,b'by your than like his from it be a with as it when from their as someone be an person up more you you in have when an something',[start] Detective [end]
You capable of,b'make use become quanto1 for your learn person many are play make very very learn with good from buy good when do his might get like an to get',[start] find cokes in a dorm room [end]
post message motivated by goal,b'to of you use your with have as on someone away on many who person the treatment about of on on his of from many an person an his',[start] get response [end]
Carpeted floors receives action,b'of and object for in or of members up system',[start] found in many kinds of buildings [end]
The males go into to,b'book something you feel wear their in at its that them up its that your be person as someone them than be on all its the the like all',[start] breed [end]
a table at location,b'human you hold very a keep the human their play the something for see an have that something have one many might see a it when be more like',[start] the rug [end]
Muhamad lutheran medical center,b'you take find feel make be take something have have in it make someone might your do his person be in many you its with be your one more',[start] Last night [end]
do housework has prerequisite,b'get you buy have go by your your play be eat his hold very to give with very you might you more be something you an his watch on',[start] broom [end]
night watchman capable of,b'go on change get get find with hold be hold get have it something an find in its make a more many see good be someone have an have',[start] keep key on their belt [end]
a little money capable of,b'become',[start] seed a great venture [end]
ride horse used for,b'you watch make a change in put up from have person you go a person more you live when the someone many person are be watch your at the',[start] movement [end]
candles receives action,b'become hold their something like eat its do what be do to give someone on his are you find something at to eat are very one its their a',[start] put on birthday cakes [end]
a cup of coffee at location,b'food to very have get find the food person by open someone have you watch your something like your in another in a lose to his an one with',[start] your hand [end]
ride bicycle motivated by goal,b'have to go their like buy something have take that buy do good it a have are have at one who in like his it his another are with',[start] you do not own car [end]
prepare for vote has prerequisite,b'money to a water of to you like the important up a day it person in a more in by many something person that no for something to one',[start] gather information [end]
Dan Rather be correspondent for,b'on on of your treatment is treatment from out off by in of an to that is from on a that with on the an the his for like',[start] White House [end]
play sports has prerequisite,b'of clothe up to play what in it and on people your restaurant who in someone about by one for a at all on on by from an in',[start] enjoy games [end]
deli store used for,b'object book system animal states between enemy s and key their restaurant and it for a your restaurant it his water the for be its many when many your',[start] purchase item to make sandwhiches with [end]
running after the ball causes,b'your good out them for a you their a for their very your good for from the part s and something more person of its to more its from',[start] tiredness [end]
being in charge of a project has subevent,b'make be your good get know not person by take see in do to wear as his watch person his learn when watch as get his them who of',[start] change things [end]
wooden hangers has property,b'for them over than light from to break out more at in its their something your an heavy their what be to it you it person it all with',[start] very sturdy [end]
bottle used for,b'with of up than food your on out as person off out from all more treatment what its of on who more like of a this its many something',[start] pour liquid into [end]
plenary council is a,b'the their good his book a water an program be your water a that being when the with some more out it something to watch in with store of',[start] meet of local bishop [end]
eating has subevent,b'that from the the book it s on an states treatment in in s who with and by many many of on for with on a that what and',[start] add spices [end]
footstool used for,b'to them s goods at what an clothe between that when you their out the that its their with when your be are person of like a many their',[start] child to sit upon [end]
a fungus at location,b'money up their more your person as book to lose from that your object in his person the book who to them like for his this many that like',[start] dirt [end]
Brain opioids has property,b'book for at for many for your treatment for are an day',[start] very important in regulating social emotions [end]
One capable of,b'with over up the mouth your clothe and it off or them your united who it in that and out or one that and by from with his as',[start] balance a checkbook [end]
wash your hand used for,b'human go it light person a play of use take in put store one make its be your person more a feel like have not to play an your',[start] maintain good health [end]
go into coma has subevent,b'something in have you very his',[start] close your eye [end]
older people has a,b'clothe s for of out off into or after food into on from heavy water in be when that it you at for for one be in in for',[start] more experience [end]
bringing home some fish used for,b'with on person out out who with at many from your with of you one about from to an your for a s you many many that the person',[start] making money [end]
get some physical activity motivated by goal,b'for like person who that his in with it at it or a you it to his by more from more the their all and its good that like',[start] live better [end]
improve your image causes,b'out over law it their someone on people in that treatment a friend or to like all is person more that are for what to with for more you',[start] person to like you more [end]
clamp is a,b'for on be something very than of that all when like with on by when more many with like an many them what for more that one an his',[start] tool develop long ago [end]
speaker capable of,b'door by of restaurant as with them in or in than the states between people it from all about who and you are at your water from who an',[start] sound [end]
thanking someone has subevent,b'get make something to the do his a be buy with see are many wear it an person when be many are store from many not you person have',[start] shaking their hand [end]
human has a,b'for you become wear eat eat go not buy that good with are their to your of of them is at their are person a one are you are',[start] one nose [end]
Not all potatoes receives action,b'are all people with them with from heavy as both person up out an food with an to not be both than on your as like many be for',[start] found in deep fryers [end]
QUANT_S_1 of the delegation 's workload fall to,b'of s item time their in food in many treatment s the program his object at it at from on their an iron as its all their as by',[start] Mr. Lautenberg [end]
Going broke causes desire,b'that more of on good s when its from are is with the all on with by for person something for one the out up all a at with',[start] return to work [end]
stop being married to someone has last subevent,b'clothe through day from states from or members than you it and one',[start] finalize the divorce [end]
The time between human heart beats has property,b'book person be keep a food from get like have a good for person his for get like watch someone a someone in their one and your like a',[start] 1 second [end]
cleaning clothing used for,b'go into people s clothe and door cancer out by put a do as quanto1 is move a use an small on their both good from to call it',[start] looking smart [end]
debian is a,b'like all book',[start] operate system [end]
learn has prerequisite,b'use become human be buy play do do with get open go with make find by be know have its wear store his are be buy an keep good',[start] cogitate [end]
Wine capable of,b'',[start] helps people relax [end]
the Eiffel tower used for,b'you buy learn',[start] promoting Paris [end]
communicate has prerequisite,b'change person',"[start] talk, write or sign [end]"
Haverhill part of,b'on with from them than light out is than who it it of out on for like as at what when their in who with a his who them',[start] Massachusetts [end]
a lizard at location,b'money person life in treatment when something your program as food that to it and you are of on on in with when all s and what it many',[start] a fish tank [end]
map not is a,b'at your of all about of at their as and out what by that by you an the good their in their and the by more in with in',[start] true representation of reality [end]
perfume used for,b'change money life treatment up in program of her person away to wear over who you open like you at like person than like one from many an part',[start] create good smell [end]
a person not desires,b'your of for are its when to have their as them on that very more off in many when all to you your its for someone and you it',[start] benzene overexposure [end]
a baseball ticket at location,b'door to watch for have an clothe their your book when get an sentence at from his be be on at it to like someone and the no a',[start] a pocket [end]
The capital of australia is a,b'with with something have its more for your at to someone something by from you an on many at at be be at when very to be with by',[start] canberra [end]
their evaluation in the treatment of advanced gastric cancer remains,b'on with down their than something it of a their after by like and like of of from both their who and be it the this an treatment his',[start] early [end]
kill person has subevent,b'people food person house player the line than light of people on its to something what as both out away what on what someone that its of on the',[start] grit your tooth [end]
add up a column of numbers has prerequisite,b'money food money health a people from mistake or you are with another very restaurant at both their part a good it as to live and to to them',[start] find a calculator [end]
tan lotion used for,b'object with object on and the',[start] even skin tone [end]
legal decision receives action,b'use it out by for no off s their something is wear that get get one by very very you that play them out an in like them when',[start] make in courtroom [end]
fight war has subevent,b'book from house night out of their life together out it and heavy person treatment about is be his of be with a for all up that them as',[start] a lot of suffering [end]
Democratic incumbents are very,b'door food and weather item time of university in united law of you not a key them to someone and person with with a at both than like as',[start] nervous [end]
voice at location,b'you person play you be use are get the your',[start] choir [end]
study of person is a,b'human play use in making in person or might wear person the keep his hold many all his watch more like watch with your like someone an are at',[start] science [end]
kosher deli at location,b'become a change of become to you at be be not use of something one its its that you the its that many in get person when like person',[start] food court [end]
Sailing on rough seas has property,b'change down',[start] dangerous [end]
get pay used for,b'their be keep feel get the do it an for be like your your in many be at an more an be in many many that as something very',[start] earn money [end]
human at location,b'at his to its for your of of s a water their of who a of for in from a to not all off to one than and and',[start] command [end]
attend a classical concert has prerequisite,b'go from life system time for out for of at and sleep what it and you your to know at by something on for the like like all more',[start] dress heavy [end]
A hook is a,b'of food of on by over to be than many patients in s the ground their many that person something its many out at both is your his all',[start] a problem with a golf swing [end]
get some alcohol to drink motivated by goal,b'person from person from s or over in their this people',[start] get drunk [end]
lizard has a,b'to you it an for something than as on many on its one is its many many someone a one at at more more it an a an and',[start] 4 leg [end]
attend lecture has first subevent,b'you buy might get be wear with have you go have do with go his open in one a more by to be very have its his have their',[start] find good seat [end]
school at location,b'make a make at to make not take their make your be very give person not very make someone from its person another in live someone it that good',[start] compute [end]
corpses at location,b'out your good something one an key or that at with that in out be something his their be in be a with all something be be a of',[start] a war [end]
ET capable of,b'in person the plant person someone of you store or it person something for no that from person be your more on many with an for someone you very',[start] call home [end]
something at location,b'human wear change your time get something them is play from make do good more and take from watch the person them out and get his another many are',[start] dinner [end]
the Ciprianis had received a subpoena to,b'money for that something them it them their or what out out an book them them person be its part their the of at for for as by their',[start] his knowledge [end]
my hip has a,b'use by go book in the car you that do by something as wear to put be all many lose as see very more all it when one your',[start] bone [end]
tell story has subevent,b'human sleep with on one or to see about it what many your food the plant on their all the with on for more as person as are when',[start] announce story time [end]
Springs is a,b'on from in to a people from with when its for from on all a many than be from someone that on good in your an it to live',[start] coils [end]
QUANT_S_1 friends from as far away as Kentucky shared remembrances at,b'food be wear for learn from',[start] the service [end]
Mr. Mica said,b'to an with the sure your up off more or a very their their good in be a all person more at all their something and the at is',[start] irritates the other travelers [end]
selling your new book used for,b'for for them of than good about from in treatment your away of many treatment is all you many at you his good at on to very one at',[start] expanding your infulence [end]
i desires,b'',[start] lie cheat and steal [end]
building a cathedral has prerequisite,b'have keep make quanto1 find of make with be see good in go to know and a find an get another many lose its its make be another the',[start] much stone [end]
Life has property,b'by over it his united who by s as at is be out who his and all what you the you watch from the a with have that of',[start] fun in the summer [end]
bring in a verdict has prerequisite,b'go something to to make make that play by put be go more many play of that open get your have it his eat what you a see on',[start] deliberate with the other jurors [end]
utensils at location,b'be move of with by move out what on buy are his to do by it your the might learn are like by another and their all from a',[start] a backpack [end]
the next presidential term begins in,b'something when in s as its you your',[start] January [end]
liquid water has property,b'book for good when very people when to you at with an of are in that an more when someone out what them in that you by a to',[start] wet [end]
The availability of recombinant antigens made,b'to be have find get the learn the object someone what an your make the be in at that at more with someone is to with something someone and',[start] it possible to develop sensitive radioimmunoassays for the detection of autoantibodies on a large scale [end]
self-help book used for,b'change for the day the music is have like in from help in that person their by with its from his both by as have many of person a',[start] understand self and relationship [end]
A conquistador capable of,b'with with and and to in you something to one',[start] plan to conquer the new world [end]
a drive used for,b'clothe down item player law down about to someone by by to to his them their on something from more something from by more more and of them your',[start] testing a car [end]
a person desires,b'of at and sentence s food',[start] what a person wants [end]
pain causes desire,b'human for wear be you something store with another on by use at its very with store with their to find you person for not very on store off',[start] have a physical exam [end]
There is a,b'like to to many that of a the good their what it them something who person as with like for them from its like for at of one it',[start] a cluster of rose blossoms [end]
radio at location,b'something one you be have person be good with another it from both it someone by the who are are more like on as both person its many and',[start] refrigerator [end]
China is undergoing,b'in to when at out up something an up on up who what to his good up be be at their in with another them your on with you',[start] unprecedented economic growth [end]
finger used for,b'change to give take very the make something get not at play have might keep you find you do good its a take like watch in make on its',[start] tip over cup [end]
Someone is a,b'of people your money your treatment and many it up treatment is it treatment what his out in and when its for on as a something all you of',[start] visiting Manhattan [end]
cream cheese has property,b'to be be you it a like not on find from like what many might their your many with are his its with a many the something is them',[start] good on bagle [end]
go to get a haircut has first subevent,b'you look not become take not do store like a not might get be look one a like very be someone in a have not someone in it for',[start] grow hair [end]
sometimes frame has property,b'that many you watch to be good a this your food as an it an united his their something to one by from more by one in its his',[start] good than picture [end]
many person has property,b'at who person the them an water away you someone to get on watch them a his person many it to them what your are something with its for',[start] obsess with aquiring wealth [end]
many colors at location,b'with that someone many when you its them on and as to for its s like you have of by is in by from many more like like to',[start] a sunset [end]
Fleas is a,b'very at it the night from an clothe and both out you another who very one of for from of them in as with an that for someone his',[start] found arounds a dog's waist [end]
she capable of,b'change',[start] scratch your face up [end]
A true story has property,b'person out than their treatment from many your with your clothe their an hair what and you by no a for no on of the its someone s as',[start] non-fiction as opposed to fiction [end]
dvd at location,b'make get keep store his bad do to change person your in look another put as watch you get very eat something something more their them like good your',[start] in dvd box [end]
dog is a,b'make store person many their store up a new be person all when like know out his are their more when be at its person person when them than',[start] usually about two foot tall [end]
felt is a,b'at his for his by for your with many of all on in an the all about by in it to in its all than is that a at',[start] a soft fabric [end]
u capable of,b'object up off object time out out in with in treatment his money your them an united your on for on with of someone for them at it be',[start] read it [end]
person blow into has subevent,b'clothe from item and text by the law your s treatment your house at part between something by for all and them out and both from on person who',[start] instrument he make music [end]
grain at location,b'are a to take their from get with by their what by not at many for another his one in are for with it a who as in when',[start] sand in spinach [end]
Peoples has a,b'something of new them as very or with an and part of who something the goods up in who are you to one be someone an both you his',[start] different tastes about furniture [end]
catching a cold causes,b'food to do use get store something his you the be you might see for his at by store person are its his all on more from its that',[start] you will have fever as well [end]
Humans capable of,b'of and the object s for life at s than out at of who their from on with something many and more a out something on many s to',[start] fear dying [end]
person desires,b'people through water a day to take that your money between the money their be it are as something than when all many someone by from your part it',[start] sexual encounter [end]
convenience store at location,b'make',[start] city [end]
pretend has prerequisite,b'use for keep get the be for look in make with are play like your money or at good many with his at a very a like a for',[start] learn to act [end]
workers in the back room chop,b'object people food off',[start] scallions [end]
That man capable of,b'clothe it after be an clothe from good with them that to live you both as them with person at it the an you are be and what something',[start] cross the room [end]
The Golden Gate Bridge is a,b'that when to have be you good something that their its both as with have someone to your treatment a you your good for one its them as for',[start] a bridge [end]
Voters capable of,b'people by united your item of that many people is one them when to the person for for as something that who them you of their who like to',[start] voice opinions [end]
get a job has prerequisite,b'human become feel their eat find and buy make have wear take to know make go you wear a keep someone it that good something an help its watch',[start] go to work every day [end]
meat at location,b'something person be see the object for something you take an united like good many your be their from from his the person all like a be them its',[start] butcher [end]
discover truth causes,b'people who book in treatment their with is to your time or their his people on one out of it something out on in person who more them of',[start] become unhappy [end]
watching a musician perform causes,b'become do',[start] enjoy their music [end]
fart has subevent,b'be know it with very have with are are get its buy you to the many not to know to go at you good your lose the be the',[start] drink skunk [end]
teach other people has first subevent,b'that the restaurant player night something to very something many s very for to his very when at that in what in when by on very when and their',[start] find out their level of education [end]
riding a horse used for,b'use their good you go not become very find your are to learn good the buy that learn a at might give store and their his many someone the',[start] being a cowboy [end]
bathroom with bathtub is a,b'book something that in all out is you to move more to something be that be to it be it to person something at person what from are by',[start] wash area [end]
beer at location,b'for up off time treatment from book at by and at with and many on of on on who it who is one or person at the treatment with',[start] a building [end]
stop your car has prerequisite,b'go in and religious the house from you at a car is person about person who one or that its be more many that something be an make that',[start] turn off the lights [end]
play baseball has first subevent,b'like it what hold like one for good s its from by to his person in it you your as them them from at what an on have what',[start] choose sides [end]
Starch receives action,b'something something with be make the person an program your in that many the with someone a something from many a someone it to might person what you of',[start] found in many foods [end]
polls put support at,b'out them down person their of them at from from more you you your united when of the more an many of are your like as to for at',[start] only QUANT_O_1 strongly [end]
In some cultures special mushrooms receives action,b'',[start] eaten as a spiritual ritual [end]
