,loss,accuracy,val_loss,val_accuracy
0,6.002079963684082,0.024833332747220993,5.896815299987793,0.033196061849594116
1,5.451929569244385,0.029200000688433647,5.551056385040283,0.035771410912275314
2,5.326665878295898,0.03247777745127678,6.098031044006348,0.03698199614882469
3,4.806228160858154,0.03591666743159294,4.870511531829834,0.03975529596209526
4,4.7023491859436035,0.0400666669011116,5.178853511810303,0.041930168867111206
