source,prediction,target
person capable of,b'to to to to to to to to to to to to to to to to to to to to to to to to to to to to to',[start] jump over puddle [end]
hot and cold is a,b'to to to to to to to to to to to to to to to to to to to to to to to to to to to to to',[start] measure of thermal activity [end]
Yahoo flickr,b'to to to to to to to to to to to to to to to to to to to to to to to to to to to to to',[start] an undisclosed sum [end]
walk around lake used for,b'to to to to to to to to to to to to to to to to to to to to to to to to to to to to to',[start] hiker [end]
land used for,b'to to to to to to to to to to to to to to to to to to to to to to to to to to to to to',[start] grow food [end]
go to a concert has prerequisite,b'to to to to to to to to to to to to to to to to to to to to to to to to to to to to to',[start] obtain tickets [end]
exercise has property,b'to to to to to to to to to to to to to to to to to to to to to to to to to to to to to',[start] necessary for health [end]
the Senator q u a n t o,b'to to to to to to to to to to to to to to to to to to to to to to to to to to to to to',[start] the votes [end]
wrestle has subevent,b'to to to to to to to to to to to to to to to to to to to to to to to to to to to to to',[start] arm lock [end]
hamburger has property,b'to to to to to to to to to to to to to to to to to to to to to to to to to to to to to',[start] well cook to prevent food poison [end]
a doctor used for,b'to to to to to to to to to to to to to to to to to to to to to to to to to to to to to',[start] maintaining health [end]
newspaper is a,b'to to to to to to to to to to to to to to to to to to to to to to to to to to to to to',[start] document [end]
sea has a,b'to to to to to to to to to to to to to to to to to to to to to to to to to to to to to',[start] seawater [end]
a Hard Lesson ruth mc mullin,b'to to to to to to to to to to to to to to to to to to to to to to to to to to to to to',[start] the newly formed Harvard Business School Publishing company [end]
do housework has subevent,b'to to to to to to to to to to to to to to to to to to to to to to to to to to to to to',[start] wash window [end]
rock is a,b'to to to to to to to to to to to to to to to to to to to to to to to to to to to to to',[start] solid object [end]
cotton at location,b'to to to to to to to to to to to to to to to to to to to to to to to to to to to to to',[start] a field [end]
hayker is a,b'to to to to to to to to to to to to to to to to to to to to to to to to to to to to to',[start] hyiking [end]
er diagram is a,b'to to to to to to to to to to to to to to to to to to to to to to to to to to to to to',[start] conceptual schema for database [end]
holiday shop has prerequisite,b'to to to to to to to to to to to to to to to to to to to to to to to to to to to to to',[start] save money [end]
Everyone including Angela Vaillancourt new york,b'to to to to to to to to to to to to to to to to to to to to to to to to to to to to to',[start] performing to street noises of robberies [end]
a glasses at location,b'to to to to to to to to to to to to to to to to to to to to to to to to to to to to to',[start] a nose [end]
a public university be located,b'to to to to to to to to to to to to to to to to to to to to to to to to to to to to to',[start] in the city of Sulaymaniyah in Kurdistan [end]
rem-dream state is a,b'to to to to to to to to to to to to to to to to to to to to to to to to to to to to to',[start] neurologically and physiologically active state [end]
ducky defined as,b'to to to to to to to to to to to to to to to to to to to to to to to to to to to to to',[start] rubber duck [end]
reading a magazine causes,b'to to to to to to to to to to to to to to to to to to to to to to to to to to to to to',[start] to take up time [end]
finding the truth has prerequisite,b'to to to to to to to to to to to to to to to to to to to to to to to to to to to to to',[start] investigation [end]
dance motivated by goal,b'to to to to to to to to to to to to to to to to to to to to to to to to to to to to to',[start] bring pleasure to guest [end]
attic used for,b'to to to to to to to to to to to to to to to to to to to to to to to to to to to to to',[start] storage [end]
bathroom used for,b'to to to to to to to to to to to to to to to to to to to to to to to to to to to to to',[start] groom [end]
be on time is a,b'to to to to to to to to to to to to to to to to to to to to to to to to to to to to to',[start] good trait to have [end]
building a cathedral used for,b'to to to to to to to to to to to to to to to to to to to to to to to to to to to to to',[start] wasting natural resources [end]
something at location,b'to to to to to to to to to to to to to to to to to to to to to to to to to to to to to',[start] end of it life [end]
pay cash be for person who desires,b'to to to to to to to to to to to to to to to to to to to to to to to to to to to to to',[start] avoid pay interest [end]
most ameracans not has property,b'to to to to to to to to to to to to to to to to to to to to to to to to to to to to to',[start] fit [end]
surf the web has subevent,b'to to to to to to to to to to to to to to to to to to to to to to to to to to to to to',[start] use Mozilla [end]
an article in a magazine used for,b'to to to to to to to to to to to to to to to to to to to to to to to to to to to to to',[start] reviewing a restaurant [end]
drug has a,b'to to to to to to to to to to to to to to to to to to to to to to to to to to to to to',[start] medical effect [end]
lizard at location,b'to to to to to to to to to to to to to to to to to to to to to to to to to to to to to',[start] country [end]
A rainbow is a,b'to to to to to to to to to to to to to to to to to to to to to to to to to to to to to',[start] a multicolored light arc [end]
bathe has prerequisite,b'to to to to to to to to to to to to to to to to to to to to to to to to to to to to to',[start] get undressed [end]
03:03 associated,b'to to to to to to to to to to to to to to to to to to to to to to to to to to to to to',[start] with Fulminant type [end]
many kind at location,b'to to to to to to to to to to to to to to to to to to to to to to to to to to to to to',[start] model [end]
breathe some fresh air has subevent,b'to to to to to to to to to to to to to to to to to to to to to to to to to to to to to',[start] feel good [end]
electric fan at location,b'to to to to to to to to to to to to to to to to to to to to to to to to to to to to to',[start] home [end]
bring home some fish motivated by goal,b'to to to to to to to to to to to to to to to to to to to to to to to to to to to to to',[start] fish be good to eat [end]
go to work has prerequisite,b'to to to to to to to to to to to to to to to to to to to to to to to to to to to to to',[start] remember where you be work [end]
most case of sexual dysfunction receives action,b'to to to to to to to to to to to to to to to to to to to to to to to to to to to to to',[start] cause by psychological factor [end]
Older adults may experience,b'to to to to to to to to to to to to to to to to to to to to to to to to to to to to to',[start] both diabetes - related barriers to diabetes management [end]
a woman french huguenots in,b'to to to to to to to to to to to to to to to to to to to to to to to to to to to to to',[start] a portrait [end]
candle at location,b'to to to to to to to to to to to to to to to to to to to to to to to to to to to to to',[start] candelabra [end]
pretending has subevent,b'to to to to to to to to to to to to to to to to to to to to to to to to to to to to to',[start] put on a costume [end]
eat apple has prerequisite,b'to to to to to to to to to to to to to to to to to to to to to to to to to to to to to',[start] buy apple [end]
talk to someone has prerequisite,b'to to to to to to to to to to to to to to to to to to to to to to to to to to to to to',[start] speak with them [end]
a kitten at location,b'to to to to to to to to to to to to to to to to to to to to to to to to to to to to to',[start] a veterinary's office [end]
cowboy is a,b'to to to to to to to to to to to to to to to to to to to to to to to to to to to to to',[start] part of oklahoma history [end]
criminal court capable of,b'to to to to to to to to to to to to to to to to to to to to to to to to to to to to to',[start] pass sentence on guilty person [end]
bus used for,b'to to to to to to to to to to to to to to to to to to to to to to to to to to to to to',[start] mass transit for city [end]
attending a lecture used for,b'to to to to to to to to to to to to to to to to to to to to to to to to to to to to to',[start] listening [end]
The results support,b'to to to to to to to to to to to to to to to to to to to to to to to to to to to to to',[start] the hypothesis that there is an association between signs and symptoms of CMS [end]
androgen receptor variants are thus able,b'to to to to to to to to to to to to to to to to to to to to to to to to to to to to to',[start] ligand - independent [end]
calorie receives action,b'to to to to to to to to to to to to to to to to to to to to to to to to to to to to to',[start] obtain from fat [end]
man become angry has subevent,b'to to to to to to to to to to to to to to to to to to to to to to to to to to to to to',[start] he crush paper [end]
paper at location,b'to to to to to to to to to to to to to to to to to to to to to to to to to to to to to',[start] ream [end]
a desk used for,b'to to to to to to to to to to to to to to to to to to to to to to to to to to to to to',[start] putting your computer on it [end]
bontebok defined as,b'to to to to to to to to to to to to to to to to to to to to to to to to to to to to to',[start] Damaliscus pygarus dorcas [end]
budget be balance has subevent,b'to to to to to to to to to to to to to to to to to to to to to to to to to to to to to',[start] deficit be eliminate [end]
his or hers birthday causes desire,b'to to to to to to to to to to to to to to to to to to to to to to to to to to to to to',[start] buy something for a loved one [end]
Kanun is a,b'to to to to to to to to to to to to to to to to to to to to to to to to to to to to to',[start] a stringed instrument [end]
lying causes,b'to to to to to to to to to to to to to to to to to to to to to to to to to to to to to',[start] problems [end]
Judith O'Savio is the president of a 29-year veteran of,b'to to to to to to to to to to to to to to to to to to to to to to to to to to to to to',[start] Westchester school music programs [end]
someone at location,b'to to to to to to to to to to to to to to to to to to to to to to to to to to to to to',[start] baby shower [end]
you capable of,b'to to to to to to to to to to to to to to to to to to to to to to to to to to to to to',[start] learn things by listening [end]
salt causes desire,b'to to to to to to to to to to to to to to to to to to to to to to to to to to to to to',[start] drink water [end]
find lose item has prerequisite,b'to to to to to to to to to to to to to to to to to to to to to to to to to to to to to',[start] ransack room [end]
a bus at location,b'to to to to to to to to to to to to to to to to to to to to to to to to to to to to to',[start] a city [end]
someone at location,b'to to to to to to to to to to to to to to to to to to to to to to to to to to to to to',[start] barbecue [end]
slap capable of,b'to to to to to to to to to to to to to to to to to to to to to to to to to to to to to',[start] amount to assault [end]
go on vacation has prerequisite,b'to to to to to to to to to to to to to to to to to to to to to to to to to to to to to',[start] research transportation price [end]
smoking used for,b'to to to to to to to to to to to to to to to to to to to to to to to to to to to to to',[start] impressing others [end]
see movie has prerequisite,b'to to to to to to to to to to to to to to to to to to to to to to to to to to to to to',[start] find out what be play [end]
lighting a match used for,b'to to to to to to to to to to to to to to to to to to to to to to to to to to to to to',[start] burning some wood [end]
have asthma attack has prerequisite,b'to to to to to to to to to to to to to to to to to to to to to to to to to to to to to',[start] smoke cigarette [end]
shop has subevent,b'to to to to to to to to to to to to to to to to to to to to to to to to to to to to to',[start] one sometimes forget what one intend to buy [end]
Koji Inagaki is,b'to to to to to to to to to to to to to to to to to to to to to to to to to to to to to',[start] a 25-year-old unemployed security guard [end]
debit card used for,b'to to to to to to to to to to to to to to to to to to to to to to to to to to to to to',[start] pay for thing [end]
person not desires,b'to to to to to to to to to to to to to to to to to to to to to to to to to to to to to',[start] t ofeel bad [end]
A photograph has property,b'to to to to to to to to to to to to to to to to to to to to to to to to to to to to to',[start] called a shot [end]
a hair roller used for,b'to to to to to to to to to to to to to to to to to to to to to to to to to to to to to',[start] styling hair [end]
sail on the sea has prerequisite,b'to to to to to to to to to to to to to to to to to to to to to to to to to to to to to',[start] sail a boat [end]
overweight person capable of,b'to to to to to to to to to to to to to to to to to to to to to to to to to to to to to',[start] burn calorie during exercise [end]
soy bean paste made of,b'to to to to to to to to to to to to to to to to to to to to to to to to to to to to to',[start] soy bean [end]
going into a trance used for,b'to to to to to to to to to to to to to to to to to to to to to to to to to to to to to',[start] Regressing to a past life [end]
accommodation receives action,b'to to to to to to to to to to to to to to to to to to to to to to to to to to to to to',[start] determine on case-by-case basis [end]
A hand capable of,b'to to to to to to to to to to to to to to to to to to to to to to to to to to to to to',[start] hold a ball [end]
Ruth Bader Ginsburg is,b'to to to to to to to to to to to to to to to to to to to to to to to to to to to to to',[start] Judge [end]
people at location,b'to to to to to to to to to to to to to to to to to to to to to to to to to to to to to',[start] at an airport [end]
A girl capable of,b'to to to to to to to to to to to to to to to to to to to to to to to to to to to to to',[start] join the choir [end]
Sushi defined as,b'to to to to to to to to to to to to to to to to to to to to to to to to to to to to to',[start] Raw fish prepared for eating [end]
a chess king capable of,b'to to to to to to to to to to to to to to to to to to to to to to to to to to to to to',[start] move one field at a time [end]
everyone's ears look different - capable of,b'to to to to to to to to to to to to to to to to to to to to to to to to to to to to to',[start] like fingerprints [end]
Most of the recommendations were related,b'to to to to to to to to to to to to to to to to to to to to to to to to to to to to to',[start] to obstructive sleep apnoea [end]
vestment at location,b'to to to to to to to to to to to to to to to to to to to to to to to to to to to to to',[start] in church [end]
Heyman is,b'to to to to to to to to to to to to to to to to to to to to to to to to to to to to to',[start] male [end]
competing causes,b'to to to to to to to to to to to to to to to to to to to to to to to to to to to to to',[start] jealousy [end]
system used for,b'to to to to to to to to to to to to to to to to to to to to to to to to to to to to to',[start] particular purpose [end]
theater ticket used for,b'to to to to to to to to to to to to to to to to to to to to to to to to to to to to to',[start] get into theater [end]
an ocean at location,b'to to to to to to to to to to to to to to to to to to to to to to to to to to to to to',[start] the globe [end]
cell phone at location,b'to to to to to to to to to to to to to to to to to to to to to to to to to to to to to',[start] shelf [end]
paying by check has prerequisite,b'to to to to to to to to to to to to to to to to to to to to to to to to to to to to to',[start] a picture I.D [end]
deli restaurant used for,b'to to to to to to to to to to to to to to to to to to to to to to to to to to to to to',[start] hungry person [end]
Everyone 's polls show crime as,b'to to to to to to to to to to to to to to to to to to to to to to to to to to to to to',[start] the single most important issue [end]
stool at location,b'to to to to to to to to to to to to to to to to to to to to to to to to to to to to to',[start] specimen jar [end]
spaghetti is a,b'to to to to to to to to to to to to to to to to to to to to to to to to to to to to to',[start] a form of pasta [end]
ride lawnmower at location,b'to to to to to to to to to to to to to to to to to to to to to to to to to to to to to',[start] garage [end]
remembering causes,b'to to to to to to to to to to to to to to to to to to to to to to to to to to to to to',[start] realizing that you had forgotten something [end]
person desires,b'to to to to to to to to to to to to to to to to to to to to to to to to to to to to to',[start] stability in his life [end]
make up is a,b'to to to to to to to to to to to to to to to to to to to to to to to to to to to to to',[start] compact [end]
The goal of the basket-ball is a,b'to to to to to to to to to to to to to to to to to to to to to to to to to to to to to',[start] a basket [end]
a back yard at location,b'to to to to to to to to to to to to to to to to to to to to to to to to to to to to to',[start] a suburb [end]
a stick at location,b'to to to to to to to to to to to to to to to to to to to to to to to to to to to to to',[start] butter in a grocery store [end]
attend a classical concert has last subevent,b'to to to to to to to to to to to to to to to to to to to to to to to to to to to to to',[start] applaude [end]
People get into trouble if they not capable of,b'to to to to to to to to to to to to to to to to to to to to to to to to to to to to to',[start] pay their bills [end]
you capable of,b'to to to to to to to to to to to to to to to to to to to to to to to to to to to to to',[start] buy all sorts of groceries there [end]
A lucky charm capable of,b'to to to to to to to to to to to to to to to to to to to to to to to to to to to to to',[start] give a person good luck [end]
one book of bible is a,b'to to to to to to to to to to to to to to to to to to to to to to to to to to to to to',[start] psalm [end]
seeing an exciting story causes,b'to to to to to to to to to to to to to to to to to to to to to to to to to to to to to',[start] sharing that story with other people [end]
mat in in front at location,b'to to to to to to to to to to to to to to to to to to to to to to to to to to to to to',[start] door [end]
playing games causes,b'to to to to to to to to to to to to to to to to to to to to to to to to to to to to to',[start] fatigue [end]
Cheers receives action,b'to to to to to to to to to to to to to to to to to to to to to to to to to to to to to',[start] set in Boston [end]
adjuvant chemotherapy is recommended,b'to to to to to to to to to to to to to to to to to to to to to to to to to to to to to',[start] for patients with lymph node metastases usually [end]
go for a run motivated by goal,b'to to to to to to to to to to to to to to to to to to to to to to to to to to to to to',[start] exercise your dog [end]
The capital of Svalbard is a,b'to to to to to to to to to to to to to to to to to to to to to to to to to to to to to',[start] Longyearbyen [end]
dog capable of,b'to to to to to to to to to to to to to to to to to to to to to to to to to to to to to',[start] be many colour [end]
warren part of,b'to to to to to to to to to to to to to to to to to to to to to to to to to to to to to',[start] ohio [end]
the man receives action,b'to to to to to to to to to to to to to to to to to to to to to to to to to to to to to',[start] raped [end]
have heart attack has subevent,b'to to to to to to to to to to to to to to to to to to to to to to to to to to to to to',[start] you feel pain in your chest [end]
eat apple motivated by goal,b'to to to to to to to to to to to to to to to to to to to to to to to to to to to to to',[start] you be hungry [end]
flower on your table has property,b'to to to to to to to to to to to to to to to to to to to to to to to to to to to to to',[start] nice [end]
know if you healthy has prerequisite,b'to to to to to to to to to to to to to to to to to to to to to to to to to to to to to',[start] examine your breathe [end]
592 ( 31.6 % required,b'to to to to to to to to to to to to to to to to to to to to to to to to to to to to to',[start] ICU admission [end]
lot of person receives action,b'to to to to to to to to to to to to to to to to to to to to to to to to to to to to to',[start] scare of reptile [end]
going to school has prerequisite,b'to to to to to to to to to to to to to to to to to to to to to to to to to to to to to',[start] motivation [end]
The coalition is seeking to have,b'to to to to to to to to to to to to to to to to to to to to to to to to to to to to to',[start] musicians paid directly for use of music online [end]
Tactics is a,b'to to to to to to to to to to to to to to to to to to to to to to to to to to to to to',[start] the means and methods by [end]
An arm is a,b'to to to to to to to to to to to to to to to to to to to to to to to to to to to to to',[start] a useful appendage [end]
deja vu at location,b'to to to to to to to to to to to to to to to to to to to to to to to to to to to to to',[start] middle [end]
volcano at location,b'to to to to to to to to to to to to to to to to to to to to to to to to to to to to to',[start] top of mountain [end]
a coin purse used for,b'to to to to to to to to to to to to to to to to to to to to to to to to to to to to to',[start] keeping excess change [end]
get drunk used for,b'to to to to to to to to to to to to to to to to to to to to to to to to to to to to to',[start] person with mental problem [end]
god causes,b'to to to to to to to to to to to to to to to to to to to to to to to to to to to to to',[start] miracle [end]
cup has a,b'to to to to to to to to to to to to to to to to to to to to to to to to to to to to to',[start] coffee [end]
kiss causes desire,b'to to to to to to to to to to to to to to to to to to to to to to to to to to to to to',[start] help someone [end]
Very elder humans has property,b'to to to to to to to to to to to to to to to to to to to to to to to to to to to to to',[start] feeble and weak [end]
agents capable of,b'to to to to to to to to to to to to to to to to to to to to to to to to to to to to to',[start] list houses [end]
glue stick used for,b'to to to to to to to to to to to to to to to to to to to to to to to to to to to to to',[start] glue piece of paper together [end]
visit museum motivated by goal,b'to to to to to to to to to to to to to to to to to to to to to to to to to to to to to',[start] it be good artist date [end]
going somewhere causes,b'to to to to to to to to to to to to to to to to to to to to to to to to to to to to to',[start] really get lost [end]
comb your hair has subevent,b'to to to to to to to to to to to to to to to to to to to to to to to to to to to to to',[start] look in mirror [end]
Egyptian pyramids has a,b'to to to to to to to to to to to to to to to to to to to to to to to to to to to to to',[start] rectangular bases [end]
compete has subevent,b'to to to to to to to to to to to to to to to to to to to to to to to to to to to to to',[start] poor sportsmanship [end]
unite state is a,b'to to to to to to to to to to to to to to to to to to to to to to to to to to to to to',[start] same size as brazil [end]
irvington part of,b'to to to to to to to to to to to to to to to to to to to to to to to to to to to to to',[start] new jersey [end]
person capable of,b'to to to to to to to to to to to to to to to to to to to to to to to to to to to to to',[start] learn until they die [end]
cutlery drawer at location,b'to to to to to to to to to to to to to to to to to to to to to to to to to to to to to',[start] your own kitchen [end]
person go to work at location,b'to to to to to to to to to to to to to to to to to to to to to to to to to to to to to',[start] subway [end]
cold weather causes,b'to to to to to to to to to to to to to to to to to to to to to to to to to to to to to',[start] frostbite [end]
The oilseed radish can be grown to scavenge,b'to to to to to to to to to to to to to to to to to to to to to to to to to to to to to',[start] nutrients [end]
most child not capable of,b'to to to to to to to to to to to to to to to to to to to to to to to to to to to to to',[start] wear wristwatch [end]
driveway at location,b'to to to to to to to to to to to to to to to to to to to to to to to to to to to to to',[start] car [end]
a QUANT_S_1 caliber Daewoo assault rifle is,b'to to to to to to to to to to to to to to to to to to to to to to to to to to to to to',[start] QUANT_O_1 of the weapons banned under the law [end]
horse at location,b'to to to to to to to to to to to to to to to to to to to to to to to to to to to to to',[start] field romp [end]
a saucepan used for,b'to to to to to to to to to to to to to to to to to to to to to to to to to to to to to',[start] boil vegetables [end]
pie la mode in french defined as,b'to to to to to to to to to to to to to to to to to to to to to to to to to to to to to',[start] pie and ice cream [end]
buy something small has subevent,b'to to to to to to to to to to to to to to to to to to to to to to to to to to to to to',[start] you lose item [end]
a head used for,b'to to to to to to to to to to to to to to to to to to to to to to to to to to to to to',[start] making a lettuce salad [end]
children capable of,b'to to to to to to to to to to to to to to to to to to to to to to to to to to to to to',[start] love [end]
vacuum the floors motivated by goal,b'to to to to to to to to to to to to to to to to to to to to to to to to to to to to to',[start] do the housework [end]
horses has a,b'to to to to to to to to to to to to to to to to to to to to to to to to to to to to to',[start] served humans very well throughout history [end]
A star capable of,b'to to to to to to to to to to to to to to to to to to to to to to to to to to to to to',[start] guide a weary traveler [end]
thread on nut or bolt is a,b'to to to to to to to to to to to to to to to to to to to to to to to to to to to to to',[start] form of lever [end]
earn live has subevent,b'to to to to to to to to to to to to to to to to to to to to to to to to to to to to to',[start] prepare for retirement [end]
large item receives action,b'to to to to to to to to to to to to to to to to to to to to to to to to to to to to to',[start] haul to recycle center [end]
divider at location,b'to to to to to to to to to to to to to to to to to to to to to to to to to to to to to',[start] street [end]
answer phone has last subevent,b'to to to to to to to to to to to to to to to to to to to to to to to to to to to to to',[start] hang up [end]
person capable of,b'to to to to to to to to to to to to to to to to to to to to to to to to to to to to to',[start] go for trip on their vacation [end]
have haircut used for,b'to to to to to to to to to to to to to to to to to to to to to to to to to to to to to',[start] tidy yourself up [end]
playing chess has subevent,b'to to to to to to to to to to to to to to to to to to to to to to to to to to to to to',[start] tension [end]
storm capable of,b'to to to to to to to to to to to to to to to to to to to to to to to to to to to to to',[start] move west to east [end]
buy hamburger has subevent,b'to to to to to to to to to to to to to to to to to to to to to to to to to to to to to',[start] take restroom break [end]
lady capable of,b'to to to to to to to to to to to to to to to to to to to to to to to to to to to to to',[start] kiss pig [end]
basket is a,b'to to to to to to to to to to to to to to to to to to to to to to to to to to to to to',[start] container [end]
Humans capable of,b'to to to to to to to to to to to to to to to to to to to to to to to to to to to to to',[start] taste with their tongues [end]
play ball has last subevent,b'to to to to to to to to to to to to to to to to to to to to to to to to to to to to to',[start] go home [end]
first floor used for,b'to to to to to to to to to to to to to to to to to to to to to to to to to to to to to',[start] be beneath second floor [end]
automobile capable of,b'to to to to to to to to to to to to to to to to to to to to to to to to to to to to to',[start] hold certain amount of person [end]
dying causes,b'to to to to to to to to to to to to to to to to to to to to to to to to to to to to to',[start] an object's color to be changed [end]
buy christmas present used for,b'to to to to to to to to to to to to to to to to to to to to to to to to to to to to to',[start] make yourself feel good [end]
Flossing your teeth has property,b'to to to to to to to to to to to to to to to to to to to to to to to to to to to to to',[start] routine [end]
person desires,b'to to to to to to to to to to to to to to to to to to to to to to to to to to to to to',[start] be treat with deference [end]
politician capable of,b'to to to to to to to to to to to to to to to to to to to to to to to to to to to to to',[start] agree with voter [end]
food at location,b'to to to to to to to to to to to to to to to to to to to to to to to to to to to to to',[start] bowl alley [end]
Members of crew capable of,b'to to to to to to to to to to to to to to to to to to to to to to to to to to to to to',[start] row a boat [end]
glass of water has property,b'to to to to to to to to to to to to to to to to to to to to to to to to to to to to to',[start] welcome on hot day [end]
person desires,b'to to to to to to to to to to to to to to to to to to to to to to to to to to to to to',[start] their mate to find them attractive [end]
get angry has subevent,b'to to to to to to to to to to to to to to to to to to to to to to to to to to to to to',[start] yell [end]
billfold used for,b'to to to to to to to to to to to to to to to to to to to to to to to to to to to to to',[start] hold your credit card [end]
have a heart attack motivated by goal,b'to to to to to to to to to to to to to to to to to to to to to to to to to to to to to',[start] smoked too much and excercised too little [end]
gather energy for tomorrow has subevent,b'to to to to to to to to to to to to to to to to to to to to to to to to to to to to to',[start] rest today [end]
play has prerequisite,b'to to to to to to to to to to to to to to to to to to to to to to to to to to to to to',[start] learn game [end]
person not desires,b'to to to to to to to to to to to to to to to to to to to to to to to to to to to to to',[start] be drafted [end]
cow capable of,b'to to to to to to to to to to to to to to to to to to to to to to to to to to to to to',[start] quietly [end]
Steak used for,b'to to to to to to to to to to to to to to to to to to to to to to to to to to to to to',[start] eating [end]
you capable of,b'to to to to to to to to to to to to to to to to to to to to to to to to to to to to to',[start] act upon it [end]
telling a tall tale causes,b'to to to to to to to to to to to to to to to to to to to to to to to to to to to to to',[start] laughter [end]
Tasmanian tiger defined as,b'to to to to to to to to to to to to to to to to to to to to to to to to to to to to to',[start] Thylacinus cynocephalus [end]
tickling used for,b'to to to to to to to to to to to to to to to to to to to to to to to to to to to to to',[start] forcing someone to laugh [end]
gazelle at location,b'to to to to to to to to to to to to to to to to to to to to to to to to to to to to to',[start] asia [end]
disk is a,b'to to to to to to to to to to to to to to to to to to to to to to to to to to to to to',[start] flat object [end]
Maricia Melcombe of Stamford is,b'to to to to to to to to to to to to to to to to to to to to to to to to to to to to to',[start] a sister [end]
William Shakespeare is a,b'to to to to to to to to to to to to to to to to to to to to to to to to to to to to to',[start] a playwright [end]
relaxing has subevent,b'to to to to to to to to to to to to to to to to to to to to to to to to to to to to to',[start] drink lemonade [end]
car capable of,b'to to to to to to to to to to to to to to to to to to to to to to to to to to to to to',[start] hit cliff [end]
course receives action,b'to to to to to to to to to to to to to to to to to to to to to to to to to to to to to',[start] offer at college [end]
not everyone is a,b'to to to to to to to to to to to to to to to to to to to to to to to to to to to to to',[start] from america [end]
bridges receives action,b'to to to to to to to to to to to to to to to to to to to to to to to to to to to to to',[start] constructed over water [end]
An engineer not desires,b'to to to to to to to to to to to to to to to to to to to to to to to to to to to to to',[start] a chaotic system [end]
Lifesavers is a,b'to to to to to to to to to to to to to to to to to to to to to to to to to to to to to',[start] a necessary item on any boat [end]
an accordian bag at location,b'to to to to to to to to to to to to to to to to to to to to to to to to to to to to to',[start] scotland [end]
buying something has subevent,b'to to to to to to to to to to to to to to to to to to to to to to to to to to to to to',[start] work with an agent [end]
diesel has property,b'to to to to to to to to to to to to to to to to to to to to to to to to to to to to to',[start] one of many product of petroleum [end]
i capable of,b'to to to to to to to to to to to to to to to to to to to to to to to to to to to to to',[start] light match [end]
someone capable of,b'to to to to to to to to to to to to to to to to to to to to to to to to to to to to to',[start] paint a picture [end]
Her long legislative record of expanding women 's rights won her a large following among,b'to to to to to to to to to to to to to to to to to to to to to to to to to to to to to',[start] women [end]
red meat has property,b'to to to to to to to to to to to to to to to to to to to to to to to to to to to to to',[start] high in protein [end]
overeat causes,b'to to to to to to to to to to to to to to to to to to to to to to to to to to to to to',[start] poor physical condition [end]
you capable of,b'to to to to to to to to to to to to to to to to to to to to to to to to to to to to to',[start] ticket to enter event [end]
restaurant receive used for,b'to to to to to to to to to to to to to to to to to to to to to to to to to to to to to',[start] intake bulk food item [end]
commit suicide used for,b'to to to to to to to to to to to to to to to to to to to to to to to to to to to to to',[start] person without hope [end]
a ring capable of,b'to to to to to to to to to to to to to to to to to to to to to to to to to to to to to',[start] fit a finger [end]
seeing exhibits causes,b'to to to to to to to to to to to to to to to to to to to to to to to to to to to to to',[start] surprise [end]
hospital patient not desires,b'to to to to to to to to to to to to to to to to to to to to to to to to to to to to to',[start] be forget [end]
sit quietly has subevent,b'to to to to to to to to to to to to to to to to to to to to to to to to to to to to to',[start] look around person [end]
a stringed instrument at location,b'to to to to to to to to to to to to to to to to to to to to to to to to to to to to to',[start] a string quartet [end]
most common hat is a,b'to to to to to to to to to to to to to to to to to to to to to to to to to to to to to',[start] baseball cap [end]
go out in public has subevent,b'to to to to to to to to to to to to to to to to to to to to to to to to to to to to to',[start] you must be dress well [end]
mankind believes they capable of,b'to to to to to to to to to to to to to to to to to to to to to to to to to to to to to',[start] conquer all [end]
mont blanc is a,b'to to to to to to to to to to to to to to to to to to to to to to to to to to to to to',[start] mountain in swiss alp [end]
waiting tables has subevent,b'to to to to to to to to to to to to to to to to to to to to to to to to to to to to to',[start] fill water glasses [end]
the roots q u a n t r,b'to to to to to to to to to to to to to to to to to to to to to to to to to to to to to',[start] the moment [end]
have checkup has subevent,b'to to to to to to to to to to to to to to to to to to to to to to to to to to to to to',[start] you get pill [end]
send e-mail used for,b'to to to to to to to to to to to to to to to to to to to to to to to to to to to to to',[start] communicate inter-office [end]
a street sweepre at location,b'to to to to to to to to to to to to to to to to to to to to to to to to to to to to to',[start] the street [end]
Curtains capable of,b'to to to to to to to to to to to to to to to to to to to to to to to to to to to to to',[start] block light [end]
molecule is a,b'to to to to to to to to to to to to to to to to to to to to to to to to to to to to to',[start] small amount of chemical [end]
play lacrosse has prerequisite,b'to to to to to to to to to to to to to to to to to to to to to to to to to to to to to',[start] have net [end]
take bus used for,b'to to to to to to to to to to to to to to to to to to to to to to to to to to to to to',[start] poor person [end]
french restaurant at location,b'to to to to to to to to to to to to to to to to to to to to to to to to to to to to to',[start] many city [end]
seeing your idea become reality has subevent,b'to to to to to to to to to to to to to to to to to to to to to to to to to to to to to',[start] the feeling of accomplishment [end]
maintain good health has prerequisite,b'to to to to to to to to to to to to to to to to to to to to to to to to to to to to to',[start] get more exercise [end]
embarassment is to receives action,b'to to to to to to to to to to to to to to to to to to to to to to to to to to to to to',[start] avoided [end]
in anarchistic society there is a,b'to to to to to to to to to to to to to to to to to to to to to to to to to to to to to',[start] no leader [end]
the role plays,b'to to to to to to to to to to to to to to to to to to to to to to to to to to to to to',[start] compared to the whole range of old treatment methods [end]
tying your shoelace used for,b'to to to to to to to to to to to to to to to to to to to to to to to to to to to to to',[start] keeping your shoes from falling off [end]
a grocer used for,b'to to to to to to to to to to to to to to to to to to to to to to to to to to to to to',[start] Fresh vegetables [end]
television view has prerequisite,b'to to to to to to to to to to to to to to to to to to to to to to to to to to to to to',[start] time [end]
guard at location,b'to to to to to to to to to to to to to to to to to to to to to to to to to to to to to',[start] military base [end]
fortune cookie has property,b'to to to to to to to to to to to to to to to to to to to to to to to to to to to to to',[start] give out at chinese restaurant [end]
going for a walk causes,b'to to to to to to to to to to to to to to to to to to to to to to to to to to to to to',[start] enjoying fresh air [end]
willy-willy is a,b'to to to to to to to to to to to to to to to to to to to to to to to to to to to to to',[start] dust devil [end]
works of art barrel madison avenue,b'to to to to to to to to to to to to to to to to to to to to to to to to to to to to to',[start] last week [end]
this legislation is,b'to to to to to to to to to to to to to to to to to to to to to to to to to to to to to',[start] important [end]
Canada has a,b'to to to to to to to to to to to to to to to to to to to to to to to to to to to to to',[start] six time zones [end]
know how stock market perform used for,b'to to to to to to to to to to to to to to to to to to to to to to to to to to to to to',[start] technical analysis [end]
eating quickly used for,b'to to to to to to to to to to to to to to to to to to to to to to to to to to to to to',[start] airport food [end]
love defined as,b'to to to to to to to to to to to to to to to to to to to to to to to to to to to to to',[start] strong feel there be [end]
dress nice motivated by goal,b'to to to to to to to to to to to to to to to to to to to to to to to to to to to to to',[start] the men to look at you [end]
the major carrier be serving,b'to to to to to to to to to to to to to to to to to to to to to to to to to to to to to',[start] Las Vegas [end]
train engines capable of,b'to to to to to to to to to to to to to to to to to to to to to to to to to to to to to',[start] operate using steam power [end]
cat not desires,b'to to to to to to to to to to to to to to to to to to to to to to to to to to to to to',[start] live with dog [end]
movie is a,b'to to to to to to to to to to to to to to to to to to to to to to to to to to to to to',[start] series of picture [end]
revolution made of,b'to to to to to to to to to to to to to to to to to to to to to to to to to to to to to',[start] sentient be [end]
celebrating has subevent,b'to to to to to to to to to to to to to to to to to to to to to to to to to to to to to',[start] honor heroes [end]
'Life With Dexter' is a,b'to to to to to to to to to to to to to to to to to to to to to to to to to to to to to',[start] a comedy radio serial [end]
destroying your enemy has subevent,b'to to to to to to to to to to to to to to to to to to to to to to to to to to to to to',[start] you might get hurt yourself [end]
water has property,b'to to to to to to to to to to to to to to to to to to to to to to to to to to to to to',[start] transparent [end]
tape television show has first subevent,b'to to to to to to to to to to to to to to to to to to to to to to to to to to to to to',[start] program vcr [end]
giving a gift used for,b'to to to to to to to to to to to to to to to to to to to to to to to to to to to to to',[start] charity [end]
Stephen M. Cutler was honored last night at,b'to to to to to to to to to to to to to to to to to to to to to to to to to to to to to',[start] commission headquarters [end]
a manila folder used for,b'to to to to to to to to to to to to to to to to to to to to to to to to to to to to to',[start] filing documents [end]
"Tested is past tense, testing is a",b'to to to to to to to to to to to to to to to to to to to to to to to to to to to to to',[start] present continious [end]
Debra Anne Klein is,b'to to to to to to to to to to to to to to to to to to to to to to to to to to to to to',[start] their daughter [end]
a nutcracker at location,b'to to to to to to to to to to to to to to to to to to to to to to to to to to to to to',[start] a store [end]
go to sport event used for,b'to to to to to to to to to to to to to to to to to to to to to to to to to to to to to',[start] cheer your team on [end]
Someone capable of,b'to to to to to to to to to to to to to to to to to to to to to to to to to to to to to',[start] plan to go to the movies [end]
Large dogs has property,b'to to to to to to to to to to to to to to to to to to to to to to to to to to to to to',[start] affectionate and gentle [end]
eat has last subevent,b'to to to to to to to to to to to to to to to to to to to to to to to to to to to to to',[start] swallow [end]
semen at location,b'to to to to to to to to to to to to to to to to to to to to to to to to to to to to to',[start] a porno [end]
A person capable of,b'to to to to to to to to to to to to to to to to to to to to to to to to to to to to to',[start] learn to read [end]
exam table used for,b'to to to to to to to to to to to to to to to to to to to to to to to to to to to to to',[start] write exam [end]
penicillin at location,b'to to to to to to to to to to to to to to to to to to to to to to to to to to to to to',[start] cabinet [end]
some dogs desires,b'to to to to to to to to to to to to to to to to to to to to to to to to to to to to to',[start] fetch frisbees [end]
gun capable of,b'to to to to to to to to to to to to to to to to to to to to to to to to to to to to to',[start] kill you dead [end]
March QUANT_S_1 Revenue QUANT_S_2 q u a n t r after,b'to to to to to to to to to to to to to to to to to to to to to to to to to to to to to',[start] the latest first quarter Hope Brook Gold Qtr [end]
making people laugh causes,b'to to to to to to to to to to to to to to to to to to to to to to to to to to to to to',[start] the atmosphere becomes lose [end]
write a poem has prerequisite,b'to to to to to to to to to to to to to to to to to to to to to to to to to to to to to',[start] get a pen [end]
spit causes,b'to to to to to to to to to to to to to to to to to to to to to to to to to to to to to',[start] fight [end]
open business causes,b'to to to to to to to to to to to to to to to to to to to to to to to to to to to to to',[start] make profit [end]
write letter has prerequisite,b'to to to to to to to to to to to to to to to to to to to to to to to to to to to to to',[start] buy paper [end]
american life has a,b'to to to to to to to to to to to to to to to to to to to to to to to to to to to to to',[start] get way out of balance [end]
see art causes,b'to to to to to to to to to to to to to to to to to to to to to to to to to to to to to',[start] appreciation [end]
teach other person used for,b'to to to to to to to to to to to to to to to to to to to to to to to to to to to to to',[start] share experience [end]
gazelle at location,b'to to to to to to to to to to to to to to to to to to to to to to to to to to to to to',[start] ivory coast [end]
horse has a,b'to to to to to to to to to to to to to to to to to to to to to to to to to to to to to',[start] really good balance [end]
this used for,b'to to to to to to to to to to to to to to to to to to to to to to to to to to to to to',[start] see wood [end]
flower bed defined as,b'to to to to to to to to to to to to to to to to to to to to to to to to to to to to to',[start] sometimes flower garden [end]
see artifact causes,b'to to to to to to to to to to to to to to to to to to to to to to to to to to to to to',[start] bad reason [end]
enzyme is a,b'to to to to to to to to to to to to to to to to to to to to to to to to to to to to to',[start] high molecular weight molecule [end]
divorce capable of,b'to to to to to to to to to to to to to to to to to to to to to to to to to to to to to',[start] include custody agreement [end]
howling with laughter has subevent,b'to to to to to to to to to to to to to to to to to to to to to to to to to to to to to',[start] crie [end]
14 reviews included,b'to to to to to to to to to to to to to to to to to to to to to to to to to to to to to',[start] in this review [end]
mouse capable of,b'to to to to to to to to to to to to to to to to to to to to to to to to to to to to to',[start] life on grind [end]
dust at location,b'to to to to to to to to to to to to to to to to to to to to to to to to to to to to to',[start] under bed [end]
Antowain Smith cut,b'to to to to to to to to to to to to to to to to to to to to to to to to to to to to to',[start] wide right [end]
join army has subevent,b'to to to to to to to to to to to to to to to to to to to to to to to to to to to to to',[start] go to war [end]
seeing a story has subevent,b'to to to to to to to to to to to to to to to to to to to to to to to to to to to to to',[start] turning a page [end]
stand up has first subevent,b'to to to to to to to to to to to to to to to to to to to to to to to to to to to to to',[start] plant the feet [end]
a picnic table at location,b'to to to to to to to to to to to to to to to to to to to to to to to to to to to to to',[start] at a rest area [end]
men with lot of money has a,b'to to to to to to to to to to to to to to to to to to to to to to to to to to to to to',[start] nice car [end]
fall has subevent,b'to to to to to to to to to to to to to to to to to to to to to to to to to to to to to',[start] you break a leg [end]
celebrate has subevent,b'to to to to to to to to to to to to to to to to to to to to to to to to to to to to to',[start] special achievement be recognize [end]
a magnum opus new york,b'to to to to to to to to to to to to to to to to to to to to to to to to to to to to to',[start] American identity [end]
Champagne seems appropriate to,b'to to to to to to to to to to to to to to to to to to to to to to to to to to to to to',[start] QUANT_O_1 this splendor [end]
The secondary directive for machines is a,b'to to to to to to to to to to to to to to to to to to to to to to to to to to to to to',[start] : Obey human commands [end]
the House had,b'to to to to to to to to to to to to to to to to to to to to to to to to to to to to to',[start] a 394 - 21 roll call [end]
an erection causes desire,b'to to to to to to to to to to to to to to to to to to to to to to to to to to to to to',[start] masturbate [end]
roller skate at location,b'to to to to to to to to to to to to to to to to to to to to to to to to to to to to to',[start] skate rink [end]
One impairment a person might has a,b'to to to to to to to to to to to to to to to to to to to to to to to to to to to to to',[start] is bulemia [end]
obstruct justice causes,b'to to to to to to to to to to to to to to to to to to to to to to to to to to to to to',[start] get arrest [end]
the impact of the latter is,b'to to to to to to to to to to to to to to to to to to to to to to to to to to to to to',[start] modest [end]
handle proposal motivated by goal,b'to to to to to to to to to to to to to to to to to to to to to to to to to to to to to',[start] do your job [end]
having fun has subevent,b'to to to to to to to to to to to to to to to to to to to to to to to to to to to to to',[start] enjoying company [end]
hi-lighters at location,b'to to to to to to to to to to to to to to to to to to to to to to to to to to to to to',[start] a cabinet [end]
its proceedings take anywhere,b'to to to to to to to to to to to to to to to to to to to to to to to to to to to to to',[start] place [end]
kiss someone causes,b'to to to to to to to to to to to to to to to to to to to to to to to to to to to to to',[start] lipstick smear [end]
data concerning,b'to to to to to to to to to to to to to to to to to to to to to to to to to to to to to',[start] the prognostic strength of current tissue biomarkers in the diagnosis of colorectal cancer [end]
empty boxes at location,b'to to to to to to to to to to to to to to to to to to to to to to to to to to to to to',[start] a waste bin [end]
philosophy of mind is a,b'to to to to to to to to to to to to to to to to to to to to to to to to to to to to to',[start] subdiscipline of philosophy [end]
waiting tables used for,b'to to to to to to to to to to to to to to to to to to to to to to to to to to to to to',[start] giving people food they ordered [end]
lp record receives action,b'to to to to to to to to to to to to to to to to to to to to to to to to to to to to to',[start] make from vinyl [end]
gas used for,b'to to to to to to to to to to to to to to to to to to to to to to to to to to to to to',[start] use as a fuel [end]
educate person capable of,b'to to to to to to to to to to to to to to to to to to to to to to to to to to to to to',[start] face hardship in life [end]
get exercise has prerequisite,b'to to to to to to to to to to to to to to to to to to to to to to to to to to to to to',[start] play a sport [end]
Hong Kong is,b'to to to to to to to to to to to to to to to to to to to to to to to to to to to to to',[start] South Asia [end]
debate politics motivated by goal,b'to to to to to to to to to to to to to to to to to to to to to to to to to to to to to',[start] have good laugh [end]
light match has prerequisite,b'to to to to to to to to to to to to to to to to to to to to to to to to to to to to to',[start] find something to light [end]
The governor 's campaign aides offered,b'to to to to to to to to to to to to to to to to to to to to to to to to to to to to to',[start] a quick retort [end]
chewing your food has subevent,b'to to to to to to to to to to to to to to to to to to to to to to to to to to to to to',[start] you might spit out some gristle [end]
see excite story has subevent,b'to to to to to to to to to to to to to to to to to to to to to to to to to to to to to',[start] hold your breath [end]
monogamy is a,b'to to to to to to to to to to to to to to to to to to to to to to to to to to to to to',[start] relationship between two person or animal [end]
go to a party has prerequisite,b'to to to to to to to to to to to to to to to to to to to to to to to to to to to to to',[start] put on nice clothes [end]
glasses defined as,b'to to to to to to to to to to to to to to to to to to to to to to to to to to to to to',[start] a group of glasses [end]
the company clears only,b'to to to to to to to to to to to to to to to to to to to to to to to to to to to to to',[start] specific hurdles [end]
celebrate has subevent,b'to to to to to to to to to to to to to to to to to to to to to to to to to to to to to',[start] band play [end]
A person capable of,b'to to to to to to to to to to to to to to to to to to to to to to to to to to to to to',[start] twirl a plate on a stick [end]
get some physical activity has prerequisite,b'to to to to to to to to to to to to to to to to to to to to to to to to to to to to to',[start] run five mile [end]
horses receives action,b'to to to to to to to to to to to to to to to to to to to to to to to to to to to to to',[start] trained to jump over things [end]
piece of trash at location,b'to to to to to to to to to to to to to to to to to to to to to to to to to to to to to',[start] on sea [end]
someone capable of,b'to to to to to to to to to to to to to to to to to to to to to to to to to to to to to',[start] hunt wild game [end]
nashua is a,b'to to to to to to to to to to to to to to to to to to to to to to to to to to to to to',[start] city in new hampshire [end]
fight capable of,b'to to to to to to to to to to to to to to to to to to to to to to to to to to to to to',[start] make person upset [end]
jewler capable of,b'to to to to to to to to to to to to to to to to to to to to to to to to to to to to to',[start] value jewel [end]
sloth at location,b'to to to to to to to to to to to to to to to to to to to to to to to to to to to to to',[start] burrow [end]
telephone at location,b'to to to to to to to to to to to to to to to to to to to to to to to to to to to to to',[start] earth [end]
convict suspect for crime has prerequisite,b'to to to to to to to to to to to to to to to to to to to to to to to to to to to to to',[start] gather evidence against suspect [end]
many hats contain logos which has property,b'to to to to to to to to to to to to to to to to to to to to to to to to to to to to to',[start] esoteric in nature [end]
Overexposure to the sun has property,b'to to to to to to to to to to to to to to to to to to to to to to to to to to to to to',[start] harmful to human skin [end]
drink used for,b'to to to to to to to to to to to to to to to to to to to to to to to to to to to to to',[start] quench thirst [end]
change society has prerequisite,b'to to to to to to to to to to to to to to to to to to to to to to to to to to to to to',[start] define society [end]
meet interest person has prerequisite,b'to to to to to to to to to to to to to to to to to to to to to to to to to to to to to',[start] you to leave house [end]
write story has subevent,b'to to to to to to to to to to to to to to to to to to to to to to to to to to to to to',[start] gather paper and pen [end]
a group of mourners at location,b'to to to to to to to to to to to to to to to to to to to to to to to to to to to to to',[start] a funeral [end]
hairbrush used for,b'to to to to to to to to to to to to to to to to to to to to to to to to to to to to to',[start] brush your dog [end]
Some people has property,b'to to to to to to to to to to to to to to to to to to to to to to to to to to to to to',[start] afraid of dogs [end]
find lose item has last subevent,b'to to to to to to to to to to to to to to to to to to to to to to to to to to to to to',[start] give it to owner [end]
person not desires,b'to to to to to to to to to to to to to to to to to to to to to to to to to to to to to',[start] angry parent [end]
Americans has property,b'to to to to to to to to to to to to to to to to to to to to to to to to to to to to to',[start] proud of their heritage [end]
A roof defined as,b'to to to to to to to to to to to to to to to to to to to to to to to to to to to to to',[start] top of a house [end]
playing the violin used for,b'to to to to to to to to to to to to to to to to to to to to to to to to to to to to to',[start] the joy of making music [end]
woodwind instrument at location,b'to to to to to to to to to to to to to to to to to to to to to to to to to to to to to',[start] concert band [end]
a cottage used for,b'to to to to to to to to to to to to to to to to to to to to to to to to to to to to to',[start] vacationing in [end]
dress and pasta is a,b'to to to to to to to to to to to to to to to to to to to to to to to to to to to to to',[start] type of food [end]
gold has property,b'to to to to to to to to to to to to to to to to to to to to to to to to to to to to to',[start] shiny [end]
fishing causes,b'to to to to to to to to to to to to to to to to to to to to to to to to to to to to to',[start] having fish for dinner [end]
going to a performance causes,b'to to to to to to to to to to to to to to to to to to to to to to to to to to to to to',[start] joy [end]
personal slight causes desire,b'to to to to to to to to to to to to to to to to to to to to to to to to to to to to to',[start] judge someone [end]
clamp used for,b'to to to to to to to to to to to to to to to to to to to to to to to to to to to to to',[start] hold object together [end]
white key at location,b'to to to to to to to to to to to to to to to to to to to to to to to to to to to to to',[start] piano [end]
a lady capable of,b'to to to to to to to to to to to to to to to to to to to to to to to to to to to to to',[start] receive a love letter [end]
zoom lens used for,b'to to to to to to to to to to to to to to to to to to to to to to to to to to to to to',[start] see distant object more closely [end]
one food that may receives action,b'to to to to to to to to to to to to to to to to to to to to to to to to to to to to to',[start] put in pan be sausage [end]
fight war motivated by goal,b'to to to to to to to to to to to to to to to to to to to to to to to to to to to to to',[start] we be invade [end]
curtain at location,b'to to to to to to to to to to to to to to to to to to to to to to to to to to to to to',[start] the theater [end]
Richard S. Tedder is,b'to to to to to to to to to to to to to to to to to to to to to to to to to to to to to',[start] Dr. [end]
use calculator motivated by goal,b'to to to to to to to to to to to to to to to to to to to to to to to to to to to to to',[start] do math [end]
Fungus gnats has property,b'to to to to to to to to to to to to to to to to to to to to to to to to to to to to to',[start] annoying [end]
spend your time on this site causes,b'to to to to to to to to to to to to to to to to to to to to to to to to to to to to to',[start] get eye stain [end]
success causes desire,b'to to to to to to to to to to to to to to to to to to to to to to to to to to to to to',[start] have party [end]
soap used for,b'to to to to to to to to to to to to to to to to to to to to to to to to to to to to to',[start] wash your body [end]
fish has subevent,b'to to to to to to to to to to to to to to to to to to to to to to to to to to to to to',[start] peer into water [end]
vomiting is to receives action,b'to to to to to to to to to to to to to to to to to to to to to to to to to to to to to',[start] avoided [end]
a sunglasses used for,b'to to to to to to to to to to to to to to to to to to to to to to to to to to to to to',[start] protect your eyes from the sun [end]
see your idea become reality used for,b'to to to to to to to to to to to to to to to to to to to to to to to to to to to to to',[start] attain goal [end]
give clue used for,b'to to to to to to to to to to to to to to to to to to to to to to to to to to to to to',[start] help guess [end]
a choker used for,b'to to to to to to to to to to to to to to to to to to to to to to to to to to to to to',[start] wear around your neck [end]
monarchy is a,b'to to to to to to to to to to to to to to to to to to to to to to to to to to to to to',[start] old form of government [end]
some thing only work if they at location,b'to to to to to to to to to to to to to to to to to to to to to to to to to to to to to',[start] right place [end]
exercise has property,b'to to to to to to to to to to to to to to to to to to to to to to to to to to to to to',[start] fun [end]
downspouts are,b'to to to to to to to to to to to to to to to to to to to to to to to to to to to to to',[start] clean [end]
human interaction is a,b'to to to to to to to to to to to to to to to to to to to to to to to to to to to to to',[start] game [end]
talking to someone has subevent,b'to to to to to to to to to to to to to to to to to to to to to to to to to to to to to',[start] make an unusual face [end]
buy a shirt has first subevent,b'to to to to to to to to to to to to to to to to to to to to to to to to to to to to to',[start] try it on [end]
2 Diabetes Mellitus is,b'to to to to to to to to to to to to to to to to to to to to to to to to to to to to to',[start] a chronic disease closely related to personal life style [end]
anteater capable of,b'to to to to to to to to to to to to to to to to to to to to to to to to to to to to to',[start] eat ants [end]
Most of the animal skulls are the result of,b'to to to to to to to to to to to to to to to to to to to to to to to to to to to to to',[start] culling [end]
obesity is a,b'to to to to to to to to to to to to to to to to to to to to to to to to to to to to to',[start] correctible [end]
different breeds at location,b'to to to to to to to to to to to to to to to to to to to to to to to to to to to to to',[start] dogs [end]
moisturizer used for,b'to to to to to to to to to to to to to to to to to to to to to to to to to to to to to',[start] spray perfume [end]
The bottle is a,b'to to to to to to to to to to to to to to to to to to to to to to to to to to to to to',[start] casting a yellow shadow [end]
person be kill has subevent,b'to to to to to to to to to to to to to to to to to to to to to to to to to to to to to',[start] that person be damage beyond repair [end]
watch tv show used for,b'to to to to to to to to to to to to to to to to to to to to to to to to to to to to to',[start] pass away [end]
meteorite capable of,b'to to to to to to to to to to to to to to to to to to to to to to to to to to to to to',[start] near planet earth [end]
climb mountain has subevent,b'to to to to to to to to to to to to to to to to to to to to to to to to to to to to to',[start] bring oxygen tank [end]
Mercury is a,b'to to to to to to to to to to to to to to to to to to to to to to to to to to to to to',[start] about two-thirds iron [end]
reading a newspaper causes,b'to to to to to to to to to to to to to to to to to to to to to to to to to to to to to',[start] understanding world events [end]
tell story used for,b'to to to to to to to to to to to to to to to to to to to to to to to to to to to to to',[start] make person laugh [end]
a control room used for,b'to to to to to to to to to to to to to to to to to to to to to to to to to to to to to',[start] checking up on people [end]
a courtroom has a,b'to to to to to to to to to to to to to to to to to to to to to to to to to to to to to',"[start] a witness stand, [end]"
solor system is a,b'to to to to to to to to to to to to to to to to to to to to to to to to to to to to to',[start] wonderous thing [end]
The doberman is a,b'to to to to to to to to to to to to to to to to to to to to to to to to to to to to to',"[start] a loyal, intelligent dog [end]"
someone capable of,b'to to to to to to to to to to to to to to to to to to to to to to to to to to to to to',[start] eat a sub [end]
see a movie has subevent,b'to to to to to to to to to to to to to to to to to to to to to to to to to to to to to',[start] watch and listen [end]
having fun causes,b'to to to to to to to to to to to to to to to to to to to to to to to to to to to to to',[start] get a criminal record [end]
execute fly kick has prerequisite,b'to to to to to to to to to to to to to to to to to to to to to to to to to to to to to',[start] get run start before jump [end]
The German-English Academy was founded by,b'to to to to to to to to to to to to to to to to to to to to to to to to to to to to to',[start] a group of Milwaukee German Americans in Milwaukee in 1851 [end]
a bullet used for,b'to to to to to to to to to to to to to to to to to to to to to to to to to to to to to',[start] shooting people [end]
a baggage used for,b'to to to to to to to to to to to to to to to to to to to to to to to to to to to to to',[start] checking in at the airport [end]
Toyota makes vehicles which has a,b'to to to to to to to to to to to to to to to to to to to to to to to to to to to to to',[start] alternators [end]
Revenge of the Nerds II defined as,b'to to to to to to to to to to to to to to to to to to to to to to to to to to to to to',[start] sequel to Revenge of the Nerds [end]
something at location,b'to to to to to to to to to to to to to to to to to to to to to to to to to to to to to',[start] open pit mine [end]
room key at location,b'to to to to to to to to to to to to to to to to to to to to to to to to to to to to to',[start] at hotel [end]
badminton defined as,b'to to to to to to to to to to to to to to to to to to to to to to to to to to to to to',[start] fastest racquet sport [end]
a person capable of,b'to to to to to to to to to to to to to to to to to to to to to to to to to to to to to',[start] swim in the ocean [end]
some mistake is a,b'to to to to to to to to to to to to to to to to to to to to to to to to to to to to to',[start] not correctable [end]
attend meet has prerequisite,b'to to to to to to to to to to to to to to to to to to to to to to to to to to to to to',[start] get dress [end]
sunny weather has property,b'to to to to to to to to to to to to to to to to to to to to to to to to to to to to to',[start] considered nice [end]
metal has property,b'to to to to to to to to to to to to to to to to to to to to to to to to to to to to to',[start] hard [end]
eating causes,b'to to to to to to to to to to to to to to to to to to to to to to to to to to to to to',[start] becoming overweight [end]
MDMA at location,b'to to to to to to to to to to to to to to to to to to to to to to to to to to to to to',[start] a rave [end]
baseball field used for,b'to to to to to to to to to to to to to to to to to to to to to to to to to to to to to',[start] look at diamond shape [end]
the Clintons to q u a n t o,b'to to to to to to to to to to to to to to to to to to to to to to to to to to to to to',[start] the retreat [end]
swear causes,b'to to to to to to to to to to to to to to to to to to to to to to to to to to to to to',[start] make someone angry [end]
watch a movie has prerequisite,b'to to to to to to to to to to to to to to to to to to to to to to to to to to to to to',[start] turn on the tv [end]
commit to memory has prerequisite,b'to to to to to to to to to to to to to to to to to to to to to to to to to to to to to',[start] think very long [end]
an approaching car capable of,b'to to to to to to to to to to to to to to to to to to to to to to to to to to to to to',[start] hurt you [end]
coins at location,b'to to to to to to to to to to to to to to to to to to to to to to to to to to to to to',[start] a water fountain [end]
a computer mouse not has property,b'to to to to to to to to to to to to to to to to to to to to to to to to to to to to to',[start] living [end]
bill file at location,b'to to to to to to to to to to to to to to to to to to to to to to to to to to to to to',[start] accountant office [end]
This is a,b'to to to to to to to to to to to to to to to to to to to to to to to to to to to to to',[start] a bottle holding a orangish fluid [end]
Onawa is a,b'to to to to to to to to to to to to to to to to to to to to to to to to to to to to to',[start] a town in Iowa [end]
an audience at location,b'to to to to to to to to to to to to to to to to to to to to to to to to to to to to to',[start] a show [end]
go fish causes,b'to to to to to to to to to to to to to to to to to to to to to to to to to to to to to',[start] have fish for dinner [end]
A pain causes desire,b'to to to to to to to to to to to to to to to to to to to to to to to to to to to to to',[start] have an examination [end]
take oath has subevent,b'to to to to to to to to to to to to to to to to to to to to to to to to to to to to to',[start] touch bible [end]
selling your new book causes,b'to to to to to to to to to to to to to to to to to to to to to to to to to to to to to',[start] earning money [end]
Compassion and wisdom has a,b'to to to to to to to to to to to to to to to to to to to to to to to to to to to to to',[start] a positive effect [end]
Ms. Ephron is,b'to to to to to to to to to to to to to to to to to to to to to to to to to to to to to',[start] a novelist [end]
black-capped vireo defined as,b'to to to to to to to to to to to to to to to to to to to to to to to to to to to to to',[start] Vireo atricapillus [end]
number used for,b'to to to to to to to to to to to to to to to to to to to to to to to to to to to to to',[start] work thing out [end]
wait in traffic has a,b'to to to to to to to to to to to to to to to to to to to to to to to to to to to to to',[start] high economic cost [end]
you capable of,b'to to to to to to to to to to to to to to to to to to to to to to to to to to to to to',[start] drive onit [end]
person not desires,b'to to to to to to to to to to to to to to to to to to to to to to to to to to to to to',[start] bad luck [end]
get contract has subevent,b'to to to to to to to to to to to to to to to to to to to to to to to to to to to to to',[start] sign contract [end]
person not desires,b'to to to to to to to to to to to to to to to to to to to to to to to to to to to to to',[start] be drafted into the military [end]
someone at location,b'to to to to to to to to to to to to to to to to to to to to to to to to to to to to to',[start] the compost pile adding yard waste [end]
something at location,b'to to to to to to to to to to to to to to to to to to to to to to to to to to to to to',[start] in newspaper [end]
fruit at location,b'to to to to to to to to to to to to to to to to to to to to to to to to to to to to to',[start] kitchen [end]
A dog capable of,b'to to to to to to to to to to to to to to to to to to to to to to to to to to to to to',[start] eats dog food [end]
hippies in april,b'to to to to to to to to to to to to to to to to to to to to to to to to to to to to to',[start] that year [end]
pacific ocean used for,b'to to to to to to to to to to to to to to to to to to to to to to to to to to to to to',[start] swim in [end]
David Spade is a,b'to to to to to to to to to to to to to to to to to to to to to to to to to to to to to',[start] not God [end]
run in marathon causes,b'to to to to to to to to to to to to to to to to to to to to to to to to to to to to to',[start] complete exhaustion [end]
sofas made of,b'to to to to to to to to to to to to to to to to to to to to to to to to to to to to to',[start] leather [end]
Apartments receives action,b'to to to to to to to to to to to to to to to to to to to to to to to to to to to to to',[start] built on the ground floor [end]
there is a,b'to to to to to to to to to to to to to to to to to to to to to to to to to to to to to',[start] bury treasure in carribbean [end]
Chickens not has property,b'to to to to to to to to to to to to to to to to to to to to to to to to to to to to to',[start] allowed in motel rooms [end]
A private foundation seeking to revive part of Newark 's blighted downtown is to unveil,b'to to to to to to to to to to to to to to to to to to to to to to to to to to to to to',[start] a $ QUANT_O_1 plan on Wednesday to help transform the area into a round-the-clock neighborhood [end]
go on internet has subevent,b'to to to to to to to to to to to to to to to to to to to to to to to to to to to to to',[start] spam [end]
fire capable of,b'to to to to to to to to to to to to to to to to to to to to to to to to to to to to to',[start] cook vegetables [end]
"To ""act"" defined as",b'to to to to to to to to to to to to to to to to to to to to to to to to to to to to to',[start] proceed [end]
The Loan Deal goes through on,b'to to to to to to to to to to to to to to to to to to to to to to to to to to to to to',[start] Oct. 6 [end]
kid capable of,b'to to to to to to to to to to to to to to to to to to to to to to to to to to to to to',[start] be brother [end]
job is a,b'to to to to to to to to to to to to to to to to to to to to to to to to to to to to to',[start] student [end]
desk drawer used for,b'to to to to to to to to to to to to to to to to to to to to to to to to to to to to to',[start] hold item use by office worker [end]
can receives action,b'to to to to to to to to to to to to to to to to to to to to to to to to to to to to to',[start] find at theatre [end]
A comforter is a,b'to to to to to to to to to to to to to to to to to to to to to to to to to to to to to',[start] someone who gives comfort [end]
run has prerequisite,b'to to to to to to to to to to to to to to to to to to to to to to to to to to to to to',[start] just do it [end]
The Concorde supersonic transport is a,b'to to to to to to to to to to to to to to to to to to to to to to to to to to to to to',[start] a beautiful airplane [end]
Elan Pharma conduct,b'to to to to to to to to to to to to to to to to to to to to to to to to to to to to to',[start] marketing efforts [end]
Many offices has a,b'to to to to to to to to to to to to to to to to to to to to to to to to to to to to to',[start] canteens [end]
I has a,b'to to to to to to to to to to to to to to to to to to to to to to to to to to to to to',[start] too much junk [end]
bone at location,b'to to to to to to to to to to to to to to to to to to to to to to to to to to to to to',[start] church [end]
bulb defined as,b'to to to to to to to to to to to to to to to to to to to to to to to to to to to to to',[start] seed of some plant [end]
a baritone at location,b'to to to to to to to to to to to to to to to to to to to to to to to to to to to to to',[start] a singing group [end]
xml is a,b'to to to to to to to to to to to to to to to to to to to to to to to to to to to to to',[start] modern interchange format [end]
Steven Lonegan ran for,b'to to to to to to to to to to to to to to to to to to to to to to to to to to to to to',[start] governor [end]
Brake lights has property,b'to to to to to to to to to to to to to to to to to to to to to to to to to to to to to',[start] red [end]
yard used for,b'to to to to to to to to to to to to to to to to to to to to to to to to to to to to to',[start] distinguish property ownership [end]
clean your room motivated by goal,b'to to to to to to to to to to to to to to to to to to to to to to to to to to to to to',[start] it be clutter [end]
a diva at location,b'to to to to to to to to to to to to to to to to to to to to to to to to to to to to to',[start] an opera [end]
wait on tables has prerequisite,b'to to to to to to to to to to to to to to to to to to to to to to to to to to to to to',[start] get a job at a restaurant [end]
cash and credit cards is a,b'to to to to to to to to to to to to to to to to to to to to to to to to to to to to to',[start] two ways to pay for things [end]
take stand used for,b'to to to to to to to to to to to to to to to to to to to to to to to to to to to to to',[start] get what you want [end]
Recent research at the Medical Research Council 's Environmental Epidemiology Unit is showing,b'to to to to to to to to to to to to to to to to to to to to to to to to to to to to to',[start] that impaired growth in fetal life have profound long - term consequences for health in adulthood [end]
a sound used for,b'to to to to to to to to to to to to to to to to to to to to to to to to to to to to to',[start] listening [end]
skeletons at location,b'to to to to to to to to to to to to to to to to to to to to to to to to to to to to to',[start] a museum [end]
the cop capable of,b'to to to to to to to to to to to to to to to to to to to to to to to to to to to to to',[start] direct traffic [end]
Light in the window is a,b'to to to to to to to to to to to to to to to to to to to to to to to to to to to to to',[start] a sign [end]
motehr capable of,b'to to to to to to to to to to to to to to to to to to to to to to to to to to to to to',[start] sing to baby [end]
a toy car at location,b'to to to to to to to to to to to to to to to to to to to to to to to to to to to to to',[start] a house where children live [end]
drive to work causes,b'to to to to to to to to to to to to to to to to to to to to to to to to to to to to to',[start] promotion [end]
notebook used for,b'to to to to to to to to to to to to to to to to to to to to to to to to to to to to to',[start] keep note [end]
the law takes effect,b'to to to to to to to to to to to to to to to to to to to to to to to to to to to to to',[start] Friday [end]
The 4MGS was,b'to to to to to to to to to to to to to to to to to to to to to to to to to to to to to',"[start] the 6 min walk distance ( r = 0.477 , p < 0.001 [end]"
attend rock concert causes,b'to to to to to to to to to to to to to to to to to to to to to to to to to to to to to',[start] hear loss [end]
notes at location,b'to to to to to to to to to to to to to to to to to to to to to to to to to to to to to',[start] screen [end]
bug has a,b'to to to to to to to to to to to to to to to to to to to to to to to to to to to to to',[start] leg and wing [end]
student capable of,b'to to to to to to to to to to to to to to to to to to to to to to to to to to to to to',[start] learn about literature in school [end]
a neighborhood map used for,b'to to to to to to to to to to to to to to to to to to to to to to to to to to to to to',[start] navigation [end]
watch movie motivated by goal,b'to to to to to to to to to to to to to to to to to to to to to to to to to to to to to',[start] review be good [end]
Safety pins is a,b'to to to to to to to to to to to to to to to to to to to to to to to to to to to to to',[start] sharp and can stick fingers [end]
meet person has subevent,b'to to to to to to to to to to to to to to to to to to to to to to to to to to to to to',[start] exchange pleasentries [end]
turn something off you capable of,b'to to to to to to to to to to to to to to to to to to to to to to to to to to to to to',[start] this to leave [end]
child receives action,b'to to to to to to to to to to to to to to to to to to to to to to to to to to to to to',[start] teach to hate and fear [end]
one space shuttle acronym is a,b'to to to to to to to to to to to to to to to to to to to to to to to to to to to to to',[start] adi attitude direction indicator [end]
jump up and down has subevent,b'to to to to to to to to to to to to to to to to to to to to to to to to to to to to to',[start] break leg [end]
fountain used for,b'to to to to to to to to to to to to to to to to to to to to to to to to to to to to to',[start] dispense drink [end]
water at location,b'to to to to to to to to to to to to to to to to to to to to to to to to to to to to to',[start] a bubble [end]
Chewing food in the mouth defined as,b'to to to to to to to to to to to to to to to to to to to to to to to to to to to to to',[start] first step in digestion [end]
someone capable of,b'to to to to to to to to to to to to to to to to to to to to to to to to to to to to to',[start] create a new form of life [end]
Valentina Alexander emerge from a haze in,b'to to to to to to to to to to to to to to to to to to to to to to to to to to to to to',[start] Zinda Williams 's stunning African costumes [end]
coreometer is a,b'to to to to to to to to to to to to to to to to to to to to to to to to to to to to to',[start] pupillometer [end]
improving yourself has subevent,b'to to to to to to to to to to to to to to to to to to to to to to to to to to to to to',[start] join others of like mind [end]
some flower has property,b'to to to to to to to to to to to to to to to to to to to to to to to to to to to to to',[start] edible [end]
Most people desires,b'to to to to to to to to to to to to to to to to to to to to to to to to to to to to to',[start] have friends [end]
you shake has subevent,b'to to to to to to to to to to to to to to to to to to to to to to to to to to to to to',[start] rattle it makes noise [end]
rain storm capable of,b'to to to to to to to to to to to to to to to to to to to to to to to to to to to to to',[start] water lawn [end]
Music causes desire,b'to to to to to to to to to to to to to to to to to to to to to to to to to to to to to',[start] relax [end]
make patchwork quilt has subevent,b'to to to to to to to to to to to to to to to to to to to to to to to to to to to to to',[start] cut fabric [end]
person desires,b'to to to to to to to to to to to to to to to to to to to to to to to to to to to to to',[start] anykind of sex life [end]
subway token used for,b'to to to to to to to to to to to to to to to to to to to to to to to to to to to to to',[start] passage on subway [end]
Pittsburgh and Boston both has a,b'to to to to to to to to to to to to to to to to to to to to to to to to to to to to to',[start] old things [end]
reach tentative agreement has prerequisite,b'to to to to to to to to to to to to to to to to to to to to to to to to to to to to to',[start] communicate [end]
cannabis at location,b'to to to to to to to to to to to to to to to to to to to to to to to to to to to to to',[start] growhouse [end]
it receives action,b'to to to to to to to to to to to to to to to to to to to to to to to to to to to to to',[start] clutter [end]
anyone capable of,b'to to to to to to to to to to to to to to to to to to to to to to to to to to to to to',[start] judge person [end]
a dancer capable of,b'to to to to to to to to to to to to to to to to to to to to to to to to to to to to to',[start] dance in a competition [end]
map used for,b'to to to to to to to to to to to to to to to to to to to to to to to to to to to to to',[start] locate rest stop [end]
The U.S. increase aid for,b'to to to to to to to to to to to to to to to to to to to to to to to to to to to to to',[start] birth control to developing countries QUANT_O_1 [end]
get some physical activity has subevent,b'to to to to to to to to to to to to to to to to to to to to to to to to to to to to to',[start] improve your health [end]
bob dylan is a,b'to to to to to to to to to to to to to to to to to to to to to to to to to to to to to',[start] lowrider [end]
clean clothe has prerequisite,b'to to to to to to to to to to to to to to to to to to to to to to to to to to to to to',[start] find dirty cloathing [end]
at top of arch is a,b'to to to to to to to to to to to to to to to to to to to to to to to to to to to to to',[start] keystone  [end]
a restaurant be named for,b'to to to to to to to to to to to to to to to to to to to to to to to to to to to to to',[start] its address [end]
food receives action,b'to to to to to to to to to to to to to to to to to to to to to to to to to to to to to',[start] purchased at a mall [end]
San Francisco has property,b'to to to to to to to to to to to to to to to to to to to to to to to to to to to to to',[start] close to Oakland [end]
elephant has a,b'to to to to to to to to to to to to to to to to to to to to to to to to to to to to to',[start] leathery skin [end]
a library used for,b'to to to to to to to to to to to to to to to to to to to to to to to to to to to to to',[start] reading [end]
attend lecture has subevent,b'to to to to to to to to to to to to to to to to to to to to to to to to to to to to to',[start] sleep because of boredom [end]
go on internet has last subevent,b'to to to to to to to to to to to to to to to to to to to to to to to to to to to to to',[start] enter address [end]
send criminal to prison causes,b'to to to to to to to to to to to to to to to to to to to to to to to to to to to to to',[start] good society [end]
condiments at location,b'to to to to to to to to to to to to to to to to to to to to to to to to to to to to to',[start] at dinner [end]
deception has property,b'to to to to to to to to to to to to to to to to to to to to to to to to to to to to to',[start] bad [end]
great athelete capable of,b'to to to to to to to to to to to to to to to to to to to to to to to to to to to to to',[start] smoke competition [end]
become a scuba diver has prerequisite,b'to to to to to to to to to to to to to to to to to to to to to to to to to to to to to',[start] learn to swim very well [end]
a finger used for,b'to to to to to to to to to to to to to to to to to to to to to to to to to to to to to',[start] wipe tears [end]
win baseball game has prerequisite,b'to to to to to to to to to to to to to to to to to to to to to to to to to to to to to',[start] play baseball game [end]
Lois Epstein is,b'to to to to to to to to to to to to to to to to to to to to to to to to to to to to to',[start] an engineer with the Alaska environmental organization Cook Inlet Keeper [end]
something at location,b'to to to to to to to to to to to to to to to to to to to to to to to to to to to to to',[start] top a mountain [end]
low animal has a,b'to to to to to to to to to to to to to to to to to to to to to to to to to to to to to',[start] few or no emotion [end]
pay bill motivated by goal,b'to to to to to to to to to to to to to to to to to to to to to to to to to to to to to',[start] stay out of trouble [end]
castanets used for,b'to to to to to to to to to to to to to to to to to to to to to to to to to to to to to',[start] accompany spanish music and dance [end]
entertain people has first subevent,b'to to to to to to to to to to to to to to to to to to to to to to to to to to to to to',[start] put on music [end]
go to bed used for,b'to to to to to to to to to to to to to to to to to to to to to to to to to to to to to',[start] rest and relaxation [end]
spacestation mir at location,b'to to to to to to to to to to to to to to to to to to to to to to to to to to to to to',[start] orbit [end]
you eat when you has property,b'to to to to to to to to to to to to to to to to to to to to to to to to to to to to to',[start] hungry [end]
learning used for,b'to to to to to to to to to to to to to to to to to to to to to to to to to to to to to',[start] inreasing knowledge [end]
Mora became more of,b'to to to to to to to to to to to to to to to to to to to to to to to to to to to to to',[start] a fan [end]
do crossword puzzle has subevent,b'to to to to to to to to to to to to to to to to to to to to to to to to to to to to to',[start] use eraser [end]
read a book has subevent,b'to to to to to to to to to to to to to to to to to to to to to to to to to to to to to',[start] you might learn something [end]
releasing your energy causes,b'to to to to to to to to to to to to to to to to to to to to to to to to to to to to to',[start] explosive power [end]
going to a play causes,b'to to to to to to to to to to to to to to to to to to to to to to to to to to to to to',[start] entertainment [end]
the Quinebaug River powered,b'to to to to to to to to to to to to to to to to to to to to to to to to to to to to to',[start] the QUANT_O_1 mills [end]
sometimes weather has property,b'to to to to to to to to to to to to to to to to to to to to to to to to to to to to to',[start] bad outside [end]
Senior citizens capable of,b'to to to to to to to to to to to to to to to to to to to to to to to to to to to to to',[start] enjoy good health by exercising [end]
telephone made of,b'to to to to to to to to to to to to to to to to to to to to to to to to to to to to to',[start] electronic part [end]
get exercise causes,b'to to to to to to to to to to to to to to to to to to to to to to to to to to to to to',[start] get healthy [end]
a coffeemaker at location,b'to to to to to to to to to to to to to to to to to to to to to to to to to to to to to',[start] a motel [end]
someone has property,b'to to to to to to to to to to to to to to to to to to to to to to to to to to to to to',[start] very good with write word [end]
a person not desires,b'to to to to to to to to to to to to to to to to to to to to to to to to to to to to to',[start] be dirty all the tie [end]
visit museum has subevent,b'to to to to to to to to to to to to to to to to to to to to to to to to to to to to to',[start] decide to become artist [end]
A student capable of,b'to to to to to to to to to to to to to to to to to to to to to to to to to to to to to',[start] listen music [end]
Male martins use the song as,b'to to to to to to to to to to to to to to to to to to to to to to to to to to to to to',[start] a to a mate [end]
a frying pan used for,b'to to to to to to to to to to to to to to to to to to to to to to to to to to to to to',[start] saute [end]
Forest fires cause the sunset to has property,b'to to to to to to to to to to to to to to to to to to to to to to to to to to to to to',[start] very red [end]
apple juice has property,b'to to to to to to to to to to to to to to to to to to to to to to to to to to to to to',[start] refresh [end]
Floppy disks not has property,b'to to to to to to to to to to to to to to to to to to to to to to to to to to to to to',[start] longer floppy per se [end]
build cathedral has subevent,b'to to to to to to to to to to to to to to to to to to to to to to to to to to to to to',[start] architectural renaisance [end]
person used for,b'to to to to to to to to to to to to to to to to to to to to to to to to to to to to to',[start] sing with [end]
horse hooves is a,b'to to to to to to to to to to to to to to to to to to to to to to to to to to to to to',[start] like human fingernails [end]
swimming causes,b'to to to to to to to to to to to to to to to to to to to to to to to to to to to to to',[start] water in the ears [end]
rail at location,b'to to to to to to to to to to to to to to to to to to to to to to to to to to to to to',[start] flight of stair [end]
child capable of,b'to to to to to to to to to to to to to to to to to to to to to to to to to to to to to',[start] act petulantly [end]
suzie is a,b'to to to to to to to to to to to to to to to to to to to to to to to to to to to to to',[start] harold wife [end]
a pillow case at location,b'to to to to to to to to to to to to to to to to to to to to to to to to to to to to to',[start] a bedding store [end]
driving your car has prerequisite,b'to to to to to to to to to to to to to to to to to to to to to to to to to to to to to',[start] gasoline or petrol [end]
flower capable of,b'to to to to to to to to to to to to to to to to to to to to to to to to to to to to to',[start] continue to grow [end]
Michael Jordan is a,b'to to to to to to to to to to to to to to to to to to to to to to to to to to to to to',[start] a good basketball player [end]
mole at location,b'to to to to to to to to to to to to to to to to to to to to to to to to to to to to to',[start] underground [end]
milk at location,b'to to to to to to to to to to to to to to to to to to to to to to to to to to to to to',[start] carton [end]
driving used for,b'to to to to to to to to to to to to to to to to to to to to to to to to to to to to to',[start] those who can see [end]
play basketball is a,b'to to to to to to to to to to to to to to to to to to to to to to to to to to to to to',[start] form of exercise [end]
mandarin oil receives action,b'to to to to to to to to to to to to to to to to to to to to to to to to to to to to to',[start] extract from fruit peel [end]
visiting a museum has subevent,b'to to to to to to to to to to to to to to to to to to to to to to to to to to to to to',[start] buying a souvenir [end]
Inaction capable of,b'to to to to to to to to to to to to to to to to to to to to to to to to to to to to to',[start] box you in [end]
climb mountain used for,b'to to to to to to to to to to to to to to to to to to to to to to to to to to to to to',[start] adventure [end]
barley is a,b'to to to to to to to to to to to to to to to to to to to to to to to to to to to to to',[start] domesticate plant [end]
Participants were followed up,b'to to to to to to to to to to to to to to to to to to to to to to to to to to to to to',[start] during April - June - July [end]
butch has property,b'to to to to to to to to to to to to to to to to to to to to to to to to to to to to to',[start] unlikely to be vegetarian [end]
compete against someone used for,b'to to to to to to to to to to to to to to to to to to to to to to to to to to to to to',[start] contest [end]
ice cream may not has property,b'to to to to to to to to to to to to to to to to to to to to to to to to to to to to to',[start] healthful to eat as some herb [end]
A ticket used for,b'to to to to to to to to to to to to to to to to to to to to to to to to to to to to to',[start] gain entrance to an event [end]
a drum at location,b'to to to to to to to to to to to to to to to to to to to to to to to to to to to to to',[start] a musician's home [end]
a rosebush at location,b'to to to to to to to to to to to to to to to to to to to to to to to to to to to to to',[start] a garden centre [end]
start family has subevent,b'to to to to to to to to to to to to to to to to to to to to to to to to to to to to to',[start] build nursery [end]
determine the truth has prerequisite,b'to to to to to to to to to to to to to to to to to to to to to to to to to to to to to',[start] look for yourselfr [end]
go to laundromat causes,b'to to to to to to to to to to to to to to to to to to to to to to to to to to to to to',[start] get your chore do [end]
his foreman is,b'to to to to to to to to to to to to to to to to to to to to to to to to to to to to to',[start] Max Pierre-Pierre [end]
i capable of,b'to to to to to to to to to to to to to to to to to to to to to to to to to to to to to',[start] walk far [end]
globe is a,b'to to to to to to to to to to to to to to to to to to to to to to to to to to to to to',[start] spherical map of earth [end]
apply for job has subevent,b'to to to to to to to to to to to to to to to to to to to to to to to to to to to to to',[start] you give out your resume [end]
Compliance with applicable statutes is a,b'to to to to to to to to to to to to to to to to to to to to to to to to to to to to to',[start] a core company secretary role [end]
Humans has a,b'to to to to to to to to to to to to to to to to to to to to to to to to to to to to to',[start] 2 ears [end]
lecture at location,b'to to to to to to to to to to to to to to to to to to to to to to to to to to to to to',[start] conference [end]
a closet at location,b'to to to to to to to to to to to to to to to to to to to to to to to to to to to to to',[start] indoor paint [end]
there part of,b'to to to to to to to to to to to to to to to to to to to to to to to to to to to to to',[start] south carolina [end]
A man capable of,b'to to to to to to to to to to to to to to to to to to to to to to to to to to to to to',[start] grow plants [end]
tree not capable of,b'to to to to to to to to to to to to to to to to to to to to to to to to to to to to to',[start] walk [end]
a still body capable of,b'to to to to to to to to to to to to to to to to to to to to to to to to to to to to to',[start] water reflects its surroundings [end]
A construction worker capable of,b'to to to to to to to to to to to to to to to to to to to to to to to to to to to to to',[start] position a cone [end]
ICRW is,b'to to to to to to to to to to to to to to to to to to to to to to to to to to to to to',"[start] a non-profit organization headquartered in Washington , D.C. , United States [end]"
a viola used for,b'to to to to to to to to to to to to to to to to to to to to to to to to to to to to to',[start] make music [end]
a rock capable of,b'to to to to to to to to to to to to to to to to to to to to to to to to to to to to to',[start] trip a runner [end]
play game of chess has subevent,b'to to to to to to to to to to to to to to to to to to to to to to to to to to to to to',[start] check mate [end]
go outside for an evening has subevent,b'to to to to to to to to to to to to to to to to to to to to to to to to to to to to to',[start] leave the house [end]
76ers has property,b'to to to to to to to to to to to to to to to to to to to to to to to to to to to to to',[start] go to beat lakers [end]
post-traumatic stress disorder is a,b'to to to to to to to to to to to to to to to to to to to to to to to to to to to to to',[start] anxiety disorder [end]
a flute at location,b'to to to to to to to to to to to to to to to to to to to to to to to to to to to to to',[start] a store [end]
shades at location,b'to to to to to to to to to to to to to to to to to to to to to to to to to to to to to',[start] a pocket [end]
locomotive has property,b'to to to to to to to to to to to to to to to to to to to to to to to to to to to to to',[start] powerful [end]
trigger flick is a,b'to to to to to to to to to to to to to to to to to to to to to to to to to to to to to',[start] error in pistol shoot [end]
a cash token used for,b'to to to to to to to to to to to to to to to to to to to to to to to to to to to to to',[start] using instead of cash [end]
a ball at location,b'to to to to to to to to to to to to to to to to to to to to to to to to to to to to to',[start] a soccer field [end]
RJR Nabisco has opposed,b'to to to to to to to to to to to to to to to to to to to to to to to to to to to to to',[start] an immediate spinoff [end]
A store capable of,b'to to to to to to to to to to to to to to to to to to to to to to to to to to to to to',[start] stock up on cheap goods [end]
Members of the AA has property,b'to to to to to to to to to to to to to to to to to to to to to to to to to to to to to',[start] less likely to drink drive [end]
play frisbee motivated by goal,b'to to to to to to to to to to to to to to to to to to to to to to to to to to to to to',[start] use your muscle [end]
comforting a friend causes,b'to to to to to to to to to to to to to to to to to to to to to to to to to to to to to',[start] crying with the friend [end]
wait on table used for,b'to to to to to to to to to to to to to to to to to to to to to to to to to to to to to',[start] earn money for waiter [end]
many different ways to put furniture at location,b'to to to to to to to to to to to to to to to to to to to to to to to to to to to to to',[start] a room [end]
meat at location,b'to to to to to to to to to to to to to to to to to to to to to to to to to to to to to',[start] refrigerator [end]
automobile has property,b'to to to to to to to to to to to to to to to to to to to to to to to to to to to to to',[start] beloved by american society [end]
have food used for,b'to to to to to to to to to to to to to to to to to to to to to to to to to to to to to',[start] entertain [end]
lose consciousness has prerequisite,b'to to to to to to to to to to to to to to to to to to to to to to to to to to to to to',[start] lie down [end]
write tool ballpoint pen is a,b'to to to to to to to to to to to to to to to to to to to to to to to to to to to to to',[start] modern invention [end]
something capable of,b'to to to to to to to to to to to to to to to to to to to to to to to to to to to to to',[start] climb a tree [end]
it is a,b'to to to to to to to to to to to to to to to to to to to to to to to to to to to to to',[start] place to launch rocket from [end]
a monkey at location,b'to to to to to to to to to to to to to to to to to to to to to to to to to to to to to',[start] a banana tree [end]
become a scuba diver motivated by goal,b'to to to to to to to to to to to to to to to to to to to to to to to to to to to to to',[start] traveling [end]
do housework has subevent,b'to to to to to to to to to to to to to to to to to to to to to to to to to to to to to',[start] you vacuum [end]
student capable of,b'to to to to to to to to to to to to to to to to to to to to to to to to to to to to to',[start] try to study [end]
go to mall has subevent,b'to to to to to to to to to to to to to to to to to to to to to to to to to to to to to',[start] walk to mall [end]
person not desires,b'to to to to to to to to to to to to to to to to to to to to to to to to to to to to to',[start] be rob [end]
network has property,b'to to to to to to to to to to to to to to to to to to to to to to to to to to to to to',[start] good [end]
You capable of,b'to to to to to to to to to to to to to to to to to to to to to to to to to to to to to',[start] buy little with a copper coin [end]
Dead people not capable of,b'to to to to to to to to to to to to to to to to to to to to to to to to to to to to to',[start] wake up in the morning [end]
play sport has prerequisite,b'to to to to to to to to to to to to to to to to to to to to to to to to to to to to to',[start] buy pair of skate [end]
Sperm cells not capable of,b'to to to to to to to to to to to to to to to to to to to to to to to to to to to to to',[start] live in your throat for long [end]
The ABC classification may contribute,b'to to to to to to to to to to to to to to to to to to to to to to to to to to to to to',[start] to primary care of digestive organ practice [end]
the national guard capable of,b'to to to to to to to to to to to to to to to to to to to to to to to to to to to to to',[start] control that angry mob [end]
Many websites advertise insurance capable of,b'to to to to to to to to to to to to to to to to to to to to to to to to to to to to to',[start] provide savings to the buyer [end]
Lack of nutritional understanding causes desire,b'to to to to to to to to to to to to to to to to to to to to to to to to to to to to to',[start] eat a hamburger [end]
water receives action,b'to to to to to to to to to to to to to to to to to to to to to to to to to to to to to',[start] find in well [end]
Mr. Ellison mr conway with,b'to to to to to to to to to to to to to to to to to to to to to to to to to to to to to',[start] a chance to reply [end]
another person has,b'to to to to to to to to to to to to to to to to to to to to to to to to to to to to to',[start] stock orders [end]
see movie has prerequisite,b'to to to to to to to to to to to to to to to to to to to to to to to to to to to to to',[start] buy candy [end]
go somewhere has prerequisite,b'to to to to to to to to to to to to to to to to to to to to to to to to to to to to to',[start] go outside [end]
a person not desires,b'to to to to to to to to to to to to to to to to to to to to to to to to to to to to to',[start] stress [end]
hematocrit test is a,b'to to to to to to to to to to to to to to to to to to to to to to to to to to to to to',[start] gauge anemia [end]
Gwynn said,b'to to to to to to to to to to to to to to to to to to to to to to to to to to to to to',[start] would move on with his life In his first interview in QUANT_O_1 weeks [end]
this car has property,b'to to to to to to to to to to to to to to to to to to to to to to to to to to to to to',[start] park parallel to curb [end]
many of them climbed over,b'to to to to to to to to to to to to to to to to to to to to to to to to to to to to to',[start] a lot of harsh terrain [end]
a dead animal at location,b'to to to to to to to to to to to to to to to to to to to to to to to to to to to to to',[start] a freeway [end]
loss of love capable of,b'to to to to to to to to to to to to to to to to to to to to to to to to to to to to to',[start] break your heart [end]
burn grease capable of,b'to to to to to to to to to to to to to to to to to to to to to to to to to to to to to',[start] set wood on fire [end]
pepper capable of,b'to to to to to to to to to to to to to to to to to to to to to to to to to to to to to',[start] season dish [end]
a telephone booth used for,b'to to to to to to to to to to to to to to to to to to to to to to to to to to to to to',[start] superman to change clothes [end]
someone at location,b'to to to to to to to to to to to to to to to to to to to to to to to to to to to to to',[start] the toy store [end]
their pressure receives action,b'to to to to to to to to to to to to to to to to to to to to to to to to to to to to to',[start] check regularly [end]
One impairment a person might has a,b'to to to to to to to to to to to to to to to to to to to to to to to to to to to to to',[start] is coronary occlusion [end]
a box of chalk at location,b'to to to to to to to to to to to to to to to to to to to to to to to to to to to to to',[start] at a school [end]
Chris Campbell is,b'to to to to to to to to to to to to to to to to to to to to to to to to to to to to to',[start] linebacker [end]
A blowdryer capable of,b'to to to to to to to to to to to to to to to to to to to to to to to to to to to to to',[start] dry wet hair [end]
stay fit causes,b'to to to to to to to to to to to to to to to to to to to to to to to to to to to to to',[start] build muscle [end]
Beds is a,b'to to to to to to to to to to to to to to to to to to to to to to to to to to to to to',[start] sleeping in [end]
Chronic respiratory symptom measures included,b'to to to to to to to to to to to to to to to to to to to to to to to to to to to to to',[start] breathlessness [end]
take a walk motivated by goal,b'to to to to to to to to to to to to to to to to to to to to to to to to to to to to to',[start] feeling better [end]
park zone used for,b'to to to to to to to to to to to to to to to to to to to to to to to to to to to to to',[start] park automobile [end]
hydroelectricity made of,b'to to to to to to to to to to to to to to to to to to to to to to to to to to to to to',[start] water [end]
a good offer causes desire,b'to to to to to to to to to to to to to to to to to to to to to to to to to to to to to',[start] sell your new book [end]
jumping at the chance has prerequisite,b'to to to to to to to to to to to to to to to to to to to to to to to to to to to to to',[start] taking the opportunity [end]
goalie at location,b'to to to to to to to to to to to to to to to to to to to to to to to to to to to to to',[start] soccer game [end]
jogging used for,b'to to to to to to to to to to to to to to to to to to to to to to to to to to to to to',[start] getting places [end]
a garage used for,b'to to to to to to to to to to to to to to to to to to to to to to to to to to to to to',[start] a mechanic [end]
small lake is a,b'to to to to to to to to to to to to to to to to to to to to to to to to to to to to to',[start] pond [end]
view a video motivated by goal,b'to to to to to to to to to to to to to to to to to to to to to to to to to to to to to',[start] enjoy it [end]
water at location,b'to to to to to to to to to to to to to to to to to to to to to to to to to to to to to',[start] three state solid liquid and gas [end]
someone at location,b'to to to to to to to to to to to to to to to to to to to to to to to to to to to to to',[start] a massage parlour [end]
canada goose is a,b'to to to to to to to to to to to to to to to to to to to to to to to to to to to to to',[start] large north american bird that honks [end]
fan in someone hand not has property,b'to to to to to to to to to to to to to to to to to to to to to to to to to to to to to',[start] electric [end]
massive amount of propellant receives action,b'to to to to to to to to to to to to to to to to to to to to to to to to to to to to to',[start] require for orbit insertion [end]
Repeated measures analyses of variance examined,b'to to to to to to to to to to to to to to to to to to to to to to to to to to to to to',[start] changes in blood glucose [end]
a train station used for,b'to to to to to to to to to to to to to to to to to to to to to to to to to to to to to',[start] taking a train [end]
miss curfew may mean receives action,b'to to to to to to to to to to to to to to to to to to to to to to to to to to to to to',[start] punish [end]
a person not desires,b'to to to to to to to to to to to to to to to to to to to to to to to to to to to to to',[start] be devalued [end]
lie has subevent,b'to to to to to to to to to to to to to to to to to to to to to to to to to to to to to',[start] pulse rate go up [end]
eating vegetables has prerequisite,b'to to to to to to to to to to to to to to to to to to to to to to to to to to to to to',[start] vegetables [end]
a paper menu used for,b'to to to to to to to to to to to to to to to to to to to to to to to to to to to to to',[start] giving to patrons to keep [end]
fireplace is a,b'to to to to to to to to to to to to to to to to to to to to to to to to to to to to to',[start] desirable addition to home [end]
Senators defended the vote in the name of,b'to to to to to to to to to to to to to to to to to to to to to to to to to to to to to',[start] ethics [end]
Employment is a,b'to to to to to to to to to to to to to to to to to to to to to to to to to to to to to',[start] a crime [end]
tickle has prerequisite,b'to to to to to to to to to to to to to to to to to to to to to to to to to to to to to',[start] find the right spot [end]
Smallpox vaccine has a,b'to to to to to to to to to to to to to to to to to to to to to to to to to to to to to',[start] a shelf life of 18 months [end]
going for a swim used for,b'to to to to to to to to to to to to to to to to to to to to to to to to to to to to to',[start] going from one place to another [end]
soldier capable of,b'to to to to to to to to to to to to to to to to to to to to to to to to to to to to to',[start] storm fortress [end]
drawstring bag is a,b'to to to to to to to to to to to to to to to to to to to to to to to to to to to to to',[start] good laundry bag [end]
saudi arabian gazelle defined as,b'to to to to to to to to to to to to to to to to to to to to to to to to to to to to to',[start] gazella dorcas saudiya [end]
saturday defined as,b'to to to to to to to to to to to to to to to to to to to to to to to to to to to to to',[start] day after friday [end]
society receives action,b'to to to to to to to to to to to to to to to to to to to to to to to to to to to to to',[start] compose of men and woman [end]
one of musical notation clef is a,b'to to to to to to to to to to to to to to to to to to to to to to to to to to to to to',[start] g clef [end]
child capable of,b'to to to to to to to to to to to to to to to to to to to to to to to to to to to to to',[start] choose to help their mother [end]
awaking used for,b'to to to to to to to to to to to to to to to to to to to to to to to to to to to to to',[start] going to work [end]
moisturizers used for,b'to to to to to to to to to to to to to to to to to to to to to to to to to to to to to',[start] hydrate [end]
entertain person has subevent,b'to to to to to to to to to to to to to to to to to to to to to to to to to to to to to',[start] serve drink [end]
shower used for,b'to to to to to to to to to to to to to to to to to to to to to to to to to to to to to',[start] prepare for bed [end]
wash clothe has first subevent,b'to to to to to to to to to to to to to to to to to to to to to to to to to to to to to',[start] dirty clothe first [end]
Hard capable of,b'to to to to to to to to to to to to to to to to to to to to to to to to to to to to to',[start] casts a defined shadow [end]
commit to memory has subevent,b'to to to to to to to to to to to to to to to to to to to to to to to to to to to to to',[start] create mnemonic device [end]
bathroom at location,b'to to to to to to to to to to to to to to to to to to to to to to to to to to to to to',[start] bookstore [end]
the locals speak,b'to to to to to to to to to to to to to to to to to to to to to to to to to to to to to',[start] Taiwanese In Taiwan [end]
buy tickets to that sporting event motivated by goal,b'to to to to to to to to to to to to to to to to to to to to to to to to to to to to to',[start] go to a sporting event [end]
not all scam artist is a,b'to to to to to to to to to to to to to to to to to to to to to to to to to to to to to',[start] con artist [end]
person desires,b'to to to to to to to to to to to to to to to to to to to to to to to to to to to to to',[start] clean cloth [end]
A recent cartoon playing on the popular movie had a circle of,b'to to to to to to to to to to to to to to to to to to to to to to to to to to to to to',[start] political first wives looking fierce [end]
annoy your brother has prerequisite,b'to to to to to to to to to to to to to to to to to to to to to to to to to to to to to',[start] repeat everything he say [end]
lose weight causes,b'to to to to to to to to to to to to to to to to to to to to to to to to to to to to to',[start] hunger [end]
a sink at location,b'to to to to to to to to to to to to to to to to to to to to to to to to to to to to to',[start] a laundry room [end]
set cup on table motivated by goal,b'to to to to to to to to to to to to to to to to to to to to to to to to to to to to to',[start] it be too hot to hold [end]
riding a bicycle has subevent,b'to to to to to to to to to to to to to to to to to to to to to to to to to to to to to',[start] pedal [end]
consult expert motivated by goal,b'to to to to to to to to to to to to to to to to to to to to to to to to to to to to to',[start] change your appearance [end]
watching the evening news has subevent,b'to to to to to to to to to to to to to to to to to to to to to to to to to to to to to',[start] to recognize someone [end]
society used for,b'to to to to to to to to to to to to to to to to to to to to to to to to to to to to to',[start] mutual protect [end]
a paper page at location,b'to to to to to to to to to to to to to to to to to to to to to to to to to to to to to',[start] a music book [end]
play the piano has subevent,b'to to to to to to to to to to to to to to to to to to to to to to to to to to to to to',[start] your fingers hit the keys [end]
listen to music has subevent,b'to to to to to to to to to to to to to to to to to to to to to to to to to to to to to',[start] you feel uplift [end]
play basketball has prerequisite,b'to to to to to to to to to to to to to to to to to to to to to to to to to to to to to',[start] basketball court [end]
join the military motivated by goal,b'to to to to to to to to to to to to to to to to to to to to to to to to to to to to to',[start] fight war [end]
Western society has property,b'to to to to to to to to to to to to to to to to to to to to to to to to to to to to to',[start] patriarchal [end]
glove capable of,b'to to to to to to to to to to to to to to to to to to to to to to to to to to to to to',[start] fit tight [end]
films are set in,b'to to to to to to to to to to to to to to to to to to to to to to to to to to to to to',[start] an upscale well-scrubbed America [end]
become scuba diver motivated by goal,b'to to to to to to to to to to to to to to to to to to to to to to to to to to to to to',[start] see fish [end]
drink glass capable of,b'to to to to to to to to to to to to to to to to to to to to to to to to to to to to to',[start] act as magnify glass [end]
make people laugh motivated by goal,b'to to to to to to to to to to to to to to to to to to to to to to to to to to to to to',[start] tensions are unpleasant [end]
legumes be served,b'to to to to to to to to to to to to to to to to to to to to to to to to to to to to to',[start] the langar [end]
teacher capable of,b'to to to to to to to to to to to to to to to to to to to to to to to to to to to to to',[start] work with child [end]
rats at location,b'to to to to to to to to to to to to to to to to to to to to to to to to to to to to to',[start] the roof [end]
gas burner at location,b'to to to to to to to to to to to to to to to to to to to to to to to to to to to to to',[start] kitchen [end]
see excite story has prerequisite,b'to to to to to to to to to to to to to to to to to to to to to to to to to to to to to',[start] watch soprano [end]
cut your hair has first subevent,b'to to to to to to to to to to to to to to to to to to to to to to to to to to to to to',[start] use scissors [end]
person not desires,b'to to to to to to to to to to to to to to to to to to to to to to to to to to to to to',[start] lose sleep [end]
payment counter at location,b'to to to to to to to to to to to to to to to to to to to to to to to to to to to to to',[start] business [end]
light at location,b'to to to to to to to to to to to to to to to to to to to to to to to to to to to to to',[start] plane [end]
a person not desires,b'to to to to to to to to to to to to to to to to to to to to to to to to to to to to to',[start] be thought of as incompetent [end]
have physical examination used for,b'to to to to to to to to to to to to to to to to to to to to to to to to to to to to to',[start] monitor your health [end]
person capable of,b'to to to to to to to to to to to to to to to to to to to to to to to to to to to to to',[start] carry shop [end]
someone capable of,b'to to to to to to to to to to to to to to to to to to to to to to to to to to to to to',[start] change windshield wiper [end]
buy food has subevent,b'to to to to to to to to to to to to to to to to to to to to to to to to to to to to to',[start] you carry it into house [end]
People not desires,b'to to to to to to to to to to to to to to to to to to to to to to to to to to to to to',[start] naughty behaviour [end]
A forger capable of,b'to to to to to to to to to to to to to to to to to to to to to to to to to to to to to',[start] doctor documents [end]
returning to work has prerequisite,b'to to to to to to to to to to to to to to to to to to to to to to to to to to to to to',[start] having a need to earn money [end]
A game receives action,b'to to to to to to to to to to to to to to to to to to to to to to to to to to to to to',[start] played in a stadium [end]
your lost shoe at location,b'to to to to to to to to to to to to to to to to to to to to to to to to to to to to to',[start] the bed [end]
if you desires,b'to to to to to to to to to to to to to to to to to to to to to to to to to to to to to',[start] your privacy do not answer door [end]
play card has subevent,b'to to to to to to to to to to to to to to to to to to to to to to to to to to to to to',[start] play in casino [end]
Most of the audience capable of,b'to to to to to to to to to to to to to to to to to to to to to to to to to to to to to',[start] catch this joke [end]
eggs at location,b'to to to to to to to to to to to to to to to to to to to to to to to to to to to to to',[start] a chicken coop [end]
meet person has prerequisite,b'to to to to to to to to to to to to to to to to to to to to to to to to to to to to to',[start] socialize [end]
infected injuries capable of,b'to to to to to to to to to to to to to to to to to to to to to to to to to to to to to',[start] cause death [end]
cut twist curl has property,b'to to to to to to to to to to to to to to to to to to to to to to to to to to to to to',[start] abbreviate to ctc [end]
judge capable of,b'to to to to to to to to to to to to to to to to to to to to to to to to to to to to to',[start] fine defendent [end]
restaurants capable of,b'to to to to to to to to to to to to to to to to to to to to to to to to to to to to to',[start] serve salad [end]
do housework has subevent,b'to to to to to to to to to to to to to to to to to to to to to to to to to to to to to',[start] sing [end]
person capable of,b'to to to to to to to to to to to to to to to to to to to to to to to to to to to to to',[start] eat corn [end]
designing software used for,b'to to to to to to to to to to to to to to to to to to to to to to to to to to to to to',[start] helping others [end]
The state flower for Delaware defined as,b'to to to to to to to to to to to to to to to to to to to to to to to to to to to to to',[start] peach blossom [end]
a club used for,b'to to to to to to to to to to to to to to to to to to to to to to to to to to to to to',[start] sport activities [end]
this bike receives action,b'to to to to to to to to to to to to to to to to to to to to to to to to to to to to to',[start] make for rough terrain [end]
Paternalistic - individualistic is a,b'to to to to to to to to to to to to to to to to to to to to to to to to to to to to to',[start] a political dimension [end]
A police officer capable of,b'to to to to to to to to to to to to to to to to to to to to to to to to to to to to to',[start] stop traffic with a single command [end]
vet has property,b'to to to to to to to to to to to to to to to to to to to to to to to to to to to to to',[start] short for veterinarian [end]
swedish economy has a,b'to to to to to to to to to to to to to to to to to to to to to to to to to to to to to',[start] strong government control [end]
finding the truth causes,b'to to to to to to to to to to to to to to to to to to to to to to to to to to to to to',[start] your illusions are shattered [end]
Most sausages has a,b'to to to to to to to to to to to to to to to to to to to to to to to to to to to to to',[start] meat [end]
a mother capable of,b'to to to to to to to to to to to to to to to to to to to to to to to to to to to to to',[start] take a bath [end]
this is a,b'to to to to to to to to to to to to to to to to to to to to to to to to to to to to to',[start] a diagram of the human eye [end]
Google asked,b'to to to to to to to to to to to to to to to to to to to to to to to to to to to to to',[start] its policy [end]
jewelry used for,b'to to to to to to to to to to to to to to to to to to to to to to to to to to to to to',[start] decorate yourself [end]
answer question has prerequisite,b'to to to to to to to to to to to to to to to to to to to to to to to to to to to to to',[start] learn [end]
cake used for,b'to to to to to to to to to to to to to to to to to to to to to to to to to to to to to',[start] serve wed guest [end]
order a pizza has prerequisite,b'to to to to to to to to to to to to to to to to to to to to to to to to to to to to to',[start] order it on the phone [end]
bagel has property,b'to to to to to to to to to to to to to to to to to to to to to to to to to to to to to',[start] eat mostly by jew [end]
"Cardiometabolic risk factors , including atherogenic dyslipidaemia are associated",b'to to to to to to to to to to to to to to to to to to to to to to to to to to to to to',[start] with increased risk in this population [end]
rosebush at location,b'to to to to to to to to to to to to to to to to to to to to to to to to to to to to to',[start] bloom [end]
a pot not is a,b'to to to to to to to to to to to to to to to to to to to to to to to to to to to to to',[start] a kettle [end]
San Francisco is a,b'to to to to to to to to to to to to to to to to to to to to to to to to to to to to to',[start] a big city [end]
company at location,b'to to to to to to to to to to to to to to to to to to to to to to to to to to to to to',[start] city [end]
Relative risk were derived,b'to to to to to to to to to to to to to to to to to to to to to to to to to to to to to',"[start] from multivariable logistic regression models after adjusting for maternal age , race , marital status , smoking , cocaine use , adequacy of prenatal maternal insurance status although data on cocaine use are likely underreported [end]"
passenger capable of,b'to to to to to to to to to to to to to to to to to to to to to to to to to to to to to',[start] step off train [end]
bass clarinet used for,b'to to to to to to to to to to to to to to to to to to to to to to to to to to to to to',[start] low note [end]
something smaller than the box at location,b'to to to to to to to to to to to to to to to to to to to to to to to to to to to to to',[start] a box [end]
find some water motivated by goal,b'to to to to to to to to to to to to to to to to to to to to to to to to to to to to to',[start] go for a swim [end]
tape television show has subevent,b'to to to to to to to to to to to to to to to to to to to to to to to to to to to to to',[start] run out of tape [end]
set cup on table has prerequisite,b'to to to to to to to to to to to to to to to to to to to to to to to to to to to to to',[start] slam it real hard [end]
go for jog motivated by goal,b'to to to to to to to to to to to to to to to to to to to to to to to to to to to to to',[start] get in shape [end]
play card has subevent,b'to to to to to to to to to to to to to to to to to to to to to to to to to to to to to',[start] adjust to opponent play [end]
sun at location,b'to to to to to to to to to to to to to to to to to to to to to to to to to to to to to',[start] the beach [end]
school location of action,b'to to to to to to to to to to to to to to to to to to to to to to to to to to to to to',[start] study [end]
radish at location,b'to to to to to to to to to to to to to to to to to to to to to to to to to to to to to',[start] refrigerator [end]
mythology capable of,b'to to to to to to to to to to to to to to to to to to to to to to to to to to to to to',[start] express life and think [end]
Aimutis is,b'to to to to to to to to to to to to to to to to to to to to to to to to to to to to to',[start] Detective [end]
You capable of,b'to to to to to to to to to to to to to to to to to to to to to to to to to to to to to',[start] find cokes in a dorm room [end]
post message motivated by goal,b'to to to to to to to to to to to to to to to to to to to to to to to to to to to to to',[start] get response [end]
Carpeted floors receives action,b'to to to to to to to to to to to to to to to to to to to to to to to to to to to to to',[start] found in many kinds of buildings [end]
The males go into to,b'to to to to to to to to to to to to to to to to to to to to to to to to to to to to to',[start] breed [end]
a table at location,b'to to to to to to to to to to to to to to to to to to to to to to to to to to to to to',[start] the rug [end]
Muhamad lutheran medical center,b'to to to to to to to to to to to to to to to to to to to to to to to to to to to to to',[start] Last night [end]
do housework has prerequisite,b'to to to to to to to to to to to to to to to to to to to to to to to to to to to to to',[start] broom [end]
night watchman capable of,b'to to to to to to to to to to to to to to to to to to to to to to to to to to to to to',[start] keep key on their belt [end]
a little money capable of,b'to to to to to to to to to to to to to to to to to to to to to to to to to to to to to',[start] seed a great venture [end]
ride horse used for,b'to to to to to to to to to to to to to to to to to to to to to to to to to to to to to',[start] movement [end]
candles receives action,b'to to to to to to to to to to to to to to to to to to to to to to to to to to to to to',[start] put on birthday cakes [end]
a cup of coffee at location,b'to to to to to to to to to to to to to to to to to to to to to to to to to to to to to',[start] your hand [end]
ride bicycle motivated by goal,b'to to to to to to to to to to to to to to to to to to to to to to to to to to to to to',[start] you do not own car [end]
prepare for vote has prerequisite,b'to to to to to to to to to to to to to to to to to to to to to to to to to to to to to',[start] gather information [end]
Dan Rather be correspondent for,b'to to to to to to to to to to to to to to to to to to to to to to to to to to to to to',[start] White House [end]
play sports has prerequisite,b'to to to to to to to to to to to to to to to to to to to to to to to to to to to to to',[start] enjoy games [end]
deli store used for,b'to to to to to to to to to to to to to to to to to to to to to to to to to to to to to',[start] purchase item to make sandwhiches with [end]
running after the ball causes,b'to to to to to to to to to to to to to to to to to to to to to to to to to to to to to',[start] tiredness [end]
being in charge of a project has subevent,b'to to to to to to to to to to to to to to to to to to to to to to to to to to to to to',[start] change things [end]
wooden hangers has property,b'to to to to to to to to to to to to to to to to to to to to to to to to to to to to to',[start] very sturdy [end]
bottle used for,b'to to to to to to to to to to to to to to to to to to to to to to to to to to to to to',[start] pour liquid into [end]
plenary council is a,b'to to to to to to to to to to to to to to to to to to to to to to to to to to to to to',[start] meet of local bishop [end]
eating has subevent,b'to to to to to to to to to to to to to to to to to to to to to to to to to to to to to',[start] add spices [end]
footstool used for,b'to to to to to to to to to to to to to to to to to to to to to to to to to to to to to',[start] child to sit upon [end]
a fungus at location,b'to to to to to to to to to to to to to to to to to to to to to to to to to to to to to',[start] dirt [end]
Brain opioids has property,b'to to to to to to to to to to to to to to to to to to to to to to to to to to to to to',[start] very important in regulating social emotions [end]
One capable of,b'to to to to to to to to to to to to to to to to to to to to to to to to to to to to to',[start] balance a checkbook [end]
wash your hand used for,b'to to to to to to to to to to to to to to to to to to to to to to to to to to to to to',[start] maintain good health [end]
go into coma has subevent,b'to to to to to to to to to to to to to to to to to to to to to to to to to to to to to',[start] close your eye [end]
older people has a,b'to to to to to to to to to to to to to to to to to to to to to to to to to to to to to',[start] more experience [end]
bringing home some fish used for,b'to to to to to to to to to to to to to to to to to to to to to to to to to to to to to',[start] making money [end]
get some physical activity motivated by goal,b'to to to to to to to to to to to to to to to to to to to to to to to to to to to to to',[start] live better [end]
improve your image causes,b'to to to to to to to to to to to to to to to to to to to to to to to to to to to to to',[start] person to like you more [end]
clamp is a,b'to to to to to to to to to to to to to to to to to to to to to to to to to to to to to',[start] tool develop long ago [end]
speaker capable of,b'to to to to to to to to to to to to to to to to to to to to to to to to to to to to to',[start] sound [end]
thanking someone has subevent,b'to to to to to to to to to to to to to to to to to to to to to to to to to to to to to',[start] shaking their hand [end]
human has a,b'to to to to to to to to to to to to to to to to to to to to to to to to to to to to to',[start] one nose [end]
Not all potatoes receives action,b'to to to to to to to to to to to to to to to to to to to to to to to to to to to to to',[start] found in deep fryers [end]
QUANT_S_1 of the delegation 's workload fall to,b'to to to to to to to to to to to to to to to to to to to to to to to to to to to to to',[start] Mr. Lautenberg [end]
Going broke causes desire,b'to to to to to to to to to to to to to to to to to to to to to to to to to to to to to',[start] return to work [end]
stop being married to someone has last subevent,b'to to to to to to to to to to to to to to to to to to to to to to to to to to to to to',[start] finalize the divorce [end]
The time between human heart beats has property,b'to to to to to to to to to to to to to to to to to to to to to to to to to to to to to',[start] 1 second [end]
cleaning clothing used for,b'to to to to to to to to to to to to to to to to to to to to to to to to to to to to to',[start] looking smart [end]
debian is a,b'to to to to to to to to to to to to to to to to to to to to to to to to to to to to to',[start] operate system [end]
learn has prerequisite,b'to to to to to to to to to to to to to to to to to to to to to to to to to to to to to',[start] cogitate [end]
Wine capable of,b'to to to to to to to to to to to to to to to to to to to to to to to to to to to to to',[start] helps people relax [end]
the Eiffel tower used for,b'to to to to to to to to to to to to to to to to to to to to to to to to to to to to to',[start] promoting Paris [end]
communicate has prerequisite,b'to to to to to to to to to to to to to to to to to to to to to to to to to to to to to',"[start] talk, write or sign [end]"
Haverhill part of,b'to to to to to to to to to to to to to to to to to to to to to to to to to to to to to',[start] Massachusetts [end]
a lizard at location,b'to to to to to to to to to to to to to to to to to to to to to to to to to to to to to',[start] a fish tank [end]
map not is a,b'to to to to to to to to to to to to to to to to to to to to to to to to to to to to to',[start] true representation of reality [end]
perfume used for,b'to to to to to to to to to to to to to to to to to to to to to to to to to to to to to',[start] create good smell [end]
a person not desires,b'to to to to to to to to to to to to to to to to to to to to to to to to to to to to to',[start] benzene overexposure [end]
a baseball ticket at location,b'to to to to to to to to to to to to to to to to to to to to to to to to to to to to to',[start] a pocket [end]
The capital of australia is a,b'to to to to to to to to to to to to to to to to to to to to to to to to to to to to to',[start] canberra [end]
their evaluation in the treatment of advanced gastric cancer remains,b'to to to to to to to to to to to to to to to to to to to to to to to to to to to to to',[start] early [end]
kill person has subevent,b'to to to to to to to to to to to to to to to to to to to to to to to to to to to to to',[start] grit your tooth [end]
add up a column of numbers has prerequisite,b'to to to to to to to to to to to to to to to to to to to to to to to to to to to to to',[start] find a calculator [end]
tan lotion used for,b'to to to to to to to to to to to to to to to to to to to to to to to to to to to to to',[start] even skin tone [end]
legal decision receives action,b'to to to to to to to to to to to to to to to to to to to to to to to to to to to to to',[start] make in courtroom [end]
fight war has subevent,b'to to to to to to to to to to to to to to to to to to to to to to to to to to to to to',[start] a lot of suffering [end]
Democratic incumbents are very,b'to to to to to to to to to to to to to to to to to to to to to to to to to to to to to',[start] nervous [end]
voice at location,b'to to to to to to to to to to to to to to to to to to to to to to to to to to to to to',[start] choir [end]
study of person is a,b'to to to to to to to to to to to to to to to to to to to to to to to to to to to to to',[start] science [end]
kosher deli at location,b'to to to to to to to to to to to to to to to to to to to to to to to to to to to to to',[start] food court [end]
Sailing on rough seas has property,b'to to to to to to to to to to to to to to to to to to to to to to to to to to to to to',[start] dangerous [end]
get pay used for,b'to to to to to to to to to to to to to to to to to to to to to to to to to to to to to',[start] earn money [end]
human at location,b'to to to to to to to to to to to to to to to to to to to to to to to to to to to to to',[start] command [end]
attend a classical concert has prerequisite,b'to to to to to to to to to to to to to to to to to to to to to to to to to to to to to',[start] dress heavy [end]
A hook is a,b'to to to to to to to to to to to to to to to to to to to to to to to to to to to to to',[start] a problem with a golf swing [end]
get some alcohol to drink motivated by goal,b'to to to to to to to to to to to to to to to to to to to to to to to to to to to to to',[start] get drunk [end]
lizard has a,b'to to to to to to to to to to to to to to to to to to to to to to to to to to to to to',[start] 4 leg [end]
attend lecture has first subevent,b'to to to to to to to to to to to to to to to to to to to to to to to to to to to to to',[start] find good seat [end]
school at location,b'to to to to to to to to to to to to to to to to to to to to to to to to to to to to to',[start] compute [end]
corpses at location,b'to to to to to to to to to to to to to to to to to to to to to to to to to to to to to',[start] a war [end]
ET capable of,b'to to to to to to to to to to to to to to to to to to to to to to to to to to to to to',[start] call home [end]
something at location,b'to to to to to to to to to to to to to to to to to to to to to to to to to to to to to',[start] dinner [end]
the Ciprianis had received a subpoena to,b'to to to to to to to to to to to to to to to to to to to to to to to to to to to to to',[start] his knowledge [end]
my hip has a,b'to to to to to to to to to to to to to to to to to to to to to to to to to to to to to',[start] bone [end]
tell story has subevent,b'to to to to to to to to to to to to to to to to to to to to to to to to to to to to to',[start] announce story time [end]
Springs is a,b'to to to to to to to to to to to to to to to to to to to to to to to to to to to to to',[start] coils [end]
QUANT_S_1 friends from as far away as Kentucky shared remembrances at,b'to to to to to to to to to to to to to to to to to to to to to to to to to to to to to',[start] the service [end]
Mr. Mica said,b'to to to to to to to to to to to to to to to to to to to to to to to to to to to to to',[start] irritates the other travelers [end]
selling your new book used for,b'to to to to to to to to to to to to to to to to to to to to to to to to to to to to to',[start] expanding your infulence [end]
i desires,b'to to to to to to to to to to to to to to to to to to to to to to to to to to to to to',[start] lie cheat and steal [end]
building a cathedral has prerequisite,b'to to to to to to to to to to to to to to to to to to to to to to to to to to to to to',[start] much stone [end]
Life has property,b'to to to to to to to to to to to to to to to to to to to to to to to to to to to to to',[start] fun in the summer [end]
bring in a verdict has prerequisite,b'to to to to to to to to to to to to to to to to to to to to to to to to to to to to to',[start] deliberate with the other jurors [end]
utensils at location,b'to to to to to to to to to to to to to to to to to to to to to to to to to to to to to',[start] a backpack [end]
the next presidential term begins in,b'to to to to to to to to to to to to to to to to to to to to to to to to to to to to to',[start] January [end]
liquid water has property,b'to to to to to to to to to to to to to to to to to to to to to to to to to to to to to',[start] wet [end]
The availability of recombinant antigens made,b'to to to to to to to to to to to to to to to to to to to to to to to to to to to to to',[start] it possible to develop sensitive radioimmunoassays for the detection of autoantibodies on a large scale [end]
self-help book used for,b'to to to to to to to to to to to to to to to to to to to to to to to to to to to to to',[start] understand self and relationship [end]
A conquistador capable of,b'to to to to to to to to to to to to to to to to to to to to to to to to to to to to to',[start] plan to conquer the new world [end]
a drive used for,b'to to to to to to to to to to to to to to to to to to to to to to to to to to to to to',[start] testing a car [end]
a person desires,b'to to to to to to to to to to to to to to to to to to to to to to to to to to to to to',[start] what a person wants [end]
pain causes desire,b'to to to to to to to to to to to to to to to to to to to to to to to to to to to to to',[start] have a physical exam [end]
There is a,b'to to to to to to to to to to to to to to to to to to to to to to to to to to to to to',[start] a cluster of rose blossoms [end]
radio at location,b'to to to to to to to to to to to to to to to to to to to to to to to to to to to to to',[start] refrigerator [end]
China is undergoing,b'to to to to to to to to to to to to to to to to to to to to to to to to to to to to to',[start] unprecedented economic growth [end]
finger used for,b'to to to to to to to to to to to to to to to to to to to to to to to to to to to to to',[start] tip over cup [end]
Someone is a,b'to to to to to to to to to to to to to to to to to to to to to to to to to to to to to',[start] visiting Manhattan [end]
cream cheese has property,b'to to to to to to to to to to to to to to to to to to to to to to to to to to to to to',[start] good on bagle [end]
go to get a haircut has first subevent,b'to to to to to to to to to to to to to to to to to to to to to to to to to to to to to',[start] grow hair [end]
sometimes frame has property,b'to to to to to to to to to to to to to to to to to to to to to to to to to to to to to',[start] good than picture [end]
many person has property,b'to to to to to to to to to to to to to to to to to to to to to to to to to to to to to',[start] obsess with aquiring wealth [end]
many colors at location,b'to to to to to to to to to to to to to to to to to to to to to to to to to to to to to',[start] a sunset [end]
Fleas is a,b'to to to to to to to to to to to to to to to to to to to to to to to to to to to to to',[start] found arounds a dog's waist [end]
she capable of,b'to to to to to to to to to to to to to to to to to to to to to to to to to to to to to',[start] scratch your face up [end]
A true story has property,b'to to to to to to to to to to to to to to to to to to to to to to to to to to to to to',[start] non-fiction as opposed to fiction [end]
dvd at location,b'to to to to to to to to to to to to to to to to to to to to to to to to to to to to to',[start] in dvd box [end]
dog is a,b'to to to to to to to to to to to to to to to to to to to to to to to to to to to to to',[start] usually about two foot tall [end]
felt is a,b'to to to to to to to to to to to to to to to to to to to to to to to to to to to to to',[start] a soft fabric [end]
u capable of,b'to to to to to to to to to to to to to to to to to to to to to to to to to to to to to',[start] read it [end]
person blow into has subevent,b'to to to to to to to to to to to to to to to to to to to to to to to to to to to to to',[start] instrument he make music [end]
grain at location,b'to to to to to to to to to to to to to to to to to to to to to to to to to to to to to',[start] sand in spinach [end]
Peoples has a,b'to to to to to to to to to to to to to to to to to to to to to to to to to to to to to',[start] different tastes about furniture [end]
catching a cold causes,b'to to to to to to to to to to to to to to to to to to to to to to to to to to to to to',[start] you will have fever as well [end]
Humans capable of,b'to to to to to to to to to to to to to to to to to to to to to to to to to to to to to',[start] fear dying [end]
person desires,b'to to to to to to to to to to to to to to to to to to to to to to to to to to to to to',[start] sexual encounter [end]
convenience store at location,b'to to to to to to to to to to to to to to to to to to to to to to to to to to to to to',[start] city [end]
pretend has prerequisite,b'to to to to to to to to to to to to to to to to to to to to to to to to to to to to to',[start] learn to act [end]
workers in the back room chop,b'to to to to to to to to to to to to to to to to to to to to to to to to to to to to to',[start] scallions [end]
That man capable of,b'to to to to to to to to to to to to to to to to to to to to to to to to to to to to to',[start] cross the room [end]
The Golden Gate Bridge is a,b'to to to to to to to to to to to to to to to to to to to to to to to to to to to to to',[start] a bridge [end]
Voters capable of,b'to to to to to to to to to to to to to to to to to to to to to to to to to to to to to',[start] voice opinions [end]
get a job has prerequisite,b'to to to to to to to to to to to to to to to to to to to to to to to to to to to to to',[start] go to work every day [end]
meat at location,b'to to to to to to to to to to to to to to to to to to to to to to to to to to to to to',[start] butcher [end]
discover truth causes,b'to to to to to to to to to to to to to to to to to to to to to to to to to to to to to',[start] become unhappy [end]
watching a musician perform causes,b'to to to to to to to to to to to to to to to to to to to to to to to to to to to to to',[start] enjoy their music [end]
fart has subevent,b'to to to to to to to to to to to to to to to to to to to to to to to to to to to to to',[start] drink skunk [end]
teach other people has first subevent,b'to to to to to to to to to to to to to to to to to to to to to to to to to to to to to',[start] find out their level of education [end]
riding a horse used for,b'to to to to to to to to to to to to to to to to to to to to to to to to to to to to to',[start] being a cowboy [end]
bathroom with bathtub is a,b'to to to to to to to to to to to to to to to to to to to to to to to to to to to to to',[start] wash area [end]
beer at location,b'to to to to to to to to to to to to to to to to to to to to to to to to to to to to to',[start] a building [end]
stop your car has prerequisite,b'to to to to to to to to to to to to to to to to to to to to to to to to to to to to to',[start] turn off the lights [end]
play baseball has first subevent,b'to to to to to to to to to to to to to to to to to to to to to to to to to to to to to',[start] choose sides [end]
Starch receives action,b'to to to to to to to to to to to to to to to to to to to to to to to to to to to to to',[start] found in many foods [end]
polls put support at,b'to to to to to to to to to to to to to to to to to to to to to to to to to to to to to',[start] only QUANT_O_1 strongly [end]
In some cultures special mushrooms receives action,b'to to to to to to to to to to to to to to to to to to to to to to to to to to to to to',[start] eaten as a spiritual ritual [end]
