source,prediction,target
person capable of,b'and and',[start] jump over puddle [end]
hot and cold is a,b'or on on a you that together in from the clothe in it for an off your s their your by them about a from his while as to',[start] measure of thermal activity [end]
Yahoo flickr,b'',[start] an undisclosed sum [end]
walk around lake used for,b'from by up and in that and what into or of many to and that you the and s during from with of to person your someone of as',[start] hiker [end]
land used for,b'something their water his be and of both out more with is with on one for your the its some who it someone his you to live or it',[start] grow food [end]
go to a concert has prerequisite,b'what at their person from that',[start] obtain tickets [end]
exercise has property,b'someone you something will will many at when of of s in at his an his be one their one than about for the what his s his their',[start] necessary for health [end]
the Senator q u a n t o,b'with as what on from at you you with their their you out its who more to your your at more on his of his about from a s',[start] the votes [end]
wrestle has subevent,b'of with what by on the or between on and as someone from by up to to that or from s from with who is s what more about',[start] arm lock [end]
hamburger has property,b'and you buy in the together together into or of during his into their during its at be at who as who his who for about the of you',[start] well cook to prevent food poison [end]
a doctor used for,b'his in it it might when more his in in away s it at more for an out who an more its some by an someone as his their',[start] maintaining health [end]
newspaper is a,b'to for with for off his that a after that in out for at that out a on for be its in for it your many an more and',[start] document [end]
sea has a,b'of when s be on as a to you down more to it by more from out to his away who while as one you an what up is',[start] seawater [end]
a Hard Lesson ruth mc mullin,b'down together at up or your down out than self or your book their problem out is out this in as one to their you from on many be',[start] the newly formed Harvard Business School Publishing company [end]
do housework has subevent,b'from s heavy during during you',[start] wash window [end]
rock is a,b'be person be watch some what person one than for as with some your',[start] solid object [end]
cotton at location,b'something store work light store some from its or light about your you to wear for someone with and an their about your a an it who to it',[start] a field [end]
hayker is a,b'as someone some his while s the from into into the someone s more many about what the by some as person who be to more and and someone',[start] hyiking [end]
er diagram is a,b'',[start] conceptual schema for database [end]
holiday shop has prerequisite,b'off your for about to your cancer what up or you for to many while while someone by someone many to very by many many its his you his',[start] save money [end]
Everyone including Angela Vaillancourt new york,b'what to watch store his with one a s out to know you get to buy it in that make about make to build their to it that an',[start] performing to street noises of robberies [end]
a glasses at location,b'you your what in in you out or have a from in more an out that with someone up what for of one in this someone the for you',[start] a nose [end]
a public university be located,b'',[start] in the city of Sulaymaniyah in Kurdistan [end]
rem-dream state is a,b'like store more be are your at be off that to get person and the out on many you make the person an might use you what its have',[start] neurologically and physiologically active state [end]
ducky defined as,b'down together at at in someone about for its',[start] rubber duck [end]
reading a magazine causes,b'like in of an something person his',[start] to take up time [end]
finding the truth has prerequisite,b'you might might their be for more from and when what someone many many for an that is by many that an into you you someone a their their',[start] investigation [end]
dance motivated by goal,b'down over of for s than object of many and on from part out or what their one of them at and away during what on as heavy up',[start] bring pleasure to guest [end]
attic used for,b'a for many to know about off of in it what will his are it at who in of who more that and them its about this be about',[start] storage [end]
bathroom used for,b'you might with and and someone its someone it is about what their about at about up it who from by you by and your by the while some',[start] groom [end]
be on time is a,b'with about many from into by down in treatment many of to their who its who up your you his from more what what it to with about this',[start] good trait to have [end]
building a cathedral used for,b'is you to not by while s',[start] wasting natural resources [end]
something at location,b'on',[start] end of it life [end]
pay cash be for person who desires,b'about in that many its by as when by an than is off with a when on and their s its of about the at it for what that',[start] avoid pay interest [end]
most ameracans not has property,b'for in out who down down',[start] fit [end]
surf the web has subevent,b'that at you of and and into a what from and your what and in up its his from by be more you by who their person it of',[start] use Mozilla [end]
an article in a magazine used for,b'for an on and',[start] reviewing a restaurant [end]
drug has a,b'to you are one one about and at up someone into your are away your into what in what in from someone from out for the about their his',[start] medical effect [end]
lizard at location,b'to an a with be as what for your out and the s of an while by out with person on the part by as at to from more',[start] country [end]
A rainbow is a,b'and what in your down about that about or his while to by an from s in as the s his your the that that an is of of',[start] a multicolored light arc [end]
bathe has prerequisite,b'out his his when their what what one more about with his to different s about more a this a the your a be on one as many someone',[start] get undressed [end]
03:03 associated,b'you it their the together with the is into more this who many to buy more and who of in their away be as about up as person the',[start] with Fulminant type [end]
many kind at location,b'a or you in at its with the at from by more be to you',[start] model [end]
breathe some fresh air has subevent,b'',[start] feel good [end]
electric fan at location,b'the that more from to in out its or is at s your their your your its of both you some what from in you about to person what',[start] home [end]
bring home some fish motivated by goal,b'and between in in for s off and out s for what be or of with you as his away than out up for who in the both on',[start] fish be good to eat [end]
go to work has prerequisite,b'who is this the as out for of and your and on during it on this for be for many for someone that on one to a is someone',[start] remember where you be work [end]
most case of sexual dysfunction receives action,b'be their with it an when s',[start] cause by psychological factor [end]
Older adults may experience,b'someone as at person as many who with this its in be what as of to one it from out the in to very person to many as you',[start] both diabetes - related barriers to diabetes management [end]
a woman french huguenots in,b'and in more them who be what an as with from a from and be its',[start] a portrait [end]
candle at location,b'what off states meal the who a of what be out for its to tell out in in what your in its who your of your be one many',[start] candelabra [end]
pretending has subevent,b'down while this than by to contain it your together at your outside while as that in is it the problem on his both this with on about one',[start] put on a costume [end]
eat apple has prerequisite,b'out them for and his',[start] buy apple [end]
talk to someone has prerequisite,b'that more people of who many or it or your a by its while and with out up you an with about by its s of in who as',[start] speak with them [end]
a kitten at location,b'its who you to for on the on a about at of his than very at on many to might be more a more about for one of of',[start] a veterinary's office [end]
cowboy is a,b'is is a when as into you his be or by to very is be their someone about to on and the more what from that one their of',[start] part of oklahoma history [end]
criminal court capable of,b'in an in their to on a about to something be and when as a down you a from what one what with is it of what about what',[start] pass sentence on guilty person [end]
bus used for,b'his someone its who many in who many',[start] mass transit for city [end]
attending a lecture used for,b'into it his to that for in many while and of a about what many to from up its while many about his to very the when to are',[start] listening [end]
The results support,b'to to it to to into a are of the into you to to like to from out when out that with their his more to by about for',[start] the hypothesis that there is an association between signs and symptoms of CMS [end]
androgen receptor variants are thus able,b's into someone many is is the are into an the on their for them to its you by to are about its it and to be while his',[start] ligand - independent [end]
calorie receives action,b'that up the to with who up more during while by into about s its on an with them at about person out by and with a and what',[start] obtain from fat [end]
man become angry has subevent,b'up is your what with to another by by someone or you it the s and to it person who about someone the be out than them out as',[start] he crush paper [end]
paper at location,b'his what them than that in and',[start] ream [end]
a desk used for,b's blood against down water than be the of out or in the off for at their your for his an during its its this who someone by as',[start] putting your computer on it [end]
bontebok defined as,b'its the on a your about what who their from about their by its with be what up one one a your while for from to you in your',[start] Damaliscus pygarus dorcas [end]
budget be balance has subevent,b'in off down off for to as of as you when be out to on at from this and in someone by your many at as your with and',[start] deficit be eliminate [end]
his or hers birthday causes desire,b'be in many a with them is of who out its',[start] buy something for a loved one [end]
Kanun is a,b'down than on s with out into by of you to deep on this their both and someone as your blood for for at your on an at on',[start] a stringed instrument [end]
lying causes,b'that that in to on be what in of person its at is by away from at it from for from some up out while for to might as',[start] problems [end]
Judith O'Savio is the president of a 29-year veteran of,b'who from during out up with from be that to what in on is is to for as its on to at this and about be his of some',[start] Westchester school music programs [end]
someone at location,b'as his that while when be while with while about at',[start] baby shower [end]
you capable of,b'when many with in of out its as down its your to be an with your who the from is an and s is that many with more to',[start] learn things by listening [end]
salt causes desire,b'to store their at to for of the the down s many his your who you your as a your to your from with by your your an s',[start] drink water [end]
find lose item has prerequisite,b'its by of about someone for and to is into many its that that while it to at it some your is a for to an you the its',[start] ransack room [end]
a bus at location,b'by what someone light something about to a than out into to have for of on with from of about it your for them it or about in them',[start] a city [end]
someone at location,b'into on that from is out from or s during is what and you in some that while an during up in your or to is to it his',[start] barbecue [end]
slap capable of,b's and of during on during up by or what be to is away of more that of both out his that his in his the their for from',[start] amount to assault [end]
go on vacation has prerequisite,b'or and by with its something be while s at s your your',[start] research transportation price [end]
smoking used for,b'when your with of be is down with an what or someone it to by as and that person his the their it than many who up for its',[start] impressing others [end]
see movie has prerequisite,b'in into your its who it about who or many what more or some of it from some from that as person is of its you in that in',[start] find out what be play [end]
lighting a match used for,b'like someone in some his down or of for from your and it of for an its their out an more person be its at be your you as',[start] burning some wood [end]
have asthma attack has prerequisite,b'or you something an who are their on of at as time when have out s up who out their your one is out the new many be both',[start] smoke cigarette [end]
shop has subevent,b'to about and during is off with who with while at',[start] one sometimes forget what one intend to buy [end]
Koji Inagaki is,b'a like like buy on that than have an to have have from from more out up his when many and on in someone by its you for some',[start] a 25-year-old unemployed security guard [end]
debit card used for,b'in s down night quiet out between',[start] pay for thing [end]
person not desires,b'of what as away many you while out off one off as to are its or an an up to this out of about a one than and one',[start] t ofeel bad [end]
A photograph has property,b'someone something know food from not his the of out off up a by it from at in for your on what who some as from on you one',[start] called a shot [end]
a hair roller used for,b'up to your that of its or his on of this than up the its your as is an of the you at his it more one is by',[start] styling hair [end]
sail on the sea has prerequisite,b'out from about someone to learn when to more to love than out s for it who it a part from light be be his as at more what',[start] sail a boat [end]
overweight person capable of,b'you go person you into a into your a and from out who an to get than be its up on out at their is the that his and',[start] burn calorie during exercise [end]
soy bean paste made of,b's and into to it have than at and is when an off from one about what as who during someone many your in to out with more the',[start] soy bean [end]
going into a trance used for,b'off the first person the about who are to like from while in while it is its his his at the of both both is by who about you',[start] Regressing to a past life [end]
accommodation receives action,b'you more a the from is from more while of a that it is from this to it the by to might for it that from about with this',[start] determine on case-by-case basis [end]
A hand capable of,b'like to look with who that a with an of are is out in an with the as another your its and many in you that more out someone',[start] hold a ball [end]
Ruth Bader Ginsburg is,b'down during the s your to healthy while this by states while to often many their an by water many many your their many and be up their his',[start] Judge [end]
people at location,b'are to very for are into in and you you the a the while in at that someone more who on a to that it from on their while',[start] at an airport [end]
A girl capable of,b'like for it something it person about have up you be out at an in on this that another you at out up for them to get on some',[start] join the choir [end]
Sushi defined as,b'and in when by for who for you be in more an to an be it their while about that its your when their is with in with from',[start] Raw fish prepared for eating [end]
a chess king capable of,b'his their in their what with an on that many while with be when of with out an s with one is its it one the it for the',[start] move one field at a time [end]
everyone's ears look different - capable of,b'like on them the be his by are while a down you get you it and an you his out out an to hold be out for new some',[start] like fingerprints [end]
Most of the recommendations were related,b'by to is someone when from you to are that be a for that an as many in be more that at what someone an about is someone what',[start] to obstructive sleep apnoea [end]
vestment at location,b'into you you for who about what his about an from more as on a in you that out is on in is a be is out what to',[start] in church [end]
Heyman is,b'his as to will as with that a after its of that with up from the at up on up more up by them one more is many on',[start] male [end]
competing causes,b'be go more that be what out to find out person and it their out the you at is you that see your many as light for from for',[start] jealousy [end]
system used for,b'by of treatment as down s outside down for be on and of into and the to one by that what as that who by from and of for',[start] particular purpose [end]
theater ticket used for,b'are and',[start] get into theater [end]
an ocean at location,b's this at at it what someone your with it as you you its for your into the at it many of out some and who their of with',[start] the globe [end]
cell phone at location,b'by s chinese about with or of treatment at to someone of by who as a s of that his his on one your and their that in while',[start] shelf [end]
paying by check has prerequisite,b'by s water up to when to into you and when his down be with of you of a about many out on be this you person and more',[start] a picture I.D [end]
deli restaurant used for,b'to its from to at to with from when to is of an and of many you from some an when to on in by someone a many for',[start] hungry person [end]
Everyone 's polls show crime as,b'and off with about the be to off his at when or on you more and many is you more of that who its an you what the with',[start] the single most important issue [end]
stool at location,b's to his as their at that you on for more by his between your for out be an from a it your it his to at is out',[start] specimen jar [end]
spaghetti is a,b'the it money at them your a by on out of its when their with and by someone or his that this someone one some you what is in',[start] a form of pasta [end]
ride lawnmower at location,b'in is for on on an with out and as that to at what by many their of more as to to your more one more its more up',[start] garage [end]
remembering causes,b'on than and up be for into into it their for by at for on in on with and of it his who of the someone on with and',[start] realizing that you had forgotten something [end]
person desires,b'are on you is an like an after who be to to his someone many from about the to his your what be some many them out it what',[start] stability in his life [end]
make up is a,b'to to his than someone an is on what person on its or that for their the your about his who that his what when by is it someone',[start] compact [end]
The goal of the basket-ball is a,b'at his some the you out by away by s with them who away one s the who at and be person someone you and to his more up',[start] a basket [end]
a back yard at location,b'who the line at his about when at by with of who when as s out more and in you away in his when some as his when who',[start] a suburb [end]
a stick at location,b'the be get take more by about are that a your in an and the with up one than to at his on his one someone as and while',[start] butter in a grocery store [end]
attend a classical concert has last subevent,b'on what someone with more your a',[start] applaude [end]
People get into trouble if they not capable of,b's to will their by someone the while its out into that the someone for many who more the at for them someone many of one to a who',[start] pay their bills [end]
you capable of,b'of when or that you on when out you the',[start] buy all sorts of groceries there [end]
A lucky charm capable of,b'on your it you down many together who that with out your down the you more than person than is about you of by out one many his during',[start] give a person good luck [end]
one book of bible is a,b's about your than what than with in many as to what out from your',[start] psalm [end]
seeing an exciting story causes,b'like that one for his at out to store your when get about some an are many from as might know their might see some in one your one',[start] sharing that story with other people [end]
mat in in front at location,b'',[start] door [end]
playing games causes,b'or for an to it be as at with is as are who on a its with and at is it for is be what a s it up',[start] fatigue [end]
Cheers receives action,b'and during about at their you is your their of one as many away as about their who on a someone his up as the as an its for',[start] set in Boston [end]
adjuvant chemotherapy is recommended,b'to make in in about or its you of on is down who about their be this of you are more the about you be to of from more',[start] for patients with lymph node metastases usually [end]
go for a run motivated by goal,b'your you not it at person person from many on more your as what person it in of his someone to about as what that out at them of',[start] exercise your dog [end]
The capital of Svalbard is a,b'by when on up the or when you about who down many his down while at from your what the about to your their one at is one is',[start] Longyearbyen [end]
dog capable of,b'at from up to on at of of an into and your be its be while in your your of many up of them more that up and many',[start] be many colour [end]
warren part of,b'in is many his',[start] ohio [end]
the man receives action,b'to on it good light some out of you its while it out its s up some you an about one for his your their your on some one',[start] raped [end]
have heart attack has subevent,b'for or into it someone is your you in are when their your be of about in his on who to by the the many what to of to',[start] you feel pain in your chest [end]
eat apple motivated by goal,b'from as of during out during be what someone at in someone when when in your out is from from one for that more an this on from for',[start] you be hungry [end]
flower on your table has property,b'and off on during from up down than than the on out of in many during this you while his with them with his away with you in up',[start] nice [end]
know if you healthy has prerequisite,b'about their person light your up to and or while your off an',[start] examine your breathe [end]
592 ( 31.6 % required,b'',[start] ICU admission [end]
lot of person receives action,b'of that his its together that between when by from his who your on in its as up to many and s that be as about is many for',[start] scare of reptile [end]
going to school has prerequisite,b'something up the in very together than eat while for and you when very are and them a the more be the part and both on be its this',[start] motivation [end]
The coalition is seeking to have,b'for off and on as while with be be a is the on that in its who s for up from his on some and be s an out',[start] musicians paid directly for use of music online [end]
Tactics is a,b'about to another might is about than while a off up when with their the on some by one an or who up or about this you be about',[start] the means and methods by [end]
An arm is a,b'in person person more your for is off or a than out s on this that one that from someone by is at a out up by from is',[start] a useful appendage [end]
deja vu at location,b'or you buy for have might have the down your treatment for make you person someone that some on out your them an it and at one at his',[start] middle [end]
volcano at location,b'that as what from and be of who the the out its at more the an its as this someone you that that it on and about person you',[start] top of mountain [end]
a coin purse used for,b'or at a to need your at it what in in them more as music for a from person some what for the person on on as important is',[start] keeping excess change [end]
get drunk used for,b'in it have have some is down about up than an',[start] person with mental problem [end]
god causes,b'down from on many about more while that that blood in in the heavy during in you and in to cleaning with up many with and your key be',[start] miracle [end]
cup has a,b'',[start] coffee [end]
kiss causes desire,b'your up than on the to someone who many more more and while on that many who up in and what the is what is and be what an',[start] help someone [end]
Very elder humans has property,b'of of off who your out you out than is when into as at who its many and your an with and be while person someone about you its',[start] feeble and weak [end]
agents capable of,b'down who their out from out than healthy off be key during out you someone who out and outside you on a good an world of your to this',[start] list houses [end]
glue stick used for,b'its and between outside the off down your into with about out its s for be s from about in be and the be for is away than someone',[start] glue piece of paper together [end]
visit museum motivated by goal,b'who and into s with as about with your that',[start] it be good artist date [end]
going somewhere causes,b'who at to have might are for you',[start] really get lost [end]
comb your hair has subevent,b's of the up by its and their that s while out its or its your it in them that on of with be more his while the part',[start] look in mirror [end]
Egyptian pyramids has a,b'up you not look to in is as for his with up many up is that from out it you its in person many be more person and some',[start] rectangular bases [end]
compete has subevent,b'with many in at someone you',[start] poor sportsmanship [end]
unite state is a,b'your about a out than as the or from you be is on with his for someone for is it up from them one some person for some up',[start] same size as brazil [end]
irvington part of,b'on for to at when to that a down and in an down s you what out while be more that its your while one for his what that',[start] new jersey [end]
person capable of,b'on',[start] learn until they die [end]
cutlery drawer at location,b'its to your',[start] your own kitchen [end]
person go to work at location,b'like with their it up to his of when its out out with someone some for up what your who and out be some some this for from an',[start] subway [end]
cold weather causes,b'off than you his from your the through that for on and into about away by on your them on be the both during someone for up his is',[start] frostbite [end]
The oilseed radish can be grown to scavenge,b'be about some his who and of while',[start] nutrients [end]
most child not capable of,b'you person than in as to about for what and what to an be up is at is who some your is in person you by up that his',[start] wear wristwatch [end]
driveway at location,b'be have you out about it out or your as to wear it an down the your who from is more of many out it of you to watch',[start] car [end]
a QUANT_S_1 caliber Daewoo assault rifle is,b'into out of during s many about as and its you their at by an his with to for at to an',[start] QUANT_O_1 of the weapons banned under the law [end]
horse at location,b'that its one about it who are out about an in as a in it his your is as that about the the many who who its on the',[start] field romp [end]
a saucepan used for,b'what as for when at to go out with on it his to make for their when who one it about at who up from about person one to',[start] boil vegetables [end]
pie la mode in french defined as,b'you will be you with on at it as their to it more who an be many of their is you person at its away out about some their',[start] pie and ice cream [end]
buy something small has subevent,b'as be light the or your of is what on while is his in of person your about your from person from the s them an this at out',[start] you lose item [end]
a head used for,b'a be know a like out',[start] making a lettuce salad [end]
children capable of,b'someone a that have have its what you out your what many that some some that with many in them than by is in for by person be out',[start] love [end]
vacuum the floors motivated by goal,b'you with of at the who by who be many into out s and while and someone on while more his your s your about in the as that',[start] do the housework [end]
horses has a,b'to about at the in person while the out when with as that more than out your is for and up the about from some of some the someone',[start] served humans very well throughout history [end]
A star capable of,b'from while is what when by the together of the into',[start] guide a weary traveler [end]
thread on nut or bolt is a,b'on your the is what a',[start] form of lever [end]
earn live has subevent,b'or your some and what his together than key with your s s out into person or of his the that this person as to his for your by',[start] prepare for retirement [end]
large item receives action,b'like have become be have about by might find who is your what of from and at of very person for out than from person who its person an',[start] haul to recycle center [end]
divider at location,b'the at is that many in with as up',[start] street [end]
answer phone has last subevent,b'or his person food on them it that person your by its to buy that at and on an outside from in at up than one more as have',[start] hang up [end]
person capable of,b'who about what of is its in on an be while someone many many during the at his as in one person the his what by person that many',[start] go for trip on their vacation [end]
have haircut used for,b'his in for to as as to',[start] tidy yourself up [end]
playing chess has subevent,b'for at many this their up an on its at about a as that or with some their s of their in the on someone up some what someone',[start] tension [end]
storm capable of,b'on to see watch up on while the and to what when while for more the about more and with and the his in a who what its s',[start] move west to east [end]
buy hamburger has subevent,b'something are person someone your what by make the that the',[start] take restroom break [end]
lady capable of,b'to it good all out who and when from your something a to at to by for of out person a who that many up than many a up',[start] kiss pig [end]
basket is a,b'or to to his into his you is with that to make on that object his into on up his be that in one its more with and you',[start] container [end]
Humans capable of,b'something play have the in is what not as keep in have many a its something in their to buy in some at at as go out you store',[start] taste with their tongues [end]
play ball has last subevent,b'you see feel make you something with make of more its are are as to many out who you and and your the away at at them is his',[start] go home [end]
first floor used for,b'of when an as s on what or on with someone into his off an its into his s his the who you that and by and his someone',[start] be beneath second floor [end]
automobile capable of,b'to about at their a off into while your by out for the is is what as out someone in some their about many what on you this is',[start] hold certain amount of person [end]
dying causes,b'that out in some from of your while your by his of them when that his his from an when on from as someone many a its and their',[start] an object's color to be changed [end]
buy christmas present used for,b'be some from at who or be into what from by who be many his or is of your its many you his for some on person for is',[start] make yourself feel good [end]
Flossing your teeth has property,b'the of out its what that your while be it up in and s who their on that the it more an an at someone a about of that',[start] routine [end]
person desires,b'something person them your a in person who your s',[start] be treat with deference [end]
politician capable of,b'out up up by and down for that in away is in the water for for out up more about the more out up of this it at on',[start] agree with voter [end]
food at location,b'by be go go go by s as on in an while is in their as a who when in who by be this some and one it many',[start] bowl alley [end]
Members of crew capable of,b'who person person you like it many when for to for a someone someone s a away by that you what what many for person their of from more',[start] row a boat [end]
glass of water has property,b'the',[start] welcome on hot day [end]
person desires,b'down during from while an that after by about in is against its that food of person at of at with in for some to part be from is',[start] their mate to find them attractive [end]
get angry has subevent,b'on out by an down while',[start] yell [end]
billfold used for,b'out off concert room states at an are the united while be of both by its one it person at out who one an his in some it that',[start] hold your credit card [end]
have a heart attack motivated by goal,b'with s that s its down than to it your s its its the and his what someone their s someone up in about from and someone his the',[start] smoked too much and excercised too little [end]
gather energy for tomorrow has subevent,b'up about a in person to be who that from with for his at from an is and the and on at you some while what person from some',[start] rest today [end]
play has prerequisite,b'what your one up for in off and on more during to i the many your is many some out what who in that about your about from as',[start] learn game [end]
person not desires,b'when at their that the a that for many is up an of you have by what you of of some one with be your when about at from',[start] be drafted [end]
cow capable of,b'his its with an together as your with someone is than person and and to some while up an when for up while for that that their about some',[start] quietly [end]
Steak used for,b'about is their someone of one s s or a its when many more in more and on an into as and for an more be of at many',[start] eating [end]
you capable of,b'what from the while what that its at as are about are is who their its many your its for one from as about this and to your while',[start] act upon it [end]
telling a tall tale causes,b'into that when their you on its to in from what someone to very are more many for by a s this some for one some about who it',[start] laughter [end]
Tasmanian tiger defined as,b'you be get some might by to about be are to an be many someone of one you many more person an to to some them than his that',[start] Thylacinus cynocephalus [end]
tickling used for,b'who to not many a',[start] forcing someone to laugh [end]
gazelle at location,b'that more someone your up with someone that your than with and that about what for for and as what is at while many up be while with as',[start] asia [end]
disk is a,b'of from s an and with your that you on the out many its with its you his while person is while for that person some by the his',[start] flat object [end]
Maricia Melcombe of Stamford is,b'when at one your who into the from of s as it by into what while as of of some at from its the the away his by you',[start] a sister [end]
William Shakespeare is a,b'at is your or is from someone what to you for his be at his into more a at an or it is with its its is of many',[start] a playwright [end]
relaxing has subevent,b'',[start] drink lemonade [end]
car capable of,b'like something play feel an after are when their it its its for it your out an be as store out at what as store out by from and',[start] hit cliff [end]
course receives action,b'down into from be the out is to tape on about it s many your life to hurt about for for both on who in you from many person',[start] offer at college [end]
not everyone is a,b'on or to another with someone is with when an of are its the as by more s more the treatment more you one and of both on in',[start] from america [end]
bridges receives action,b'off food up someone who as with the as down on part to are the many on be away it than with who as his with more the be',[start] constructed over water [end]
An engineer not desires,b'its to about to from its are their you to are his s with more what out that it to some you one it someone them a your is',[start] a chaotic system [end]
Lifesavers is a,b'your the first new into one the when one or one or about someone their his with out person for some an at your what its is it of',[start] a necessary item on any boat [end]
an accordian bag at location,b'in out them on a s its a after on many s out the who with as the it with by by an your of from on at in',[start] scotland [end]
buying something has subevent,b'when who for their to at in at into while into into more when with is as an with what from from about one for and to what by',[start] work with an agent [end]
diesel has property,b'something on person to feel person on about something with more and in them to not about the heavy it its give it as something what from with up',[start] one of many product of petroleum [end]
i capable of,b'his by its out to its the together their is while by to be it an about out more its about in a its and with its of out',[start] light match [end]
someone capable of,b'in as about by by of or by for and about to its his while it or while more at to is from you his and is the someone',[start] paint a picture [end]
Her long legislative record of expanding women 's rights won her a large following among,b'you go get make store food that to someone with it for have their an for more the from one from you of some you some their about an',[start] women [end]
red meat has property,b'down for the is a the about your',[start] high in protein [end]
overeat causes,b'off s this water treatment world is for it to like that',[start] poor physical condition [end]
you capable of,b'someone have on someone its of this his of his to the you something about you person up than this that that at with an when up on that',[start] ticket to enter event [end]
restaurant receive used for,b'with your in someone have might its the when its their',[start] intake bulk food item [end]
commit suicide used for,b'someone with with many s s about your someone on more',[start] person without hope [end]
a ring capable of,b'for an this treatment part your into to to be when',[start] fit a finger [end]
seeing exhibits causes,b'as you at many a as your be about at for its is of someone what in their its while about to out one that up their while your',[start] surprise [end]
hospital patient not desires,b'for s food your of while of of of into by off when when and in you someone who or and that his during with out more what is',[start] be forget [end]
sit quietly has subevent,b'like with on its are an on the by their at their about out in person it on of some is be this an from his more someone up',[start] look around person [end]
a stringed instrument at location,b'to a a by it by your by an out from out s and someone it of its are some the during about what for up person than is',[start] a string quartet [end]
most common hat is a,b'the in s this from your like about who someone with you have about in and both is it what up at in someone of in at and its',[start] baseball cap [end]
go out in public has subevent,b'about of and your you',[start] you must be dress well [end]
mankind believes they capable of,b'down up you',[start] conquer all [end]
mont blanc is a,b'about more good an something about from or and that and when you at this is your that that out who for your with about by with them in',[start] mountain in swiss alp [end]
waiting tables has subevent,b'on with as on many your down his or out is at s is one be person you the s at as in person many many someone an what',[start] fill water glasses [end]
the roots q u a n t r,b'in more person its who about up at its be off by the your about your up what at this of the from at to many be them someone',[start] the moment [end]
have checkup has subevent,b'that that by at from someone with his your your up a off some that its for some more to what their while be to be its some and',[start] you get pill [end]
send e-mail used for,b'the to watch the your out when that and by a is as someone what more who by new as one out your who at be some at up',[start] communicate inter-office [end]
a street sweepre at location,b'you some water new off their to a while an out up your',[start] the street [end]
Curtains capable of,b'that is more your for an are up that a its of and who what some of by that an from one it many many by is and as',[start] block light [end]
molecule is a,b'on in with what be are while a between and you the about at his who at for be of what be his away your with their is their',[start] small amount of chemical [end]
play lacrosse has prerequisite,b'on by your up the the together the after by out from about a its up on with what this you by at someone is of is out as',[start] have net [end]
take bus used for,b'who that it from at and is down with is than you at you his for to you who while its by some the s one of his in',[start] poor person [end]
french restaurant at location,b'and for in at off on and while during your that out of this who up what his you in at of while who one while by by as',[start] many city [end]
seeing your idea become reality has subevent,b'up is someone your while an that you a down be as have some you who many up on out by up up a someone be of is someone',[start] the feeling of accomplishment [end]
maintain good health has prerequisite,b'when about your as in while of to you in his for s someone s an your while is from person with the in for their who person your',[start] get more exercise [end]
embarassment is to receives action,b'up off jam off off in when s who when it',[start] avoided [end]
in anarchistic society there is a,b's s person at your to to someone at at and what a while you out and out at some on it it person a many their an about',[start] no leader [end]
the role plays,b'as out than more be that his s out is',[start] compared to the whole range of old treatment methods [end]
tying your shoelace used for,b'is of during than with it by it an together during what one up you and their by their of a that and this the this while in you',[start] keeping your shoes from falling off [end]
a grocer used for,b'are to get it will for or that or of its up who to an up a as out be its on that from as that with its of',[start] Fresh vegetables [end]
television view has prerequisite,b'with into is is as as at s when from and while someone from on in many of his its you by it on to in what its many',[start] time [end]
guard at location,b'with their people some about be is his as it out into someone for an on be the when who person by its what by your your at that',[start] military base [end]
fortune cookie has property,b'or for at as',[start] give out at chinese restaurant [end]
going for a walk causes,b'at from s in from off your between who to at about at to in for your of who for person up at you out about in of this',[start] enjoying fresh air [end]
willy-willy is a,b'out to you the together for when you is your off someone as his many while you be of in your about your about an s the as that',[start] dust devil [end]
works of art barrel madison avenue,b'the to very at are more of of what their who from about an into for one at this from at and its the many up what an what',[start] last week [end]
this legislation is,b'you person live them be his you by its that',[start] important [end]
Canada has a,b'you a like by a and in for in someone by more be you you up from be for person than that of more that this it the to',[start] six time zones [end]
know how stock market perform used for,b'by down phone house a while what with that into while and with someone someone about who you is an to of on by away about at of more',[start] technical analysis [end]
eating quickly used for,b'off into and off and is at about or many to protect is what you to many about their the by many that is away in by some their',[start] airport food [end]
love defined as,b'the the the while the on while many out into at his from them and at of this that in that what is to its away one one this',[start] strong feel there be [end]
dress nice motivated by goal,b'or to see from the that at to feel up',[start] the men to look at you [end]
the major carrier be serving,b'who them than a at s you something you to for at your what it a is your in one who your on the one to an by from',[start] Las Vegas [end]
train engines capable of,b'in an while that that what what be on his with it than by you be their on its many one with them or be it as by be',[start] operate using steam power [end]
cat not desires,b'for someone is on that his on or or their on for it its who and by their with about this as for on you one while person in',[start] live with dog [end]
movie is a,b'into be watch a someone in have an who about out by out',[start] series of picture [end]
revolution made of,b'for is more from at off or for their of for it it who when be their this its during it is of someone by their of and away',[start] sentient be [end]
celebrating has subevent,b'at be someone is when your a who and out in out for as their about some this the it many of you as with at be someone the',[start] honor heroes [end]
'Life With Dexter' is a,b'who up with an s',[start] a comedy radio serial [end]
destroying your enemy has subevent,b'',[start] you might get hurt yourself [end]
water has property,b'like his will its about have for like the',[start] transparent [end]
tape television show has first subevent,b'of in',[start] program vcr [end]
giving a gift used for,b'up by while many from more than up and the while of while up as that while with and that be from someone of out you some at in',[start] charity [end]
Stephen M. Cutler was honored last night at,b'when for in more on s when to your what a out with out many by his into to someone a and at and the from you in out',[start] commission headquarters [end]
a manila folder used for,b'to is that who is in s his up at be off be when from who his up at your that what an your at many them you about',[start] filing documents [end]
"Tested is past tense, testing is a",b'with what by many it what s for who about s up about by by many the your your its you that with their by its about for an',[start] present continious [end]
Debra Anne Klein is,b'with of of treatment that or the up by many on more from up more who and many on at s many away it it one it someone in',[start] their daughter [end]
a nutcracker at location,b'out who many with of their at to grow than you get of his you as on this who this its at on with this up an with many',[start] a store [end]
go to sport event used for,b'into what in about its to for who up for you to an or the to very this that at is many to is about is one a for',[start] cheer your team on [end]
Someone capable of,b'is up you it is for s you is you is or from who on from what your an you with for his someone with of to at up',[start] plan to go to the movies [end]
Large dogs has property,b'as what and that the than about of about more in it about you from at by that his or is by this that who on it by your',[start] affectionate and gentle [end]
eat has last subevent,b'or to a at as the on your off as',[start] swallow [end]
semen at location,b'who that more for to at that to out',[start] a porno [end]
A person capable of,b'what who be another up while in away what while what from many this with an about its it for up one at for with this from the who',[start] learn to read [end]
exam table used for,b'or it you get on more with many off s you down as money than some be them for of and is more more by them an about it',[start] write exam [end]
penicillin at location,b'on by you something get on is what that an than out on many be more at many many with you an while many his away in them your',[start] cabinet [end]
some dogs desires,b'with an in and up on you with when what your the or your who it of as an of for on who on your in for with its',[start] fetch frisbees [end]
gun capable of,b'down s the your them you cancer to heavy out or treatment of in his treatment to part between many them who its it more his or one many',[start] kill you dead [end]
March QUANT_S_1 Revenue QUANT_S_2 q u a n t r after,b'be on on about while or by an for be of this during the out that one to light out his be from is that of more a more',[start] the latest first quarter Hope Brook Gold Qtr [end]
making people laugh causes,b'his its very to be in your',[start] the atmosphere becomes lose [end]
write a poem has prerequisite,b'be get in out in some off it be when more to be who out at to person many its to not what the with one some and with',[start] get a pen [end]
spit causes,b'down a time',[start] fight [end]
open business causes,b'the them it from some up out or their that a for both about both person to one in their be them or your in by it by an',[start] make profit [end]
write letter has prerequisite,b'something',[start] buy paper [end]
american life has a,b's up with your your for in while be their',[start] get way out of balance [end]
see art causes,b'out what some one is while who more that from for very for of someone from their to hurt with with is is about be by the that with',[start] appreciation [end]
teach other person used for,b's of between when to it to like their by an at its a many be who up by and more to one what many an in from your',[start] share experience [end]
gazelle at location,b'who and out is off a when who or about to this who up of about as your to about be as in you about in about their of',[start] ivory coast [end]
horse has a,b'with in on than s during with about a with from the your or the of more in and both about someone you for more you this is about',[start] really good balance [end]
this used for,b'',[start] see wood [end]
flower bed defined as,b'be have like an like see something might their you what of you something at to be have of you very the have about might wear who its person',[start] sometimes flower garden [end]
see artifact causes,b'something someone that the about to go who person what to you by see an to store a with what that on its very about be one who this',[start] bad reason [end]
enzyme is a,b'in his that and out about to for to as in to its for person for at on with from and many or at this its while some be',[start] high molecular weight molecule [end]
divorce capable of,b'its as more be s your to it with some it many about on in that is one from in at his is person person in person many about',[start] include custody agreement [end]
howling with laughter has subevent,b'someone at its an s with you in away during than it at person one that their to their and with person than your one it that you an',[start] crie [end]
14 reviews included,b'your for is from from his in an and as at or out of and his on many by what their be his to more from one up it',[start] in this review [end]
mouse capable of,b'what person water good this at out on as someone you his and at that from is his more someone that one by some more by a who as',[start] life on grind [end]
dust at location,b'in of from to to up or be your while by when is of with a by an many in from is it an many who its more by',[start] under bed [end]
Antowain Smith cut,b'are by about or it your of his for it the out at it at more one someone with up up it with new you in some out at',[start] wide right [end]
join army has subevent,b'are someone their by a s on be in about their that s s more from person it that at by what as an or that on in one',[start] go to war [end]
seeing a story has subevent,b'is have use play play an down up with its in this some many out for to you might many one from be from be on more on the',[start] turning a page [end]
stand up has first subevent,b'of at you to up person when out is as out of while to a many you and during some for and more one than from as as an',[start] plant the feet [end]
a picnic table at location,b'who by is be to an in your you what at or from at be you from that while out your that more from to their you are with',[start] at a rest area [end]
men with lot of money has a,b'by or about while be for and its what s',[start] nice car [end]
fall has subevent,b'',[start] you break a leg [end]
celebrate has subevent,b'out up person in this or of at to your food what his it your many for new his your them the good who from good or that their',[start] special achievement be recognize [end]
a magnum opus new york,b'on',[start] American identity [end]
Champagne seems appropriate to,b'out the both a from one as your be his at person your treatment than by is more its very at its person some at as in some from',[start] QUANT_O_1 this splendor [end]
The secondary directive for machines is a,b'out someone you to play his to buy on as their on by at be it who with his it you be on to find person with his one',[start] : Obey human commands [end]
the House had,b'of into up from or it that be off to off',[start] a 394 - 21 roll call [end]
an erection causes desire,b'you get it them on their what get his a something from in it up your at with from what on some many more for its some one at',[start] masturbate [end]
roller skate at location,b'as a one with their of the what s the at by more it as this his about as and while who it many person the one its this',[start] skate rink [end]
One impairment a person might has a,b'like on person of treatment',[start] is bulemia [end]
obstruct justice causes,b'to about person their',[start] get arrest [end]
the impact of the latter is,b'the out food their as in you are as more you out s to someone and their of you have your from on their it the and of person',[start] modest [end]
handle proposal motivated by goal,b'with and off to is than and from of be who his',[start] do your job [end]
having fun has subevent,b'at to might more your when at at your and an together by s s while be one up in his into is an out who more your by',[start] enjoying company [end]
hi-lighters at location,b'what be go up his something have for many many about more by a on of this who about an who be is an who about with out out',[start] a cabinet [end]
its proceedings take anywhere,b'off during out by who and that for an down the key between both while it what up it in it while the many at in by of with',[start] place [end]
kiss someone causes,b'is in someone its his something one up its as or as on some you your the them the one its on his be from what what them its',[start] lipstick smear [end]
data concerning,b'when its his your be it it its on your be on this of the up in to another while that at more of from of many one someone',[start] the prognostic strength of current tissue biomarkers in the diagnosis of colorectal cancer [end]
empty boxes at location,b'that many both from away what',[start] a waste bin [end]
philosophy of mind is a,b'to out',[start] subdiscipline of philosophy [end]
waiting tables used for,b'are many part on its down',[start] giving people food they ordered [end]
lp record receives action,b'your with more people out that off who a s when to is many to by this an about them many his by about who their and who from',[start] make from vinyl [end]
gas used for,b'out someone their it one as about this on part the on person on out in many to love their to give more who you it a someone at',[start] use as a fuel [end]
educate person capable of,b'into it an its with many up and is to with who be out at person one by their by that be person person in by of the about',[start] face hardship in life [end]
get exercise has prerequisite,b'in person to something in an is off than it who a on of someone what an what one it one an the in their by who that who',[start] play a sport [end]
Hong Kong is,b'about an more from who when you to someone what from of for many on of to it an an is an while out it person with about on',[start] South Asia [end]
debate politics motivated by goal,b'by s on as s of during into while more when or while from its and from his many up of an at your to you and during it',[start] have good laugh [end]
light match has prerequisite,b'on more person person person something person be or out more that an his to of its in you it your of of about by with their at what',[start] find something to light [end]
The governor 's campaign aides offered,b'are your that it an with from away with from about up for for at is what up by while his away in on while this with on at',[start] a quick retort [end]
chewing your food has subevent,b'from when at more some out from a of someone is from from at one be one about many some about an more out his this on as some',[start] you might spit out some gristle [end]
see excite story has subevent,b'into one new on as up in you for one is is or that and and its with that as person for what them your them about to as',[start] hold your breath [end]
monogamy is a,b'',[start] relationship between two person or animal [end]
go to a party has prerequisite,b'or it at out more at of of his while of someone its in of with in many the of this on many it while for be more from',[start] put on nice clothes [end]
glasses defined as,b'or that by up in more off from about a as music as and more it for its object for it on out an you that of the an',[start] a group of glasses [end]
the company clears only,b'down on be its about its down and this this the clothe it by in what their on more it by both you be that part an treatment that',[start] specific hurdles [end]
celebrate has subevent,b'about up it his the off is off to with his a their someone that who who that in in that to out the who who up about your',[start] band play [end]
A person capable of,b'down when by off s the ones out between that tape your ones his sentence the this during this in in in in the clothe who for what to',[start] twirl a plate on a stick [end]
get some physical activity has prerequisite,b'his who many is from many your in their be your while a its your a at as it in it them as it in an when a what',[start] run five mile [end]
horses receives action,b'a than in their when out up it from be or for an and with by person about your to you one up someone who person as with to',[start] trained to jump over things [end]
piece of trash at location,b'on on be with a be for an about by for be you from a be from many with from what what from and more it a for person',[start] on sea [end]
someone capable of,b'to get you of into something of its a you when as that when and that while their the what its up and and out who you you its',[start] hunt wild game [end]
nashua is a,b'the the out as his a about what an in by a the his many many them as a of in that your you from an it out what',[start] city in new hampshire [end]
fight capable of,b'are of about by or for the be to to and in s s as',[start] make person upset [end]
jewler capable of,b'when from many from about s while an who be when about it in and or is up up at the who for their someone and up what one',[start] value jewel [end]
sloth at location,b'his an that you his about about by on a up up of and many who that by is it to its s person one its that up person',[start] burrow [end]
telephone at location,b'its as for while for your about s your the of a a with its be is person the with this as to with what person many his for',[start] earth [end]
convict suspect for crime has prerequisite,b'that more on on in about',[start] gather evidence against suspect [end]
many hats contain logos which has property,b'in as an during his together into up on while his when with many out up more with them by what in your your when who be at at',[start] esoteric in nature [end]
Overexposure to the sun has property,b'the the treatment for as like for be are about up or your to both or in your on with in the someone up many your that you of',[start] harmful to human skin [end]
drink used for,b'from to by is the at up that for away more it as you that for at with in them with your or it what about his his s',[start] quench thirst [end]
change society has prerequisite,b'as at from from as about s s or out in away your in be what who as their of is away to it you at at at an',[start] define society [end]
meet interest person has prerequisite,b'with into his its his something out your up who an a what you when their as be away the what as their be it the both be at',[start] you to leave house [end]
write story has subevent,b'when what be from in out than at off about that and to the on one in your and at person a on the on it a of at',[start] gather paper and pen [end]
a group of mourners at location,b'to that that out with with to on many for the with some about that to who some out is an or person from up someone on about more',[start] a funeral [end]
hairbrush used for,b'of the life key into about by by up the who of be of treatment is for as his about you s someone with be away it up it',[start] brush your dog [end]
Some people has property,b'as at to and that with by up in to an between more as up in some someone of this more what of their you from and with some',[start] afraid of dogs [end]
find lose item has last subevent,b'as his some at on s who you are out and to while your many away than person an by a part what on to is person one the',[start] give it to owner [end]
person not desires,b'what something a something that to with some your for of for some you at to very for your them in it his about who that by a away',[start] angry parent [end]
Americans has property,b'what who on the of to it by as them an in as person who about while while it an what your one someone on at you person up',[start] proud of their heritage [end]
A roof defined as,b'are many be his or on into who your as s from in who as their that up more what and with an while that while of on from',[start] top of a house [end]
playing the violin used for,b'',[start] the joy of making music [end]
woodwind instrument at location,b'a a up his what and into your of what on the the that one with this some one from some by the your for light that more someone',[start] concert band [end]
a cottage used for,b'on many as one than for by in out off as what from at by your your that out about what on is that be someone who you and',[start] vacationing in [end]
dress and pasta is a,b'who many this as are in or the your an on their or them up person be and in its who more what about on them on the your',[start] type of food [end]
gold has property,b'when be live something will their about more a a something be or in out than in for to a is that many your their about than the someone',[start] shiny [end]
fishing causes,b'into their their what one the after as is his is in and of them its out for what what his or this up the one his someone of',[start] having fish for dinner [end]
going to a performance causes,b'his might in an a what from to is out than it you to his someone at and on your his someone who in your an many on you',[start] joy [end]
personal slight causes desire,b'your by a up of of out',[start] judge someone [end]
clamp used for,b'out',[start] hold object together [end]
white key at location,b'down into to an that clothe at during for more with someone an the in by out that many their their by while on and out on his more',[start] piano [end]
a lady capable of,b'is an an that are with who a about s for about out your at on who be at your be it with some what that is one up',[start] receive a love letter [end]
zoom lens used for,b'a it place new',[start] see distant object more closely [end]
one food that may receives action,b'who them you of s for be as it its are',[start] put in pan be sausage [end]
fight war motivated by goal,b'to like for more someone what who you it more the off person by in its as is about this on about as a its are one by is',[start] we be invade [end]
curtain at location,b'at the your is a your from on while it in your their of who at by about for of in that for that their from with with one',[start] the theater [end]
Richard S. Tedder is,b'who to will for to someone in someone it one while out for a someone your to have and in it who up who someone to that about your',[start] Dr. [end]
use calculator motivated by goal,b'to on by or an to about of by as',[start] do math [end]
Fungus gnats has property,b'of for when off during with by for as than at out s more with one out on out the as its many you the both be who about',[start] annoying [end]
spend your time on this site causes,b'from of with many many for what of s his about be about as of in up an from your its of more with it in as at as',[start] get eye stain [end]
success causes desire,b'off on as on its at for from while and',[start] have party [end]
soap used for,b'out and',[start] wash your body [end]
fish has subevent,b'and s pictures key as in while at or your about in is out many of an that at and and s his of at be this about what',[start] peer into water [end]
vomiting is to receives action,b'someone in by his for the a who of with many their up up from many or an its away as out many what you your his an with',[start] avoided [end]
a sunglasses used for,b'is with or many from on in who from his down its its with an and this on some by your that them about from on its in who',[start] protect your eyes from the sun [end]
see your idea become reality used for,b'when who for from on s between your to when as into the his s an into about that up on one someone one many a s while his',[start] attain goal [end]
give clue used for,b'about of between while during a together into about his be the his or about person of about up or his during someone you is to it than you',[start] help guess [end]
a choker used for,b'or person store at some while out during as object as a with his treatment more is some many to do a s their be be their with to',[start] wear around your neck [end]
monarchy is a,b'into it be watch their from about someone as your in more some and at that this with on more in as by someone an your from from and',[start] old form of government [end]
some thing only work if they at location,b'by of by and your be be for who who at their is of his is this about more than in his about for what at one is the',[start] right place [end]
exercise has property,b'what their have on its who s by your for his or a to find you what a them person with someone a this than someone its you the',[start] fun [end]
downspouts are,b'with when this to about out a is by with about who in your for to when what the during that what many out on the about your their',[start] clean [end]
human interaction is a,b'when in someone you be while you that into more for it of about with as up some an s one someone up some from about someone and to',[start] game [end]
talking to someone has subevent,b'is about with it an than from as many of that s for more his into that their to their what to someone the more be of the to',[start] make an unusual face [end]
buy a shirt has first subevent,b'your an from the something be on from it them and for and is when more for the and about of it is on up for this or more',[start] try it on [end]
2 Diabetes Mellitus is,b'down from to be s out at on this at when problem into you are and its problem and in with his as object in that is at is',[start] a chronic disease closely related to personal life style [end]
anteater capable of,b'his in that be on what by out it from for on their his what be about of many this from what out a as at is many this',[start] eat ants [end]
Most of the animal skulls are the result of,b'your at the a out more is your that to another is who a to their the about as for out one what many and someone a while one',[start] culling [end]
obesity is a,b'and in more someone it out about the up at an at while someone of that many out the someone out many while in new who as its his',[start] correctible [end]
different breeds at location,b'about for many s that on into or your are his between you you their that when more about at for you many what your away you for their',[start] dogs [end]
moisturizer used for,b'like by into to are are to the a someone be that its might like up many on their by to take a it who a it is light',[start] spray perfume [end]
The bottle is a,b'as person all you or your up that to is up with what it the at that out or one at and in and both while out and that',[start] casting a yellow shadow [end]
person be kill has subevent,b'for is you to a are your s your are at out what and from up your to by what an while that on and of them on for',[start] that person be damage beyond repair [end]
watch tv show used for,b'',[start] pass away [end]
meteorite capable of,b'of off up from in at what at you at a is up their it it what them in be the be by someone you by their his an',[start] near planet earth [end]
climb mountain has subevent,b'someone that by his or and his on more in you by from an in their what you be one some many their is by someone be some you',[start] bring oxygen tank [end]
Mercury is a,b'out someone your who someone is is their that very for be are away its many be about is what from them to very someone them from from on',[start] about two-thirds iron [end]
reading a newspaper causes,b'who them it to its be as with their at what from on its his many an for some from it with someone for for their person that is',[start] understanding world events [end]
tell story used for,b'someone out for their or person and someone be who on from this by about what who you on its this of them what them many someone out on',[start] make person laugh [end]
a control room used for,b'to of is and in its about from what someone from of of to like someone s you while many that about when an while who in person its',[start] checking up on people [end]
a courtroom has a,b'or them by more some during of the with by of are that at about in many by someone its its are on who while by be its that',"[start] a witness stand, [end]"
solor system is a,b'be store house people at some or your up with is who with by one than for that by many more for out at from who a an in',[start] wonderous thing [end]
The doberman is a,b'at their a for what by your be of its your from be are many by at many your that who out is an in someone who out you',"[start] a loyal, intelligent dog [end]"
someone capable of,b'down while outside up with for at a treatment to australia you like treatment of its outside with it it that them who from both it someone you to',[start] eat a sub [end]
see a movie has subevent,b'like like an than light by at be to do as you the have be that to person an with many them to see at up out by and',[start] watch and listen [end]
having fun causes,b'by with the who out on from what its what of is what with who an for up one his this be up who and your in be to',[start] get a criminal record [end]
execute fly kick has prerequisite,b'be look more in more out be a to person out your the a what from by it the while light you as your of its from his about',[start] get run start before jump [end]
The German-English Academy was founded by,b'down with at up a be like you as defence at its tape you like in out than out more an blood their to it up and more more',[start] a group of Milwaukee German Americans in Milwaukee in 1851 [end]
a bullet used for,b'the',[start] shooting people [end]
a baggage used for,b'a in what have see is together in is as who be with what of at one in the out s a more is at some someone than as',[start] checking in at the airport [end]
Toyota makes vehicles which has a,b'to a in to of more as with who be someone your is at that by your it with of out from it in its be with as at',[start] alternators [end]
Revenge of the Nerds II defined as,b'on about his from with for out s of to that what you more for one your up your about as what its up a about your as their',[start] sequel to Revenge of the Nerds [end]
something at location,b'are many new part of it out s at an about it his while from the about of and many many be you person that more someone in this',[start] open pit mine [end]
room key at location,b'of in more person of during out your while is and or on a about up at while on to its out on by and your this of by',[start] at hotel [end]
badminton defined as,b'out to person something person the treatment person s about and heavy an treatment his you to his many that one from be as be part it is more',[start] fastest racquet sport [end]
a person capable of,b'when down object to in you out a on of while the or that its what your many its out on person about with that be from the the',[start] swim in the ocean [end]
some mistake is a,b'by into of with during during to to',[start] not correctable [end]
attend meet has prerequisite,b'you like the its that at off a be of while an up in what it of from an and it on it one an up about be with',[start] get dress [end]
sunny weather has property,b'to a that will are when in to a are his like is your is out his an its by be the while an your the for one in',[start] considered nice [end]
metal has property,b'with an of who up you of at its as by in their you more that its about this it to your in is who be on on you',[start] hard [end]
eating causes,b'about your about as is its for the into what it many at more is be with up who its your what this at you what than from an',[start] becoming overweight [end]
MDMA at location,b'as who to many many when or about to be be and at for while that it that when about an to the by their s this a for',[start] a rave [end]
baseball field used for,b'be get to not that like what that it to another someone when make it is of this as to your more of to its for some be and',[start] look at diamond shape [end]
the Clintons to q u a n t o,b'on it have water that and with it while for you',[start] the retreat [end]
swear causes,b'to of during in be with its with than to off to who or you someone you it its more of at this that its as one it an',[start] make someone angry [end]
watch a movie has prerequisite,b'your a on a from up with the while and be it for his is with an when to have to you to about in of as about at',[start] turn on the tv [end]
commit to memory has prerequisite,b'at you their an be with what to by from be be at up what at that them out their more to of by you many for up of',[start] think very long [end]
an approaching car capable of,b'when your your than from a from s his be as as at out by many from from person the is of is more about them or the the',[start] hurt you [end]
coins at location,b'what who an is from as his what about who that might go who on from up to at an that you you what up than a away one',[start] a water fountain [end]
a computer mouse not has property,b'its about be light for as as about someone of is and the and this out that up more that them at who be while up what with this',[start] living [end]
bill file at location,b'with his as on and about than more you that is be many the be on out what their that by by in one from an or and many',[start] accountant office [end]
This is a,b'on it money them one on its down about its who s or the about someone that someone on out from to at for by one a of from',[start] a bottle holding a orangish fluid [end]
Onawa is a,b'and off item together that about to',[start] a town in Iowa [end]
an audience at location,b'in',[start] a show [end]
go fish causes,b'what be a your from of more to live more what and what their in your out that it you his an out is someone person the someone out',[start] have fish for dinner [end]
A pain causes desire,b'by down phone place you down up s while in and in as when what for who out its s as an that to as one of of to',[start] have an examination [end]
take oath has subevent,b'for s outside person out in at a at or while an your are of be many by with what more out one up with at who be one',[start] touch bible [end]
selling your new book causes,b'as up your out person you up you as their its or an that what that them as what from someone to you have your as the more them',[start] earning money [end]
Compassion and wisdom has a,b'as by someone at and for while many you on for be to from one who to more their about a about an you to with their you in',[start] a positive effect [end]
Ms. Ephron is,b'be on an from his about the by or person about of their s at more or a its who by that it as someone more a the on',[start] a novelist [end]
black-capped vireo defined as,b'of more on a and by while be at what his in as while about s up more who in as of a the s on for of some',[start] Vireo atricapillus [end]
number used for,b'something person more in is with his is to go a',[start] work thing out [end]
wait in traffic has a,b'or by over s this as in that of you like that at and their in the with many your more their the more who the out be up',[start] high economic cost [end]
you capable of,b'from many your',[start] drive onit [end]
person not desires,b'from it on at and as you on an together for its his down an your of one for and the away to an while some s one its',[start] bad luck [end]
get contract has subevent,b'someone is two a be be out at that someone for at the their by an you it out is this about this many up be person be the',[start] sign contract [end]
person not desires,b'what is is with in in at a be his off a at as have the for is a by one by to to tell by his many that',[start] be drafted into the military [end]
someone at location,b'who this good that their',[start] the compost pile adding yard waste [end]
something at location,b'into many it your together or the outside about it that when their you is with this to someone your its are on about it at be your at',[start] in newspaper [end]
fruit at location,b'of in for more with to together to a during that in your than is as up an for this on a while many you on someone to are',[start] kitchen [end]
A dog capable of,b'',[start] eats dog food [end]
hippies in april,b'someone person water in by their into the of of be as very about his as by his in on from its are on your from to his up',[start] that year [end]
pacific ocean used for,b'your it light an who about of one on many and more its up than light at at who many on an more your by up person more some',[start] swim in [end]
David Spade is a,b'with with the into into by on up that with one on or an the and with someone more what is with about with who while it up than',[start] not God [end]
run in marathon causes,b'at at its',[start] complete exhaustion [end]
sofas made of,b'when its while on it than for while who about is his the by the his',[start] leather [end]
Apartments receives action,b'off while the in with this in for many as off you for as food an what one of you more that more his about them than and and',[start] built on the ground floor [end]
there is a,b'to that someone the that its in be who who s it and out who the away more person be who out someone this on some to that what',[start] bury treasure in carribbean [end]
Chickens not has property,b'to out the down more of many its while when with with of s on it their while many their you on what this to for someone one an',[start] allowed in motel rooms [end]
A private foundation seeking to revive part of Newark 's blighted downtown is to unveil,b'of with to like from the to s you a are as to at to it with about as up that be in for your by at on person',[start] a $ QUANT_O_1 plan on Wednesday to help transform the area into a round-the-clock neighborhood [end]
go on internet has subevent,b'a get small at to and s the',[start] spam [end]
fire capable of,b'as in more this to out while more is it for what by one someone the out than what many by about that someone in is more who your',[start] cook vegetables [end]
"To ""act"" defined as",b'and that for from about to on about out with that as s is it s from an you to it its with on to of its be at',[start] proceed [end]
The Loan Deal goes through on,b'with from and in of in of and a what out when you be it your by by from be away is for by who be his what one',[start] Oct. 6 [end]
kid capable of,b'about s object with of what out out and on someone up up from the away or s be person someone someone who with as an as at be',[start] be brother [end]
job is a,b'off in at as from be on you is into is who in you out you to his your an outside be what his or person an you his',[start] student [end]
desk drawer used for,b'your is have to you with be on is who an the with be that its for them some is one with at about as person an who be',[start] hold item use by office worker [end]
can receives action,b'to about and of as who with while as s while it their someone be who the who someone that his while an you in a more on an',[start] find at theatre [end]
A comforter is a,b'in a a something their than as off and you like s that on it with in be to its as to its at what than for more in',[start] someone who gives comfort [end]
run has prerequisite,b'into that by in who off on you into s about from your with and that in what in a on by their your many be as at that',[start] just do it [end]
The Concorde supersonic transport is a,b'you from a are from about a when some from to the up a at is you its its by this up at the this by many someone out',[start] a beautiful airplane [end]
Elan Pharma conduct,b's their that at at be when as by an the the to their and treatment from what someone from to person and the by their out his this',[start] marketing efforts [end]
Many offices has a,b'by in or than from for off with you up be s be as at up from and your their s their s away more the who many some',[start] canteens [end]
I has a,b'',[start] too much junk [end]
bone at location,b's on of by up and with away between about what',[start] church [end]
bulb defined as,b'to by from his be for the your into your than and or his to an in in be out from at up is this for their someone you',[start] seed of some plant [end]
a baritone at location,b'what be an a up or about is off s what more is person to look of his many many it that for its its and an someone out',[start] a singing group [end]
xml is a,b'into from about their about be or who is that many their be or from in by it in you someone the to them be be this some at',[start] modern interchange format [end]
Steven Lonegan ran for,b'by in that at be up to have what its off an you up from person at is your their of more with your their it an it on',[start] governor [end]
Brake lights has property,b'for',[start] red [end]
yard used for,b'out someone for at what at out its as hurt more than good his more your while them and out the as you that to to your at at',[start] distinguish property ownership [end]
clean your room motivated by goal,b'a in to for when',[start] it be clutter [end]
a diva at location,b'from their is in for more its about its his off who s who the who from you at his at by from person at out or you from',[start] an opera [end]
wait on tables has prerequisite,b'as out with you s someone of of treatment away while by as to the who from as one up from on that you with what their their is',[start] get a job at a restaurant [end]
cash and credit cards is a,b'when of what the from for of treatment than of to what what while is of s for to you with away during this at by with at and',[start] two ways to pay for things [end]
take stand used for,b'in and that as at someone is its to like its is someone you many and while an an is what and that their up with from for from',[start] get what you want [end]
Recent research at the Medical Research Council 's Environmental Epidemiology Unit is showing,b'be something you will his or person on it a your up an from their about what by is you out and with it than this on an who',[start] that impaired growth in fetal life have profound long - term consequences for health in adulthood [end]
a sound used for,b'his to more by and',[start] listening [end]
skeletons at location,b'to make do to it to to off someone be up your and away when by as what a is some be you some you about light on is',[start] a museum [end]
the cop capable of,b'to like their from while from in its',[start] direct traffic [end]
Light in the window is a,b'a person at what out a while someone of and from when his of the during person in on an or an about at some on at his away',[start] a sign [end]
motehr capable of,b'is a know your a that who you their your together with some what them for them be about to it than with on about that by is you',[start] sing to baby [end]
a toy car at location,b'are up at up its who a its up is while you you up its more about more his or someone who to this that them that to your',[start] a house where children live [end]
drive to work causes,b'to your an his to your your something an than their your as their of you it of and from this it to by many about and its what',[start] promotion [end]
notebook used for,b'is be not it the the in be in about from to you are while many for someone its of that out than some in and one up that',[start] keep note [end]
the law takes effect,b'at many is on an that by the out be',[start] Friday [end]
The 4MGS was,b'to with many from up when down on to to s when by up s your and his when as what a be at of your with some while',"[start] the 6 min walk distance ( r = 0.477 , p < 0.001 [end]"
attend rock concert causes,b'of by of to into who of that when',[start] hear loss [end]
notes at location,b'something time and with for his as fall you into are about at his a into this someone to store about with up on this a both at from',[start] screen [end]
bug has a,b'when it one it a while on many by when about at an off their in a to his on the your your out in by what some some',[start] leg and wing [end]
student capable of,b'out of of into his as have while an at at on what by its person s many an from while their out the by for their this up',[start] learn about literature in school [end]
a neighborhood map used for,b'its about who s an up on you to have for for have someone up more that some up his s up about this at it what their their',[start] navigation [end]
watch movie motivated by goal,b'that his a someone and about what be with its that your to have to and some a into what one that a of their this one person the',[start] review be good [end]
Safety pins is a,b'your of with s on many their for some you for its off and its a many to on at an the your to that a it be while',[start] sharp and can stick fingers [end]
meet person has subevent,b'his one be one his of more be who that of its the to buy than person your or up that that it about his for its from many',[start] exchange pleasentries [end]
turn something off you capable of,b'with to his that is your to what it about his or on and his at them by about for the you some more some at by some by',[start] this to leave [end]
child receives action,b'or up them one your s be is someone into or its on his to go it their the treatment for have light be light at more in from',[start] teach to hate and fear [end]
one space shuttle acronym is a,b'by than by s and what at his down of the or by',[start] adi attitude direction indicator [end]
jump up and down has subevent,b's both blood pictures',[start] break leg [end]
fountain used for,b'like for you be when are as person from about person on about at from them to more someone many is out up about for their many this for',[start] dispense drink [end]
water at location,b'its an his of many their on this with while as it as their while up the s out s the for its away s while for the your',[start] a bubble [end]
Chewing food in the mouth defined as,b'is for its while away you',[start] first step in digestion [end]
someone capable of,b'a the in is you that out on someone be from by the off you about is them and from to live on someone on more to more who',[start] create a new form of life [end]
Valentina Alexander emerge from a haze in,b'be look have to play out or another someone while person be of a to you are on in his who as its some the at on you an',[start] Zinda Williams 's stunning African costumes [end]
coreometer is a,b'a in by s your and together when with what or up than who in at what more or while out about in about your away than to more',[start] pupillometer [end]
improving yourself has subevent,b'like',[start] join others of like mind [end]
some flower has property,b'like to someone it be are on person their the on their make is its is it many it your an out on at your one its as be',[start] edible [end]
Most people desires,b'up it have someone who on to you his on you to it out his someone as up what about a at your his when some many what it',[start] have friends [end]
you shake has subevent,b'as out someone in his like of and in your are who and what their someone on a your from is away and the on more someone as you',[start] rattle it makes noise [end]
rain storm capable of,b'in that person from their on is than with who at their or is as its is and be this on be of is a the by up person',[start] water lawn [end]
Music causes desire,b'what to about as up an like at s up when at to get one than by their what a it someone and and as be about this who',[start] relax [end]
make patchwork quilt has subevent,b'for about or their about when the of treatment',[start] cut fabric [end]
person desires,b'as from at at or up by his s with and is what away into s by at his at of the in this as person while more up',[start] anykind of sex life [end]
subway token used for,b'by out be might it a with a and and their a your of be on them from to one many in this of by is for its you',[start] passage on subway [end]
Pittsburgh and Boston both has a,b'someone of that an on their and at as by its with it you to the is that what it for its is one in of that that of',[start] old things [end]
reach tentative agreement has prerequisite,b'the life',[start] communicate [end]
cannabis at location,b'who from about and about for and off to make at about it is from more his with of in of their someone what while is on in out',[start] growhouse [end]
it receives action,b'into of during your together when in more to have from one with to a that for someone in their up person out out more on a your this',[start] clutter [end]
anyone capable of,b'with out it on it and than the from when your is many and someone many from some their someone or and that of this one out your at',[start] judge person [end]
a dancer capable of,b'as out and its out or about be your its what the for in you to someone the your into about by its of someone on from up what',[start] dance in a competition [end]
map used for,b'by at have in more the off for its you on with one',[start] locate rest stop [end]
The U.S. increase aid for,b'what about as by and in your off an are of for is to you are by person s who for the for what out his more with a',[start] birth control to developing countries QUANT_O_1 [end]
get some physical activity has subevent,b'of as in his to a a about with when is or for of who of for with you to some about be on his about at you and',[start] improve your health [end]
bob dylan is a,b'with be person one his are down about someone more on its your your of at some an from a as by up that of about person what a',[start] lowrider [end]
clean clothe has prerequisite,b'in an part one more them',[start] find dirty cloathing [end]
at top of arch is a,b'your what at someone the is a to what who',[start] keystone  [end]
a restaurant be named for,b'is from you of is someone into by who an to are be you',[start] its address [end]
food receives action,b'its you your out person at your who of while his be or is a and away person many and its someone of in its an during who person',[start] purchased at a mall [end]
San Francisco has property,b'for its up to someone you s his you on to by their your who an to as in their its out of many someone an for more to',[start] close to Oakland [end]
elephant has a,b'a and on who out at what person your and to',[start] leathery skin [end]
a library used for,b'at the with',[start] reading [end]
attend lecture has subevent,b'to make buy find an',[start] sleep because of boredom [end]
go on internet has last subevent,b'the you that on it someone at of in many as to make out his that you more be be their about this be out to be at some',[start] enter address [end]
send criminal to prison causes,b'down and down in on s from blood as law is with with what s that while to concert is it out during more out for what out of',[start] good society [end]
condiments at location,b'as is as away in the in of with who s from with about who for and while is with about at one in it with who this while',[start] at dinner [end]
deception has property,b'off during problem at their between together for outside for at be treatment and about this s away of his the to more by while the from one as',[start] bad [end]
great athelete capable of,b'someone is store be on on to another about in in who while out on your is of at about what on from on them with his about them',[start] smoke competition [end]
become a scuba diver has prerequisite,b's in about with someone than about what what in about is at about many you many this many on at be is what on person with with you',[start] learn to swim very well [end]
a finger used for,b'something time like know know something like are know go like eat on a that a it by buy your one to be its the your with some about',[start] wipe tears [end]
win baseball game has prerequisite,b'on a have have buy off to out the s on from to its at person is to at person on be by with as them or its by',[start] play baseball game [end]
Lois Epstein is,b'in as you with them in be by with to on from who in out and for while their someone to on as its many for on it many',[start] an engineer with the Alaska environmental organization Cook Inlet Keeper [end]
something at location,b'',[start] top a mountain [end]
low animal has a,b'by the this at more while or from more for what that is to be to have what them in up your their that one person your more to',[start] few or no emotion [end]
pay bill motivated by goal,b'what it light have see person a or its its their out what an in one in in some from person your his about that more than to their',[start] stay out of trouble [end]
castanets used for,b'and many from to be from s many for the when at up in their into the by his more your of out about this some you be up',[start] accompany spanish music and dance [end]
entertain people has first subevent,b'the it them up you together its your while at that the what to an in some this you from for of out from the their as is on',[start] put on music [end]
go to bed used for,b'at for out more that its as on at their into who a by your who when it that with someone up from an of for the his or',[start] rest and relaxation [end]
spacestation mir at location,b'and from by off up is who to his to and their to into as is its while of its many in some your from from while its in',[start] orbit [end]
you eat when you has property,b'into one to your to another about some up as you to someone s one their and and both what as that as out out your someone as with',[start] hungry [end]
learning used for,b'out on for with in s its heavy by as important who someone what a be person to build you his as for your part and the the many',[start] inreasing knowledge [end]
Mora became more of,b'to your and or on what s of while its on someone to is to for many many away your an its away for their and to his of',[start] a fan [end]
do crossword puzzle has subevent,b'down between about when of your the well or for object from many many key or in that treatment your both on on some with for that out one',[start] use eraser [end]
read a book has subevent,b'the one on in about up many out that its you something an during it some many out a at them that in in of of them more and',[start] you might learn something [end]
releasing your energy causes,b'is in to be be of what what to from be its about that an as by an about this its be it a while what about on you',[start] explosive power [end]
going to a play causes,b's both for your are to get by many an in your in for on out than its more out at this than an of a his his you',[start] entertainment [end]
the Quinebaug River powered,b'of that more this more to on about s or for more by of his what as by the while in what and with what as of some that',[start] the QUANT_O_1 mills [end]
sometimes weather has property,b'on by of more or to are than that to like you as is are in as an out you of from out one more an it many what',[start] bad outside [end]
Senior citizens capable of,b'or out store his what your and be is on with an of as use what to eat with about of for at the united about you a while',[start] enjoy good health by exercising [end]
telephone made of,b's at one for you',[start] electronic part [end]
get exercise causes,b'up than them with that to his at many someone what as in to your you an in you their their an off an when more out of is',[start] get healthy [end]
a coffeemaker at location,b'like you in many of more out is that are many a when that might your that and someone by more person one an from up of for is',[start] a motel [end]
someone has property,b'in a it you are what about you something for on in in you its as about an than it at as one many a as with a is',[start] very good with write word [end]
a person not desires,b'be you to not their to for a about your up who a from in to someone and its what be it person someone about to many out person',[start] be dirty all the tie [end]
visit museum has subevent,b'the a something a for at an be is at is to at his as in a when some some to people his on by new for person who',[start] decide to become artist [end]
A student capable of,b'to your as and its down during be',[start] listen music [end]
Male martins use the song as,b'by an key an by in or its on s during as your or you for on who for from its their from on to out at of person',[start] a to a mate [end]
a frying pan used for,b'to something in from who in by out as someone a its down at some his who a that what your their at this by by you it who',[start] saute [end]
Forest fires cause the sunset to has property,b'at in in your s a',[start] very red [end]
apple juice has property,b'something their people some its from a while about on is on out or a what who out many his be some a them at the one about at',[start] refresh [end]
Floppy disks not has property,b'or an object of with is to to do an into that its you know up who your this you to watch a more his who his your object',[start] longer floppy per se [end]
build cathedral has subevent,b'out who both an off this',[start] architectural renaisance [end]
person used for,b'your from more is some when for by s while many from many by up up more one by an be be person you an when for his to',[start] sing with [end]
horse hooves is a,b'by or for and while from on of of when',[start] like human fingernails [end]
swimming causes,b'on in your what your as or while who with up for the for for to you to an with by you while in for up an you up',[start] water in the ears [end]
rail at location,b'as your in someone to who down to his between your into with more while as while up who in you one that of be about about from it',[start] flight of stair [end]
child capable of,b'',[start] act petulantly [end]
suzie is a,b'are at up with as s in during the from in you that up be by more that in their by and the on who up its of of',[start] harold wife [end]
a pillow case at location,b'for with in many you what it in one for that for out who an',[start] a bedding store [end]
driving your car has prerequisite,b'its an s an off out into this during some many that out up who up out who his on the from this an of both what from that',[start] gasoline or petrol [end]
flower capable of,b'with you very an than out by with s the out of many while about to as what by with someone who at is about you as the at',[start] continue to grow [end]
Michael Jordan is a,b'like an who them your from is the in and about to need to use from by and of for what it out their one who someone of for',[start] a good basketball player [end]
mole at location,b'for that person them the at up many as you into at about an with the its of with your off some many his the during and many it',[start] underground [end]
milk at location,b'by someone its in it them you out what an is as of out an for for what at as who that be it the of and for on',[start] carton [end]
driving used for,b'into his their your what in or what from about the its his',[start] those who can see [end]
play basketball is a,b'is for you to is',[start] form of exercise [end]
mandarin oil receives action,b'for from what on by be out at an be to on out of is their while what by an about someone by more about as up more of',[start] extract from fruit peel [end]
visiting a museum has subevent,b'when in on your something of by in an your for the up for for by its on on while their someone your in about your at and more',[start] buying a souvenir [end]
Inaction capable of,b'of into more an off an your at of both more on from while what his by to when as who and to his more who while their out',[start] box you in [end]
climb mountain used for,b'up their someone be your is someone to in what many his by more out someone what be to make a its for one it it a their the',[start] adventure [end]
barley is a,b'on more that your or them that his you about a of out on as to a from more for is a more with person out that be his',[start] domesticate plant [end]
Participants were followed up,b'when as that away and and than an of into you or your who that out who more while an what more from for is be it to some',[start] during April - June - July [end]
butch has property,b'or are as that of for or to know as to play who have some of from for more its at this out to watch by a their out',[start] unlikely to be vegetarian [end]
compete against someone used for,b'who an from out its to the off while on from be up a in this be as who out it by the his away that for a your',[start] contest [end]
ice cream may not has property,b'when off hand paper clothe in a of object an are with who out during by about in while for person it up about your s about who who',[start] healthful to eat as some herb [end]
A ticket used for,b'off as his what is s off on an down in this or your by s out their them in of both up to very by an treatment it',[start] gain entrance to an event [end]
a drum at location,b'to and about out up when an into his',[start] a musician's home [end]
a rosebush at location,b'and for about s his when and during during while of their that',[start] a garden centre [end]
start family has subevent,b'its some many this to as s it their about the or from about in this on this that many more by one in up be from one is',[start] build nursery [end]
determine the truth has prerequisite,b'about',[start] look for yourselfr [end]
go to laundromat causes,b'about and by that about an between his that his to',[start] get your chore do [end]
his foreman is,b'at person you that to his from someone by for for a is from them when someone its its from them what by your of one it you from',[start] Max Pierre-Pierre [end]
i capable of,b'of of members when that you up off as than at in that into his an about while an from a about this than s while many your its',[start] walk far [end]
globe is a,b'on that who is and or at that from more an are to by his what as for his it in for about the and to have and for',[start] spherical map of earth [end]
apply for job has subevent,b'to at be more more from be into at you for for and',[start] you give out your resume [end]
Compliance with applicable statutes is a,b'or',[start] a core company secretary role [end]
Humans has a,b'about is someone his of you s be to it on',[start] 2 ears [end]
lecture at location,b'his one be to to something an something its of someone who while you his from is more be one of many up from your one who what them',[start] conference [end]
a closet at location,b'',[start] indoor paint [end]
there part of,b'that and be the up to your up from on you off that and one the on and be on be out s who its many by while while',[start] south carolina [end]
A man capable of,b'the this your out out its than for the is what a who its be the this out as many by one your as on that is its his',[start] grow plants [end]
tree not capable of,b'up for while as s as their down while at with that by many away s your it to one your on your of from be that it on',[start] walk [end]
a still body capable of,b'off as out out or their on and while who during with an about at it up or this to to an in this than this in by to',[start] water reflects its surroundings [end]
A construction worker capable of,b'by for',[start] position a cone [end]
ICRW is,b's their of during of while a while when be into and into for its down',"[start] a non-profit organization headquartered in Washington , D.C. , United States [end]"
a viola used for,b'the to live at be his the your out your s or be s out or its its about at a while with an by by that their as',[start] make music [end]
a rock capable of,b'be see you by you as at out more some be his in someone to you out more a one an his it who good their out it than',[start] trip a runner [end]
play game of chess has subevent,b'to from your your when as with your or you on who someone more more up his while more an out be out on them than them be someone',[start] check mate [end]
go outside for an evening has subevent,b'up a at for the a when at when as as and away that his for on a from with some about be it more up at many about',[start] leave the house [end]
76ers has property,b'who their to have a on',[start] go to beat lakers [end]
post-traumatic stress disorder is a,b'is them up up in of at what it or their with up as be someone to the the for and you on them with of is them some',[start] anxiety disorder [end]
a flute at location,b'the both it have have have someone of are',[start] a store [end]
shades at location,b'his one person an are it for an when person many while many while is to your about from from with many your into up of them for your',[start] a pocket [end]
locomotive has property,b'when on from it be his is down some you for when on out when to his the outside who more you be them in to by them person',[start] powerful [end]
trigger flick is a,b'with more a in than a to a into to',[start] error in pistol shoot [end]
a cash token used for,b'for up with their down up in and or when to out his at to their the you their from be with in a for what with that it',[start] using instead of cash [end]
a ball at location,b'down up and or its on you when be for food as supporting many with this be of for a out more is that out you and is from',[start] a soccer field [end]
RJR Nabisco has opposed,b'by of about at for from you your when for its by from on who about one of of an about as with someone what up to from a',[start] an immediate spinoff [end]
A store capable of,b'of when down',[start] stock up on cheap goods [end]
Members of the AA has property,b'is that and someone of as the and your who about are an in it the as that by an to with your for many his when this more',[start] less likely to drink drive [end]
play frisbee motivated by goal,b'into is for its by from a in a are from by an what on it more with on in its of as who someone for you by in',[start] use your muscle [end]
comforting a friend causes,b'the one some of its that is for from by about many their on and what his or on with more up what the that this one is the',[start] crying with the friend [end]
wait on table used for,b'by out someone your up out by of that are you down many in the be the at with on with up someone is who his more his out',[start] earn money for waiter [end]
many different ways to put furniture at location,b'a the food store one out is you with you from for more an a and out their some the someone what in in at its of for one',[start] a room [end]
meat at location,b'your in many is many the off that what your someone on their as with from your when some what is many in from some it for up that',[start] refrigerator [end]
automobile has property,b'you have might at at have that make up to by something about it them at one its to you you it of them many an while of by',[start] beloved by american society [end]
have food used for,b'from by as his or of its together is for of many up it of one or your when you someone an away about it your on a in',[start] entertain [end]
lose consciousness has prerequisite,b'what his it its who',[start] lie down [end]
write tool ballpoint pen is a,b'that them out of s is a or is what out the the be while with who what for the that at a about what the them the someone',[start] modern invention [end]
something capable of,b'about it a by of someone out that from as out is what person is about his on by for of you be someone the and an out one',[start] climb a tree [end]
it is a,b'your someone its some someone be about many off what some by with on some is what what it and while some a part from person at someone and',[start] place to launch rocket from [end]
a monkey at location,b'who to might for with or someone and its is many by in while at while when its as who the while some about by to while the their',[start] a banana tree [end]
become a scuba diver motivated by goal,b'about is someone to and while in you you his is what while it a is some and s your to the s the away out about what that',[start] traveling [end]
do housework has subevent,b'off outside the object as are while at as',[start] you vacuum [end]
student capable of,b'your as is on about an you your the as what its a his about be many at up by in them their more in about you by who',[start] try to study [end]
go to mall has subevent,b'out that an during person out that them about on person be more your clothe of new than in you from you you more an more up is out',[start] walk to mall [end]
person not desires,b'as in be to who by as many that a as that and the be up more it by and you and by this you that by is on',[start] be rob [end]
network has property,b'on someone with many is the after on one the s for who it some their that them the one from on its s for for about that what',[start] good [end]
You capable of,b'to it live person its or some a the is',[start] buy little with a copper coin [end]
Dead people not capable of,b'as their his about your up of at into a',[start] wake up in the morning [end]
play sport has prerequisite,b'are it on with that as or the into s when to are or some is while many and many and on a during many as this you some',[start] buy pair of skate [end]
Sperm cells not capable of,b'and when it one someone',[start] live in your throat for long [end]
The ABC classification may contribute,b'from from this and who on up from more his into and s it you his or on on from you its who away s as one in on',[start] to primary care of digestive organ practice [end]
the national guard capable of,b'',[start] control that angry mob [end]
Many websites advertise insurance capable of,b'that one an in person from out with with and',[start] provide savings to the buyer [end]
Lack of nutritional understanding causes desire,b'be that and by what an s its who an to might and its it out of by it while on an',[start] eat a hamburger [end]
water receives action,b'his an more new who its to another you is by from about in with at his an your what of is and the its in it a of',[start] find in well [end]
Mr. Ellison mr conway with,b'up to his for of someone down it at his of be away who that by at that on its for from it what on who for his on',[start] a chance to reply [end]
another person has,b'the treatment house at is an from be you to',[start] stock orders [end]
see movie has prerequisite,b'you have make make an and for some in are his something person your down in as its when its away up as make at person his their a',[start] buy candy [end]
go somewhere has prerequisite,b'something person store work food an into a on some that watch is of new be be this at that it an as something for your someone as their',[start] go outside [end]
a person not desires,b'what to very to with at be into on what and more for an when this what someone when his his is to the that that you who you',[start] stress [end]
hematocrit test is a,b'off through on for for someone in an members during that that while an problem for someone of his is of your out out your out many while who',[start] gauge anemia [end]
Gwynn said,b'at you a the by what the to when to of you someone someone about you it is as more your to as a you might as about about',[start] would move on with his life In his first interview in QUANT_O_1 weeks [end]
this car has property,b'off with on on or and are from you to your when and out from for who during from in as of their its into it what of at',[start] park parallel to curb [end]
many of them climbed over,b'about and during at from your between and its someone for what more at from is out when that the is someone with more someone more of at out',[start] a lot of harsh terrain [end]
a dead animal at location,b'for on this during out with while your by an is while about on many that one the to it of on by out its with their s to',[start] a freeway [end]
loss of love capable of,b'as is to the by your you as while your or when about you by who up to someone some and someone by some and more about is a',[start] break your heart [end]
burn grease capable of,b'at your their to a up or your up a with at out its your with what be for this person an you in on person it up of',[start] set wood on fire [end]
pepper capable of,b's their have do to at is someone be a is as what them their from some this from is their while from for and of is to is',[start] season dish [end]
a telephone booth used for,b'someone you store someone who many that who of that on out and are who as you your and on who who is who some your when up of',[start] superman to change clothes [end]
someone at location,b'are what when on to might off than is about their or by that the many or one its who and one a out for is for about an',[start] the toy store [end]
their pressure receives action,b'when in you it the a you up up who and in many and is to by its to many the to what with as out his by your',[start] check regularly [end]
One impairment a person might has a,b'a into to make for store about who at his into many and who for who you it your an that and person up in many who of someone',[start] is coronary occlusion [end]
a box of chalk at location,b'to from and during off of in as is on by',[start] at a school [end]
Chris Campbell is,b'by on the while into its into on as about who to into to it at person what their is person of person that an and the its on',[start] linebacker [end]
A blowdryer capable of,b'with on them about who a after more who what for of is away many you the someone who of of is from of person about in in more',[start] dry wet hair [end]
stay fit causes,b'what from with many out up',[start] build muscle [end]
Beds is a,b'that about up of into to in is the be to by your that more someone with out a your it in your as more them many a with',[start] sleeping in [end]
Chronic respiratory symptom measures included,b'or about and while with for for someone',[start] breathlessness [end]
take a walk motivated by goal,b'into its what by away up for from about a about is while of at as out to another their on the who what a from as many on',[start] feeling better [end]
park zone used for,b'when when and while as',[start] park automobile [end]
hydroelectricity made of,b'of into the off an with while between is be in it on to out someone in many during that by as or on out a their the out',[start] water [end]
a good offer causes desire,b'like by them about as store',[start] sell your new book [end]
jumping at the chance has prerequisite,b'his their on to make make your',[start] taking the opportunity [end]
goalie at location,b'is more be at who',[start] soccer game [end]
jogging used for,b'by and be to about when and who by off out',[start] getting places [end]
a garage used for,b'into one one than more more at more their at his',[start] a mechanic [end]
small lake is a,b'off of members s at s from during who while from down in and during than it more on many during that for the part',[start] pond [end]
view a video motivated by goal,b'into more their that as to about with and is of someone and is in a of their by for on with with while at in the is at',[start] enjoy it [end]
water at location,b'like about what at person some for in some s to a or with the person it your like your on on on a someone many the with with',[start] three state solid liquid and gas [end]
someone at location,b'up you his with by on an what by from someone his by its when one up by on to for an is and many as its an out',[start] a massage parlour [end]
canada goose is a,b'someone you see to get his than one their as that person more who an when light of the who it about in that their about be as light',[start] large north american bird that honks [end]
fan in someone hand not has property,b'your about on from at the together be on of is up than be s is some its by to might to more for with someone an to the',[start] electric [end]
massive amount of propellant receives action,b'by a or an something out your you of from it that into when many an the be as while at with their as one from out to what',[start] require for orbit insertion [end]
Repeated measures analyses of variance examined,b'the as some one is his for your your down or some during them while that about be you for in from who one up to good some with',[start] changes in blood glucose [end]
a train station used for,b's through you be with for his are for what from to a its your about to what to very the its in to its be your their it',[start] taking a train [end]
miss curfew may mean receives action,b'',[start] punish [end]
a person not desires,b'by an be its as with and from in out',[start] be devalued [end]
lie has subevent,b'off for you an down up or is s',[start] pulse rate go up [end]
eating vegetables has prerequisite,b'its by you with many what to another as more on about as an or that and one the about his of more to is this who for in',[start] vegetables [end]
a paper menu used for,b'at person for on an after its is is is to you like with one out about one who be while be in an by with in it your',[start] giving to patrons to keep [end]
fireplace is a,b'what on someone from as like is to your someone of by to an heavy out a it be who an s them it what a it one about',[start] desirable addition to home [end]
Senators defended the vote in the name of,b'off who by its while from into on or during as s its and by its from who out that while what someone while away more it to that',[start] ethics [end]
Employment is a,b'when or by is its what out for while while is in away off is it what by you are someone a you your them some many as be',[start] a crime [end]
tickle has prerequisite,b'or someone be that like what are while or with out as',[start] find the right spot [end]
Smallpox vaccine has a,b'or them his his from his cancer treatment it more it as money on with his part at the object many its person and you more someone on be',[start] a shelf life of 18 months [end]
going for a swim used for,b'on or a on its in and s off on into its its with you are as this someone that that in person out who at a your an',[start] going from one place to another [end]
soldier capable of,b'your as your and you s who be when from from about that is the a at their you of with up out for them that this their many',[start] storm fortress [end]
drawstring bag is a,b'in in it one out for s your and down for on the about your to as your while at the in in you while that some at up',[start] good laundry bag [end]
saudi arabian gazelle defined as,b'something to watch a when an in with in and for find to it out than person it while out your one a for with this person about for',[start] gazella dorcas saudiya [end]
saturday defined as,b'from its at to up',[start] day after friday [end]
society receives action,b'to some many someone to like as his out that to to of some the you as its a of from for in it than what you someone someone',[start] compose of men and woman [end]
one of musical notation clef is a,b'up as an who that to',[start] g clef [end]
child capable of,b'are in',[start] choose to help their mother [end]
awaking used for,b'its one on many during up off of an together who out it as from of one the your be his about to person out the s who some',[start] going to work [end]
moisturizers used for,b's when off that the who or and with into from to what of of at while while by away of be it what your for of at more',[start] hydrate [end]
entertain person has subevent,b'on many for at is',[start] serve drink [end]
shower used for,b'a like for to make and with about out up a your who in to the one for an of someone who of with many to light as on',[start] prepare for bed [end]
wash clothe has first subevent,b'off food person water the or key up the object more as s in as by someone to have the by of both an key his on about their',[start] dirty clothe first [end]
Hard capable of,b'of of many about their s when that while into',[start] casts a defined shadow [end]
commit to memory has subevent,b'someone up by about in about to find to to buy your up and very are out with it his s about what your one that them on to',[start] create mnemonic device [end]
bathroom at location,b'out an that as someone you as for one in the them it many them in them by some them and as you on their be one is about',[start] bookstore [end]
the locals speak,b'who out the and the are by from you something at his an s in by while its during an be both his one for you an that their',[start] Taiwanese In Taiwan [end]
buy tickets to that sporting event motivated by goal,b'down outside down treatment together problem after down down key the phone while that person in at many object up his at more be one its treatment who their',[start] go to a sporting event [end]
not all scam artist is a,b'from at someone a out up its of as what to and or your his of what with its that a someone many be while of of that up',[start] con artist [end]
person desires,b'off s blood night night with and to after his s in as after your for be it someone with about one your into by your an of to',[start] clean cloth [end]
A recent cartoon playing on the popular movie had a circle of,b'down who an are be with and of as phone s at its quiet with in as on its for an route someone in at that part on from',[start] political first wives looking fierce [end]
annoy your brother has prerequisite,b'are to the you to make or in your be his than is s out what to might person to an in to make is what an away who',[start] repeat everything he say [end]
lose weight causes,b'with out person to it from up as to about at at to person many their an during out out for be is for them than by a out',[start] hunger [end]
a sink at location,b'your his on many with for its in about you you off it as that some be while of to to will by an is its its from to',[start] a laundry room [end]
set cup on table motivated by goal,b'is be buy you',[start] it be too hot to hold [end]
riding a bicycle has subevent,b'up to something like something have a as who the off in someone when at its more with many your an that a s them many an about many',[start] pedal [end]
consult expert motivated by goal,b'its who them your to to you to is someone the someone the about it some at for by this what is at it its many your their by',[start] change your appearance [end]
watching the evening news has subevent,b'to is for some out what or it who up more for your s be their his its for this some as and this their at you of about',[start] to recognize someone [end]
society used for,b'to on at at to and when out an by s to is up many out who what when them your the someone one more to be more many',[start] mutual protect [end]
a paper page at location,b'your a out a be are about with the like out with someone up some more about be an out their be a with and and about many out',[start] a music book [end]
play the piano has subevent,b'and or down at an are its out that off of of their that while this you more in to the s with be someone some from someone an',[start] your fingers hit the keys [end]
listen to music has subevent,b'in into is you from his with and in who its are at your about than someone by on the at one at is its is who its more',[start] you feel uplift [end]
play basketball has prerequisite,b'down into a is at as tape when while when a to concert and quiet or the with is is as you about the to key that for someone',[start] basketball court [end]
join the military motivated by goal,b'by to an you are with and its in an of more at the by their what about who s out it a their the as of it you',[start] fight war [end]
Western society has property,b'about be it your s the s during who or as that on your about while up up more as be who the of its their its his out',[start] patriarchal [end]
glove capable of,b'up an that in be into for with who that or a from out of an at someone be many while in your up on more his s in',[start] fit tight [end]
films are set in,b'a get go play become to are like on for from on up with out that to his more at the in you his by with this what what',[start] an upscale well-scrubbed America [end]
become scuba diver motivated by goal,b'and by with while an up or is as who his with from and during up an during someone one many more than from an its in this your',[start] see fish [end]
drink glass capable of,b'as by with from what for you someone while an out be away your into their at more at them for person to of its what out up than',[start] act as magnify glass [end]
make people laugh motivated by goal,b'something store in your that a into something as watch its with on be person you that you will have that one person in good and with his in',[start] tensions are unpleasant [end]
legumes be served,b'from who by when with what up off of that into into is is this during that in their you for this to a in on that some his',[start] the langar [end]
teacher capable of,b's from more them who by',[start] work with child [end]
rats at location,b'his his for from about as at by out for who many at while with to have and as some for it or an s this their as an',[start] the roof [end]
gas burner at location,b'of from many part you you is at who by',[start] kitchen [end]
see excite story has prerequisite,b'are the its at the when about and about someone the up be with as out your their up of be in out a that and of out and',[start] watch soprano [end]
cut your hair has first subevent,b'up that to have and to have with about the in many on to tell about person to two their some you up by many out be some someone',[start] use scissors [end]
person not desires,b'for what up your from or on on a',[start] lose sleep [end]
payment counter at location,b'up on their be from that off his for their who out to its as who of about that his by that in is his in in in one',[start] business [end]
light at location,b'off a at more that for with as problem when be off its down up during be at at to at as is you and the many you and',[start] plane [end]
a person not desires,b'his for of on while when with is at their by out is as that while some that is that person your is what about someone of one of',[start] be thought of as incompetent [end]
have physical examination used for,b'off into in out s when or of this by or and his to make their from an s it out that while be in you that someone from',[start] monitor your health [end]
person capable of,b'up of of who the or with as their when your the into for person of some at a that on a the out it and your your someone',[start] carry shop [end]
someone capable of,b'is its very the with this the out it it about a while many you many its with what as who for more their a the is be about',[start] change windshield wiper [end]
buy food has subevent,b'',[start] you carry it into house [end]
People not desires,b'at in and be for that up your by about that an into or be as a is is its out your and for what as at what be',[start] naughty behaviour [end]
A forger capable of,b'to will have more one more many what out for their or at be when and who a s some the his is is in new about person you',[start] doctor documents [end]
returning to work has prerequisite,b'are or and its and what about s while with it than more who one from many up out for in their you it many for the at more',[start] having a need to earn money [end]
A game receives action,b'into to buy his your about up with it while his to not as and when as more to to is is person you what someone his by his',[start] played in a stadium [end]
your lost shoe at location,b'what his its and and to its who while that as the a when person to your from while up from many what be someone to in your be',[start] the bed [end]
if you desires,b'that be to are your by into on you from up to more at in some what more your its and to to on at out up by someone',[start] your privacy do not answer door [end]
play card has subevent,b'what you take like their off in the for an off a on someone in one is it many about their his as someone on their out an it',[start] play in casino [end]
Most of the audience capable of,b'and you in in many from at a when out for out for that when what its and this their someone what one is as many out while up',[start] catch this joke [end]
eggs at location,b'be like his at be off than on when are a are and many is or who more you about you your up by out up to is its',[start] a chicken coop [end]
meet person has prerequisite,b'at that by more a or you what more is from an his at in as at someone of with the his to for to at and this about',[start] socialize [end]
infected injuries capable of,b'to to like the is that',[start] cause death [end]
cut twist curl has property,b'his someone about be you you s who what is you to your than about to to more that of an during its more and some of as up',[start] abbreviate to ctc [end]
judge capable of,b'in at what up and than by the while during up s be his that with up be an to and this by who from with by while while',[start] fine defendent [end]
restaurants capable of,b'the',[start] serve salad [end]
do housework has subevent,b'with his is them his in as are of his of at s while its its is be while one one out up out a be while them one',[start] sing [end]
person capable of,b'is that about what a s his s his on out their a up their his its one their on than them on you be it in new as',[start] eat corn [end]
designing software used for,b'something store one food of one when the something it or might might a are to an are about to the person what them from with his as many',[start] helping others [end]
The state flower for Delaware defined as,b'a from by their and out the on while more for more by at one on who for on his what the about up to for is out the',[start] peach blossom [end]
a club used for,b'a be get go an into for of more who to by it out by of person someone an during who be them with one who it to light',[start] sport activities [end]
this bike receives action,b'',[start] make for rough terrain [end]
Paternalistic - individualistic is a,b'when of s key of from as up at it it their it many is more or someone be with a on out one up this a this some',[start] a political dimension [end]
A police officer capable of,b'a an from many that out that from is who who by with many their the for be be someone your up its of them one on person that',[start] stop traffic with a single command [end]
vet has property,b'his an from a a than an you something your something someone and an you a about on their this it up that be that an many this more',[start] short for veterinarian [end]
swedish economy has a,b'to you someone have more up and out or their or when to a to about from someone be for up and person more who someone it is who',[start] strong government control [end]
finding the truth causes,b'into as from during it an to make of the of one on some or one of be what for out the to them with a with one to',[start] your illusions are shattered [end]
Most sausages has a,b'or at to for to another of on for for an that about at what and your',[start] meat [end]
a mother capable of,b'the money',[start] take a bath [end]
this is a,b'for its up at a than a the of for by an a or what their away your at to have someone an about of their the your on',[start] a diagram of the human eye [end]
Google asked,b'in more it up your you the by a s by an on many someone who about for one more their one from who more on your to a',[start] its policy [end]
jewelry used for,b'',[start] decorate yourself [end]
answer question has prerequisite,b'is someone them his who from that it away than an when to of you from the as you about them by it up by for this the this',[start] learn [end]
cake used for,b'the',[start] serve wed guest [end]
order a pizza has prerequisite,b'in on by the up its that what with a into of person to make that who when be while and from as for your who person of by',[start] order it on the phone [end]
bagel has property,b'someone you look good store the at who someone who who many with the be in is in and them one than person an the to you your someone',[start] eat mostly by jew [end]
"Cardiometabolic risk factors , including atherogenic dyslipidaemia are associated",b'with it new be',[start] with increased risk in this population [end]
rosebush at location,b'like will will person something good one their a down as something his of might to his more of person their your it in by out and to very',[start] bloom [end]
a pot not is a,b'as with its when away during than its to of be',[start] a kettle [end]
San Francisco is a,b'be you on at it someone that an than your you a off some his by their while with many more someone from a its away your many from',[start] a big city [end]
company at location,b'be that make you for from his you the of person and have them you might get an for as see by about is it in them to might',[start] city [end]
Relative risk were derived,b'at out them its like are what as when are to the you about to very their at their at what some be your on them your when in',"[start] from multivariable logistic regression models after adjusting for maternal age , race , marital status , smoking , cocaine use , adequacy of prenatal maternal insurance status although data on cocaine use are likely underreported [end]"
passenger capable of,b'its someone a in your down in for be it be or by with you up by some of is is to be one from one it its is',[start] step off train [end]
bass clarinet used for,b'is have learn the that his be someone as that its at person and out more this many many out to very from the part to at for from',[start] low note [end]
something smaller than the box at location,b'on is be for to the who out s on while in this by their out or about this with one in it by that a away the to',[start] a box [end]
find some water motivated by goal,b'his by one in on to what what at who for the his of the as while in that at on person the with is and and it you',[start] go for a swim [end]
tape television show has subevent,b'your from this out someone up and is its out for your s its you for someone your when on is person many about from be for out about',[start] run out of tape [end]
set cup on table has prerequisite,b'its as them in by who of of one up more s you many an of many some of at with be as it up and at is on',[start] slam it real hard [end]
go for jog motivated by goal,b'like about who to another about be at is an or his out when more in with for a as someone that an about what than that that its',[start] get in shape [end]
play card has subevent,b'that many some your and about that that from the',[start] adjust to opponent play [end]
sun at location,b'when more its its about someone than what by your in is someone up their than to more a you a away than you on a in in this',[start] the beach [end]
school location of action,b'from or its when some by its its to make is when out someone the their this one some you on their with the with a who one in',[start] study [end]
radish at location,b'',[start] refrigerator [end]
mythology capable of,b'',[start] express life and think [end]
Aimutis is,b'you be more than your than up his from it be into with as it by from and as is be an off up more you you as many',[start] Detective [end]
You capable of,b'its someone your as in while the for what the while many are of them it its while with this about who up is more his and this as',[start] find cokes in a dorm room [end]
post message motivated by goal,b's',[start] get response [end]
Carpeted floors receives action,b'off down problem of about s is in an of the s treatment an and by about part that its of the during from person its s your to',[start] found in many kinds of buildings [end]
The males go into to,b'when is in to something out on away and in as its that who many its that your be person or from them than be on your its the',[start] breed [end]
a table at location,b'that from you what you when to a are the after their that the a for their about up who and your what many and by a it some',[start] the rug [end]
Muhamad lutheran medical center,b'of about than you that his on be at s the from that in in one someone many at up his into be in many you of with on',[start] Last night [end]
do housework has prerequisite,b'what by many at you as as an or your your for be their his on at its with with an you might you more be some you about',[start] broom [end]
night watchman capable of,b'as its an or on someone as many as with at be its of in one an',[start] keep key on their belt [end]
a little money capable of,b'to have it them an down it one be what up an that his or up the with by your you what be and someone at on one their',[start] seed a great venture [end]
ride horse used for,b'someone is many you of out a from in a up from this what you some a person more you about some the someone some person as some on',[start] movement [end]
candles receives action,b'that when when be for their by is to its about what be someone many by someone on his of you out you at to what on by who',[start] put on birthday cakes [end]
a cup of coffee at location,b'his them a on to from an for is the down its as from about who is as your that be out in person in a who to his',[start] your hand [end]
ride bicycle motivated by goal,b'on by about a to from who when many out what many that with what to it a many for by at one who in you his it his',[start] you do not own car [end]
prepare for vote has prerequisite,b'what by of or to a than of when you like the a up a with it person in a more in by with you person that its for',[start] gather information [end]
Dan Rather be correspondent for,b'by in when on on of your to to when from out many by in of up to that is from on a that with on while an the',[start] White House [end]
play sports has prerequisite,b'a up you of while up to play what in it and on of your an while than someone someone by one for by at some person on by',[start] enjoy games [end]
deli store used for,b'at and during while more that from their an is s and your their when and it its in on person it his of the for be its many',[start] purchase item to make sandwhiches with [end]
running after the ball causes,b'on more its off as out for for a you',[start] tiredness [end]
being in charge of a project has subevent,b'at is that with many your than from what from up who and about in of your out as his when some his its when some as of his',[start] change things [end]
wooden hangers has property,b'and many an to off someone than an from to or out more its in its their as its an and their what be is is you it person',[start] very sturdy [end]
bottle used for,b'that out someone with about be than his your on out as out and out from what some their away than of on who more for of who this',[start] pour liquid into [end]
plenary council is a,b'like with it its their down his',[start] meet of local bishop [end]
eating has subevent,b'and about from that from into the at be s on an be more its in you who with and by many many what while for with on a',[start] add spices [end]
footstool used for,b'be more work work them his',[start] child to sit upon [end]
a fungus at location,b'',[start] dirt [end]
Brain opioids has property,b'his many more people many at for while for your are',[start] very important in regulating social emotions [end]
One capable of,b'at them of is it up that about your on an into is be this your be who is in that some out or one that and by from',[start] balance a checkbook [end]
wash your hand used for,b'in off during in the or than from a into of one what in while or is this its be your is more a from more one up to',[start] maintain good health [end]
go into coma has subevent,b'into them and outside in their you about his',[start] close your eye [end]
older people has a,b'someone someone at to at for of out off many while a from many on from one you in be some that it you at for this one be',[start] more experience [end]
bringing home some fish used for,b'with on its with on who out out who with at many from your with of you up while this about an your for about be you many many',[start] making money [end]
get some physical activity motivated by goal,b'a his in for you be who that his in with one at it on a you out to from by more from more the their as and its',[start] live better [end]
improve your image causes,b'to someone be something work might that and into on what in that someone a into your out is is is person more that is for what up some',[start] person to like you more [end]
clamp is a,b'your the for for on be by is when of that s when many away on one an you many with that about many about what for more that',[start] tool develop long ago [end]
speaker capable of,b'on person work it have some up as with them in on a from the while them out it from more some who and you up at your that',[start] sound [end]
thanking someone has subevent,b'by be store work might something to the your off by be of with is as many out it an when light by many your with from many the',[start] shaking their hand [end]
human has a,b'when or them for you to someone in more is you s that many with for their to your of of them or while up in person a one',[start] one nose [end]
Not all potatoes receives action,b'that by into an to with with one many while as as what your up out while while with an about some be someone about on your up as',[start] found in deep fryers [end]
QUANT_S_1 of the delegation 's workload fall to,b'about s chinese of part the off into in many in many their s someone than his away at it at from on their an away as its away',[start] Mr. Lautenberg [end]
Going broke causes desire,b'up of by that',[start] return to work [end]
stop being married to someone has last subevent,b'of during s from it is from on during or into than you it and their your to many as by out you his be your on at your',[start] finalize the divorce [end]
The time between human heart beats has property,b'who of out between with be that from when from more while that out to for person his for what at his out a someone in up up and',[start] 1 second [end]
cleaning clothing used for,b'or as more some of as are is and on its out by that wear at as person be to a someone an key on their at by from',[start] looking smart [end]
debian is a,b'something are for up from be',[start] operate system [end]
learn has prerequisite,b'like like see water more of be of person their on with this out his with one or by his and an about about to buy who some them',[start] cogitate [end]
Wine capable of,b'into for is its on a of their the in and many out by to have be be by an away by on an the you in about his',[start] helps people relax [end]
the Eiffel tower used for,b'in with that you that who',[start] promoting Paris [end]
communicate has prerequisite,b'as for that at about as that is for and its a a while away and is is to are who in someone at for about of what for',"[start] talk, write or sign [end]"
Haverhill part of,b'a like someone on with from their its into out is about who it it of out on for is as at up who their someone is with a',[start] Massachusetts [end]
a lizard at location,b'as to someone something store at in what when its your at as their many an for and who while of on who this with of a s and',[start] a fish tank [end]
map not is a,b'down off band key your of his about of at with as united away what by that by you an many an phone in their and s by this',[start] true representation of reality [end]
perfume used for,b'up or restaurant knowledge water up its up in it of to person for to with their someone you it in with at a person than someone one its',[start] create good smell [end]
a person not desires,b'by and of an of on who while and to have what of a on while and more what about about out by this than your this for someone',[start] benzene overexposure [end]
a baseball ticket at location,b'when many your while to at for out while its into your the when by this to at and his who out than this up to who someone and',[start] a pocket [end]
The capital of australia is a,b'in more for who an something than its its for your at to someone many by from you an into many at at be be at them one to',[start] canberra [end]
their evaluation in the treatment of advanced gastric cancer remains,b'out one on than with his what with one it of a someone you are its and as them of up person their both and be it some this',[start] early [end]
kill person has subevent,b'in and between off outside to out into the from to by of a on its while while while as with out of what on its someone that its',[start] grit your tooth [end]
add up a column of numbers has prerequisite,b'something for is is are on off a of their with an of for you is some from at while their and a who it as to live and',[start] find a calculator [end]
tan lotion used for,b'as their very by you what on and off when on in more you for this someone who your s to that by from is up that by as',[start] even skin tone [end]
legal decision receives action,b'off into you get take very by for to not s into with is it that by person one by many his s that in them out an in',[start] make in courtroom [end]
fight war has subevent,b'to for its many from it his out of many into s out it and it person an about is be his of be with a for what up',[start] a lot of suffering [end]
Democratic incumbents are very,b'from when on more that than when as a of who in while it of by than a during the to someone and an with with a from their',[start] nervous [end]
voice at location,b'its be something you his up to be for are many and your',[start] choir [end]
study of person is a,b'',[start] science [end]
kosher deli at location,b'that by of about when s of from to you at be be with what of on one about its as from the its s many in of person',[start] food court [end]
Sailing on rough seas has property,b's by someone them person as into s when into an than treatment of an while the by what on both or about it by more more an what',[start] dangerous [end]
get pay used for,b'are in as their s on an out the that it what for be on out your and many who at an more an be in by many up',[start] earn money [end]
human at location,b'off down states at about or about for your of of s into by their of who an outside for in from while to part of person to might',[start] command [end]
attend a classical concert has prerequisite,b'by by that away from your as in for out for of who and your what it and you is to to at by up on for what some',[start] dress heavy [end]
A hook is a,b'his more be watch with an on by for to be as many for in with the during their many that person some its many is at an is',[start] a problem with a golf swing [end]
get some alcohol to drink motivated by goal,b'or a of than about from from s or one in their someone up that about you a both at it with one to get your one by is',[start] get drunk [end]
lizard has a,b'and that more to you together an through s into as off out on its from is as many many someone from one at at more more it an',[start] 4 leg [end]
attend lecture has first subevent,b'someone a it you at have to be from with have out its have out with as about someone than one a more by to be more and some',[start] find good seat [end]
school at location,b'your an its his for make its to make as to their your your be out what person and on to someone some its who out in what someone',[start] compute [end]
corpses at location,b'on be in out your in what and an when or that at while that in out be for his their is in be on with up an be',[start] a war [end]
ET capable of,b'to store light water person the at person some of you and out it person is for out that from person be your more on many with an one',[start] call home [end]
something at location,b'in and is who from what someone as into its when many more from to someone is more and as from person the by them out and as about',[start] dinner [end]
the Ciprianis had received a subpoena to,b'someone from you more for that a s its who their it what out out someone your them someone its be its this their the is at out for',[start] his knowledge [end]
my hip has a,b'who it it more by for his in the be you that into by to as up to very be and many and as your about by who it',[start] bone [end]
tell story has subevent,b'by his for and from of on who are to by about it what many your or the his on their what the by on for more as out',[start] announce story time [end]
Springs is a,b'by his in on from an to a down from with when its for from on more a during than be from someone that on his in your an',[start] coils [end]
QUANT_S_1 friends from as far away as Kentucky shared remembrances at,b'on as someone someone be what for while from as with many more that by one of for more his of who someone in a its about your with',[start] the service [end]
Mr. Mica said,b'be you be to an down who like your up than more or a into their their someone in be a by person more at their their person and',[start] irritates the other travelers [end]
selling your new book used for,b'at more than for is someone of s off an from in someone your and of many or is some you many at you his its at on to',[start] expanding your infulence [end]
i desires,b'into its to someone your on when to by for with someone in up your his while you as that someone your by of for it is person someone',[start] lie cheat and steal [end]
building a cathedral has prerequisite,b'on the you have someone for up you of about who be someone s in their to in and an off an on from many what who with by',[start] much stone [end]
Life has property,b'to up to by is it his about who by s as at is what out who some what for what you the you as from the this out',[start] fun in the summer [end]
bring in a verdict has prerequisite,b'as them than as out many is you about that your by while be at one many it of that as from your someone it about someone what you',[start] deliberate with the other jurors [end]
utensils at location,b'up as the be s what with by out out what on its are by that out by is your the part many to have as to at their',[start] a backpack [end]
the next presidential term begins in,b'to with out with who in s as up you your are his to his be many while an up your by at a the about as in person',[start] January [end]
liquid water has property,b'by',[start] wet [end]
The availability of recombinant antigens made,b'at that at to be be the than what for the the someone what an your an is his in at that at who about someone some to with',[start] it possible to develop sensitive radioimmunoassays for the detection of autoantibodies on a large scale [end]
self-help book used for,b'like an that a as to that the when is someone and in from what in who an like by with its about his their by as have many',[start] understand self and relationship [end]
A conquistador capable of,b'is it water with with and and when is you something to out',[start] plan to conquer the new world [end]
a drive used for,b'',[start] testing a car [end]
a person desires,b'be go have someone a what more an off to his in have be more as person of by some be is person what the more them one it',[start] what a person wants [end]
pain causes desire,b'what as at your for as on is who out with who while by as at its in with be with their to another you and for by more',[start] have a physical exam [end]
There is a,b'be for at some its to as that of a is that their what it person one who person or with their for them from its for some out',[start] a cluster of rose blossoms [end]
radio at location,b'when it something something about you be into in be s with at it from one it someone by the who it this and an on about what about',[start] refrigerator [end]
China is undergoing,b'the money people world to person at out up what an up on up who what one his s its be be at their in with of them your',[start] unprecedented economic growth [end]
finger used for,b'when with into out to off be when a down from for from at someone up by a when as you for who its in as from while about',[start] tip over cup [end]
Someone is a,b'to of s between to you off your when and on it up be are it out what his out to his when its for up as a someone',[start] visiting Manhattan [end]
cream cheese has property,b'the you you to be as are who a be on on while from both and many and what your many with on his its with and some the',[start] good on bagle [end]
go to get a haircut has first subevent,b'are you go store up for s when who what from up a',[start] grow hair [end]
sometimes frame has property,b'who for about about many you or to be',[start] good than picture [end]
many person has property,b'out as on at who is the after many more as you someone to hurt than his at a his an object it to them about this by be',[start] obsess with aquiring wealth [end]
many colors at location,b'off with at with that',[start] a sunset [end]
Fleas is a,b'about to their about by when the into off an when and',[start] found arounds a dog's waist [end]
she capable of,b'is have something a up be from from someone who many from be in out its to from that at who someone about out be the to one be',[start] scratch your face up [end]
A true story has property,b'its person be light his than their from one many your with your you might an what what and you by many a for in on of the who',[start] non-fiction as opposed to fiction [end]
dvd at location,b'from and with when s or on his and while to of as up in what is or as in while with while up while this more out as',[start] in dvd box [end]
dog is a,b'that out your',[start] usually about two foot tall [end]
felt is a,b'as and be at his or his up s',[start] a soft fabric [end]
u capable of,b'the it you that be off that a as out in while in your',[start] read it [end]
person blow into has subevent,b'something your of in from or as a by the into your by many to you at as make about by for to your them out and while from',[start] instrument he make music [end]
grain at location,b'up out on more a to on their from its with by as about by is at many for at his or in as for with it a about',[start] sand in spinach [end]
Peoples has a,b'of and that it of it as as its or with an as out of someone someone the the and both who during you to one be this an',[start] different tastes about furniture [end]
catching a cold causes,b'down who the while to closet of many that sometimes into on the this for his key for his at by this about for its his both while more',[start] you will have fever as well [end]
Humans capable of,b'to some more of and the a s a are while you with out be of be their from some with on many and more a out its on',[start] fear dying [end]
person desires,b'someone it some an is his a at to are that what his an',[start] sexual encounter [end]
convenience store at location,b'is more one a out a you off up your in his as that a at that at with at this more many up up by this one that',[start] city [end]
pretend has prerequisite,b's when when as its while or away with for treatment in of with by is on your many or at from many what his at a be its',[start] learn to act [end]
workers in the back room chop,b'at with to someone person what is while for at you be as who on some as as his it on you someone while them that many that as',[start] scallions [end]
That man capable of,b'from the good all it their up an while from to with them someone to his you up as from someone person at it the an you by be',[start] cross the room [end]
The Golden Gate Bridge is a,b'are and is that when to have about',[start] a bridge [end]
Voters capable of,b'you something food people by are its you of that someone at is are that when to some person for for as an that about this you of who',[start] voice opinions [end]
get a job has prerequisite,b'up',[start] go to work every day [end]
meat at location,b'up person your about person be s the who for as it than this someone of some many from be their from from his that by as their out',[start] butcher [end]
discover truth causes,b'something a of that who when in is at person is is from with out their his from on one out of it at out on in person who',[start] become unhappy [end]
watching a musician perform causes,b'is that to its or on who',[start] enjoy their music [end]
fart has subevent,b'its its on a',[start] drink skunk [end]
teach other people has first subevent,b'its your one that the s with your their to',[start] find out their level of education [end]
riding a horse used for,b'to the someone about to as you up for as are many your when to the into the as of what a at in it some and by his',[start] being a cowboy [end]
bathroom with bathtub is a,b'about its for some his that s than while is you to about more up many be that be to it be it to person who at person what',[start] wash area [end]
beer at location,b'like for an for you off of be from to eat by and is with and many while of on on who it who is one its person with',[start] a building [end]
stop your car has prerequisite,b'for out of more its and about while when from you up a be is of some from person about a that its be and many that someone be',[start] turn off the lights [end]
play baseball has first subevent,b'to their your to another someone of as when for from s its from by to out someone in up you your is person some from at what an',[start] choose sides [end]
Starch receives action,b'',[start] found in many foods [end]
polls put support at,b'of an its for about to off about of a at from from more you you your someone when is the out an away of it your to as',[start] only QUANT_O_1 strongly [end]
In some cultures special mushrooms receives action,b'',[start] eaten as a spiritual ritual [end]
